title,text,publish_date,url
"Holland Vs. Rodriguez Odds, Full Fight Preview & Prediction","Ultimate Fighting Championship (UFC) Welterweight strikers Kevin Holland vs. Daniel Rodriguez will square off this weekend (Sat., July 19, 2025) at UFC 318 inside Smooth King Center in New Orleans, Louisiana. That’s always the question with “Trailblazer,” one of the few fighters UFC is willing to let jump weight classes and fight five times per year. Sometimes, that freedom backfires in the form of taking some combination of a hard match up at the wrong weight class on short-notice or simple burnout, but Holland’s last two showings down at 170 pound have been top-notch work. This is a strange step back for Holland. “D-Rod” is a definite gamer and had a nice run around 2022, but he’s definitely lost a bit of his athleticism in recent years. Though the 38-year-old has won two in a row since his losing streak, he hasn’t been fighting the same class of opposition. Let’s take a closer look at the betting odds and strategic keys for each athlete: Holland Vs. Rodriguez Betting Odds - Kevin Holland victory: -455 - Kevin Holland via TKO/KO/DQ: +175 - Kevin Holland via submission: +240 - Kevin Holland via decision: +240 - Daniel Rodriguez victory: +350 - Daniel Rodriguez via TKO/KO/DQ: +900 - Daniel Rodriguez via submission: +2500 - Daniel Rodriguez via decision: +800 - Odds via DraftKings Sportsbook How Holland Wins Holland is a dangerous combination of range and power. His punches crack like a whip and floor opponents often, but he’s dangerous in the clinch too. In addition, his defensive wrestling and offensive submissions have come a long way, particularly at Welterweight. This is a fairly straightforward match up for Holland. He doesn’t really have to worry about Rodriguez taking him down! As the faster and longer man, Holland also has a built-in advantage in avoiding Rodriguez’s counter punches, which are likely the best aspect of his overall game. The only key here is adapting to Rodriguez’s Southpaw stance. Holland should aim to win the hand fight with his left, which will allow him to feed right hands down the middle. Holland should also be firing round kicks into the open side, trying to playing the double threat of right hand and right high kick. How Rodriguez Wins Rodriguez is plenty comfortable in a firefight. With a background in boxing and nine wins via knockout to his credit, Rodriguez does his best work on the back foot, timing shots as his opponents come to him. Fortunately, he’s also skilled while moving forward and working in the pocket. That’s definitely the strategy here, as Rodriguez cannot end up stranded at range versus Holland, lest he eat another head kick like in the Ian Garry fight. I’m not advocating sloppiness, but if there were ever a time for Rodriguez to really bite down on his mouthpiece and force the action, this is the match up. The odds are against Rodriguez here. Holland is faster, more powerful, and insanely durable. Even despite those issues, Rodriguez at least gives himself a chance at cracking the chin by pushing the action and trying to close distance. Pressure, volume, and combination punching are the only answers here, the best odds at hurting Holland and pulling momentum into his corner. Holland Vs. Rodriguez Prediction If the betting odds and strategic sections didn’t make it obvious, Rodriguez back is to the wall here. Even at his peak, this would be a really challenging match up for him. Unfortunately for “D-Rod,” he’s lost a step whereas Holland has arguably put on two of his best performances yet and is riding a solid wave of momentum. Whether Rodriguez hangs back or tries to force the issue, Holland’s right hand is going to find the mark sooner than later, and he’s a dynamic finisher. Prediction: Holland via knockout Remember that MMAmania.com will deliver LIVE round-by-round, blow-by-blow coverage of the entire UFC 318 fight card right here, starting with the ESPN/ESPN+ “Prelims” matches online, which are scheduled to begin at 6:15 p.m. ET, before the main card start time at 10 p.m. ET (also on ESPN+). To check out the latest and greatest UFC 318: “Holloway vs. Poirier 3” news and notes be sure to hit up our comprehensive event archive right here. Loading comments...",2025-07-17,https://www.mmamania.com/2025/7/17/24468311/kevin-holland-vs-daniel-rodriguez-odds-full-fight-preview-and-prediction-ufc-318
"Kevin Holland vs. Daniel Rodriguez, UFC 318 | MMA Bout | Tapology","Fighter Comparison | Holland | Rodriguez | ||| | #15 WelterW (Worldwide) | Ranking | #21 WelterW (Worldwide) | || | 28-13-0 MMA | Pro Record | 19-5-0 MMA | || | 2025 2024 | Last 5 Fights | 2025 2022 | || | -410 (Heavy Favorite) | Betting Odds | +315 (Moderate Underdog) | || | | Nation | | || | Fort Worth Texas | Fights out of | Los Angeles California | || | 32 +8 mos, 2 wks | Age at Fight | 38 +6 mos, 2 wks, 4 days | || | 170.0 lbs (77.1 kgs) | Latest Weight | 170.5 lbs (77.3 kgs) | || | 6'3"" (191cm) | Height | 6'1"" (185cm) | || | 81.0"" (206cm) | Reach | 74.0"" (188cm) | || | Travis Lutter BJJ | Gym | 10th Planet Jiu Jitsu | Holland vs. Rodriguez Fight Predictions Fight Predictions Tapology Community Picks: 1,034 Bout Information Event Poster Fight Details - Event: UFC 318: Holloway vs. Poirier 3 - Date: Saturday 07.19.2025 at 06:00 PM ET - Referee: N/A - Venue: Smoothie King Center - Enclosure: Octagon - Location: New Orleans, Louisiana, United States - Bout Billing: Main Card (fight 12 of 14) - Pro/Am: Professional - Weight: 170 lbs (77.1 kg) - Event Links:",2025-04-25,https://www.tapology.com/fightcenter/bouts/1015027-ufc-318-kevin-trailblazer-holland-vs-daniel-d-rod-rodriguez
UFC 318 – Kevin Holland vs Daniel Rodriguez: Preview & Betting Tips - Boxing News,"UFC 318 – Kevin Holland vs Daniel Rodriguez: Preview & Betting Tips Image Credit: https://x.com/WestTillDeath/status/1937863966283399294?t=UOlfTnH_FIc7AXApL_R9sA&s=19 UFC 318 will give the fans a compelling welterweight showdown on the undercard, as Kevin “Trailblazer” Holland makes a quick turnaround to face the gritty and dangerous Daniel “D-Rod” Rodriguez. Riding high off a second-round TKO of Vicente Luque, Kevin Holland (28-13, 1 NC) returns just seven weeks later looking to secure his third straight UFC victory, something he hasn’t done since his breakout 2020 run when he rattled off five wins in a calendar year. On the other side of the cage stands Daniel Rodriguez (19-5), a tenacious southpaw known for his relentless pressure and high-volume striking. Fresh off a highlight-reel third-round knockout of Santiago Ponzinibbio, Rodriguez looks to notch his second straight win and climb back into the top 15 conversation. Tale of the Tape Kevin Holland – Odds 1.20 (Sky Bet) Record: 28-13, 1 NC Age: 32 Height: 6ft3 Reach: 81” Weight: Welterweight Stance: Orthodox Daniel Rodriguez – Odds 4.50 (Sky Bet) Record: 19-5 Age: 38 Height: 6ft1 Reach: 74” Weight: Welterweight Stance: Southpaw Kevin Holland vs Daniel Rodriguez: Analysis The charismatic Holland has now fully refocused at welterweight following setbacks at middleweight to Roman Dolidze and Reinier de Ridder. He’s since strung together two highly impressive wins, first dominating Gunnar Nelson over three rounds before finishing Luque with a devastating choke. In both outings, we saw the best of Holland; he showcased his fight IQ, explosiveness and versatility in terms of striking and proving he has a dangerous submission game. With a much bigger reach advantage, he can look to cause damage from the outside against Rodriguez, but he must be wary of the sharp and powerful counters from “D-Rod”. Rodriguez’s southpaw stance and volume could pose problems for Holland if the “Trailblazer” isn’t able to keep the fight at range. He has a tendency to make things ugly and engage in close-range brawls, and this could disrupt Holland’s rhythm, considering Holland loves to utilise straight punches and front kicks. Holland vs Rodriguez: Prediction & Betting Tips Rodriguez’s high-pressure style and southpaw stance have historically given rangier fighters problems, which is exactly what Holland is. In order to neutralise this threat, Holland must use lateral movement, feints and avoid throwing single shots because this is where Rodriguez steps into the pocket and plays the catch and counter game. If he can keep D-Rod on the outside, his path to victory is clear. But if Rodriguez gets inside and turns this into a phone booth brawl, all bets are off. This is a competitive fight, and I don’t like how short the odds are for Holland, even despite his clear height and reach advantage. Both men can bang, and Holland has sneaky good jiu-jitsu. Nevertheless, I really can’t see either man getting finished. I’m taking the fight to go the distance at odds of 2.50 (Sky Bet). Find all the latest boxing news and MMA breaking updates on boxingnews.com.",2025-07-16,https://boxingnews.com/ufc-318-kevin-holland-vs-daniel-rodriguez-preview-betting-tips/
Kevin Holland vs Daniel Rodriguez: UFC 318 Odds & AI Pick,"Kevin Holland vs Daniel Rodriguez fight analysis Introduction On Sunday, July 20, 2025, fight fans will descend upon the Smoothie King Center in New Orleans, Louisiana, for a pivotal Welterweight clash on the main card of UFC 318: Holloway vs Poirier 3. At approximately 10:00 PM ET, two of the division’s most entertaining and dynamic competitors—#14-ranked Kevin Holland and veteran contender Daniel Rodriguez—will lock horns in a five-round battle that carries significant momentum implications for both athletes. As the betting markets currently stand, Kevin Holland enters the Octagon as the clear favorite, with moneyline odds of -350 at BetOnline.ag and -335 at BetRivers. Holland, known for his unorthodox striking, lightning-fast counters, and propensity to engage in grinding grappling spurts, will look to capitalize on his six-inch reach advantage and youthful athleticism. At 32 years old, “Trailblazer” Holland brings a professional record of 28-13-0, boasting 14 knockouts, 9 submissions, and an average fight time of 10:28. On the other side stands the plucky underdog, Daniel “DC” Rodriguez, listed at +285 (BetOnline.ag) and +240 (BetRivers). A seasoned competitor at 38 years of age, Rodriguez carries a 19-5-0 ledger into this matchup, with 9 career finishes, including 5 first-round stoppages. Hailing from Los Angeles, Rodriguez has reinvented himself since debuting in February 2020, stringing together impressive performances—most notably his third-round KO of Santiago Ponzinibbio in May 2025. With a 49% significant strike accuracy and a wrestling background that delivers a 55% takedown success rate, Rodriguez has proven he can both outstrike and outgrapple high-level opposition. This bout poses a compelling stylistic chess match. Holland’s 50% striking accuracy and high-volume attack will be tested by Rodriguez’s tightening defense (58% striking defense) and seasoned mat work. The question is whether Rodriguez can weather Holland’s early storm—his first-round finishes (13 total in Holland’s career) are a constant threat—or if Holland can dictate the pace, keep the fight standing, and exploit Rodriguez’s slightly waning durability against younger, fresher opponents. For bettors and fight analysts alike, this contest represents a fascinating line movement story. Holland opened around -400 earlier in the week but has seen his odds shift slightly as Rodriguez’s value climbed from +330 to +285. Will “Trailblazer” reaffirm his divisional aspirations with a dominant performance, or can Rodriguez leverage his experience and veteran savvy to pull off yet another high-profile upset? All signs point to fireworks in New Orleans as the day’s action culminates in what promises to be a compelling encounter under the bright lights of the Smoothie King Center. Live odds Live and historic odds as well as more fighter statistics and insights for Kevin Holland vs Daniel Rodriguez can be found on the fighter matchup page. All the fighter matchups and live odds for Holloway vs Poirier 3 can be found on the Holloway vs Poirier 3 event page. Kevin Holland vs Daniel Rodriguez: Matchup and Fighter Profiles Kevin Holland Profile Age: 32 Country: United States Fighting Style: Kung Fu Background & Recent Form “Trailblazer” Holland holds a professional record of 28-13-0, featuring 14 knockouts and 9 submissions. His last five UFC outings read: - June 7, 2025: Loss vs. Vicente Luque (Decision) - March 22, 2025: Win vs. Gunnar Nelson (Unanimous Decision) - January 18, 2025: Loss vs. Reinier De Ridder (Submission, R1) - October 5, 2024: Loss vs. Roman Dolidze (KO/TKO, R1) - June 1, 2024: Win vs. Michal Oleksiejczuk (Submission, R1) Holland’s form has been inconsistent, alternating between spectacular finishes and tough setbacks. His dynamic striking arsenal, rooted in Kung Fu footwork, allows him to switch stances fluidly and mix head kicks with spinning attacks. Key Statistics - Significant Strike Accuracy: 50% - Significant Strike Defense: 51% - Takedown Accuracy: 38% - Takedown Defense: 55% - First-Round Finishes: 13 Strengths - Power & Creativity: Unpredictable strikes and heavy hands make him dangerous in all ranges. - Submission Savvy: 9 career submission wins, capitalizing on scrambles and guillotine setups. - Finishing Instinct: A propensity to hunt early finishes keeps opponents on edge. Weaknesses - Wrestling Consistency: Sub-40% takedown accuracy limits his control against strong grapplers. - Defensive Gaps: Allows significant strikes at a 49% connect rate against him, leaving him vulnerable in high-volume exchanges. - Fight IQ Fluctuations: At times, he overextends, leading to reversals or knockout losses. Daniel Rodriguez Profile Age: 38 Country: United States Fighting Style: Freestyle Background & Recent Form Rodriguez sports a 19-5-0 record, with 9 knockouts and 4 submissions. His last five fights include: - May 3, 2025: Win vs. Santiago Ponzinibbio (KO/TKO, R3) - October 12, 2024: Win vs. Alex Morono (Split Decision) - June 22, 2024: Loss vs. Kelvin Gastelum (Unanimous Decision) - May 13, 2023: Loss vs. Ian Garry (KO/TKO, R1) - November 5, 2022: Loss vs. Neil Magny (Submission, R3) Rodriguez has rediscovered form with back-to-back wins, highlighted by a third-round stoppage of Ponzinibbio. At 38, he leverages experience and well-rounded skill sets to outwork younger foes. Key Statistics - Significant Strike Accuracy: 49% - Significant Strike Defense: 58% - Takedown Accuracy: 55% - Takedown Defense: 63% - First-Round Finishes: 5 Strengths - Defensive Prowess: Shuts down strikes over half the time (58% defense), making him tough to crack. - Wrestling Base: A 55% takedown success rate and strong 63% defense allow him to dictate grappling exchanges. - Cardio & Durability: Reliable gas tank and veteran savvy to navigate deep waters. Weaknesses - Age-Related Decline: Waning reflexes could be exploited by Holland’s speed. - Finishing Frequency: Only 5 first-round stoppages, suggesting reduced power early. - Striking Output: Averages fewer significant strikes per minute compared to Holland, potentially losing volume battles. Head-to-Head Matchup Analysis - Reach & Height: Holland holds a 6-inch arm reach advantage (81"" vs. 74"") and a 2-inch height edge, favoring his striking at range. - Striking Exchange: Holland’s 50% accuracy meets Rodriguez’s 58% defense—this will determine if Holland can break through or if Rodriguez can counter effectively. - Grappling Battle: Rodriguez enters with superior takedown numbers (55% vs. Holland’s 38%) and higher takedown defense (63% vs. 55%), setting up a potential wrestling-heavy affair. - Pace & Durability: Holland’s faster average fight time (10:28) versus Rodriguez’s (11:36) underscores Holland’s urgency to finish; Rodriguez’s durability and cardio may carry him into the championship rounds. This clash of styles—Holland’s explosive, creative offense against Rodriguez’s disciplined defense and wrestling—promises a compelling spectacle with momentum swings and strategic adjustments. Bettors and analysts alike will key in on the striking accuracy differentials and grappling success rates to project which fighter will dictate the action inside the Smoothie King Center. Betting Odds & Line Movement Current Betting Odds As of the latest update, the moneyline odds for this Welterweight showdown stand as follows: - Kevin Holland (Favorite) - BetOnline.ag: –350 - BetRivers: –335 - Daniel Rodriguez (Underdog) - BetOnline.ag: +285 - BetRivers: +240 Holland is the clear favorite, commanding roughly a 75–77% implied probability, while Rodriguez trails as the underdog with an implied chance in the 25–30% range. Best Sportsbooks to Bet On - For backing Daniel Rodriguez, BetOnline.ag offers the juiciest price at +285, meaning your potential profit is maximized. - For wagering on Kevin Holland, BetRivers is marginally superior at –335, giving you a slightly better return on your risk compared to BetOnline.ag’s –350. Line Movement & Historical Trends A look at the line movement over the past two weeks reveals: Daniel Rodriguez (BetOnline.ag) - July 4: +330 - July 6: +275 - July 9: +285 Daniel Rodriguez (BetRivers) - July 9: +240 Kevin Holland (BetOnline.ag) - July 4: –400 - July 6: –335 - July 9: –350 Kevin Holland (BetRivers) - July 9: –335 Key takeaways: - Holland opened as a stronger favorite at –400, then saw his line dip to –335 before stabilizing around –350, suggesting some late support for Rodriguez or slight hesitancy among Holland backers. - Rodriguez briefly reached +275 before softening back to +285, indicating a surge of early underdog money or confidence in his upset potential. These swings hint at responsive bettors reacting to training camp updates, weigh-in results, or tactical breakdowns favoring the underdog’s wrestling and durability. Payout Scenarios & Implied Probabilities If you risk $1,000 on either fighter at their best available line, here’s roughly what you’d see: - Bet $1,000 on Daniel Rodriguez at +285 (BetOnline.ag) - Profit: $2,850 - Total Return: $3,850 - Bet $1,000 on Kevin Holland at –335 (BetRivers) - Profit: $298 (approximately) - Total Return: $1,298 While Holland’s favorite status translates to a higher likelihood of victory (around 75–77%), the upside on Rodriguez is substantial if you believe in his experience, takedown prowess, and recent momentum. This matchup offers a classic favorite-versus-underdog narrative. Holland’s –350 tag underscores confidence in his athleticism and finishing ability, whereas Rodriguez’s +285 line invites bettors to back the veteran with high reward potential. Track further line shifts as fight week progresses—sharp money or late-breaking news could tilt the scales in either direction. AI Pick: Kevin Holland Click the buttons below to read more about why the AI picked Kevin Holland, or see all the AI picks for Holloway vs Poirier 3. Our AI is trained on our fight data and picks winners for every fight. You can track all the picks, accuracy, and profit for free on our ai-picks page.",2025-07-09,https://www.ufcbetcompanion.com/event-fighter/3951-Kevin%20Holland%20vs%20Daniel%20Rodriguez/fight-analysis/2393
Kevin Holland - Daniel Rodriguez,"Kevin Holland 🏆 27 ❌ 12 ➖ 0 Age: 32 years Height: 6′3″ / 191 cm Reach: 81″ / 206 cm Stance: July 19, 2025 | Kevin Holland | Stat | Daniel Rodriguez | |---|---|---| | 27-0-12 (14 KO) | Record | 19-0-3 (9 KO) | | 32 years | Age | 38 years | | 6′3″ / 191 cm | Height | 6′0″ / 183 cm | | 6′9″ / 206 cm | Reach | 6′1″ / 188 cm | | Stance | Southpaw | | | 52% | KO Ratio | 47% | New Orleans, Smoothie King Center, USA July 19, 2025 * Tickets are subject to availability Kevin Holland 50% Daniel Rodriguez 50% Kevin Holland 50% Daniel Rodriguez 50%",2025-07-14,https://ringside24.com/en/bout/12613/
Kevin Holland vs Daniel Rodriguez: Welterweights Collide for Top 10 Sp,"Kevin Holland vs Daniel Rodriguez: Welterweights Collide for Top 10 Spot Kevin Holland vs Daniel Rodriguez: Welterweights Collide for Top 10 Spot By Ali Hammad July 17, 2025 09:12 The welterweight clash between Kevin Holland and Daniel Rodriguez at UFC 318 on July 19, 2025, is shaping up to be a high-stakes battle with significant implications for the divisional top 10 rankings. Both fighters enter this matchup hungry to assert themselves as contenders in what is quickly becoming one of the UFC’s most competitive weight classes. Kevin Holland (28-13 MMA, 16-10 UFC) has had an active and impressive 2025 campaign, appearing four times this year and showcasing his evolving skill set. Known for his dynamic striking and unpredictability inside the Octagon, Holland combines a sharp jab with slick submission skills. Despite a recent loss to Reinier de Ridder, Holland bounced back emphatically with wins over Gunnar Nelson and Vicente Luque, securing performance bonuses in both bouts. His 7-inch reach advantage over Rodriguez is a key factor; Holland averages 4.24 significant strikes per minute with a 50% striking accuracy. His ability to mix stand-up with submissions holding six UFC wins by submission makes him a multi-dimensional threat. Speaking to media during UFC 318’s media day, Holland stated, “I’m all about staying active and showing the fans the full range of my game. Every fight is a chance to climb higher and prove why I belong in that top tier.” On the other side, Daniel Rodriguez (19-5 MMA, 10-4 UFC) is a seasoned brawler who epitomizes toughness and relentless volume striking. Rodriguez leads with a staggering 7.39 significant strikes landed per minute and a striking accuracy of 48%, but he also tends to absorb a high number of strikes, averaging 5.39 per minute. Primarily a pressure fighter, Rodriguez attempts to close distance rapidly, using constant forward momentum to disrupt opponents’ rhythm. At 38 years old, his experience is tempered by the wear and tear of many wars, but recent victories, including a third-round knockout of Santiago Ponzinibbio, underscore his capacity to finish fights decisively. MMA analyst Matthew Lowrimore remarked, “Rodriguez fights with a warrior’s heart. His style is built on pressure and volume, and if he can get inside Holland’s reach, we could see fireworks.” From a statistical standpoint, Holland’s striking defense sits at 50%, while Rodriguez boasts a slightly higher 57% defensive rate. Both fighters exhibit respectable grappling credentials Holland averages 0.81 takedowns per 15 minutes with 39% accuracy, while Rodriguez records 0.55 takedowns every 15 minutes at 54% accuracy. This suggests the fight could feature a mix of striking exchanges and grappling contests, depending on each fighter’s approach. The betting landscape firmly favors Holland, with sportsbooks listing him as a -440 favorite compared to Rodriguez’s +310 underdog odds. However, the high finish rate on both sides four of Holland’s last five bouts ended inside the distance and three of Rodriguez’s last five likewise indicates this is unlikely to be a slow-paced, tactical affair. UFC commentator Joe Rogan emphasized Holland’s versatility: “Kevin’s submission game has really matured. You don’t want to stand and trade with him blindly.” The stakes are clear both fighters are vying to solidify a path into the welterweight top 10, an elusive yet critical milestone for title contention. Holland’s youth, multi-faceted skill set, and momentum provide him an edge, but Rodriguez’s pressure and power make him a dangerous adversary who can never be counted out. In summary, Kevin Holland vs. Daniel Rodriguez at UFC 318 is a fascinating stylistic matchup precise striking and submission savvy against raw power and relentless aggression. It promises thrilling action inside the Smoothie King Center in New Orleans and a pivotal opportunity for both men to advance their standing in the loaded UFC welterweight division. Fight fans should prepare for fireworks as these two hungry warriors collide for top 10 positioning and career momentum.",2025-07-17,https://fanarch.com/blogs/ufc/kevin-holland-vs-daniel-rodriguez-welterweights-collide-for-top-10-spot
"Kevin Holland vs Daniel Rodriguez Pick, 07/19/2025 Predictions UFC 318 Odds","Kevin Holland vs Daniel Rodriguez Pick, 07/19/2025 Predictions UFC 318 Odds Kevin Holland vs Daniel Rodriguez UFC 318 Smoothie King Center in New Orleans Saturday, July 19, 2025 Kevin Holland will enter the Octagon with Daniel Rodriguez at UFC 318 on Saturday, July 19, 2025. The moneyline has Holland coming in at -442 while Rodriguez is priced at +351. Kevin ""Trailblazer"" Holland will be looking to add a win to his career record of 28-13-0 (1 NC). The 32-year-old records a weight of 170 lbs and stands 6'3"". The orthodox fighter has a wingspan of 81"". Daniel ""D-Rod"" Rodriguez comes in at 6'1"" and steps on the scale at 170 lbs. The southpaw fighter walks into the Octagon with a record of 19-5-0. The 38-year-old reaches 74"". Regarding significant strikes, Kevin Holland lands 4.24 per min and Daniel Rodriguez connects on 7.39 significant strikes per min. Holland is connecting on 50% of the significant strikes he attempts and Rodriguez connects on 48%. When it comes to defending in the Octagon, ""Trailblazer"" allows 3.11 significant strikes per min while ""D-Rod"" takes 5.39. Holland also thwarts 50% of the significant strikes his opponents attempt and Rodriguez stops 57% of the strikes thrown in his direction. | UFC 318 | Kevin Holland | Daniel Rodriguez | |---|---|---| | Opening Odds | -442 | +351 | | Record | 28-13-0 (1 NC) | 19-5-0 | | Average Fight Time | 10:19 | 11:36 | | Height | 6'3"" | 6'1"" | | Weight | 170 lbs | 170 lbs | | Reach | 81"" | 74"" | | Strikes Landed Per Minute | 4.24 | 7.39 | | Striking Accuracy | 50% | 48% | Concerning grappling, Kevin Holland is averaging more takedowns in the cage as he takes his opponents to the canvas 0.81 times per 15 min. Holland is scoring a takedown on 39% of his attempts and is stuffing 55% of the takedowns his opponents try. Rodriguez is finishing his takedowns on 54% of the takedowns he tries and stuffing 63% of all takedowns attempted by his opposition. Regarding going for the sub, Holland is the more skilled of the two fighters by trying 0.6 finishes per 3 rounds while Rodriguez looks to get 0.1 finishes per 15 min. Get all of our UFC Expert Picks In his previous bout, Kevin Holland went up against Vicente Luque and took home the victory by way of an anaconda choke in round 2. Luque ended up landing 24 of 46 total strikes that he let go in that contest. Holland walked away from this fight having landed 44 of 78 total strikes. In the significant strikes category, Luque landed 24 of 46, giving him a percentage of 52%. He landed 14 of 32 significant strikes aimed at the head. On the other side, Holland landed 54% of his significant strikes by sticking 40 of 74. Out of those significant strikes, he landed 25 of 58 to the head. 100% of the significant strikes landed by Luque and 65% of them connected on by Holland were tallied at a distance. In the last fight for Daniel Rodriguez, he fought Santiago Ponzinibbio and wound up getting the victory by a punch to the head in round 3. Ponzinibbio ended up connecting on 100% of his significant strikes at distance and Rodriguez connected on 96% of his significant strikes at distance. Rodriguez ended up landing 39% of his significant strikes attempted by landing 66 of 166. He landed 39 of 131 significant strikes aimed at the head. Ponzinibbio ended up connecting on 49 of 111 significant strikes in that fight. Looking at the significant strike accuracy, he connected on 31 of 83 aimed at the head. In relation to total strikes attempted in that contest, Ponzinibbio landed 50 of 115 and Rodriguez connected on 70 of 170 of all the strikes he threw. Other fights to watch out for Another fight that you're going to want to watch is when Dan Ige faces off against Patricio Freire. Ige will be looking to add a win to his record of 19-9-0. The 33-year-old is weighing in at 145 lbs and stands in at 5'7"". The orthodox fighter stretches 71"". Freire stands in at 5'6"" and steps on the scale at 145 lbs. The orthodox fighter looks to add a victory to his total of 36-8-0. The 38-year-old extends his reach 67"". In terms of takedowns, Dan Ige scores a takedown 0.94 times per 15 min and Patricio Freire takes his opponents to the canvas 0.69 times per 3 rounds. When it comes to striking, Ige is connecting on 3.67 strikes per minute and connects on 45% out of all the strikes he attempts. On the other side of the cage you've got Patricio Freire, who is landing 40% of the strikes he attempts and connects on 2.45 per min. Another must see fight on the night is when Daniel Zellhuber is set to square up against Michael Johnson. Johnson steps into the Octagon holding a record of 24-19-0. The 39-year-old weighs 155 lbs and stands in at 5'10"". The southpaw fighter has an arm span of 73"". Zellhuber stands in at 6'1"" and records a weight of 155 lbs. The switch fighter walks into the cage with a record of 15-2-0. The 26-year-old has a wingspan of 77"". Regarding wrestling, Michael Johnson is able to thwart 81% of his opponents' takedown attempts and is finishing his takedown attempts on 40% of the times he tries. Zellhuber is finishing his takedowns on 25% of the attempts he tries and is able to defend against 94% of all takedown attempts. In the matter of striking, Johnson is absorbing 3.80 strikes per min while he dishes out 4.23 strikes per min. Zellhuber, on the other hand, absorbs 6.02 strikes/minute and is dealing 6.26 per minute. Who will win tonight's UFC match against the spread? Josh Schonwald's Pick: Take Kevin Holland (-442) Get $60 worth of FREE premium member picks. No Obligation. No Salesman. No Credit Card. Fast Sign up with Instant Access Click Here Get all of Today's Free UFC Picks Get all of Today's Expert UFC Picks Most Recent UFC Picks - Dan Ige vs Patricio Freire Pick, 07/19/2025 Predictions UFC 318 Odds - Jimmy Crute vs Marcin Prachnio Pick, 07/19/2025 Predictions UFC 318 Odds - Kevin Holland vs Daniel Rodriguez Pick, 07/19/2025 Predictions UFC 318 Odds - Kyler Phillips vs Vinicius Oliveira Pick, 07/19/2025 Predictions UFC 318 Odds - Michael Johnson vs Daniel Zellhuber Pick, 07/19/2025 Predictions UFC 318 Odds - Francisco Prado vs Nikolay Veretennikov Pick, 07/19/2025 Predictions UFC 318 Odds - Carli Judice vs Nicolle Caliari Pick, 07/19/2025 Predictions UFC 318 Odds - Max Holloway vs Dustin Poirier Pick, 07/19/2025 Predictions UFC 318 Odds - Ryan Spann vs Lukasz Brzeski Pick, 07/19/2025 Predictions UFC 318 Odds - Adam Fugitt vs Islam Dulatov Pick, 07/19/2025 Predictions UFC 318 Odds",2025-07-15,https://www.docsports.com/free-picks/ufc/2025/kevin-holland-vs-daniel-rodriguez-pick-07-19-2025-predictions-ufc-318-odds.html
"Kevin Holland vs. Daniel Rodriguez, UFC Fight Night | MMA Bout | Tapology","Bout Cancelled Prior to Event Reason: Holland Shoulder Injury Fighter Comparison | Holland | Rodriguez | ||| | 17-5-0 MMA | Pro Record | 12-1-0 MMA | || | 2025 2024 | Last 5 Fights | 2025 2022 | || | | Nation | | || | Fort Worth Texas | Fights out of | Los Angeles California | || | 27 +6 mos, 3 wks, 4 days | Age at Fight | 33 +4 mos, 4 wks, 1 day | || | 170.0 lbs (77.1 kgs) | Latest Weight | 170.5 lbs (77.3 kgs) | || | 6'3"" (191cm) | Height | 6'1"" (185cm) | || | 81.0"" (206cm) | Reach | 74.0"" (188cm) | || | Travis Lutter BJJ | Gym | Tapout LA 10th Planet Jiu Jitsu | Holland vs. Rodriguez Fight Predictions Fight Predictions Tapology Community Picks: 738 Bout Information Event Poster Fight Details - Event: UFC Fight Night: Woodley vs. Burns - Date: Saturday 05.30.2020 at 06:00 PM ET - Referee: N/A - Venue: UFC APEX - Enclosure: Octagon - Location: Las Vegas, Nevada, United States - Bout Billing: Main Card (fight 9 of 11) - Pro/Am: Professional - Weight: 170 lbs (77.1 kg) - Event Links:",2020-04-24,https://www.tapology.com/fightcenter/bouts/503199-ufc-fight-night-kevin-trail-blazer-holland-vs-daniel-d-rod-rodriguez
"Kevin Holland vs. Daniel Rodriguez, UFC 279 | MMA Bout | Tapology","Bout Cancelled Prior to Event Reason: Both Fighters Rebooked Fighter Comparison | Holland | Rodriguez | ||| | 23-7-0 MMA | Pro Record | 16-2-0 MMA | || | 2025 2024 | Last 5 Fights | 2025 2022 | || | -215 (Moderate Favorite) | Betting Odds | +180 (Slight Underdog) | || | | Nation | | || | Fort Worth Texas | Fights out of | Los Angeles California | || | 29 +10 mos, 5 days | Age at Fight | 35 +8 mos, 1 week, 3 days | || | 179.5 lbs (81.4 kgs) | Weigh-In Result | 179.0 lbs (81.2 kgs) | || | 6'3"" (191cm) | Height | 6'1"" (185cm) | || | 81.0"" (206cm) | Reach | 74.0"" (188cm) | || | Travis Lutter BJJ | Gym | 10th Planet Jiu Jitsu Syndicate MMA | Holland vs. Rodriguez Fight Predictions Fight Predictions Tapology Community Picks: 2,662 Bout Information Event Poster Fight Details - Event: UFC 279: Diaz vs. Ferguson - Date: Saturday 09.10.2022 at 06:00 PM ET - Referee: N/A - Venue: T-Mobile Arena - Enclosure: Octagon - Location: Las Vegas, Nevada - Bout Billing: Main Card (fight 11 of 13) - Pro/Am: Professional - Weight: 180 lbs (81.6 kg) - Event Links:",2022-05-17,https://www.tapology.com/fightcenter/bouts/683177-ufc-279-kevin-trailblazer-holland-vs-daniel-d-rod-rodriguez
Kevin Holland's crazy pace continues with Daniel Rodriguez booking at UFC 318,"Kevin Holland's crazy pace continues with Daniel Rodriguez booking at UFC 318 Kevin Holland said he wanted to stay busy this year, and he'll do just that. Holland (28-13 MMA, 15-10 UFC) has been booked for a welterweight fight against Daniel Rodriguez (19-5 MMA, 9-4 UFC) next month at UFC 318, which takes place July 19 at Smoothie King Center in New Orleans. The card features a trilogy bout between the retiring local Dustin Poirier and Max Holloway for the BMF title. MMA Junkie confirmed the matchup with a person with knowledge of the fight, and Holland confirmed the booking on social media. The UFC has not yet made a formal announcement of the bout, which first surfaced on social media. The two were booked to fight at UFC 279 nearly three years ago, but a weigh-in day abnormality pushed Holland into a new fight with Khamzat Chimaev, which he lost, and Rodriguez into a new fight with Jingliang Li, which he won. Holland has fought three times already this calendar year. In the UFC's first event of 2025, he was submitted by promotional newcomer Reinier de Ridder, a former two-division ONE Championship titleholder. But in March, he rebounded with a bonus-winning decision over Gunnar Nelson, and earlier this month he submitted Vicente Luque at UFC 316 for a second straight bonus. Rodriguez has bounced back from a rough patch of three straight losses to Neil Magny, Ian Machado Garry and Kelvin Gastelium with a decision win over Alex Morono this past fall and a third-round knockout of Santiago Ponzinibbio in May. That was his first stoppage win in nearly four years. With the addition, the UFC 318 lineup now includes: - Max Holloway vs. Dustin Poirier – for BMF title - Paulo Costa vs. Roman Kopylov - Brendan Allen vs. Marvin Vettori - Islam Dulatov vs. Adam Fugitt - Ikram Aliskerov vs. Brunno Ferreira - Neil Magny vs. Gunnar Nelson - Vinicius Oliveira vs. Kyler Phillips - Nicolle Caliari vs. Carli Judice - Jimmy Crute vs. Marcin Prachnio - Francisco Prado vs. Nikolay Veretennikov - Ateba Gautier vs. Robert Valentin - Michael Johnson vs. Daniel Zellhuber - Kevin Holland vs. Daniel Rodriguez - Ryan Spann vs. Lukasz Brzeski",2025-06-26,https://mmajunkie.usatoday.com/story/sports/ufc/2025/06/26/ufc-318-kevin-holland-vs-daniel-rodriguez-new-orleans-mma-fight-booking/84371671007/
Daniel Rodriguez vs Kevin Holland - 07/19/25 - DRatings.com,"Daniel Rodriguez Kevin Holland Last 5 Fights Money Line Analysis Implied Margin Using the best lines from multiple sportsbooks, this would be the % take from the consensus sportsbook if bets were even on each side. More on Implied MarginImplied Margin Using the best lines from multiple sportsbooks, this would be the % take from the consensus sportsbook if bets were even on each side. More on Implied Margin| Open Line | Heritage | Bovada | BetOnline | YouWager | SportsBetting | Best Line | No-Vig OddsUsing a market maker sportsbook, this is what the line would be if there was no vigorish (sportsbook fee) in the price. More on No-Vig Odds | | |---|---|---|---|---|---|---|---|---| | Daniel Rodriguez | +286 | +390 | +400 | +400 | +400 | +400 | +400 | +423.1 | | Kevin Holland | -351 | -540 | -575 | -550 | -550 | -550 | -540 | -423.1 | | Open Line | South Point | Circa | Wynn | Stations | Westgate | Best Line | No-Vig OddsUsing a market maker sportsbook, this is what the line would be if there was no vigorish (sportsbook fee) in the price. More on No-Vig Odds | | |---|---|---|---|---|---|---|---|---| | Daniel Rodriguez | +310 | - | +410 | +400 | +400 | +425 | +425 | +423.1 | | Kevin Holland | -370 | - | -525 | -500 | -500 | -550 | -500 | -423.1 | Overall Base Rating Our analytical projection of the match in relation to the implied probability to win from the sportsbooks. More on Base Rating Base Rating Our analytical projection of the match in relation to the implied probability to win from the sportsbooks. More on Base RatingBet Trends Doing an analysis on the betting data, we project which team has which team has an edge. More on Bet Trends Bet Trends Doing an analysis on the betting data, we project which team has which team has an edge. More on Bet TrendsLatest ML Steam Move A quick and uniform line move across every sportsbook. Usually caused by an injury or deep-pocketed sharp bettor. More on Steam Move Steam Move A quick and uniform line move across every sportsbook. Usually caused by an injury or deep-pocketed sharp bettor. More on Steam MoveOverall Base Rating Our analytical projection of the match in relation to the implied probability to win from the sportsbooks. More on Base Rating Base Rating Our analytical projection of the match in relation to the implied probability to win from the sportsbooks. More on Base RatingBet Trends Doing an analysis on the betting data, we project which team has which team has an edge. More on Bet Trends Bet Trends Doing an analysis on the betting data, we project which team has which team has an edge. More on Bet TrendsLatest ML Steam Move A quick and uniform line move across every sportsbook. Usually caused by an injury or deep-pocketed sharp bettor. More on Steam Move Steam Move A quick and uniform line move across every sportsbook. Usually caused by an injury or deep-pocketed sharp bettor. More on Steam Move",2025-04-05,https://www.dratings.com/predictor/ufc-mma-predictions/7bd5ed15-ccb2-5d40-8006-35261ffac07b
UFC 318: Kevin Holland vs. Daniel Rodriguez Prediction,"UFC 318: Kevin Holland vs. Daniel Rodriguez Prediction for Tomorrow, 07/19/25 UFC 318: Kevin Holland vs. Daniel Rodriguez Pickswise Expert Predictions The third fight on the Main Card at UFC 318 will see Kevin Holland take on Daniel Rodriguez. This will be a fight in the UFC Welterweight division. Holland enters this fight with an MMA record of 28-13 and 16-10 in the UFC. He averages 4.24 significant strikes per minute and has a striking accuracy of 50%. Holland absorbs 3.11 strikes and has a striking defense of 50%. His grappling is decent, averaging 0.81 takedowns every 15 minutes. Holland has a takedown accuracy of 39% and a takedown of 55%. Rodriguez enters this fight with an MMA record of 19-5 and 10-4 in the UFC. He averages 7.39 significant strikes per minute and has a striking accuracy of 48%. Rodriguez absorbs 5.39 strikes and has a striking defense of 57%. He also has decent grappling, averaging 0.55 takedowns every 15 minutes. His takedown accuracy is 54%, and his takedown defense is 63%. Holland is the significant favorite in this fight, so we will be targeting for the fight to end inside the distance. Rodriguez has seen 3 of his last 5 UFC fights end inside the distance, while Holland has seen 4 of his last 5 UFC fights do the same. Based on the high finish rate for both fighters, backing this fight to end inside the distance will be our lean. UFC Analysis See All UFC NewsUFC 318 Predictions, Picks & Betting Odds ft. Max Holloway vs. Dustin Poirier: Holloway and Poirier Becomes a Brawl UFC 318 takes place on Saturday at the Smoothie King Center in New Orleans, Louisiana. It features a UFC Lightweight fight between Max Holloway and Dustin Poirier as the Main Event. Here are our U...",2025-07-16,https://www.pickswise.com/ufc/predictions/ufc-318-kevin-holland-vs-daniel-rodriguez-predictions-picks/
UFC 318: 3-fight parlay at +183 odds | Pickswise,"UFC 318 takes place on Saturday at the Smoothie King Center in New Orleans, Louisiana. It features a UFC Lightweight fight between Max Holloway and Dustin Poirier as the Main Event. Here are my favorite UFC parlay picks for this card. Also, be sure to check out the rest of our UFC predictions for all of the Main Card fights. Roman Kopylov ML over Paulo Costa (-238) Kevin Holland vs. Daniel Rodriguez – Fight to go the Distance – No (-235) Michael Johnson vs. Daniel Zellhuber – Over 1.5 Total Rounds (-250) Roman Kopylov ML over Paulo Costa (-238) The Co-Main Event at UFC 318 will see Paulo Costa take on Roman Kopylov in the UFC Middleweight division. Kopylov enters this fight with an MMA record of 14-3 and 6-3 in the UFC. He is averaging 4.96 significant strikes per minute and has a striking accuracy of 50%. Kopylov absorbs 4.86 strikes and has a striking defense of 55%. His grappling is decent as well, averaging 1.17 takedowns every 15 minutes. He has a takedown accuracy of 42% and a takedown defense of 87%. Kopylov is the heavy favorite in this fight, but still looks to be the best betting option. Costa has been inconsistent recently, going 1-4 in his last 5 UFC fights, while Kopylov is 4-1 over the same stretch. Based on this, backing Kopylov to remain in good form and win will be our lean. You can also read our expert’s UFC 318 best bets for Saturday night Kevin Holland vs Daniel Rodriguez – Fight to go the Distance – No (-235) The third fight on the Main Card at UFC 318 will see Kevin Holland take on Daniel Rodriguez in the UFC Welterweight division. Holland enters this fight with an MMA record of 28-13 and 16-10 in the UFC. As for Rodriguez, he enters this fight with an MMA record of 19-5 and 10-4 in the UFC. Holland is the significant favorite in this fight, so we will be targeting for the fight to end inside the distance. Rodriguez has seen 3 of his last 5 UFC fights end inside the distance, while Holland has seen 4 of his last 5 UFC fights do the same. Based on the high finish rate for both fighters, backing this fight to end inside the distance will be our lean. Don’t miss our UFC picks for every main card fight at UFC 318 Michael Johnson vs Daniel Zellhuber – Over 1.5 Total Rounds (-250) The first fight on the Main Card at UFC 318 will see Michael Johnson take on Daniel Zellhuber in the UFC Lightweight division. Johnson enters this fight with an MMA record of 24-19 and 15-15 in the UFC. As for Zellhuber, he enters this fight with an MMA record of 15-2 and 4-2 in the UFC. Zellhuber is the clear favorite in this fight, so we will instead be targeting over 1.5 rounds. Zellhuber has seen all 6 of his UFC fights go over 1.5 total rounds, while Johnson has seen 4 of his last 6 UFC fights do the same. Based on the fact that both fighters have seen several of their recent fights go multiple rounds, backing over 1.5 total rounds will be our lean.",2025-07-16,https://www.pickswise.com/news/ufc-318-parlay-at-183-odds-featuring-roman-kopylov-vs-paulo-costa-and-michael-johnson-vs-daniel-zellhuber/
Kevin Holland vs. Daniel Rodriguez,"D-Rod win his last fight and he did it with his hands. He is also historically a pretty solid striker. But he doesn't win here. Kevin is faster, cleaner and more powerful. He is also not 40. This is welterweight Kevin Holland who shows up prepared. Kevin is the pick and I imagine these odds widen as the fight gets closer. Kevin Holland Kevin Holland is an accurate and powerful striker who has struggled and continues to struggle with takedown defense but has very solid grapling when he is taken down. Other than the wrestling defense, Kevin is a problem for a lot of people. He's a sniper on his feet with great accuracy and range. He can also grapple really well and be a compedetive on the ground with his length. He is coming off the the finish win over Vicente Luque just 1 month ago. Daniel Rodriguez Daniel Rodriguez is a very good boxer who picks his shots well. He has good takedown defense but not much to offer in the grappling department. His boxing is crisp and when he isn't worried about the takedowns his hands are deadly and he hits a rhythm, when he is worried about the takedowns he can fade later in the fight. He is coming off the rally KO win over Santiago Ponzinnibbio",2025-07-02,https://wewantpicks.com/kevin-holland-vs-daniel-rodriguez/
Kevin Holland vs Daniel Rodriguez Betting Prediction UFC 318 July 19,"Kevin Holland vs Daniel Rodriguez Betting Prediction UFC 318 July 19 Kevin Holland vs Daniel Rodriguez Betting Prediction UFC 318 | July 19|. Place a UFC 318 bet on this mixed martial arts event at YouWager.lv. Kevin Holland vs Daniel Rodriguez Betting Prediction Now we have the Kevin Holland vs Daniel Rodriguez Betting Prediction for both teams. At UFC 318, which will take place on Saturday, July 19, 2025, Kevin Holland will compete against Daniel Rodriguez inside the Octagon. When compared against Rodriguez, Holland is set at -442 on the moneyline, while Rodriguez is priced at +351. Adding a victory to his career record of 28-13-0 (1 NC) is something that Kevin “Trailblazer” Holland will be hoping to do. The orthodox fighter, who is 32 years old and measures 6 feet 3 inches tall, has a wingspan of 81 inches. His weight is recorded as 170 pounds. His name is Daniel “D-Rod” Rodriguez comes in at 6’1 “and steps on the scale at 170 lbs. The southpaw fighter walks into the Octagon with a record of 19-5-0. The 38-year-old reaches 74” . Kevin Holland lands 4.24 significant strikes per minute, whereas Daniel Rodriguez connects on 7.39 important strikes per minute. Both of these figures involve significant strikes. He is connecting on fifty percent of the important strikes that he attempts, whereas Rodriguez is connecting on forty-eight percent of them. When it comes to defending in the Octagon, “Trailblazer” permits 3.11 significant strikes per minute, whereas “D-Rod” demands 5.39 significant strikes per minute. Rodriguez is able to block 57% of the strikes that are fired in his way, whereas Holland is able to block 50% of the significant strikes that his opponents attempt to throw at him. When it comes to grappling, Kevin Holland is averaging more takedowns in the cage than his opponents are, as he is able to get his opponents to the canvas 0.81 times every 15 minutes. With 39% of his attempts, Holland is successful in achieving a takedown, and he is successful in stuffing 55% of the takedowns that his opponents attempt. Rodriguez has been successful in finishing his takedowns on 54% of the takedowns he attempts, while he has been successful in stuffing 63% of all takedowns that his opponents have attempted. Holland is the more proficient of the two combatants when it comes to going for the sub, since he attempts to finish 0.6 rounds every three rounds, whereas Rodriguez aims to finish 0.1 rounds every 15 minutes. Kevin Holland defeated Vicente Luque in his previous fight by submitting him with an anaconda choke in the second round. This victory allowed him to take home the title. During the competition, Luque ended up nailing 24 of the total 46 strikes that he allowed himself to throw. Due to the fact that Holland landed 44 of a total of 78 strikes, he was able to survive this fight. As far as the significant strikes category is concerned, Luque landed 24 out of 46, which gives him a proportion of 52%. Only 14 of the 32 strong blows that were directed at the head were successful. By sticking 40 of 74, Holland was able to land 54% of his major strikes, which was a significant accomplishment. Twenty-five of the sixty-eight significant blows that he delivered were targeted at the head. One hundred percent of the significant strikes that Luque landed and sixty-five percent of those that Holland connected on were recorded at a longer distance. In the final bout that Daniel Rodriguez competed in, he faced off against Santiago Ponzinibbio and ultimately prevailed by way of a punch to the head in the third round. The final result was that Ponzinibbio was successful in connecting on all of his big strikes at a distance, while Rodriguez was successful in connecting on 96% of his significant strikes at a distance. Rodriguez ended up landing 66 of 166 significant strikes he attempted, which is 39% of the total number of strikes he attempted. The head was the target of 39 of the 131 important strikes that he delivered. It was ultimately determined that Ponzinibbio connected on 49 of 111 major strikes throughout that battle. When considering the substantial striking accuracy, he was successful in hitting 31 of 83 shots that were directed at the head. Regarding the overall number of strikes that were tried during that competition, Ponzinibbio was successful in landing 50 of 115, whereas Rodriguez was successful in landing 70 of 170 of all the strikes that he threw. Another fight that you are going to want to watch is the one that takes place between Dan Ige and Patricio Freire. Ige is now 19-9-0, and he will be trying to add another victory to his record. Currently, the 33-year-old boxer weighs 145 pounds and stands at 5 feet 7 inches tall. The orthodox fighter has a height of 71 inches. Freire stands in at 5’6 “and steps on the scale at 145 lbs. The orthodox fighter looks to add a victory to his total of 36-8-0. The 38-year-old extends his reach 67” . When it comes to takedowns, Patricio Freire is able to bring his opponents to the canvas 0.69 times per three rounds, whereas Dan Ige is able to put his opponents down 0.94 times every fifteen minutes. When it comes to striking, Ige is connecting on 3.67 strikes per minute and he is successful in hitting on 45% of all the strikes that he attempts. On the opposite side of the cage is Patricio Freire, who is successful in landing forty percent of the blows he attempts and connects at a rate of two and forty-five dollars each minute. A fight between Daniel Zellhuber and Michael Johnson is scheduled to take place in the evening, and it is another bout that you absolutely cannot miss. Johnson comes into the Octagon with a record of 24-19-0 from the previous season. This southpaw fighter, who is 39 years old and weighs 155 pounds, stands 5 feet 10 inches tall and possesses an arm spread of 73 inches or more. Zellhuber stands in at 6’1 “and records a weight of 155 lbs. The switch fighter walks into the cage with a record of 15-2-0. The 26-year-old has a wingspan of 77” . Michael Johnson is able to successfully complete his takedown attempts forty percent of the time, and he is able to resist eighty-one percent of the takedown attempts that his opponents make against him in wrestling. Zellhuber is able to successfully defend against 94% of all takedown attempts and is able to finish his takedowns on 25% of the efforts that he endeavors to complete. When it comes to striking, Johnson is taking in 3.80 strikes per minute while simultaneously dishing out 4.23 strikes per minute when it comes to striking. In contrast, Zellhuber is able to take 6.02 strikes per minute while simultaneously dealing 6.26 strikes per minute. Visit the Betting School and learn how to wager on the moneyline, spread, and total; on your favorite team or an undervalued underdog. Sign up with YouWager.lv now and get in the game with the best welcome bonus, click below:",2025-07-16,https://blog.youwager.lv/2025/07/16/kevin-holland-vs-daniel-rodriguez-betting-prediction-ufc-318-july-19/
Daniel Rodriguez (fighter) - Wikipedia,"Daniel Rodriguez (fighter) | Daniel Rodriguez | | |---|---| | Born | Alhambra, California, U.S. | December 31, 1986 | Other names | D-Rod | | Height | 6 ft 0 in (183 cm) | | Weight | 170 lb (77 kg; 12 st 2 lb) | | Division | Middleweight Welterweight (current) Lightweight | | Reach | 74 in (188 cm) | | Stance | Southpaw | | Fighting out of | Alhambra, California, U.S. | | Team | TapouT LA (formerly)[1] The Yard Muay Thai[1] BMF Ranch (2019–present)[2][3] Syndicate MMA (2021–present)[4] | | Rank | Purple belt in Brazilian Jiu-Jitsu under Eddie Bravo[5] | | Years active | 2015–present | | Professional boxing record | | | Total | 2 | | Wins | 1 | | Losses | 1 | | By knockout | 1 | | Mixed martial arts record | | | Total | 24 | | Wins | 19 | | By knockout | 9 | | By submission | 4 | | By decision | 6 | | Losses | 5 | | By knockout | 1 | | By submission | 1 | | By decision | 3 | | Other information | | | Boxing record from BoxRec | | | Mixed martial arts record from Sherdog | Daniel Rodriguez (born December 31, 1986) is an American mixed martial artist who currently competes in the Welterweight division of the Ultimate Fighting Championship. A professional since 2015, Rodriguez has also competed in Bellator, King of the Cage, and Combate Americas. Background [edit]According to Rodriguez, he grew up in Los Angeles in a gang affiliated family, alternating between the hood and jail system while continuously getting into fights in both.[6] Without any sports background, Rodriguez began training boxing and eventually mixed martial arts in his mid-twenties.[6] Mixed martial arts career [edit]Early career [edit]Rodriguez compiled a 7–0 amateur record as a Welterweight from late 2013 to 2015.[7] Rodriguez later began his professional career in 2015, competing mainly in Combate Americas, with a one off fight at Bellator 170. Eventually racking up an 8–1 record,[8] he competed on Dana White's Contender Series 22,[9] however he did not earn a UFC contract through his unanimous decision win against Rico Farrington.[10] Afterwards, he won the Smash Global Welterweight Championship,[11] before he was given a UFC contract.[12] Ultimate Fighting Championship [edit]Rodriguez made his promotional debut on February 15, 2020 at UFC Fight Night 167 as a late replacement for Ramazan Emeev against Tim Means.[13] Rodriguez won the fight via submission in the second round.[14] This win earned him the Performance of the Night award.[15] Rodriguez was expected to face Kevin Holland on May 30, 2020 at UFC Fight Night: Woodley vs. Burns. However, on May 26, Holland was forced to withdraw from his scheduled bout with Daniel Rodriguez due to an injury[16] and he was replaced by promotional newcomer Gabriel Green.[17] Rodriguez won the fight via unanimous decision.[18] Rodriguez was expected to face Takashi Sato on August 22, 2020, at UFC on ESPN 15.[19] Despite making the required weight, Sato was not cleared to fight by Nevada State Athletic Commission medical personnel and he was replaced by Dwight Grant whose opponent, Calen Born, was pulled from the same event for undisclosed reason.[20] After being knocked down in the beginning of the fight, Rodriguez knocked Grant down multiple times en route to a first-round knockout win.[21] Rodriguez was expected to face Bryan Barberena on November 14, 2020 at UFC Fight Night 183.[22] However, Barberena underwent an emergency laparotomy a week before the event, resulting in the fight being cancelled.[23] Rodriguez instead faced Nicolas Dalby, replacing Orion Cosce, on November 21, 2020 at UFC 255.[24] He lost the close fight via unanimous decision.[25] 9 out of 20 media outlets scored the fight for Rodriguez.[26] Rodriguez faced Mike Perry on April 10, 2021 at UFC on ABC 2.[27] He won the bout via unanimous decision.[28] Rodriguez was scheduled to face Abubakar Nurmagomedov on July 17, 2021 at UFC on ESPN 26.[29] However, Nurmagomedov was forced to withdraw from the event, citing injury.[30] He was replaced by promotional newcomer Preston Parsons.[31] Rodriguez won the fight via technical knockout in round one.[32] Rodriguez faced Kevin Lee on August 28, 2021, at UFC on ESPN: Barboza vs. Chikadze.[33] He won the fight via unanimous decision.[34] Rodriguez was scheduled to face Kevin Holland on September 10, 2022, at UFC 279 in a 180-pound catchweight bout.[35] However, the day of the weigh-ins, Khamzat Chimaev missed weight for his welterweight main event bout with Nate Diaz by seven-and-a-half pounds. As a result, the UFC was forced to change the card around. Rodriguez instead faced Li Jingliang, who was originally scheduled to face Tony Ferguson in the co-main event in a welterweight bout. Rodriguez's bout with Jingliang remained at a 180-pound catchweight.[36] He won the back-and-forth fight via split decision.[37] 21 out of 23 media scores gave it to Jingliang.[38] Rodriguez was scheduled to face Neil Magny on October 15, 2022 at UFC Fight Night 212.[39] However, Rodriguez withdrew from the bout due to elbow infection.[40] The bout was rescheduled for UFC Fight Night 214 on November 5.[41] He lost the fight via D'Arce choke submission in the third round.[42] Rodriguez was scheduled to face Gunnar Nelson on March 18, 2023, at UFC 286.[43] However, Rodriguez withdrew from the event for undisclosed reasons and he was replaced by Bryan Barberena.[44] Rodriguez faced Ian Garry on May 13, 2023, at UFC on ABC 4.[45] He lost the bout via technical knockout in the first round.[46] Rodriguez was scheduled to face Santiago Ponzinibbio on September 16, 2023, at UFC Fight Night 227.[47] However, Rodriguez was pulled from the bout by USADA after testing positive for the banned substance ostarine.[48] He was given a 6-month suspension and will be eligible to fight again on January 28, 2024.[49] Rodriguez faced Kelvin Gastelum on June 22, 2024, at UFC on ABC 6.[50] The bout was changed to a middleweight bout due to Gastelum having issues cutting weight.[51] He lost the fight by unanimous decision.[52] Rodriguez faced Alex Morono on October 12, 2024 at UFC Fight Night 244.[53] He won the fight by split decision.[54] Rodriguez faced Santiago Ponzinibbio on May 3, 2025 at UFC on ESPN 67.[55] He won the fight by technical knockout in the third round.[56] Rodriguez is scheduled to face Kevin Holland on July 19, 2025 at UFC 318.[57] Championships and accomplishments [edit]Mixed martial arts [edit]- SMASH Global - SMASH Global Welterweight Championship (One time)[11] - Ultimate Fighting Championship - Performance of the Night (One time) vs. Tim Means[15] - UFC Honors Awards - UFC.com Awards - 2020: Ranked #7 Upset of the Year vs. Tim Means[59] Mixed martial arts record [edit]| 24 matches | 19 wins | 5 losses | | By knockout | 9 | 1 | | By submission | 4 | 1 | | By decision | 6 | 3 | | Res. | Record | Opponent | Method | Event | Date | Round | Time | Location | Notes | |---|---|---|---|---|---|---|---|---|---| | Win | 19–5 | Santiago Ponzinibbio | TKO (punches) | UFC on ESPN: Sandhagen vs. Figueiredo | May 3, 2025 | 3 | 1:12 | Des Moines, Iowa, United States | | | Win | 18–5 | Alex Morono | Decision (split) | UFC Fight Night: Royval vs. Taira | October 12, 2024 | 3 | 5:00 | Las Vegas, Nevada, United States | | | Loss | 17–5 | Kelvin Gastelum | Decision (unanimous) | UFC on ABC: Whittaker vs. Aliskerov | June 22, 2024 | 3 | 5:00 | Riyadh, Saudi Arabia | Middleweight bout. | | Loss | 17–4 | Ian Machado Garry | TKO (head kick and punches) | UFC on ABC: Rozenstruik vs. Almeida | May 13, 2023 | 1 | 2:57 | Charlotte, North Carolina, United States | | | Loss | 17–3 | Neil Magny | Submission (brabo choke) | UFC Fight Night: Rodriguez vs. Lemos | November 5, 2022 | 3 | 3:33 | Las Vegas, Nevada, United States | | | Win | 17–2 | Li Jingliang | Decision (split) | UFC 279 | September 10, 2022 | 3 | 5:00 | Las Vegas, Nevada, United States | Catchweight (180 lb) bout. | | Win | 16–2 | Kevin Lee | Decision (unanimous) | UFC on ESPN: Barboza vs. Chikadze | August 28, 2021 | 3 | 5:00 | Las Vegas, Nevada, United States | | | Win | 15–2 | Preston Parsons | TKO (punches) | UFC on ESPN: Makhachev vs. Moisés | July 17, 2021 | 1 | 3:47 | Las Vegas, Nevada, United States | | | Win | 14–2 | Mike Perry | Decision (unanimous) | UFC on ABC: Vettori vs. Holland | April 10, 2021 | 3 | 5:00 | Las Vegas, Nevada, United States | | | Loss | 13–2 | Nicolas Dalby | Decision (unanimous) | UFC 255 | November 21, 2020 | 3 | 5:00 | Las Vegas, Nevada, United States | | | Win | 13–1 | Dwight Grant | KO (punches) | UFC on ESPN: Munhoz vs. Edgar | August 22, 2020 | 1 | 2:24 | Las Vegas, Nevada, United States | | | Win | 12–1 | Gabriel Green | Decision (unanimous) | UFC on ESPN: Woodley vs. Burns | May 30, 2020 | 3 | 5:00 | Las Vegas, Nevada, United States | | | Win | 11–1 | Tim Means | Submission (guillotine choke) | UFC Fight Night: Anderson vs. Błachowicz 2 | February 15, 2020 | 2 | 3:37 | Rio Rancho, New Mexico, United States | Performance of the Night. | | Win | 10–1 | Quinton McCottrell | TKO (punches) | SMASH Global 9 | December 19, 2019 | 2 | 1:48 | Hollywood, California, United States | Won the SMASH Global Welterweight Championship. | | Win | 9–1 | Rico Farrington | Decision (unanimous) | Dana White's Contender Series 22 | July 30, 2019 | 3 | 5:00 | Las Vegas, Nevada, United States | Return to Welterweight. | | Win | 8–1 | Ivan Castillo | KO (knee) | Combate 31 | February 22, 2019 | 2 | 2:31 | Fresno, California, United States | Catchweight (165 lb) bout. | | Win | 7–1 | Ozzie Alvarez | TKO (punches) | Combate 25 | September 28, 2018 | 3 | 2:41 | Long Beach, California, United States | Catchweight (165 lb) bout. | | Win | 6–1 | Alex Velasco | Submission (rear-naked choke) | Combate 23 | May 18, 2018 | 3 | 2:41 | Tijuana, Mexico | Lightweight debut. | | Win | 5–1 | Justin Baesman | TKO (punches) | California Xtreme Fighting 11 | February 17, 2018 | 2 | 1:17 | Studio City, California, United States | | | Loss | 4–1 | Victor Reyna | Decision (split) | Combate 19 | December 1, 2017 | 3 | 5:00 | San Antonio, Texas, United States | | | Win | 4–0 | Joel Champion | TKO (punches) | Combate 13 | April 20, 2017 | 1 | 1:55 | Tucson, Arizona, United States | | | Win | 3–0 | Christian Gonzalez | TKO (punches) | Bellator 170 | January 21, 2017 | 2 | 3:55 | Inglewood, California, United States | Catchweight (182 lb) bout. | | Win | 2–0 | Hector Saldaña | Submission (arm-triangle choke) | Combate 8 | August 11, 2016 | 1 | 3:45 | Los Angeles, California, United States | Welterweight debut. | | Win | 1–0 | Christopher Gates | Submission (armbar) | KOTC: Sanctioned | June 14, 2015 | 1 | 4:54 | San Jacinto, California, United States | Middleweight debut. | Professional boxing record [edit]| 2 fights | 1 win | 1 loss | |---|---|---| | By knockout | 0 | 1 | | By decision | 1 | 0 | | No. | Result | Record | Opponent | Type | Round, time | Date | Location | Notes | |---|---|---|---|---|---|---|---|---| | 2 | Loss | 1–1 | Lucius Johnson | KO | 1 (4), 2:50 | 19 Sep 2015 | Quiet Cannon, Montebello, California, US | | | 1 | Win | 1–0 | Jonathan Scoggins | UD | 4 | 8 Aug 2015 | Quiet Cannon, Montebello, California, US | See also [edit]References [edit]- ^ a b Thomas Gerbasi (April 7, 2021). ""Daniel Rodriguez Believes It's His Turn"". Ultimate Fighting Championship. - ^ Shakiel Mahjouri (July 28, 2020). ""Paintball, buggies and bars - Daniel Rodriguez felt like 'kid in a toy store' at BMF Ranch"". bloodyelbow.com. - ^ The Schmo (July 28, 2021). Daniel Rodriguez Unconventional Way to UFC – via YouTube. - ^ Connor Northrup (2 July 2021). ""Daniel Rodriguez calls Abubakar Nurmagomedov ""Not so great cousin"" of Khabib Nurmagomedov"". mymmanews.com. - ^ ""Daniel Rodriguez | UFC"". UFC.com. 28 January 2020. Retrieved September 11, 2022. - ^ a b Mike Heck (August 28, 2021). Daniel Rodriguez: MMA Helped Channel 'Aggression, Anger' After Tough Times - MMA Fighting – via YouTube. - ^ ""Daniel Rodriguez (""D-Rod"")"". tapology.com. Retrieved September 9, 2021. - ^ Sherdog.com. ""Daniel"". Sherdog. Retrieved 2020-08-23. - ^ Bitter, Shawn (2019-06-03). ""EXCLUSIVE: Daniel Rodriguez vs. Rico Farrington Set for Contender Series on July 30"". Cageside Press. Retrieved 2020-08-23. - ^ Martin, Damon (2019-07-30). ""Dana White's Contender Series results season 3, week 6: Flying knee KOs highlight latest episode"". MMA Fighting. Retrieved 2020-08-23. - ^ a b ""SMASH Global IX Recap And Results | | FightBook MMA - Your Source For All Combat Sports News"". 2019-12-23. Retrieved 2020-08-23. - ^ Bitter, Shawn (2020-02-12). ""Welcome to the UFC: Daniel Rodriguez"". Cageside Press. Retrieved 2020-08-23. - ^ Danny Segura (2020-01-27). ""Daniel Rodriguez replaces Ramazan Emeev, fights Tim Means at UFC on ESPN+ 25"". mmajunkie.com. Retrieved 2020-01-27. - ^ Anderson, Jay (2020-02-15). ""UFC Rio Rancho Results: Daniel Rodriguez Proves Pundits Wrong, Submits Tim Means"". Cageside Press. Retrieved 2020-02-17. - ^ a b Jose Youngs (2020-02-15). ""UFC Rio Rancho bonuses: Jim Miller earns seventh Fight of the Night for war against Scott Holtzman"". mmafighting.com. Retrieved 2020-02-15. - ^ Nolan King (2020-05-26). ""Kevin Holland injured, out of UFC on ESPN 9 bout vs. Daniel Rodriguez"". mmajunkie.usatoday.com. Retrieved 2020-05-26. - ^ ""Gabriel Green expected to replace Kevin Holland at UFC on ESPN 9, meet Daniel Rodriguez"". MMA Junkie. 2020-05-26. Retrieved 2020-05-27. - ^ Stocker, Adam (2020-06-30). ""UFC Vegas: Daniel Rodriguez out strikes Gabriel Green to earn decision"". Fansided. Retrieved 2020-08-17. - ^ Farah Hannoun and Nolan King (2020-07-22). ""Daniel Rodriguez vs. Takashi Sato joins UFC's Aug. 22 lineup"". mmajunkie.usatoday.com. Retrieved 2020-07-22. - ^ Staff (2020-08-21). ""With opponents out, Dwight Grant and Daniel Rodriguez now open UFC on ESPN 15 main card"". mmajunkie.usatoday.com. Retrieved 2020-08-21. - ^ Vreeland, Daniel (2020-08-22). ""UFC Vegas 7: Daniel Rodriguez Survives Scare, Finishes Dwight Grant"". Cageside Press. Retrieved 2020-08-23. - ^ Staff (2020-10-28). ""Bryan Barberena meets Daniel Rodriguez on November 14 in Las Vegas"". mmadna.nl. Retrieved 2020-10-28. (in Dutch) - ^ Staff (2020-11-07). ""Bryan Barberena undergoes emergency surgery, out of Nov. 14 UFC Fight Night bout"". mmajunkie.usatoday.com. Retrieved 2020-11-07. - ^ Staff (2020-11-12). ""With Orion Cosce out, Daniel Rodriguez steps in to face Nicolas Dalby at UFC 255"". mmajunkie.usatoday.com. Retrieved 2020-11-12. - ^ Evanoff, Josh (2020-11-21). ""UFC 255 Results: Nicolas Dalby Outpoints Daniel Rodriguez"". Cageside Press. Retrieved 2020-11-22. - ^ ""Nicolas Dalby def. Daniel Rodriguez :: UFC 255 :: MMA Decisions"". mmadecisions.com. Retrieved 2021-06-26. - ^ Kini, Abhinav (2021-02-16). ""Report: Mike Perry vs. Daniel Rodriguez Slated For UFC's April 10 Event"". LowKickMMA.com. Retrieved 2021-02-17. - ^ Doherty, Dan (2021-04-10). ""UFC Vegas 23 Results: Daniel Rodriguez Batters Mike Perry"". Cageside Press. Retrieved 2021-04-10. - ^ DNA, MMA (2021-05-21). ""Daniel Rodriguez vs. Abubakar Nurmagomedov toegevoegd aan UFC evenement op 17 juli"". MMA DNA. Retrieved 2021-05-21. - ^ ""Abubakar Nurmagomedov injured; Daniel Rodriguez needs new UFC on ESPN 26 opponent"". MMA Junkie. 2021-07-08. Retrieved 2021-07-09. - ^ DNA, MMA (2021-07-09). ""Daniel Rodriguez heeft een nieuwe tegenstander voor gevecht op 17 juli"". MMA DNA. Retrieved 2021-07-09. - ^ Bitter, Shawn (2021-07-17). ""UFC Vegas 31 Results: Daniel Rodriguez Stops Newcomer Preston Parsons"". Cageside Press. Retrieved 2021-07-18. - ^ Behunin, Alex (11 August 2021). ""Kevin Lee Gets New Opponent For August 28, Daniel Rodriguez"". Cageside Press. cagesidepress.com. Retrieved 11 August 2021. - ^ Doherty, Dan (2021-08-28). ""UFC Vegas 35 Results: Daniel Rodriguez Strikes Way to Decision Over Kevin Lee"". Cageside Press. Retrieved 2021-08-29. - ^ Anderson, Jay (2022-08-24). ""Kevin Holland Draws Daniel Rodriguez at UFC 279"". Cageside Press. Retrieved 2022-08-25. - ^ Lee, Alexander K. (2022-09-09). ""Nate Diaz vs. Tony Ferguson to now headline UFC 279, Khamzat Chimaev fights Kevin Holland in co-main event"". MMA Fighting. Retrieved 2022-09-09. - ^ Dewar, Val (2022-09-10). ""UFC 279: Daniel Rodriguez Wins Razor Thin Split Decision Over Li Jingliang"". Cageside Press. Retrieved 2022-09-11. - ^ ""Daniel Rodriguez def. Li Jingliang :: UFC 279 :: MMA Decisions"". mmadecisions.com. Retrieved 2022-12-12. - ^ Frank Bonada (2022-09-22). ""Daniel Rodriguez set for short notice turnaround fight against Neil Magny on Oct. 15"". lowkickmma.com. Retrieved 2022-09-22. - ^ ""Daniel Rodriguez injured, out of UFC Fight Night 212 matchup vs. Neil Magny"". MMA Junkie. 2022-10-06. Retrieved 2022-10-07. - ^ Mike Bohn (2022-10-07). ""After Daniel Rodriguez's injury withdrawal, bout with Neil Magny rescheduled for UFC's Nov. 5 event"". mmajunkie.usatoday.com. Retrieved 2022-10-07. - ^ Mike Bohn (2022-11-05). ""UFC Fight Night 214 video: Neil Magny submits Daniel Rodriguez, sets welterweight wins record"". mmajunkie.usatoday.com. Retrieved 2022-11-05. - ^ ATSteveDuncan (2023-01-11). ""Daniel Rodriguez vs. Gunnar Nelson agregado a UFC 286"". MMA.uno, #1 En noticias de Artes Marciales Mixtas (MMA) en Español. (in Spanish). Retrieved 2023-01-11. - ^ Tkaczuk, Michał (2023-02-22). ""Bryan Barberena wchodzi na zastępstwo, aby zawalczyć z Gunnarem Nelsonem na UFC 286 | MMAROCKS"". MMA Rocks! (in Polish). Retrieved 2023-02-24. - ^ Jay Pettry (2023-03-23). ""Daniel Rodriguez, Ian Garry collide at UFC Fight Night event on May 13"". Sherdog.com. Retrieved 2023-03-23. - ^ Martin, Damon (2023-05-13). ""UFC Charlotte video: Ian Garry unloads huge head kick leading to first-round knockout over Daniel Rodriguez"". MMA Fighting. Retrieved 2023-05-13. - ^ Curtis Calhoun (2023-07-27). ""Daniel Rodriguez vs. Santiago Ponzinibbio Added To UFC's Mexican Independence Day Card"". mmanews.com. Retrieved 2023-08-17. - ^ Staff (2023-08-17). ""Daniel Rodriguez announces positive drug test, out of Noche UFC fight with Santiago Ponzinibbio"". mmafighting.com. Retrieved 2023-08-17. - ^ Raimondi, Marc (2023-10-17). ""UFC women's bantamweight contender Mayra Bueno Silva suspended"". ESPN. Retrieved 2023-10-17. - ^ Martin, Damon (2024-03-28). ""Khamzat Chimaev vs. Robert Whittaker set as UFC Saudi Arabia main event, 4 more fights announced"". MMA Fighting. Retrieved 2024-03-28. - ^ ""Daniel Rodriguez agrees to 185 pounds after Kelvin Gastelum admits struggle to make 170 for UFC Saudi Arabia"". MMA Junkie. 2024-06-20. Retrieved 2024-06-20. - ^ Hester, Bryson (2024-06-22). ""UFC Saudi Arabia: Overweight Kelvin Gastelum Too Much for Daniel Rodriguez"". Cageside Press. Retrieved 2024-06-22. - ^ MMA Junkie Staff (2024-09-21). ""Are there UFC fights tonight? Here's the promotion's upcoming schedule after UFC 306 at Sphere"". mmajunkie.usatoday.com. Retrieved 2024-09-21. - ^ Brett Cagle (2024-10-12). ""UFC Vegas 98: Daniel Rodriguez Captures Split Decision Against Alex Morono"". cagesidepress.com. Retrieved 2024-10-12. - ^ Brian Mazique (2024-12-13). ""UFC Signs Potential Fight Of The Night For UFC Fight Night Des Moines"". forbes.com. Retrieved 2025-02-13. - ^ Eddie Law (2025-05-03). ""Daniel Rodriguez Lands Massive Left Hand, Puts Ponzinibbio Out"". cagesidepress.com. Retrieved 2025-05-03. - ^ Guilherme Cruz (2025-06-25). ""Kevin Holland gets 4th fight in 2025, returns at UFC 318"". mmafighting.com. Retrieved 2025-06-25. - ^ UFC Staff (2020-03-10). ""UFC Honors 2020 Fan's Choice Awards (have to copy data fast)"". ufc.com. Retrieved 2025-01-13. - ^ Thomas Gerbasi (December 22, 2020). ""The 10 Best Upsets Of 2020"". Ultimate Fighting Championship. - ^ Sherdog.com. ""Daniel Rodriguez"". Sherdog. Retrieved 2020-08-12. External links [edit]- 1986 births - Living people - American male mixed martial artists - American mixed martial artists of Mexican descent - Welterweight mixed martial artists - Mixed martial artists utilizing boxing - Mixed martial artists utilizing Brazilian jiu-jitsu - Mixed martial artists from California - Ultimate Fighting Championship male fighters - American male boxers - American boxers of Mexican descent - Boxers from California - American practitioners of Brazilian jiu-jitsu - Sportspeople from Alhambra, California",2020-07-26,https://en.wikipedia.org/wiki/Daniel_Rodriguez_(fighter)
"Kevin Holland gets 4th fight in 2025, returns at UFC 318","Kevin Holland is not taking any break from competition as he books his fourth fight in 2025 for July 19, taking on Daniel Rodriguez at UFC 318 in New Orleans. Multiple people close to the situation confirmed the news to MMA Fighting following a report from Kevin K. UFC 318 will take place at the Smoothie King Center in New Orleans, La., and features a five-round BMF title bout between Max Holloway and Dustin Poirier in the main event. Holland’s seven-week turnaround gives him the chance to extend his UFC winning streak to three for the first time since 2020, when he won five straight in a calendar year. “Trailblazer”, 28-13 with 1 no contest as a professional, stopped Vicente Luque three months after a decision victory over Gunnar Nelson, pocketing bonuses for both performances and rebounding from middleweight losses to Roman Dolidze and Reinier de Ridder. Rodriguez (19-5) folded Santiago Ponzinibbio via third-round knockout this past May, boosting his UFC record to 9-4 after a previous decision victory over Alex Morono. The 38-year-old now get a chance to go 3-0 after a skid against Neil Magny, Ian Machado Garry and Kelvin Gastelum slowed his momentum in 2024. Mike Heck contributed to this report. Loading comments...",2025-06-25,https://www.mmafighting.com/2025/6/25/24455759/kevin-holland-4th-fight-2025-daniel-rodriguez-ufc-318
Daniel Rodriguez vs Kevin Holland - 07/19/25 - DRatings.com,"Daniel Rodriguez Kevin Holland Last 5 Fights Money Line Analysis Implied Margin Using the best lines from multiple sportsbooks, this would be the % take from the consensus sportsbook if bets were even on each side. More on Implied MarginImplied Margin Using the best lines from multiple sportsbooks, this would be the % take from the consensus sportsbook if bets were even on each side. More on Implied Margin| Open Line | Heritage | Bovada | BetOnline | YouWager | SportsBetting | Best Line | No-Vig OddsUsing a market maker sportsbook, this is what the line would be if there was no vigorish (sportsbook fee) in the price. More on No-Vig Odds | | |---|---|---|---|---|---|---|---|---| | Daniel Rodriguez | +286 | +390 | +400 | +400 | +400 | +400 | +400 | +423.1 | | Kevin Holland | -351 | -540 | -575 | -550 | -550 | -550 | -540 | -423.1 | | Open Line | South Point | Circa | Wynn | Stations | Westgate | Best Line | No-Vig OddsUsing a market maker sportsbook, this is what the line would be if there was no vigorish (sportsbook fee) in the price. More on No-Vig Odds | | |---|---|---|---|---|---|---|---|---| | Daniel Rodriguez | +310 | - | +410 | +400 | +400 | +425 | +425 | +423.1 | | Kevin Holland | -370 | - | -525 | -500 | -500 | -550 | -500 | -423.1 | Overall Base Rating Our analytical projection of the match in relation to the implied probability to win from the sportsbooks. More on Base Rating Base Rating Our analytical projection of the match in relation to the implied probability to win from the sportsbooks. More on Base RatingBet Trends Doing an analysis on the betting data, we project which team has which team has an edge. More on Bet Trends Bet Trends Doing an analysis on the betting data, we project which team has which team has an edge. More on Bet TrendsLatest ML Steam Move A quick and uniform line move across every sportsbook. Usually caused by an injury or deep-pocketed sharp bettor. More on Steam Move Steam Move A quick and uniform line move across every sportsbook. Usually caused by an injury or deep-pocketed sharp bettor. More on Steam MoveOverall Base Rating Our analytical projection of the match in relation to the implied probability to win from the sportsbooks. More on Base Rating Base Rating Our analytical projection of the match in relation to the implied probability to win from the sportsbooks. More on Base RatingBet Trends Doing an analysis on the betting data, we project which team has which team has an edge. More on Bet Trends Bet Trends Doing an analysis on the betting data, we project which team has which team has an edge. More on Bet TrendsLatest ML Steam Move A quick and uniform line move across every sportsbook. Usually caused by an injury or deep-pocketed sharp bettor. More on Steam Move Steam Move A quick and uniform line move across every sportsbook. Usually caused by an injury or deep-pocketed sharp bettor. More on Steam Move",2025-04-05,https://www.dratings.com/predictor/ufc-mma-predictions/7bd5ed15-ccb2-5d40-8006-35261ffac07b
UFC 318: Kevin Holland vs. Daniel Rodriguez Prediction,"UFC 318: Kevin Holland vs. Daniel Rodriguez Prediction for Tomorrow, 07/19/25 UFC 318: Kevin Holland vs. Daniel Rodriguez Pickswise Expert Predictions The third fight on the Main Card at UFC 318 will see Kevin Holland take on Daniel Rodriguez. This will be a fight in the UFC Welterweight division. Holland enters this fight with an MMA record of 28-13 and 16-10 in the UFC. He averages 4.24 significant strikes per minute and has a striking accuracy of 50%. Holland absorbs 3.11 strikes and has a striking defense of 50%. His grappling is decent, averaging 0.81 takedowns every 15 minutes. Holland has a takedown accuracy of 39% and a takedown of 55%. Rodriguez enters this fight with an MMA record of 19-5 and 10-4 in the UFC. He averages 7.39 significant strikes per minute and has a striking accuracy of 48%. Rodriguez absorbs 5.39 strikes and has a striking defense of 57%. He also has decent grappling, averaging 0.55 takedowns every 15 minutes. His takedown accuracy is 54%, and his takedown defense is 63%. Holland is the significant favorite in this fight, so we will be targeting for the fight to end inside the distance. Rodriguez has seen 3 of his last 5 UFC fights end inside the distance, while Holland has seen 4 of his last 5 UFC fights do the same. Based on the high finish rate for both fighters, backing this fight to end inside the distance will be our lean. UFC Analysis See All UFC NewsUFC 318 Predictions, Picks & Betting Odds ft. Max Holloway vs. Dustin Poirier: Holloway and Poirier Becomes a Brawl UFC 318 takes place on Saturday at the Smoothie King Center in New Orleans, Louisiana. It features a UFC Lightweight fight between Max Holloway and Dustin Poirier as the Main Event. Here are our U...",2025-07-16,https://www.pickswise.com/ufc/predictions/ufc-318-kevin-holland-vs-daniel-rodriguez-predictions-picks/
UFC 318: 3-fight parlay at +183 odds | Pickswise,"UFC 318 takes place on Saturday at the Smoothie King Center in New Orleans, Louisiana. It features a UFC Lightweight fight between Max Holloway and Dustin Poirier as the Main Event. Here are my favorite UFC parlay picks for this card. Also, be sure to check out the rest of our UFC predictions for all of the Main Card fights. Roman Kopylov ML over Paulo Costa (-238) Kevin Holland vs. Daniel Rodriguez – Fight to go the Distance – No (-235) Michael Johnson vs. Daniel Zellhuber – Over 1.5 Total Rounds (-250) Roman Kopylov ML over Paulo Costa (-238) The Co-Main Event at UFC 318 will see Paulo Costa take on Roman Kopylov in the UFC Middleweight division. Kopylov enters this fight with an MMA record of 14-3 and 6-3 in the UFC. He is averaging 4.96 significant strikes per minute and has a striking accuracy of 50%. Kopylov absorbs 4.86 strikes and has a striking defense of 55%. His grappling is decent as well, averaging 1.17 takedowns every 15 minutes. He has a takedown accuracy of 42% and a takedown defense of 87%. Kopylov is the heavy favorite in this fight, but still looks to be the best betting option. Costa has been inconsistent recently, going 1-4 in his last 5 UFC fights, while Kopylov is 4-1 over the same stretch. Based on this, backing Kopylov to remain in good form and win will be our lean. You can also read our expert’s UFC 318 best bets for Saturday night Kevin Holland vs Daniel Rodriguez – Fight to go the Distance – No (-235) The third fight on the Main Card at UFC 318 will see Kevin Holland take on Daniel Rodriguez in the UFC Welterweight division. Holland enters this fight with an MMA record of 28-13 and 16-10 in the UFC. As for Rodriguez, he enters this fight with an MMA record of 19-5 and 10-4 in the UFC. Holland is the significant favorite in this fight, so we will be targeting for the fight to end inside the distance. Rodriguez has seen 3 of his last 5 UFC fights end inside the distance, while Holland has seen 4 of his last 5 UFC fights do the same. Based on the high finish rate for both fighters, backing this fight to end inside the distance will be our lean. Don’t miss our UFC picks for every main card fight at UFC 318 Michael Johnson vs Daniel Zellhuber – Over 1.5 Total Rounds (-250) The first fight on the Main Card at UFC 318 will see Michael Johnson take on Daniel Zellhuber in the UFC Lightweight division. Johnson enters this fight with an MMA record of 24-19 and 15-15 in the UFC. As for Zellhuber, he enters this fight with an MMA record of 15-2 and 4-2 in the UFC. Zellhuber is the clear favorite in this fight, so we will instead be targeting over 1.5 rounds. Zellhuber has seen all 6 of his UFC fights go over 1.5 total rounds, while Johnson has seen 4 of his last 6 UFC fights do the same. Based on the fact that both fighters have seen several of their recent fights go multiple rounds, backing over 1.5 total rounds will be our lean.",2025-07-16,https://www.pickswise.com/news/ufc-318-parlay-at-183-odds-featuring-roman-kopylov-vs-paulo-costa-and-michael-johnson-vs-daniel-zellhuber/
Kevin Holland vs. Daniel Rodriguez,"D-Rod win his last fight and he did it with his hands. He is also historically a pretty solid striker. But he doesn't win here. Kevin is faster, cleaner and more powerful. He is also not 40. This is welterweight Kevin Holland who shows up prepared. Kevin is the pick and I imagine these odds widen as the fight gets closer. Kevin Holland Kevin Holland is an accurate and powerful striker who has struggled and continues to struggle with takedown defense but has very solid grapling when he is taken down. Other than the wrestling defense, Kevin is a problem for a lot of people. He's a sniper on his feet with great accuracy and range. He can also grapple really well and be a compedetive on the ground with his length. He is coming off the the finish win over Vicente Luque just 1 month ago. Daniel Rodriguez Daniel Rodriguez is a very good boxer who picks his shots well. He has good takedown defense but not much to offer in the grappling department. His boxing is crisp and when he isn't worried about the takedowns his hands are deadly and he hits a rhythm, when he is worried about the takedowns he can fade later in the fight. He is coming off the rally KO win over Santiago Ponzinnibbio",2025-07-02,https://wewantpicks.com/kevin-holland-vs-daniel-rodriguez/
Kevin Holland vs Daniel Rodriguez Betting Prediction UFC 318 July 19,"Kevin Holland vs Daniel Rodriguez Betting Prediction UFC 318 July 19 Kevin Holland vs Daniel Rodriguez Betting Prediction UFC 318 | July 19|. Place a UFC 318 bet on this mixed martial arts event at YouWager.lv. Kevin Holland vs Daniel Rodriguez Betting Prediction Now we have the Kevin Holland vs Daniel Rodriguez Betting Prediction for both teams. At UFC 318, which will take place on Saturday, July 19, 2025, Kevin Holland will compete against Daniel Rodriguez inside the Octagon. When compared against Rodriguez, Holland is set at -442 on the moneyline, while Rodriguez is priced at +351. Adding a victory to his career record of 28-13-0 (1 NC) is something that Kevin “Trailblazer” Holland will be hoping to do. The orthodox fighter, who is 32 years old and measures 6 feet 3 inches tall, has a wingspan of 81 inches. His weight is recorded as 170 pounds. His name is Daniel “D-Rod” Rodriguez comes in at 6’1 “and steps on the scale at 170 lbs. The southpaw fighter walks into the Octagon with a record of 19-5-0. The 38-year-old reaches 74” . Kevin Holland lands 4.24 significant strikes per minute, whereas Daniel Rodriguez connects on 7.39 important strikes per minute. Both of these figures involve significant strikes. He is connecting on fifty percent of the important strikes that he attempts, whereas Rodriguez is connecting on forty-eight percent of them. When it comes to defending in the Octagon, “Trailblazer” permits 3.11 significant strikes per minute, whereas “D-Rod” demands 5.39 significant strikes per minute. Rodriguez is able to block 57% of the strikes that are fired in his way, whereas Holland is able to block 50% of the significant strikes that his opponents attempt to throw at him. When it comes to grappling, Kevin Holland is averaging more takedowns in the cage than his opponents are, as he is able to get his opponents to the canvas 0.81 times every 15 minutes. With 39% of his attempts, Holland is successful in achieving a takedown, and he is successful in stuffing 55% of the takedowns that his opponents attempt. Rodriguez has been successful in finishing his takedowns on 54% of the takedowns he attempts, while he has been successful in stuffing 63% of all takedowns that his opponents have attempted. Holland is the more proficient of the two combatants when it comes to going for the sub, since he attempts to finish 0.6 rounds every three rounds, whereas Rodriguez aims to finish 0.1 rounds every 15 minutes. Kevin Holland defeated Vicente Luque in his previous fight by submitting him with an anaconda choke in the second round. This victory allowed him to take home the title. During the competition, Luque ended up nailing 24 of the total 46 strikes that he allowed himself to throw. Due to the fact that Holland landed 44 of a total of 78 strikes, he was able to survive this fight. As far as the significant strikes category is concerned, Luque landed 24 out of 46, which gives him a proportion of 52%. Only 14 of the 32 strong blows that were directed at the head were successful. By sticking 40 of 74, Holland was able to land 54% of his major strikes, which was a significant accomplishment. Twenty-five of the sixty-eight significant blows that he delivered were targeted at the head. One hundred percent of the significant strikes that Luque landed and sixty-five percent of those that Holland connected on were recorded at a longer distance. In the final bout that Daniel Rodriguez competed in, he faced off against Santiago Ponzinibbio and ultimately prevailed by way of a punch to the head in the third round. The final result was that Ponzinibbio was successful in connecting on all of his big strikes at a distance, while Rodriguez was successful in connecting on 96% of his significant strikes at a distance. Rodriguez ended up landing 66 of 166 significant strikes he attempted, which is 39% of the total number of strikes he attempted. The head was the target of 39 of the 131 important strikes that he delivered. It was ultimately determined that Ponzinibbio connected on 49 of 111 major strikes throughout that battle. When considering the substantial striking accuracy, he was successful in hitting 31 of 83 shots that were directed at the head. Regarding the overall number of strikes that were tried during that competition, Ponzinibbio was successful in landing 50 of 115, whereas Rodriguez was successful in landing 70 of 170 of all the strikes that he threw. Another fight that you are going to want to watch is the one that takes place between Dan Ige and Patricio Freire. Ige is now 19-9-0, and he will be trying to add another victory to his record. Currently, the 33-year-old boxer weighs 145 pounds and stands at 5 feet 7 inches tall. The orthodox fighter has a height of 71 inches. Freire stands in at 5’6 “and steps on the scale at 145 lbs. The orthodox fighter looks to add a victory to his total of 36-8-0. The 38-year-old extends his reach 67” . When it comes to takedowns, Patricio Freire is able to bring his opponents to the canvas 0.69 times per three rounds, whereas Dan Ige is able to put his opponents down 0.94 times every fifteen minutes. When it comes to striking, Ige is connecting on 3.67 strikes per minute and he is successful in hitting on 45% of all the strikes that he attempts. On the opposite side of the cage is Patricio Freire, who is successful in landing forty percent of the blows he attempts and connects at a rate of two and forty-five dollars each minute. A fight between Daniel Zellhuber and Michael Johnson is scheduled to take place in the evening, and it is another bout that you absolutely cannot miss. Johnson comes into the Octagon with a record of 24-19-0 from the previous season. This southpaw fighter, who is 39 years old and weighs 155 pounds, stands 5 feet 10 inches tall and possesses an arm spread of 73 inches or more. Zellhuber stands in at 6’1 “and records a weight of 155 lbs. The switch fighter walks into the cage with a record of 15-2-0. The 26-year-old has a wingspan of 77” . Michael Johnson is able to successfully complete his takedown attempts forty percent of the time, and he is able to resist eighty-one percent of the takedown attempts that his opponents make against him in wrestling. Zellhuber is able to successfully defend against 94% of all takedown attempts and is able to finish his takedowns on 25% of the efforts that he endeavors to complete. When it comes to striking, Johnson is taking in 3.80 strikes per minute while simultaneously dishing out 4.23 strikes per minute when it comes to striking. In contrast, Zellhuber is able to take 6.02 strikes per minute while simultaneously dealing 6.26 strikes per minute. Visit the Betting School and learn how to wager on the moneyline, spread, and total; on your favorite team or an undervalued underdog. Sign up with YouWager.lv now and get in the game with the best welcome bonus, click below:",2025-07-16,https://blog.youwager.lv/2025/07/16/kevin-holland-vs-daniel-rodriguez-betting-prediction-ufc-318-july-19/
Daniel Rodriguez (fighter) - Wikipedia,"Daniel Rodriguez (fighter) | Daniel Rodriguez | | |---|---| | Born | Alhambra, California, U.S. | December 31, 1986 | Other names | D-Rod | | Height | 6 ft 0 in (183 cm) | | Weight | 170 lb (77 kg; 12 st 2 lb) | | Division | Middleweight Welterweight (current) Lightweight | | Reach | 74 in (188 cm) | | Stance | Southpaw | | Fighting out of | Alhambra, California, U.S. | | Team | TapouT LA (formerly)[1] The Yard Muay Thai[1] BMF Ranch (2019–present)[2][3] Syndicate MMA (2021–present)[4] | | Rank | Purple belt in Brazilian Jiu-Jitsu under Eddie Bravo[5] | | Years active | 2015–present | | Professional boxing record | | | Total | 2 | | Wins | 1 | | Losses | 1 | | By knockout | 1 | | Mixed martial arts record | | | Total | 24 | | Wins | 19 | | By knockout | 9 | | By submission | 4 | | By decision | 6 | | Losses | 5 | | By knockout | 1 | | By submission | 1 | | By decision | 3 | | Other information | | | Boxing record from BoxRec | | | Mixed martial arts record from Sherdog | Daniel Rodriguez (born December 31, 1986) is an American mixed martial artist who currently competes in the Welterweight division of the Ultimate Fighting Championship. A professional since 2015, Rodriguez has also competed in Bellator, King of the Cage, and Combate Americas. Background [edit]According to Rodriguez, he grew up in Los Angeles in a gang affiliated family, alternating between the hood and jail system while continuously getting into fights in both.[6] Without any sports background, Rodriguez began training boxing and eventually mixed martial arts in his mid-twenties.[6] Mixed martial arts career [edit]Early career [edit]Rodriguez compiled a 7–0 amateur record as a Welterweight from late 2013 to 2015.[7] Rodriguez later began his professional career in 2015, competing mainly in Combate Americas, with a one off fight at Bellator 170. Eventually racking up an 8–1 record,[8] he competed on Dana White's Contender Series 22,[9] however he did not earn a UFC contract through his unanimous decision win against Rico Farrington.[10] Afterwards, he won the Smash Global Welterweight Championship,[11] before he was given a UFC contract.[12] Ultimate Fighting Championship [edit]Rodriguez made his promotional debut on February 15, 2020 at UFC Fight Night 167 as a late replacement for Ramazan Emeev against Tim Means.[13] Rodriguez won the fight via submission in the second round.[14] This win earned him the Performance of the Night award.[15] Rodriguez was expected to face Kevin Holland on May 30, 2020 at UFC Fight Night: Woodley vs. Burns. However, on May 26, Holland was forced to withdraw from his scheduled bout with Daniel Rodriguez due to an injury[16] and he was replaced by promotional newcomer Gabriel Green.[17] Rodriguez won the fight via unanimous decision.[18] Rodriguez was expected to face Takashi Sato on August 22, 2020, at UFC on ESPN 15.[19] Despite making the required weight, Sato was not cleared to fight by Nevada State Athletic Commission medical personnel and he was replaced by Dwight Grant whose opponent, Calen Born, was pulled from the same event for undisclosed reason.[20] After being knocked down in the beginning of the fight, Rodriguez knocked Grant down multiple times en route to a first-round knockout win.[21] Rodriguez was expected to face Bryan Barberena on November 14, 2020 at UFC Fight Night 183.[22] However, Barberena underwent an emergency laparotomy a week before the event, resulting in the fight being cancelled.[23] Rodriguez instead faced Nicolas Dalby, replacing Orion Cosce, on November 21, 2020 at UFC 255.[24] He lost the close fight via unanimous decision.[25] 9 out of 20 media outlets scored the fight for Rodriguez.[26] Rodriguez faced Mike Perry on April 10, 2021 at UFC on ABC 2.[27] He won the bout via unanimous decision.[28] Rodriguez was scheduled to face Abubakar Nurmagomedov on July 17, 2021 at UFC on ESPN 26.[29] However, Nurmagomedov was forced to withdraw from the event, citing injury.[30] He was replaced by promotional newcomer Preston Parsons.[31] Rodriguez won the fight via technical knockout in round one.[32] Rodriguez faced Kevin Lee on August 28, 2021, at UFC on ESPN: Barboza vs. Chikadze.[33] He won the fight via unanimous decision.[34] Rodriguez was scheduled to face Kevin Holland on September 10, 2022, at UFC 279 in a 180-pound catchweight bout.[35] However, the day of the weigh-ins, Khamzat Chimaev missed weight for his welterweight main event bout with Nate Diaz by seven-and-a-half pounds. As a result, the UFC was forced to change the card around. Rodriguez instead faced Li Jingliang, who was originally scheduled to face Tony Ferguson in the co-main event in a welterweight bout. Rodriguez's bout with Jingliang remained at a 180-pound catchweight.[36] He won the back-and-forth fight via split decision.[37] 21 out of 23 media scores gave it to Jingliang.[38] Rodriguez was scheduled to face Neil Magny on October 15, 2022 at UFC Fight Night 212.[39] However, Rodriguez withdrew from the bout due to elbow infection.[40] The bout was rescheduled for UFC Fight Night 214 on November 5.[41] He lost the fight via D'Arce choke submission in the third round.[42] Rodriguez was scheduled to face Gunnar Nelson on March 18, 2023, at UFC 286.[43] However, Rodriguez withdrew from the event for undisclosed reasons and he was replaced by Bryan Barberena.[44] Rodriguez faced Ian Garry on May 13, 2023, at UFC on ABC 4.[45] He lost the bout via technical knockout in the first round.[46] Rodriguez was scheduled to face Santiago Ponzinibbio on September 16, 2023, at UFC Fight Night 227.[47] However, Rodriguez was pulled from the bout by USADA after testing positive for the banned substance ostarine.[48] He was given a 6-month suspension and will be eligible to fight again on January 28, 2024.[49] Rodriguez faced Kelvin Gastelum on June 22, 2024, at UFC on ABC 6.[50] The bout was changed to a middleweight bout due to Gastelum having issues cutting weight.[51] He lost the fight by unanimous decision.[52] Rodriguez faced Alex Morono on October 12, 2024 at UFC Fight Night 244.[53] He won the fight by split decision.[54] Rodriguez faced Santiago Ponzinibbio on May 3, 2025 at UFC on ESPN 67.[55] He won the fight by technical knockout in the third round.[56] Rodriguez is scheduled to face Kevin Holland on July 19, 2025 at UFC 318.[57] Championships and accomplishments [edit]Mixed martial arts [edit]- SMASH Global - SMASH Global Welterweight Championship (One time)[11] - Ultimate Fighting Championship - Performance of the Night (One time) vs. Tim Means[15] - UFC Honors Awards - UFC.com Awards - 2020: Ranked #7 Upset of the Year vs. Tim Means[59] Mixed martial arts record [edit]| 24 matches | 19 wins | 5 losses | | By knockout | 9 | 1 | | By submission | 4 | 1 | | By decision | 6 | 3 | | Res. | Record | Opponent | Method | Event | Date | Round | Time | Location | Notes | |---|---|---|---|---|---|---|---|---|---| | Win | 19–5 | Santiago Ponzinibbio | TKO (punches) | UFC on ESPN: Sandhagen vs. Figueiredo | May 3, 2025 | 3 | 1:12 | Des Moines, Iowa, United States | | | Win | 18–5 | Alex Morono | Decision (split) | UFC Fight Night: Royval vs. Taira | October 12, 2024 | 3 | 5:00 | Las Vegas, Nevada, United States | | | Loss | 17–5 | Kelvin Gastelum | Decision (unanimous) | UFC on ABC: Whittaker vs. Aliskerov | June 22, 2024 | 3 | 5:00 | Riyadh, Saudi Arabia | Middleweight bout. | | Loss | 17–4 | Ian Machado Garry | TKO (head kick and punches) | UFC on ABC: Rozenstruik vs. Almeida | May 13, 2023 | 1 | 2:57 | Charlotte, North Carolina, United States | | | Loss | 17–3 | Neil Magny | Submission (brabo choke) | UFC Fight Night: Rodriguez vs. Lemos | November 5, 2022 | 3 | 3:33 | Las Vegas, Nevada, United States | | | Win | 17–2 | Li Jingliang | Decision (split) | UFC 279 | September 10, 2022 | 3 | 5:00 | Las Vegas, Nevada, United States | Catchweight (180 lb) bout. | | Win | 16–2 | Kevin Lee | Decision (unanimous) | UFC on ESPN: Barboza vs. Chikadze | August 28, 2021 | 3 | 5:00 | Las Vegas, Nevada, United States | | | Win | 15–2 | Preston Parsons | TKO (punches) | UFC on ESPN: Makhachev vs. Moisés | July 17, 2021 | 1 | 3:47 | Las Vegas, Nevada, United States | | | Win | 14–2 | Mike Perry | Decision (unanimous) | UFC on ABC: Vettori vs. Holland | April 10, 2021 | 3 | 5:00 | Las Vegas, Nevada, United States | | | Loss | 13–2 | Nicolas Dalby | Decision (unanimous) | UFC 255 | November 21, 2020 | 3 | 5:00 | Las Vegas, Nevada, United States | | | Win | 13–1 | Dwight Grant | KO (punches) | UFC on ESPN: Munhoz vs. Edgar | August 22, 2020 | 1 | 2:24 | Las Vegas, Nevada, United States | | | Win | 12–1 | Gabriel Green | Decision (unanimous) | UFC on ESPN: Woodley vs. Burns | May 30, 2020 | 3 | 5:00 | Las Vegas, Nevada, United States | | | Win | 11–1 | Tim Means | Submission (guillotine choke) | UFC Fight Night: Anderson vs. Błachowicz 2 | February 15, 2020 | 2 | 3:37 | Rio Rancho, New Mexico, United States | Performance of the Night. | | Win | 10–1 | Quinton McCottrell | TKO (punches) | SMASH Global 9 | December 19, 2019 | 2 | 1:48 | Hollywood, California, United States | Won the SMASH Global Welterweight Championship. | | Win | 9–1 | Rico Farrington | Decision (unanimous) | Dana White's Contender Series 22 | July 30, 2019 | 3 | 5:00 | Las Vegas, Nevada, United States | Return to Welterweight. | | Win | 8–1 | Ivan Castillo | KO (knee) | Combate 31 | February 22, 2019 | 2 | 2:31 | Fresno, California, United States | Catchweight (165 lb) bout. | | Win | 7–1 | Ozzie Alvarez | TKO (punches) | Combate 25 | September 28, 2018 | 3 | 2:41 | Long Beach, California, United States | Catchweight (165 lb) bout. | | Win | 6–1 | Alex Velasco | Submission (rear-naked choke) | Combate 23 | May 18, 2018 | 3 | 2:41 | Tijuana, Mexico | Lightweight debut. | | Win | 5–1 | Justin Baesman | TKO (punches) | California Xtreme Fighting 11 | February 17, 2018 | 2 | 1:17 | Studio City, California, United States | | | Loss | 4–1 | Victor Reyna | Decision (split) | Combate 19 | December 1, 2017 | 3 | 5:00 | San Antonio, Texas, United States | | | Win | 4–0 | Joel Champion | TKO (punches) | Combate 13 | April 20, 2017 | 1 | 1:55 | Tucson, Arizona, United States | | | Win | 3–0 | Christian Gonzalez | TKO (punches) | Bellator 170 | January 21, 2017 | 2 | 3:55 | Inglewood, California, United States | Catchweight (182 lb) bout. | | Win | 2–0 | Hector Saldaña | Submission (arm-triangle choke) | Combate 8 | August 11, 2016 | 1 | 3:45 | Los Angeles, California, United States | Welterweight debut. | | Win | 1–0 | Christopher Gates | Submission (armbar) | KOTC: Sanctioned | June 14, 2015 | 1 | 4:54 | San Jacinto, California, United States | Middleweight debut. | Professional boxing record [edit]| 2 fights | 1 win | 1 loss | |---|---|---| | By knockout | 0 | 1 | | By decision | 1 | 0 | | No. | Result | Record | Opponent | Type | Round, time | Date | Location | Notes | |---|---|---|---|---|---|---|---|---| | 2 | Loss | 1–1 | Lucius Johnson | KO | 1 (4), 2:50 | 19 Sep 2015 | Quiet Cannon, Montebello, California, US | | | 1 | Win | 1–0 | Jonathan Scoggins | UD | 4 | 8 Aug 2015 | Quiet Cannon, Montebello, California, US | See also [edit]References [edit]- ^ a b Thomas Gerbasi (April 7, 2021). ""Daniel Rodriguez Believes It's His Turn"". Ultimate Fighting Championship. - ^ Shakiel Mahjouri (July 28, 2020). ""Paintball, buggies and bars - Daniel Rodriguez felt like 'kid in a toy store' at BMF Ranch"". bloodyelbow.com. - ^ The Schmo (July 28, 2021). Daniel Rodriguez Unconventional Way to UFC – via YouTube. - ^ Connor Northrup (2 July 2021). ""Daniel Rodriguez calls Abubakar Nurmagomedov ""Not so great cousin"" of Khabib Nurmagomedov"". mymmanews.com. - ^ ""Daniel Rodriguez | UFC"". UFC.com. 28 January 2020. Retrieved September 11, 2022. - ^ a b Mike Heck (August 28, 2021). Daniel Rodriguez: MMA Helped Channel 'Aggression, Anger' After Tough Times - MMA Fighting – via YouTube. - ^ ""Daniel Rodriguez (""D-Rod"")"". tapology.com. Retrieved September 9, 2021. - ^ Sherdog.com. ""Daniel"". Sherdog. Retrieved 2020-08-23. - ^ Bitter, Shawn (2019-06-03). ""EXCLUSIVE: Daniel Rodriguez vs. Rico Farrington Set for Contender Series on July 30"". Cageside Press. Retrieved 2020-08-23. - ^ Martin, Damon (2019-07-30). ""Dana White's Contender Series results season 3, week 6: Flying knee KOs highlight latest episode"". MMA Fighting. Retrieved 2020-08-23. - ^ a b ""SMASH Global IX Recap And Results | | FightBook MMA - Your Source For All Combat Sports News"". 2019-12-23. Retrieved 2020-08-23. - ^ Bitter, Shawn (2020-02-12). ""Welcome to the UFC: Daniel Rodriguez"". Cageside Press. Retrieved 2020-08-23. - ^ Danny Segura (2020-01-27). ""Daniel Rodriguez replaces Ramazan Emeev, fights Tim Means at UFC on ESPN+ 25"". mmajunkie.com. Retrieved 2020-01-27. - ^ Anderson, Jay (2020-02-15). ""UFC Rio Rancho Results: Daniel Rodriguez Proves Pundits Wrong, Submits Tim Means"". Cageside Press. Retrieved 2020-02-17. - ^ a b Jose Youngs (2020-02-15). ""UFC Rio Rancho bonuses: Jim Miller earns seventh Fight of the Night for war against Scott Holtzman"". mmafighting.com. Retrieved 2020-02-15. - ^ Nolan King (2020-05-26). ""Kevin Holland injured, out of UFC on ESPN 9 bout vs. Daniel Rodriguez"". mmajunkie.usatoday.com. Retrieved 2020-05-26. - ^ ""Gabriel Green expected to replace Kevin Holland at UFC on ESPN 9, meet Daniel Rodriguez"". MMA Junkie. 2020-05-26. Retrieved 2020-05-27. - ^ Stocker, Adam (2020-06-30). ""UFC Vegas: Daniel Rodriguez out strikes Gabriel Green to earn decision"". Fansided. Retrieved 2020-08-17. - ^ Farah Hannoun and Nolan King (2020-07-22). ""Daniel Rodriguez vs. Takashi Sato joins UFC's Aug. 22 lineup"". mmajunkie.usatoday.com. Retrieved 2020-07-22. - ^ Staff (2020-08-21). ""With opponents out, Dwight Grant and Daniel Rodriguez now open UFC on ESPN 15 main card"". mmajunkie.usatoday.com. Retrieved 2020-08-21. - ^ Vreeland, Daniel (2020-08-22). ""UFC Vegas 7: Daniel Rodriguez Survives Scare, Finishes Dwight Grant"". Cageside Press. Retrieved 2020-08-23. - ^ Staff (2020-10-28). ""Bryan Barberena meets Daniel Rodriguez on November 14 in Las Vegas"". mmadna.nl. Retrieved 2020-10-28. (in Dutch) - ^ Staff (2020-11-07). ""Bryan Barberena undergoes emergency surgery, out of Nov. 14 UFC Fight Night bout"". mmajunkie.usatoday.com. Retrieved 2020-11-07. - ^ Staff (2020-11-12). ""With Orion Cosce out, Daniel Rodriguez steps in to face Nicolas Dalby at UFC 255"". mmajunkie.usatoday.com. Retrieved 2020-11-12. - ^ Evanoff, Josh (2020-11-21). ""UFC 255 Results: Nicolas Dalby Outpoints Daniel Rodriguez"". Cageside Press. Retrieved 2020-11-22. - ^ ""Nicolas Dalby def. Daniel Rodriguez :: UFC 255 :: MMA Decisions"". mmadecisions.com. Retrieved 2021-06-26. - ^ Kini, Abhinav (2021-02-16). ""Report: Mike Perry vs. Daniel Rodriguez Slated For UFC's April 10 Event"". LowKickMMA.com. Retrieved 2021-02-17. - ^ Doherty, Dan (2021-04-10). ""UFC Vegas 23 Results: Daniel Rodriguez Batters Mike Perry"". Cageside Press. Retrieved 2021-04-10. - ^ DNA, MMA (2021-05-21). ""Daniel Rodriguez vs. Abubakar Nurmagomedov toegevoegd aan UFC evenement op 17 juli"". MMA DNA. Retrieved 2021-05-21. - ^ ""Abubakar Nurmagomedov injured; Daniel Rodriguez needs new UFC on ESPN 26 opponent"". MMA Junkie. 2021-07-08. Retrieved 2021-07-09. - ^ DNA, MMA (2021-07-09). ""Daniel Rodriguez heeft een nieuwe tegenstander voor gevecht op 17 juli"". MMA DNA. Retrieved 2021-07-09. - ^ Bitter, Shawn (2021-07-17). ""UFC Vegas 31 Results: Daniel Rodriguez Stops Newcomer Preston Parsons"". Cageside Press. Retrieved 2021-07-18. - ^ Behunin, Alex (11 August 2021). ""Kevin Lee Gets New Opponent For August 28, Daniel Rodriguez"". Cageside Press. cagesidepress.com. Retrieved 11 August 2021. - ^ Doherty, Dan (2021-08-28). ""UFC Vegas 35 Results: Daniel Rodriguez Strikes Way to Decision Over Kevin Lee"". Cageside Press. Retrieved 2021-08-29. - ^ Anderson, Jay (2022-08-24). ""Kevin Holland Draws Daniel Rodriguez at UFC 279"". Cageside Press. Retrieved 2022-08-25. - ^ Lee, Alexander K. (2022-09-09). ""Nate Diaz vs. Tony Ferguson to now headline UFC 279, Khamzat Chimaev fights Kevin Holland in co-main event"". MMA Fighting. Retrieved 2022-09-09. - ^ Dewar, Val (2022-09-10). ""UFC 279: Daniel Rodriguez Wins Razor Thin Split Decision Over Li Jingliang"". Cageside Press. Retrieved 2022-09-11. - ^ ""Daniel Rodriguez def. Li Jingliang :: UFC 279 :: MMA Decisions"". mmadecisions.com. Retrieved 2022-12-12. - ^ Frank Bonada (2022-09-22). ""Daniel Rodriguez set for short notice turnaround fight against Neil Magny on Oct. 15"". lowkickmma.com. Retrieved 2022-09-22. - ^ ""Daniel Rodriguez injured, out of UFC Fight Night 212 matchup vs. Neil Magny"". MMA Junkie. 2022-10-06. Retrieved 2022-10-07. - ^ Mike Bohn (2022-10-07). ""After Daniel Rodriguez's injury withdrawal, bout with Neil Magny rescheduled for UFC's Nov. 5 event"". mmajunkie.usatoday.com. Retrieved 2022-10-07. - ^ Mike Bohn (2022-11-05). ""UFC Fight Night 214 video: Neil Magny submits Daniel Rodriguez, sets welterweight wins record"". mmajunkie.usatoday.com. Retrieved 2022-11-05. - ^ ATSteveDuncan (2023-01-11). ""Daniel Rodriguez vs. Gunnar Nelson agregado a UFC 286"". MMA.uno, #1 En noticias de Artes Marciales Mixtas (MMA) en Español. (in Spanish). Retrieved 2023-01-11. - ^ Tkaczuk, Michał (2023-02-22). ""Bryan Barberena wchodzi na zastępstwo, aby zawalczyć z Gunnarem Nelsonem na UFC 286 | MMAROCKS"". MMA Rocks! (in Polish). Retrieved 2023-02-24. - ^ Jay Pettry (2023-03-23). ""Daniel Rodriguez, Ian Garry collide at UFC Fight Night event on May 13"". Sherdog.com. Retrieved 2023-03-23. - ^ Martin, Damon (2023-05-13). ""UFC Charlotte video: Ian Garry unloads huge head kick leading to first-round knockout over Daniel Rodriguez"". MMA Fighting. Retrieved 2023-05-13. - ^ Curtis Calhoun (2023-07-27). ""Daniel Rodriguez vs. Santiago Ponzinibbio Added To UFC's Mexican Independence Day Card"". mmanews.com. Retrieved 2023-08-17. - ^ Staff (2023-08-17). ""Daniel Rodriguez announces positive drug test, out of Noche UFC fight with Santiago Ponzinibbio"". mmafighting.com. Retrieved 2023-08-17. - ^ Raimondi, Marc (2023-10-17). ""UFC women's bantamweight contender Mayra Bueno Silva suspended"". ESPN. Retrieved 2023-10-17. - ^ Martin, Damon (2024-03-28). ""Khamzat Chimaev vs. Robert Whittaker set as UFC Saudi Arabia main event, 4 more fights announced"". MMA Fighting. Retrieved 2024-03-28. - ^ ""Daniel Rodriguez agrees to 185 pounds after Kelvin Gastelum admits struggle to make 170 for UFC Saudi Arabia"". MMA Junkie. 2024-06-20. Retrieved 2024-06-20. - ^ Hester, Bryson (2024-06-22). ""UFC Saudi Arabia: Overweight Kelvin Gastelum Too Much for Daniel Rodriguez"". Cageside Press. Retrieved 2024-06-22. - ^ MMA Junkie Staff (2024-09-21). ""Are there UFC fights tonight? Here's the promotion's upcoming schedule after UFC 306 at Sphere"". mmajunkie.usatoday.com. Retrieved 2024-09-21. - ^ Brett Cagle (2024-10-12). ""UFC Vegas 98: Daniel Rodriguez Captures Split Decision Against Alex Morono"". cagesidepress.com. Retrieved 2024-10-12. - ^ Brian Mazique (2024-12-13). ""UFC Signs Potential Fight Of The Night For UFC Fight Night Des Moines"". forbes.com. Retrieved 2025-02-13. - ^ Eddie Law (2025-05-03). ""Daniel Rodriguez Lands Massive Left Hand, Puts Ponzinibbio Out"". cagesidepress.com. Retrieved 2025-05-03. - ^ Guilherme Cruz (2025-06-25). ""Kevin Holland gets 4th fight in 2025, returns at UFC 318"". mmafighting.com. Retrieved 2025-06-25. - ^ UFC Staff (2020-03-10). ""UFC Honors 2020 Fan's Choice Awards (have to copy data fast)"". ufc.com. Retrieved 2025-01-13. - ^ Thomas Gerbasi (December 22, 2020). ""The 10 Best Upsets Of 2020"". Ultimate Fighting Championship. - ^ Sherdog.com. ""Daniel Rodriguez"". Sherdog. Retrieved 2020-08-12. External links [edit]- 1986 births - Living people - American male mixed martial artists - American mixed martial artists of Mexican descent - Welterweight mixed martial artists - Mixed martial artists utilizing boxing - Mixed martial artists utilizing Brazilian jiu-jitsu - Mixed martial artists from California - Ultimate Fighting Championship male fighters - American male boxers - American boxers of Mexican descent - Boxers from California - American practitioners of Brazilian jiu-jitsu - Sportspeople from Alhambra, California",2020-07-26,https://en.wikipedia.org/wiki/Daniel_Rodriguez_(fighter)
"Kevin Holland gets 4th fight in 2025, returns at UFC 318","Kevin Holland is not taking any break from competition as he books his fourth fight in 2025 for July 19, taking on Daniel Rodriguez at UFC 318 in New Orleans. Multiple people close to the situation confirmed the news to MMA Fighting following a report from Kevin K. UFC 318 will take place at the Smoothie King Center in New Orleans, La., and features a five-round BMF title bout between Max Holloway and Dustin Poirier in the main event. Holland’s seven-week turnaround gives him the chance to extend his UFC winning streak to three for the first time since 2020, when he won five straight in a calendar year. “Trailblazer”, 28-13 with 1 no contest as a professional, stopped Vicente Luque three months after a decision victory over Gunnar Nelson, pocketing bonuses for both performances and rebounding from middleweight losses to Roman Dolidze and Reinier de Ridder. Rodriguez (19-5) folded Santiago Ponzinibbio via third-round knockout this past May, boosting his UFC record to 9-4 after a previous decision victory over Alex Morono. The 38-year-old now get a chance to go 3-0 after a skid against Neil Magny, Ian Machado Garry and Kelvin Gastelum slowed his momentum in 2024. Mike Heck contributed to this report. Loading comments...",2025-06-25,https://www.mmafighting.com/2025/6/25/24455759/kevin-holland-4th-fight-2025-daniel-rodriguez-ufc-318
Kevin Holland set for rebooked fight that was originally jeopardized by controversial Khamzat Chimaev moment,"Kevin Holland will next face an opponent he would have shared the cage with years ago if it were not for Khamzat Chimaev. Holland was among those affected by the fiasco that significantly altered the UFC 279 pay-per-view lineup in September 2022. While ‘Trailblazer’ was a day out from his planned 180-pound catchweight contest against Daniel Rodriguez, Khamzat Chimaev’s mammoth weight miss canceled his headliner against Nate Diaz and put the card up in the air. The UFC moved around matchups, leaving Holland to endure a quick and difficult night at T-Mobile Arena against the undefeated ‘Borz’ instead. Chimaev submitted Holland in under two and a half minutes. Fortunately, Holland’s UFC 279 fight camp did not go to waste after all. Kevin Holland vs Daniel Rodriguez marks late addition to UFC 318 The incredibly active welterweight was in action in Newark earlier this month. Holland submitted Vicente Luque at UFC 316 in just 63 seconds to return to the rankings. While some might have been expecting the Californian to have another ranked opponent awaiting him next, his desire to quickly rattle off assignments has left him to defend his position at UFC 318. At the New Orleans pay-per-view on July 19, Holland and Rodriguez will give their fight a second chance at reaching the Octagon. The welterweight matchup was first reported by @realkevink on X. UFC 318 is set to be headlined by Dustin Poirier’s retirement fight, as ‘The Diamond’ challenges for Max Holloway’s symbolic BMF belt. Kevin Holland on track to break his own UFC record The booked Rodriguez bout puts Holland on track for a record-breaking year. ‘Big Mouth’ currently shares the record for the most UFC fights in a calendar year with 11 other fighters, including Chris Leben, Neil Magny, Uriah Hall, and Jessica Andrade. Holland is one of just three to have won all five of their bouts. When it comes to the record for most wins, that ship sailed when Reinier de Ridder submitted Kevin Holland at UFC 311 in January. But the 32-year-old could separate himself from the pack if he can notch six fights in 2025. | Fighter | Year | Division | Bouts | Wins | | Chris Leben | 2006 | Middleweight | 5 | 3 | | Roger Huerta | 2007 | Lightweight | 5 | 5 | | Donald Cerrone | 2011 | Lightweight | 5 | 4 | | Daron Cruickshank | 2014 | Lightweight | 5 | 3 | | Neil Magny | 2014 & 2015 | Welterweight | 5 | 5 & 4 | | Uriah Hall | 2015 | Middleweight | 5 | 3 | | Ross Pearson | 2016 | Lightweight/Welterweight | 5 | 1 | | Thiago Santos | 2018 | Middleweight/Light Heavyweight | 5 | 4 | | Greg Hardy | 2019 | Heavyweight | 5 | 2 | | Kevin Holland | 2020 | Middleweight | 5 | 5 | | Andre Fialho | 2022 | Welterweight | 5 | 2 | | Jessica Andrade | 2023 | Strawweight/Flyweight | 5 | 2 | After facing Rodriguez in July, Holland will still have five more months to enter the Octagon another two times to complete another record year for the ‘Trailblazer’.",2025-06-26,https://bloodyelbow.com/2025/06/26/kevin-holland-set-for-rebooked-fight-that-was-originally-jeopardized-by-controversial-khamzat-chimaev-moment/
FanDuel Sportsbook,You need to enable JavaScript to run this app.,2022-12-07,https://sportsbook.fanduel.com/mma/ufc-matches/kevin-holland-v-daniel-rodriguez-34499970?tab=time-props
UFC 318 Predictions & Odds: Holloway vs Poirier 3 Card Picks,"UFC 318 Predictions & Odds: Holloway vs Poirier 3 Card Picks By Brady Trettenero in Mixed Martial Arts News Updated: July 17, 2025 at 12:06 am EDTPublished: - UFC 318 features Max Holloway defending his BMF title in a must-see trilogy fight against Dustin Poirier - Poirier is the underdog and fighting for the final time in front of his home crowd at the Smoothie King Center - Check out our UFC 318 predictions, picks and odds analysis below International Fight Week takes a detour from Vegas to the Big Easy this year, bringing the heat to New Orleans for UFC 318. The card delivers a main event dripping with emotion as Louisiana’s own Dustin Poirier calls it a career against Max Holloway in their trilogy bout for the BMF title this Saturday, July 19th. The card kicks off early with prelims starting at 6:15 pm ET and the main card dropping at 10 pm ET on ESPN+ PPV. Here are my UFC 318 predictions for the biggest fights on the card. Holloway vs Poirier 3 Prediction Dustin Poirier’s fighting one last time, and he picked a hell of a dance partner. The Louisiana native holds a 2-0 edge over Max Holloway, but those wins came in 2012 and 2019. That’s ancient history in MMA years. This isn’t the same Holloway who moved up on short notice in their first meeting or the one still finding his feet at lightweight in their second bout. This is BMF Holloway, fresh off one of the greatest knockouts in UFC history against Justin Gaethje at UFC 300. Poirier, on the other hand, is showing his miles. He got dropped and nearly finished by Benoit Saint-Denis before pulling out a comeback, then was submitted by Islam Makhachev in his latest title shot. The reflexes that once made him elite are a half-step slower. Just ask Gaethje, who caught him with that head kick in 2023. Tale of the Tape The numbers speak for themselves. Holloway’s volume and pace are built for five-round wars. He lands 2.5 times more strikes per minute than he absorbs, while Poirier’s output has dipped in recent years. Factor in that retirement fights historically favor the hungrier fighter, and Holloway’s path becomes clear. Poirier will have his moments early. He always does. But once Holloway finds his rhythm and starts touching him with jabs and body kicks, the pace will become overwhelming. Look for Holloway to take over in rounds three through five. - Holloway vs Poirier Pick: Max Holloway (-142) Allen vs Vettori Prediction Brendan Allen and Marvin Vettori have history. They literally fought in a casino lobby. Now they’ll settle it properly in the cage, and Allen’s evolution since then gives him the clear edge. Vettori hasn’t finished anyone since 2016. Think about that. Eight straight fights without a stoppage, and he’s lost three of his last five. The Italian’s become predictable: plodding forward with his southpaw stance, eating shots to land one big counter that never comes. Allen’s fresher, more dynamic, and actually willing to mix things up. He’ll use his wrestling to control Vettori against the fence, land clean shots at range, and pile up the minutes. Vettori’s granite chin means this fight will go the distance, but Allen should win at least two rounds clearly. - Allen vs Vettori Pick: Brendan Allen by Decision (+100) Other UFC 318 Predictions Dan Ige vs Patricio Pitbull: Father Time remains undefeated. Pitbull looked every bit of 38 years old in his UFC debut against Yair Rodriguez, getting picked apart at range. Ige isn’t Yair, but he’s younger, faster, and has a six-inch reach advantage. Pitbull’s power is real, but Ige’s volume and movement should carry him to a clear decision. - Pick: Dan Ige (-218) Roman Kopylov vs Paulo Costa: This is a classic case of betting on consistency over chaos. Kopylov’s won six of seven and fights with discipline. Costa’s 1-4 in his last five and shows up with a different gameplan every time, none of them effective. Kopylov’s cleaner striking and better cardio should control this fight from bell to bell. - Pick: Roman Kopylov (-238) Kevin Holland vs Daniel Rodriguez: Holland’s found new life at welterweight, and Rodriguez is the perfect matchup to keep his momentum going. Seven-inch reach advantage, better cardio, superior grappling. Holland has every tool to dominate this fight. Rodriguez is tough but limited, and age is catching up. Holland should cruise here. - Pick: Kevin Holland -500 (Parlay piece only) Vinicius Oliveira vs Kyler Phillips: Oliveira’s the real deal. He gutted through a painful injury to beat Said Nurmagomedov and called out Umar afterward. That’s championship mentality. Phillips got exposed by Rob Font’s volume, and Oliveira brings even more pressure. The Brazilian’s power, pace, and grappling are all superior. - Pick: Vinicius Oliveira (-148) Michael Johnson vs Daniel Zellhuber: Father Time comes for everyone, and Michael Johnson is 39 years old and facing a hungry 26-year-old prospect. Zellhuber’s length, volume, and freshness should overwhelm Johnson, who needed everything he had to beat regional-level competition recently. This could get ugly fast. - Pick: Daniel Zellhuber wins inside distance Best UFC 318 Parlay Bets: Kevin Holland + Dan Ige (-133) Both fighters match up perfectly with their opponents’ weaknesses. Holland’s reach and versatility against Rodriguez’s plodding style, and Ige’s youth and volume against an aging Pitbull. This two-fighter parlay offers solid value without excessive risk. UFC 318 Odds Odds as of July 16th at DraftKings. Check out the best UFC betting apps for UFC 318 on Saturday. The early UFC 318 betting lines show value in the main event, with Holloway at only -142 despite his recent momentum. That price is a gift for bettors who watched the Hawaiian sleep Gaethje with seconds left at UFC 300. The BMF champ opened as the underdog, but sharp money has steadily moved the line. In the co-main, Kopylov opened around -200 and has been bet up to -238 as the public realizes Costa’s inconsistency. The rest of the card features mostly heavy favorites, making parlays tricky. Your best value plays are Holloway straight up and Allen by decision at even money. - BETMGM SPORTSBOOK USE CODE SBD1500 & GET $1,500 BACK IN BONUS BETS - BET365 SPORTSBOOK BET $5 & GET $150 IN BONUS BETS WITH CODE DIME365 - FANATICS SPORTSBOOK BET & GET UP TO $1,000 IN BONUS BETS! - DRAFTKINGS SPORTSBOOK BET $5 & GET $150 IN BONUS BETS INSTANTLY! - FANDUEL SPORTSBOOK BET $5 & GET $150 IF YOUR BET WINS - CAESARS SPORTSBOOK USE CODE SBD2DYW & BET $1 TO DOUBLE THE WINNINGS ON YOUR FIRST 10 BETS! Must be 21+. GAMBLING PROBLEM? Call 1-800-GAMBLER (CO, IL, KS, KY, MD, MI, NC, NJ, OH, PA, TN, VA, VT, WV, WY); (800) 327-5050 or gamblinghelplinema.org (MA); (877) 8-HOPENY (NY); 1-800-NEXT-STEP (AZ); (888) 789-7777 (CT); 1-800-BETS-OFF (IA); 1-800-9-WITH-IT (IN); mdgamblinghelp.org (MD); morethanagame.nc.gov (NC); 1800gambler.net (WV) Lead NHL & NCAAF Editor Brady is the lead NHL and College Football editor at Sports Betting Dime, where he specializes in betting odds and data-driven analysis. Brady has over 10 years experience working in sports media, with work published by outlets such as ESPN, CBS Sports, Yahoo! Sports and Fox Sports.",2025-07-17,https://www.sportsbettingdime.com/news/mma/ufc-318-predictions-odds-holloway-vs-poirier-3-card-picks/
UFC 318: Kevin Holland media day interview,"UFC on ABC 9: Reinier de Ridder previews Robert Whittaker fight, title stakesUFC 318: Paulo Costa media day interviewUFC 318: Dan Ige media day interviewUFC 318: Michael Johnson media day interview UFC 318: Max Holloway media day interviewUFC 318: Marvin Vettori media day interviewUFC 318: Daniel Rodriguez media day interviewUFC 318: Brendan Allen media day interview UFC 318: Dustin Poirier media day interviewUFC 318: Roman Kopylov media day interviewUFC 318: Patricio Freire media day interviewDustin Poirier: Diamonds are Forever",2025-07-16,https://mmajunkie.usatoday.com/videos/sports/ufc/2025/07/16/ufc-318-kevin-holland-media-day-interview/85248011007/
"UFC 318’s best betting props, parlays and picks | Holloway vs. Poirier 3","UFC 318 happens this weekend (Sat., July 19, 2025) inside Smoothie King Center in New Orleans, Louisiana. The pay-per-view (PPV) main event is a trilogy, retirement and a BMF fight all rolled into one violent spliff with Max Holloway vs. Dustin Poirier 3. Despite there being a belt (kinda) on the line for this one, “The Diamond” says he’s a at peace walking away from the sport without an undisputed UFC title victory. The rest of this card falls off pretty hard after the main event. The co-main is Paulo Costa vs. Roman Kopylov. Rounding out UFC 318’s PPV main card is Dan Ige vs. Patricio Pitbull, Michael Johnson vs. Daniel Zellhuber and Kevin Holland vs. Daniel Rodriguez. UFC 318’s late “Prelims” are headlined by Kyler Phillips vs. Vinicius Oliveira. The part of the card also has the bad blood showdown between Marvin Vettori vs. Brendan Allen. The early “Prelims” feature Adam Fugitt vs. Islam Dulatov and Jimmy Crute vs. Marcin Prachnio. As always, there’s lots to bet on this card and we’ve got odds for all the fights below: UFC 318 Main Card Money Line Odds Max Holloway (-142) vs. Dustin Poirier (+120) Our UFC 318 main event is a rare trilogy fight where one fighter is 2-0. I won’t go over the first two fights between these, two, you’ll be hearing about those non stop via UFC’s trailers and promos. I care about what both men have done, lately. Holloway last competed in Oct. 2024, where he was TKO’d by Ilia Topuria (who seems capable of knocking out anyone on the planet right now). The stoppage came in the third round and featured Holloway reacting to punches like we’ve rarely seen (see the finish here). Part of this might be Holloway’s natural decline (he’s 33 in human years, but 53 in fight years). However, it’s more likely that Holloway’s performance was due to the brilliance of Topuria (since we’ve seen him blow through others who are rarely blown through). Before that Topuria fight, Holloway won his epic buzzer beating fight with Justin Gaethje (see it here) and outclassed both Chan Sung Jung and Arnold Allen. In the opposite corner, Poirier is coming off an unsuccessful title shot against Islam Makhachev. The 36-year-old gave Makhachev plenty of trouble before succumbing to a fifth round d’arce choke (see it here). I don’t want to say that Makhachev played with his food in this fight, but it did seem like he gave Poirier some space to trade with him early on, as if he wanted to show us something on the feet or perhaps even learn on the job. Before that, Poirier obliterated Benoit Saint-Denis, someone he was supposed to do the J-O-B for, in 90s wrestling parlance. And before that, Poirier lost to a Justin Gaethje head kick (see it here). Fighters in retirement fights don’t have the best record. But, I think Poirier has enough working in his favor, that his own acceptance that he’s not as sharp as he used to be isn’t enough for me to fade him in this situation. Poirier is not retiring well past his expiry date. He’s being very wise here. In Okinawa they say you should eat until you are 80 percent full. I think fighters should compete until they are 80 percent convinced they should retire. Poirier feels like he’s in that zone. At 36 he could probably fight on for another four years, but he’s deciding to end it now (and I hope he sticks to it). This means he’s a very dangerous ‘retirement fight fighter’, perhaps the most dangerous we’ve ever seen. He’s also been served up a bit of a softball in a fighter he has beaten twice already, who is only three years younger than him, coming off a technical knockout loss, is known for exploits at a smaller weight class. I think Poirier will have plenty left in the tank for this fight and that his size and diversity of skills will, again, be too much for Holloway to handle. Both these guys are primarily strikers, but both have drastically different approaches to wrestling and grappling. Holloway’s focus is to avoid those situations and he’s very good at doing that. Poirier’s is to roll with them and find ways to win on the ground. I see this fight taking place entirely on the feet, but should it go anywhere else Poirier should win those moments of the fight. On the feet, I think Poirier’s reach and power advantage will trump Holloway’s volume and activity. I don’t think the Topuria technical knockout is a sign that Holloway’s chin is gone, but I just think Poirier will be landing the harder shots in the exchanges and that they will be hard enough for the judges to notice. This feels like it’s going to either be a decision or a stoppage win for Poirier. If Holloway still has his whereabouts in the final ten seconds, I think we are gauranteed a ‘point to the center of the cage moment’. It would be pretty poetic if Holloway called for that and then Poirier KO’d him before riding off into the sunset. The odds are close here, but I’m surprised that Poirier has plus odds. I think that’s due to this being a retirement fight for him more than anything else. I love a point spread when the guy I’m picking is getting the points. You can get Poirier at +5.5 for -195. If you think Holloway finishes Poirier or dominates him on the scorecards you can get -5.5 for +140. The round total is 4.5 and that too good a line for me to play with. I think we’re either getting a decision or a late, late finish, so there’s too much risk for me there. If I had to pick I’d go over for -160. Method of victory for this fight has decision at -135, KO/TKO/DQ for +130 and submission for +750. There are lots of interesting same fight parlays floating around, but none of them line up with how I’m thinking this goes (Poirier by either late knockout or decision). Because of that, I’m just going with a rather mundane moneyline bet. I’m doing this, and not the point spread, because I’m quite confident Poirier gets this done without the need of the points. Best bet: Dustin Poirier moneyline (+120) Paulo Costa (+195) vs. Roman Kopylov (-238) This is a PPV co-main event?!?!? Okay ... We haven’t seen Costa since June 2024, when he was stifled by Sean Strickland’s game. A game everyone knew he would employ and which Costa had months to figure out a solution to, which didn’t include just chasing him around and getting tagged on the counter before gassing out. Before that, he lost a decision to Robert Whittaker. Borrachinha’s last win was a 2022 victory over Luke Rockhold. Kopylov, meanwhile, is a nine-fight Octagon veteran. He beat Chris Curtis with a head kick at 4:59 in the third round last time out (re-live that here). Curtis was incensed to see the fight stopped with a second left, but Kopylov was on route to a decision win, anyway. Before that fight he beat the much feared GLORY transfer Cesar Almeida via split decision (I think the split was rather generous to Almeida, though). This is a hard fight to pick because we don’t know what version of Costa shows up. Costa’s career has been maligned by a seeming lack of attention and dedication. When things were easy for him, he breezed through low level opponents racking up KOs. But when things got tough, he struggled and spent lengthy spells on the sidelines. Kopylov doesn’t have any of those question marks around him. He may not be as talented as Costa, but that doesn’t mean he can’t win — especially against someone who doesn’t seem capable of consistently accessing their talent. Costa is a brawler with not much interest in taking things to the ground. He lands 6.22 sig. strikes a minute, but also absorbs 6.56. Absorbing more than you land is a big red flag for me. Costa also has very mediocre defense on sig. strikes (49 percent). Kopylov isn’t much better in these stats. He lands 4.96 sig. strikes and absorbs 4.86 with a defense of 55 percent. Costa does have better accuracy on his strikes (58 percent versus 50 percent). I think that’s significant. The accuracy and volume stat means that Costa might outland Kopylov on the feet. Strangely, Kopylov has a habbit of winning fights where he’s out-landed. Curtis outstruck him 142 to 130 and Almeida outstruck him 58 to 41. In those fights Kopylov made good use of the takedown. He got Curtis down once and took Almeida down four times. Costa’s takedown defense (a very good 80 percent) might prevent that, though. That’s only if he’s on his game, though, which is not a given. I’m leaning toward Costa in this fight. But, I’m loathe to pick him because I can’t trust him to fight to his potential in any given bout. Kopylov isn’t as sexy as a fighter, but he at least seems to be trying to do his best every time he gets out there. Instead of gambling with Costa’s mood and state of mind, I think I’m just going to go with the round total here (something I’m going to do a lot of on this card). Costa has only been stopped once in his career, by a prime Israel Adesanya (see it here) and his own stopping power seems to have declined. Kopylov has plenty of stoppages, but not against this level of competition. Best bet: Over 2.5 rounds (-230) Kevin Holland (-500) vs. Daniel Rodriguez (+380) Holland looked great last time out, landing an anaconda choke on Vicente Luque (see it here). That fight was only in June. Before that, in March, he took a comfortable decision over Gunnar Nelson. In January he was quickly beaten by Reinier de Ridder (see it here). Rodriguez, on the other hand, looked very sharp in his last fight, stopping Santiago Ponznibbio in the third round for just his third UFC stoppage. Prior to that he won a split decision against Alex Morono. Holland is big favorite in this fight for several reasons. He’s a more powerful striker than Rodriguez and he compliments his striking with nasty and opportunistic grappling. Rodriguez is very much just a volume striker without much wrestling/grappling to back it up. Holland will also have a commanding seven inch reach advantage. Rodriguez, who likes to fight behind a jab, is going to find it hard to establish his outside game with Holland sitting out of range and landing big looping shots. Rodriguez has fought guys with shorter reaches in his last three fights. The last person he met who was noticeably longer than him was Neil Magny (who subbed him with a d’arce choke in the third — a move Holland is especially good at). I think the adjustment wil be too much for Rodriguez and he won’t be able to land his kind of volume (7.39 sig. strikes a minute) on Holland. I’m on the fence about whether I see Holland getting a finish or not in this bout. His submission threat, from front chokes primarily, have me leaning toward this ending inside the distance. I like Holland by submission at +240, but I’ll just play the under here. Best bet: Under 2.5 rounds (-166) Dan Ige (-205) vs. Patricio Pitbull (+170) Pitbull’s UFC debut in April went about as well as expected. The 38 year-old looked slow and well past his best as he dropped a lopsided decision to Yair Rodriguez. His opponent in “Music City,” Ige, actually competed on that same card, beating Sean Woodson, though not without controversy. Ige was struggling with Woodson’s herky-jerky and negative style up until the third round. Ige hurt Woodson in the third before benefitting from an early stoppage. That win, on paper, saw Ige bounce back from decision losses to Lerone Murphy and Diego Lopes (whom he fought on a day’s notice). I’m not anticipating Pitbull to show much improvement in this fight. Ige will have four years and four inches of reach advantage over him and I think he’s going to be able to keep Pitbull at range and earn a decision over him. I don’t think this match-up is as lopsided as Pitbull vs. Rodriguez, but it’s still very difficult to build a case for Pitbull, given how lethargic he looked in his debut. I suppose the ‘Octagon jitters’ could be a thing, but I wouldn’t expect that from someone as experienced as he is and someone who has featured in Bellator and Rizin’s big tentpole shows for years. I think this is all just too little, too late for Pitbull in UFC. Best bet: Dan Ige moneyline (-205) Michael Johnson (+410) vs. Daniel Zellhuber (-550) Johnson turned back the clock in his last fight, flooring Ottman Azaitar with a right hook (see it here). Before that, he took a decision over Darrius Flowers. The 39-year-old has a 15-15 UFC record. Zellhuber’s super prospect status failed to materialize after losing to Trey Ogden back in his proper Octagon debut. Since then he’s taken wins over Lando Vannata, Christos Giagos and Francisco Prado. Only the Giagos fight was a finish (see it here). Last time out he lost a split decision to Esteban Ribovics. I felt Ribovics was the very deserved winner, though. Zellhuber can’t help but get himself into wild brawls. His last two fights were “Fight of the Night” winners. I think he could get another “Fight of the Night” here, too. We know that Johnson isn’t afraid to throw down and throw caution to the wind. I think Johnson has more power than Zellhuber. But, he’s also got the weaker chin (thanks to age and miles on the clock). If we’re getting rock ‘em sock ‘em robots out of these two it will be a race to see whether Johnson’s fist can score the win before his chin hands him the loss. Zellhuber has never scored a TKO or KO in UFC. He has his best shot at doing that here, though, against a 39 year-old who was KO’d as recently as 2023. Zellhuber will also have a four-inch reach advantage to play with here. Ultimately, I think that and his activity (lands 6.26 sig. strikes per minute compared to 4.23 by Johnson) will put him in the best position to get a stoppage or win enough exchanges to get the decision. The round total has been set at 1.5 for this (a theme on this card). But, I think this goes way deeper than that. Best bet: Over 1.5 rounds (-250) UFC 318 Late ‘Prelims’ Under Card Odds Kyler Phillips (+130) vs. Vinicius Oliveira (-155) Phillips failed his audition to become a top ten Bantamweight last time out after losing to a very well seasoned Rob Font. Phillips was a distant second best in that fight and I can understand why he might have wanted a lot of time off since then. Prior to that loss he had beaten Pedro Munhoz and Raoni Barcelos by unanimous decisions. Oliveira, meanwhile, has been passing his auditions lately and has broken into the Top 15 with wins over Said Nurmagomedov and Ricky Simon. And he’s looked good doing it. He used his striking to beat the wrestler Simon and then used his wrestling/grappling to beat the striker Nurmagomedov. Both Oliveira and Phillips are similarly well rounded. Oliveira’s striking is more fun and potentially more explosive. Phillips wrestling is a lot better, though Oliveira might have the edge with BJJ. I think this is a good match-up and we’re going to see this fight take place across all the dimensions of MMA. I slightly favor Oliveira because of his momentum and his power. Oliveira also has great balance and takedown defense (76 percent), too. His ability to prevent Phillips racking up points with takedowns and top position might make the difference here. Best bet: Vinicius Oliveira moneyline (-155) Marvin Vettori (+170) vs. Brendan Allen (-205) This fight has UFC APEX headliner written all over it. So much so that I’m shocked to see it here as a PPV “Prelims” bout. Vettori is coming off two APEX main events, both of which he lost by decision; one was to Jared Cannonier and the other was to Roman Dolidze. Vettori’s last win was a decision against Dolidze in 2023. Allen, on the other hand, is coming of a co-main event decision loss to Anthony Hernandez, where he looked OK (which is a decent feat given how “Fluffy” has looked lately). Before that, he lost another co-main event by decision. That fight was against Nassourdine Imavov. Allen’s last win was a split decision over Chris Curtis. Despite these guys being similar ages, it feels like time and the game has caught up to Vettori in recent years. Wheras Allen has seemed to be slowly improving over that time. I think both these guys have peaked at this point, though Vettori might be further on the decline than Allen is right now. I think the gas tank is going to be pivotal in this fight. Allen has a lot of energy, which he puts to good use in dragging opponents into exhausting (physically and mentally) clinch work and grappling exchanges. Vettori has traditionally had very good takedown defense, but Cannonier got him down four times. I don’t think Allen is going to land a blast double leg takedown on him, but I can see him pressing Vettori into the fence and finding ways to get behind him or drag him down. Vettori is the better striker in this bout, but I don’t think he’s so dominant in that category that he’s going to hurt Allen (especially not at this stage in his career). I think we could see a close fight from these, too, and I fancy Allen to come out on top. He looked better in defeat than Vettori did in his last fight and I think he’ll get enough control time in various positions to convince the judges he’s the winner. Best bet: Brendan Allen moneyline (-205) Francisco Prado (-142) vs. Nikolay Veretennikov (+120) Veretennikov was a sore loser last time out, shoving Austin Vanderford after getting dominated and stopped in the second round. He thought the stoppage was early, but ... cry me a river. He was well on his way to losing that fight and didn’t seem to have any answers for Vanderford’s wrestling. Dana White didn’t seem to mind his post-fight antics, though. That made Veretennikov 0-2 in UFC. Prado, meanwhile, is coming off a unanimous decision loss to Jake Matthews. It was a closer fight than the scorecards suggested, though. Prior to that he had a Fight of the Night losing effort opposite Daniel Zellhuber. The Matthews fight was Prado’s Welterweight debut. Prado struggled against the bigger Matthews. He’s got a big size disadvantage in this one, too. He’s giving up a five inch reach advantage to Veretennikov. I don’t know how significant that is, though, given that Veretennikov lands a paltry 2.73 sig. strikes per minute (while absorbing 3.54). Prado also has a sig. striking deficit. He lands 4.38 and absorbs 5.32. I’m more keen on the fighter who is landing more in this situation, but I’m not expecting a lights out performance from Prado. I feel like this is a fight that might never get out of first gear, with Prado looking the better fighter but not managing to get much going from range. He could catch Veretennikov on the counter, but I don’t know if Veretennikov is going to come forward much — his striking style has been quite negative so far. I’ll just take the over here, expecting a forgettable decision. Best bet: Over 2.5 rounds (-166) Ateba Gautier (-550) vs. Robert Valentin (+410) Valentin has not looked good since coming off of The Ultimate Fighter (TUF). In his finale fight with Ryan Loder, he was easily taken down and got himself stuck in a crucifix for a technical knockout loss. His next fight with Torrez Finney was comically awful and featured Finney taking Valentin down on repeat on route to one of the most lackluster and depressing decision wins we’ve ever seen. Valentin won’t have to worry about his terrible takedown defense being tested in this fight. The UFC have set him up with a flamethrower this time around. On the flip side, Gautier came off a technical knockout win on Contender Series in September. In March he had his proper debut. He treated Jose Medina like a punching bag for three minutes before putting him down with a knee (see it here). Now, Medina showed very little striking defense in that bout and seemed content to try and smile through Gautier’s offense. Even so, Gautier looks like he could do some damage against someone who is actually trying not to get hit. Valentin has a reputation as a striker and he got a scary KO on TUF. But, I think we’ve seen now that TUF is the lowest level development vehicle UFC has (below even Road to UFC). Gautier is also very big for the weight class and will have height and reach over Valentin. I think he puts him away and that’s the last we see of Valentin in the Octagon. I’ll take the under here, since there’s more value than Gautier’s -550 moneyline. Best bet: Under 1.5 rounds (+114) UFC 318 Early ‘Prelims’ Under Card Odds Adam Fugitt (+440) vs. Islam Dulatov (-600) Dulatov, at this time of writing, is the biggest favorite on the card. And he’s an interesting cat. He’s a fashion model who has done work for heavy hitters like Gucci. He’s German, but was born in Chechnya. And he’s 11-1, coming off an elbow knockout on Contender Series. Fugitt, meanwhile, has been out for more than a full year. In his last fight, he got a split decision over Josh Quinlan. We know more about Fugitt than we do about Dulatov. And we’ve seen Vegas slap shiny low odds on plenty of debut guys coming off Contender Series. Vegas is mostly right about these. Even so, I think there should be some buyer beware notices on Dulatov, simply because the highest level he’s competed at is OKTAGON (he also has a 30-second submission over Will Chope — remember him?). If I were more impressed with Fugitt I would question the line more. As it stands, though, I’ll just question the round total. Vegas has that at 1.5 rounds, so they are really expecting Dulatov to come in and wreck Fugitt. I’ll lean into my skepticism here and put my money on this being a closer fight that at least gets half way through the second round. Best bet: Over 1.5 rounds (+145) Jimmy Crute (-310) vs. Marcin Prachnio (+250) Crute fought Rodolfo Bellato to a majority draw in February, thanks to scoring a 10-8 round one and then losing rounds two and three. Before that he was submitted by Alonzo Menifield. And before that he fought Menifield to a majority draw. Crute hasn’t won a fight since 2020 when he TKO’d Modestas Bukauskas. The 17-8 Prachnio is coming off a loss to Bukauskas. He was submitted in the second round one year ago (see it here). Before that he took a decision over Devin Clark. Prachnio is a kickboxer who lands a decent volume, but doesn’t have the power or defense to be successful in UFC. Crute is more diverse and his ability to strike and wrestle is probably going to make the difference in this fight. Crute lands 3.86 takedowns per 15 minutes. Prachnio has a sub-par 53 percent takedown defense. Crute will likely get a couple of takedowns. That, paired with some even brawling on the feet, spells a probable decision win for the Aussie. Best bet: Jimmy Crute moneyline (-310) Ryan Spann (-230) vs. Lukasz Brzeski (+190) Things did not go great for Spann in his UFC Heavyweight debut in March. Waldo Cortes-Acosta was able to pepper him with shots before putting him down late in the second round (see it here). He made the jump up in weight after going 1-3 in the last two years, with the only win being a first round guillotine on Ovince St. Preux. Brzeski, on the other hand, has been awful in UFC, going 1-5. That win was a unanimous decision he managed to get over Valter Walker, before Walter discovered he can just heel hook every UFC Heavyweight on the roster. Brzeski has been stopped in three of his losses with knockouts coming against Kennedy Nzechukwu, Mick Parkin and Cortes-Acosta. This is a a hard fight to call simply because of the lack of durability in both corners. 67 percent of Brzeski’s losses are by TKO/KO, while 45 percent of Spann’s losses come that way. It seems unlikely that one of these guys will make it through the entire fight with their consciousnesses intact. I feel like Spann has the more power in his hands and is thus more likely to be the hammer and not the nail here. But I’m not sure enough of that to bet on him, especially since we still have questions about whether he can hang at Heavyweight. I think we need to look at the round total here, which is 1.5 rounds. The over is +124 and the under is -160. All of Brzeski’s UFC stoppage losses are in the first round, so our best bet is probably the under. Best bet: Under 1.5 rounds (-160) Brunno Ferreira (-675) vs. Jackson McVey (+490) You gotta feel for McVey. The undefeated (6-0) Middleweight scored a quick technical knockout at LFA last month and then got the dream call to fight inside T-Mobile Arena for UFC 317. However, his original opponent, Sedriques Dumas, had to bow out due to his ankle monitor inhibiting his ability to travel. That was a pretty competitive fight on paper. Dumas was replaced by Christopher Ewert (who had been waiting on a Contender Series fight). Ewert couldn’t make weight, though. McVey was favored to win that one. Now, McVey has been slid over to UFC 318 and given the knockout machine that is Ferreira. Ferreira is coming off an armbar win over Armen Petrosyan (that saw “Superman” booted from the promotion — see it here). Before that he lost, by arm triangle, to Abus Magomedov in a fight where he hurt Magomedov (see it here). And before that he obliterated Dustin Stoltzfus with a spinning elbow (see it here). He’s also got a TKO over Phil Hawes (see it here). McVey might be a decent talent, but this matchmaking tells us UFC doesn’t really care about that. He might surprise us here, he’s got a lot of size on Ferreira. Though, Ferreira is used to being the smaller man at Middleweight. With no value on picking Ferreira’s moneyline, I might as well play with the round total. The round total is set at 1.5 with the over +220 and the under -298. Four of Ferreira’s six UFC fights have ended in the first round. All of McVey’s six wins have come in the first round, too. Best bet: Under 1.5 rounds (-298) Carli Judice (-305) vs. Nicolle Caliari (+245) Judice got her first UFC win last time out, after she sat Yuneisy Dubin down with a head kick (see it here). She lost her two prior bouts, both split decisions, to Gabriella Fernandes and Ernesta Kareckaite. The 26 year-old’s record is just 4-2. Meanwhile, 28-year-old Caliari is 8-3, but just 0-1 in UFC. She lost a split decision to Kareckaite in her promotional debut (after an armbar win on Contender Series). Caliari struggled in the striking department against the long and lean Kareckaite. She absorbed 95 sig. strikes and landed just three of fourteen takedown attempts. She had a nine reach disadvantage in that one. This time around she’ll have a six inch reach disadvantage. I think it will cause her similar problems and Judice (who has better takedown defense than Kareckaite) should be able to eek out a decision. Best bet: Carli Judice moneyline (-305) UFC 318 Long Shots! Here’s a couple of long shots for Saturday night’s action ... Max Holloway vs. Dustin Poirier to end in a draw (+5000) Maybe we get both men walking away with claims to the BMF title after this one? A draw between these two legends, after a good fight, might be the kind of thing the MMA Gods have drawn up for this one. We most likely need a 10-8 round to get there. I can see one of these guys getting off to a hot start in the first and almost finishing the other. Then, the almost finished fighter comes back and takes three of four remaining rounds. That gets us 47-47. Two-fight parlay: Kevin Holland, Brendan Allen to win via submission (+1770) Holland is great at snatching up d’arce, anaconda and ninja chokes from standing. Rodriguez has been caught by a d’arce in the past. I think Holland might have some success wrapping his long arms around his smaller opponent’s neck. And Allen is a great back taker. Vettori can really slow down in a fight when he’s losing on the scorecards. I can see him giving up his back in the third and tapping to an RNC to speed up his fate. First minute finish: Ateba Gautier vs. Robert Valentin (+600) Ateba Gautier is a hot prospect with hands of stone. Valentin appears to be enhancement talent in this one. Valentin has been itching for an opponent who will stand and bang with him. I think he comes out swinging and eats a massive counter here. Remember that MMAmania.com will deliver LIVE round-by-round, blow-by-blow coverage of the entire UFC 318 fight card right here, starting with the ESPN/ESPN+ “Prelims” matches online, which are scheduled to begin at 6:15 p.m. ET, before the main card start time at 10 p.m. ET (also on ESPN+). To check out the latest and greatest UFC 318: “Holloway vs. Poirier 3” news and notes be sure to hit up our comprehensive event archive right here. Loading comments...",2025-07-16,https://www.mmamania.com/2025/7/16/24466428/ufc-318-best-betting-props-parlays-picks-dustin-poirier-vs-max-holloway-3
Kevin Holland set for rebooked fight that was originally jeopardized by controversial Khamzat Chimaev moment,"Kevin Holland will next face an opponent he would have shared the cage with years ago if it were not for Khamzat Chimaev. Holland was among those affected by the fiasco that significantly altered the UFC 279 pay-per-view lineup in September 2022. While ‘Trailblazer’ was a day out from his planned 180-pound catchweight contest against Daniel Rodriguez, Khamzat Chimaev’s mammoth weight miss canceled his headliner against Nate Diaz and put the card up in the air. The UFC moved around matchups, leaving Holland to endure a quick and difficult night at T-Mobile Arena against the undefeated ‘Borz’ instead. Chimaev submitted Holland in under two and a half minutes. Fortunately, Holland’s UFC 279 fight camp did not go to waste after all. Kevin Holland vs Daniel Rodriguez marks late addition to UFC 318 The incredibly active welterweight was in action in Newark earlier this month. Holland submitted Vicente Luque at UFC 316 in just 63 seconds to return to the rankings. While some might have been expecting the Californian to have another ranked opponent awaiting him next, his desire to quickly rattle off assignments has left him to defend his position at UFC 318. At the New Orleans pay-per-view on July 19, Holland and Rodriguez will give their fight a second chance at reaching the Octagon. The welterweight matchup was first reported by @realkevink on X. UFC 318 is set to be headlined by Dustin Poirier’s retirement fight, as ‘The Diamond’ challenges for Max Holloway’s symbolic BMF belt. Kevin Holland on track to break his own UFC record The booked Rodriguez bout puts Holland on track for a record-breaking year. ‘Big Mouth’ currently shares the record for the most UFC fights in a calendar year with 11 other fighters, including Chris Leben, Neil Magny, Uriah Hall, and Jessica Andrade. Holland is one of just three to have won all five of their bouts. When it comes to the record for most wins, that ship sailed when Reinier de Ridder submitted Kevin Holland at UFC 311 in January. But the 32-year-old could separate himself from the pack if he can notch six fights in 2025. | Fighter | Year | Division | Bouts | Wins | | Chris Leben | 2006 | Middleweight | 5 | 3 | | Roger Huerta | 2007 | Lightweight | 5 | 5 | | Donald Cerrone | 2011 | Lightweight | 5 | 4 | | Daron Cruickshank | 2014 | Lightweight | 5 | 3 | | Neil Magny | 2014 & 2015 | Welterweight | 5 | 5 & 4 | | Uriah Hall | 2015 | Middleweight | 5 | 3 | | Ross Pearson | 2016 | Lightweight/Welterweight | 5 | 1 | | Thiago Santos | 2018 | Middleweight/Light Heavyweight | 5 | 4 | | Greg Hardy | 2019 | Heavyweight | 5 | 2 | | Kevin Holland | 2020 | Middleweight | 5 | 5 | | Andre Fialho | 2022 | Welterweight | 5 | 2 | | Jessica Andrade | 2023 | Strawweight/Flyweight | 5 | 2 | After facing Rodriguez in July, Holland will still have five more months to enter the Octagon another two times to complete another record year for the ‘Trailblazer’.",2025-06-26,https://bloodyelbow.com/2025/06/26/kevin-holland-set-for-rebooked-fight-that-was-originally-jeopardized-by-controversial-khamzat-chimaev-moment/
FanDuel Sportsbook,You need to enable JavaScript to run this app.,2022-12-07,https://sportsbook.fanduel.com/mma/ufc-matches/kevin-holland-v-daniel-rodriguez-34499970?tab=time-props
UFC 318 Predictions & Odds: Holloway vs Poirier 3 Card Picks,"UFC 318 Predictions & Odds: Holloway vs Poirier 3 Card Picks By Brady Trettenero in Mixed Martial Arts News Updated: July 17, 2025 at 12:06 am EDTPublished: - UFC 318 features Max Holloway defending his BMF title in a must-see trilogy fight against Dustin Poirier - Poirier is the underdog and fighting for the final time in front of his home crowd at the Smoothie King Center - Check out our UFC 318 predictions, picks and odds analysis below International Fight Week takes a detour from Vegas to the Big Easy this year, bringing the heat to New Orleans for UFC 318. The card delivers a main event dripping with emotion as Louisiana’s own Dustin Poirier calls it a career against Max Holloway in their trilogy bout for the BMF title this Saturday, July 19th. The card kicks off early with prelims starting at 6:15 pm ET and the main card dropping at 10 pm ET on ESPN+ PPV. Here are my UFC 318 predictions for the biggest fights on the card. Holloway vs Poirier 3 Prediction Dustin Poirier’s fighting one last time, and he picked a hell of a dance partner. The Louisiana native holds a 2-0 edge over Max Holloway, but those wins came in 2012 and 2019. That’s ancient history in MMA years. This isn’t the same Holloway who moved up on short notice in their first meeting or the one still finding his feet at lightweight in their second bout. This is BMF Holloway, fresh off one of the greatest knockouts in UFC history against Justin Gaethje at UFC 300. Poirier, on the other hand, is showing his miles. He got dropped and nearly finished by Benoit Saint-Denis before pulling out a comeback, then was submitted by Islam Makhachev in his latest title shot. The reflexes that once made him elite are a half-step slower. Just ask Gaethje, who caught him with that head kick in 2023. Tale of the Tape The numbers speak for themselves. Holloway’s volume and pace are built for five-round wars. He lands 2.5 times more strikes per minute than he absorbs, while Poirier’s output has dipped in recent years. Factor in that retirement fights historically favor the hungrier fighter, and Holloway’s path becomes clear. Poirier will have his moments early. He always does. But once Holloway finds his rhythm and starts touching him with jabs and body kicks, the pace will become overwhelming. Look for Holloway to take over in rounds three through five. - Holloway vs Poirier Pick: Max Holloway (-142) Allen vs Vettori Prediction Brendan Allen and Marvin Vettori have history. They literally fought in a casino lobby. Now they’ll settle it properly in the cage, and Allen’s evolution since then gives him the clear edge. Vettori hasn’t finished anyone since 2016. Think about that. Eight straight fights without a stoppage, and he’s lost three of his last five. The Italian’s become predictable: plodding forward with his southpaw stance, eating shots to land one big counter that never comes. Allen’s fresher, more dynamic, and actually willing to mix things up. He’ll use his wrestling to control Vettori against the fence, land clean shots at range, and pile up the minutes. Vettori’s granite chin means this fight will go the distance, but Allen should win at least two rounds clearly. - Allen vs Vettori Pick: Brendan Allen by Decision (+100) Other UFC 318 Predictions Dan Ige vs Patricio Pitbull: Father Time remains undefeated. Pitbull looked every bit of 38 years old in his UFC debut against Yair Rodriguez, getting picked apart at range. Ige isn’t Yair, but he’s younger, faster, and has a six-inch reach advantage. Pitbull’s power is real, but Ige’s volume and movement should carry him to a clear decision. - Pick: Dan Ige (-218) Roman Kopylov vs Paulo Costa: This is a classic case of betting on consistency over chaos. Kopylov’s won six of seven and fights with discipline. Costa’s 1-4 in his last five and shows up with a different gameplan every time, none of them effective. Kopylov’s cleaner striking and better cardio should control this fight from bell to bell. - Pick: Roman Kopylov (-238) Kevin Holland vs Daniel Rodriguez: Holland’s found new life at welterweight, and Rodriguez is the perfect matchup to keep his momentum going. Seven-inch reach advantage, better cardio, superior grappling. Holland has every tool to dominate this fight. Rodriguez is tough but limited, and age is catching up. Holland should cruise here. - Pick: Kevin Holland -500 (Parlay piece only) Vinicius Oliveira vs Kyler Phillips: Oliveira’s the real deal. He gutted through a painful injury to beat Said Nurmagomedov and called out Umar afterward. That’s championship mentality. Phillips got exposed by Rob Font’s volume, and Oliveira brings even more pressure. The Brazilian’s power, pace, and grappling are all superior. - Pick: Vinicius Oliveira (-148) Michael Johnson vs Daniel Zellhuber: Father Time comes for everyone, and Michael Johnson is 39 years old and facing a hungry 26-year-old prospect. Zellhuber’s length, volume, and freshness should overwhelm Johnson, who needed everything he had to beat regional-level competition recently. This could get ugly fast. - Pick: Daniel Zellhuber wins inside distance Best UFC 318 Parlay Bets: Kevin Holland + Dan Ige (-133) Both fighters match up perfectly with their opponents’ weaknesses. Holland’s reach and versatility against Rodriguez’s plodding style, and Ige’s youth and volume against an aging Pitbull. This two-fighter parlay offers solid value without excessive risk. UFC 318 Odds Odds as of July 16th at DraftKings. Check out the best UFC betting apps for UFC 318 on Saturday. The early UFC 318 betting lines show value in the main event, with Holloway at only -142 despite his recent momentum. That price is a gift for bettors who watched the Hawaiian sleep Gaethje with seconds left at UFC 300. The BMF champ opened as the underdog, but sharp money has steadily moved the line. In the co-main, Kopylov opened around -200 and has been bet up to -238 as the public realizes Costa’s inconsistency. The rest of the card features mostly heavy favorites, making parlays tricky. Your best value plays are Holloway straight up and Allen by decision at even money. - BETMGM SPORTSBOOK USE CODE SBD1500 & GET $1,500 BACK IN BONUS BETS - BET365 SPORTSBOOK BET $5 & GET $150 IN BONUS BETS WITH CODE DIME365 - FANATICS SPORTSBOOK BET & GET UP TO $1,000 IN BONUS BETS! - DRAFTKINGS SPORTSBOOK BET $5 & GET $150 IN BONUS BETS INSTANTLY! - FANDUEL SPORTSBOOK BET $5 & GET $150 IF YOUR BET WINS - CAESARS SPORTSBOOK USE CODE SBD2DYW & BET $1 TO DOUBLE THE WINNINGS ON YOUR FIRST 10 BETS! Must be 21+. GAMBLING PROBLEM? Call 1-800-GAMBLER (CO, IL, KS, KY, MD, MI, NC, NJ, OH, PA, TN, VA, VT, WV, WY); (800) 327-5050 or gamblinghelplinema.org (MA); (877) 8-HOPENY (NY); 1-800-NEXT-STEP (AZ); (888) 789-7777 (CT); 1-800-BETS-OFF (IA); 1-800-9-WITH-IT (IN); mdgamblinghelp.org (MD); morethanagame.nc.gov (NC); 1800gambler.net (WV) Lead NHL & NCAAF Editor Brady is the lead NHL and College Football editor at Sports Betting Dime, where he specializes in betting odds and data-driven analysis. Brady has over 10 years experience working in sports media, with work published by outlets such as ESPN, CBS Sports, Yahoo! Sports and Fox Sports.",2025-07-17,https://www.sportsbettingdime.com/news/mma/ufc-318-predictions-odds-holloway-vs-poirier-3-card-picks/
UFC 318: Kevin Holland media day interview,"UFC on ABC 9: Reinier de Ridder previews Robert Whittaker fight, title stakesUFC 318: Paulo Costa media day interviewUFC 318: Dan Ige media day interviewUFC 318: Michael Johnson media day interview UFC 318: Max Holloway media day interviewUFC 318: Marvin Vettori media day interviewUFC 318: Daniel Rodriguez media day interviewUFC 318: Brendan Allen media day interview UFC 318: Dustin Poirier media day interviewUFC 318: Roman Kopylov media day interviewUFC 318: Patricio Freire media day interviewDustin Poirier: Diamonds are Forever",2025-07-16,https://mmajunkie.usatoday.com/videos/sports/ufc/2025/07/16/ufc-318-kevin-holland-media-day-interview/85248011007/
"UFC 318’s best betting props, parlays and picks | Holloway vs. Poirier 3","UFC 318 happens this weekend (Sat., July 19, 2025) inside Smoothie King Center in New Orleans, Louisiana. The pay-per-view (PPV) main event is a trilogy, retirement and a BMF fight all rolled into one violent spliff with Max Holloway vs. Dustin Poirier 3. Despite there being a belt (kinda) on the line for this one, “The Diamond” says he’s a at peace walking away from the sport without an undisputed UFC title victory. The rest of this card falls off pretty hard after the main event. The co-main is Paulo Costa vs. Roman Kopylov. Rounding out UFC 318’s PPV main card is Dan Ige vs. Patricio Pitbull, Michael Johnson vs. Daniel Zellhuber and Kevin Holland vs. Daniel Rodriguez. UFC 318’s late “Prelims” are headlined by Kyler Phillips vs. Vinicius Oliveira. The part of the card also has the bad blood showdown between Marvin Vettori vs. Brendan Allen. The early “Prelims” feature Adam Fugitt vs. Islam Dulatov and Jimmy Crute vs. Marcin Prachnio. As always, there’s lots to bet on this card and we’ve got odds for all the fights below: UFC 318 Main Card Money Line Odds Max Holloway (-142) vs. Dustin Poirier (+120) Our UFC 318 main event is a rare trilogy fight where one fighter is 2-0. I won’t go over the first two fights between these, two, you’ll be hearing about those non stop via UFC’s trailers and promos. I care about what both men have done, lately. Holloway last competed in Oct. 2024, where he was TKO’d by Ilia Topuria (who seems capable of knocking out anyone on the planet right now). The stoppage came in the third round and featured Holloway reacting to punches like we’ve rarely seen (see the finish here). Part of this might be Holloway’s natural decline (he’s 33 in human years, but 53 in fight years). However, it’s more likely that Holloway’s performance was due to the brilliance of Topuria (since we’ve seen him blow through others who are rarely blown through). Before that Topuria fight, Holloway won his epic buzzer beating fight with Justin Gaethje (see it here) and outclassed both Chan Sung Jung and Arnold Allen. In the opposite corner, Poirier is coming off an unsuccessful title shot against Islam Makhachev. The 36-year-old gave Makhachev plenty of trouble before succumbing to a fifth round d’arce choke (see it here). I don’t want to say that Makhachev played with his food in this fight, but it did seem like he gave Poirier some space to trade with him early on, as if he wanted to show us something on the feet or perhaps even learn on the job. Before that, Poirier obliterated Benoit Saint-Denis, someone he was supposed to do the J-O-B for, in 90s wrestling parlance. And before that, Poirier lost to a Justin Gaethje head kick (see it here). Fighters in retirement fights don’t have the best record. But, I think Poirier has enough working in his favor, that his own acceptance that he’s not as sharp as he used to be isn’t enough for me to fade him in this situation. Poirier is not retiring well past his expiry date. He’s being very wise here. In Okinawa they say you should eat until you are 80 percent full. I think fighters should compete until they are 80 percent convinced they should retire. Poirier feels like he’s in that zone. At 36 he could probably fight on for another four years, but he’s deciding to end it now (and I hope he sticks to it). This means he’s a very dangerous ‘retirement fight fighter’, perhaps the most dangerous we’ve ever seen. He’s also been served up a bit of a softball in a fighter he has beaten twice already, who is only three years younger than him, coming off a technical knockout loss, is known for exploits at a smaller weight class. I think Poirier will have plenty left in the tank for this fight and that his size and diversity of skills will, again, be too much for Holloway to handle. Both these guys are primarily strikers, but both have drastically different approaches to wrestling and grappling. Holloway’s focus is to avoid those situations and he’s very good at doing that. Poirier’s is to roll with them and find ways to win on the ground. I see this fight taking place entirely on the feet, but should it go anywhere else Poirier should win those moments of the fight. On the feet, I think Poirier’s reach and power advantage will trump Holloway’s volume and activity. I don’t think the Topuria technical knockout is a sign that Holloway’s chin is gone, but I just think Poirier will be landing the harder shots in the exchanges and that they will be hard enough for the judges to notice. This feels like it’s going to either be a decision or a stoppage win for Poirier. If Holloway still has his whereabouts in the final ten seconds, I think we are gauranteed a ‘point to the center of the cage moment’. It would be pretty poetic if Holloway called for that and then Poirier KO’d him before riding off into the sunset. The odds are close here, but I’m surprised that Poirier has plus odds. I think that’s due to this being a retirement fight for him more than anything else. I love a point spread when the guy I’m picking is getting the points. You can get Poirier at +5.5 for -195. If you think Holloway finishes Poirier or dominates him on the scorecards you can get -5.5 for +140. The round total is 4.5 and that too good a line for me to play with. I think we’re either getting a decision or a late, late finish, so there’s too much risk for me there. If I had to pick I’d go over for -160. Method of victory for this fight has decision at -135, KO/TKO/DQ for +130 and submission for +750. There are lots of interesting same fight parlays floating around, but none of them line up with how I’m thinking this goes (Poirier by either late knockout or decision). Because of that, I’m just going with a rather mundane moneyline bet. I’m doing this, and not the point spread, because I’m quite confident Poirier gets this done without the need of the points. Best bet: Dustin Poirier moneyline (+120) Paulo Costa (+195) vs. Roman Kopylov (-238) This is a PPV co-main event?!?!? Okay ... We haven’t seen Costa since June 2024, when he was stifled by Sean Strickland’s game. A game everyone knew he would employ and which Costa had months to figure out a solution to, which didn’t include just chasing him around and getting tagged on the counter before gassing out. Before that, he lost a decision to Robert Whittaker. Borrachinha’s last win was a 2022 victory over Luke Rockhold. Kopylov, meanwhile, is a nine-fight Octagon veteran. He beat Chris Curtis with a head kick at 4:59 in the third round last time out (re-live that here). Curtis was incensed to see the fight stopped with a second left, but Kopylov was on route to a decision win, anyway. Before that fight he beat the much feared GLORY transfer Cesar Almeida via split decision (I think the split was rather generous to Almeida, though). This is a hard fight to pick because we don’t know what version of Costa shows up. Costa’s career has been maligned by a seeming lack of attention and dedication. When things were easy for him, he breezed through low level opponents racking up KOs. But when things got tough, he struggled and spent lengthy spells on the sidelines. Kopylov doesn’t have any of those question marks around him. He may not be as talented as Costa, but that doesn’t mean he can’t win — especially against someone who doesn’t seem capable of consistently accessing their talent. Costa is a brawler with not much interest in taking things to the ground. He lands 6.22 sig. strikes a minute, but also absorbs 6.56. Absorbing more than you land is a big red flag for me. Costa also has very mediocre defense on sig. strikes (49 percent). Kopylov isn’t much better in these stats. He lands 4.96 sig. strikes and absorbs 4.86 with a defense of 55 percent. Costa does have better accuracy on his strikes (58 percent versus 50 percent). I think that’s significant. The accuracy and volume stat means that Costa might outland Kopylov on the feet. Strangely, Kopylov has a habbit of winning fights where he’s out-landed. Curtis outstruck him 142 to 130 and Almeida outstruck him 58 to 41. In those fights Kopylov made good use of the takedown. He got Curtis down once and took Almeida down four times. Costa’s takedown defense (a very good 80 percent) might prevent that, though. That’s only if he’s on his game, though, which is not a given. I’m leaning toward Costa in this fight. But, I’m loathe to pick him because I can’t trust him to fight to his potential in any given bout. Kopylov isn’t as sexy as a fighter, but he at least seems to be trying to do his best every time he gets out there. Instead of gambling with Costa’s mood and state of mind, I think I’m just going to go with the round total here (something I’m going to do a lot of on this card). Costa has only been stopped once in his career, by a prime Israel Adesanya (see it here) and his own stopping power seems to have declined. Kopylov has plenty of stoppages, but not against this level of competition. Best bet: Over 2.5 rounds (-230) Kevin Holland (-500) vs. Daniel Rodriguez (+380) Holland looked great last time out, landing an anaconda choke on Vicente Luque (see it here). That fight was only in June. Before that, in March, he took a comfortable decision over Gunnar Nelson. In January he was quickly beaten by Reinier de Ridder (see it here). Rodriguez, on the other hand, looked very sharp in his last fight, stopping Santiago Ponznibbio in the third round for just his third UFC stoppage. Prior to that he won a split decision against Alex Morono. Holland is big favorite in this fight for several reasons. He’s a more powerful striker than Rodriguez and he compliments his striking with nasty and opportunistic grappling. Rodriguez is very much just a volume striker without much wrestling/grappling to back it up. Holland will also have a commanding seven inch reach advantage. Rodriguez, who likes to fight behind a jab, is going to find it hard to establish his outside game with Holland sitting out of range and landing big looping shots. Rodriguez has fought guys with shorter reaches in his last three fights. The last person he met who was noticeably longer than him was Neil Magny (who subbed him with a d’arce choke in the third — a move Holland is especially good at). I think the adjustment wil be too much for Rodriguez and he won’t be able to land his kind of volume (7.39 sig. strikes a minute) on Holland. I’m on the fence about whether I see Holland getting a finish or not in this bout. His submission threat, from front chokes primarily, have me leaning toward this ending inside the distance. I like Holland by submission at +240, but I’ll just play the under here. Best bet: Under 2.5 rounds (-166) Dan Ige (-205) vs. Patricio Pitbull (+170) Pitbull’s UFC debut in April went about as well as expected. The 38 year-old looked slow and well past his best as he dropped a lopsided decision to Yair Rodriguez. His opponent in “Music City,” Ige, actually competed on that same card, beating Sean Woodson, though not without controversy. Ige was struggling with Woodson’s herky-jerky and negative style up until the third round. Ige hurt Woodson in the third before benefitting from an early stoppage. That win, on paper, saw Ige bounce back from decision losses to Lerone Murphy and Diego Lopes (whom he fought on a day’s notice). I’m not anticipating Pitbull to show much improvement in this fight. Ige will have four years and four inches of reach advantage over him and I think he’s going to be able to keep Pitbull at range and earn a decision over him. I don’t think this match-up is as lopsided as Pitbull vs. Rodriguez, but it’s still very difficult to build a case for Pitbull, given how lethargic he looked in his debut. I suppose the ‘Octagon jitters’ could be a thing, but I wouldn’t expect that from someone as experienced as he is and someone who has featured in Bellator and Rizin’s big tentpole shows for years. I think this is all just too little, too late for Pitbull in UFC. Best bet: Dan Ige moneyline (-205) Michael Johnson (+410) vs. Daniel Zellhuber (-550) Johnson turned back the clock in his last fight, flooring Ottman Azaitar with a right hook (see it here). Before that, he took a decision over Darrius Flowers. The 39-year-old has a 15-15 UFC record. Zellhuber’s super prospect status failed to materialize after losing to Trey Ogden back in his proper Octagon debut. Since then he’s taken wins over Lando Vannata, Christos Giagos and Francisco Prado. Only the Giagos fight was a finish (see it here). Last time out he lost a split decision to Esteban Ribovics. I felt Ribovics was the very deserved winner, though. Zellhuber can’t help but get himself into wild brawls. His last two fights were “Fight of the Night” winners. I think he could get another “Fight of the Night” here, too. We know that Johnson isn’t afraid to throw down and throw caution to the wind. I think Johnson has more power than Zellhuber. But, he’s also got the weaker chin (thanks to age and miles on the clock). If we’re getting rock ‘em sock ‘em robots out of these two it will be a race to see whether Johnson’s fist can score the win before his chin hands him the loss. Zellhuber has never scored a TKO or KO in UFC. He has his best shot at doing that here, though, against a 39 year-old who was KO’d as recently as 2023. Zellhuber will also have a four-inch reach advantage to play with here. Ultimately, I think that and his activity (lands 6.26 sig. strikes per minute compared to 4.23 by Johnson) will put him in the best position to get a stoppage or win enough exchanges to get the decision. The round total has been set at 1.5 for this (a theme on this card). But, I think this goes way deeper than that. Best bet: Over 1.5 rounds (-250) UFC 318 Late ‘Prelims’ Under Card Odds Kyler Phillips (+130) vs. Vinicius Oliveira (-155) Phillips failed his audition to become a top ten Bantamweight last time out after losing to a very well seasoned Rob Font. Phillips was a distant second best in that fight and I can understand why he might have wanted a lot of time off since then. Prior to that loss he had beaten Pedro Munhoz and Raoni Barcelos by unanimous decisions. Oliveira, meanwhile, has been passing his auditions lately and has broken into the Top 15 with wins over Said Nurmagomedov and Ricky Simon. And he’s looked good doing it. He used his striking to beat the wrestler Simon and then used his wrestling/grappling to beat the striker Nurmagomedov. Both Oliveira and Phillips are similarly well rounded. Oliveira’s striking is more fun and potentially more explosive. Phillips wrestling is a lot better, though Oliveira might have the edge with BJJ. I think this is a good match-up and we’re going to see this fight take place across all the dimensions of MMA. I slightly favor Oliveira because of his momentum and his power. Oliveira also has great balance and takedown defense (76 percent), too. His ability to prevent Phillips racking up points with takedowns and top position might make the difference here. Best bet: Vinicius Oliveira moneyline (-155) Marvin Vettori (+170) vs. Brendan Allen (-205) This fight has UFC APEX headliner written all over it. So much so that I’m shocked to see it here as a PPV “Prelims” bout. Vettori is coming off two APEX main events, both of which he lost by decision; one was to Jared Cannonier and the other was to Roman Dolidze. Vettori’s last win was a decision against Dolidze in 2023. Allen, on the other hand, is coming of a co-main event decision loss to Anthony Hernandez, where he looked OK (which is a decent feat given how “Fluffy” has looked lately). Before that, he lost another co-main event by decision. That fight was against Nassourdine Imavov. Allen’s last win was a split decision over Chris Curtis. Despite these guys being similar ages, it feels like time and the game has caught up to Vettori in recent years. Wheras Allen has seemed to be slowly improving over that time. I think both these guys have peaked at this point, though Vettori might be further on the decline than Allen is right now. I think the gas tank is going to be pivotal in this fight. Allen has a lot of energy, which he puts to good use in dragging opponents into exhausting (physically and mentally) clinch work and grappling exchanges. Vettori has traditionally had very good takedown defense, but Cannonier got him down four times. I don’t think Allen is going to land a blast double leg takedown on him, but I can see him pressing Vettori into the fence and finding ways to get behind him or drag him down. Vettori is the better striker in this bout, but I don’t think he’s so dominant in that category that he’s going to hurt Allen (especially not at this stage in his career). I think we could see a close fight from these, too, and I fancy Allen to come out on top. He looked better in defeat than Vettori did in his last fight and I think he’ll get enough control time in various positions to convince the judges he’s the winner. Best bet: Brendan Allen moneyline (-205) Francisco Prado (-142) vs. Nikolay Veretennikov (+120) Veretennikov was a sore loser last time out, shoving Austin Vanderford after getting dominated and stopped in the second round. He thought the stoppage was early, but ... cry me a river. He was well on his way to losing that fight and didn’t seem to have any answers for Vanderford’s wrestling. Dana White didn’t seem to mind his post-fight antics, though. That made Veretennikov 0-2 in UFC. Prado, meanwhile, is coming off a unanimous decision loss to Jake Matthews. It was a closer fight than the scorecards suggested, though. Prior to that he had a Fight of the Night losing effort opposite Daniel Zellhuber. The Matthews fight was Prado’s Welterweight debut. Prado struggled against the bigger Matthews. He’s got a big size disadvantage in this one, too. He’s giving up a five inch reach advantage to Veretennikov. I don’t know how significant that is, though, given that Veretennikov lands a paltry 2.73 sig. strikes per minute (while absorbing 3.54). Prado also has a sig. striking deficit. He lands 4.38 and absorbs 5.32. I’m more keen on the fighter who is landing more in this situation, but I’m not expecting a lights out performance from Prado. I feel like this is a fight that might never get out of first gear, with Prado looking the better fighter but not managing to get much going from range. He could catch Veretennikov on the counter, but I don’t know if Veretennikov is going to come forward much — his striking style has been quite negative so far. I’ll just take the over here, expecting a forgettable decision. Best bet: Over 2.5 rounds (-166) Ateba Gautier (-550) vs. Robert Valentin (+410) Valentin has not looked good since coming off of The Ultimate Fighter (TUF). In his finale fight with Ryan Loder, he was easily taken down and got himself stuck in a crucifix for a technical knockout loss. His next fight with Torrez Finney was comically awful and featured Finney taking Valentin down on repeat on route to one of the most lackluster and depressing decision wins we’ve ever seen. Valentin won’t have to worry about his terrible takedown defense being tested in this fight. The UFC have set him up with a flamethrower this time around. On the flip side, Gautier came off a technical knockout win on Contender Series in September. In March he had his proper debut. He treated Jose Medina like a punching bag for three minutes before putting him down with a knee (see it here). Now, Medina showed very little striking defense in that bout and seemed content to try and smile through Gautier’s offense. Even so, Gautier looks like he could do some damage against someone who is actually trying not to get hit. Valentin has a reputation as a striker and he got a scary KO on TUF. But, I think we’ve seen now that TUF is the lowest level development vehicle UFC has (below even Road to UFC). Gautier is also very big for the weight class and will have height and reach over Valentin. I think he puts him away and that’s the last we see of Valentin in the Octagon. I’ll take the under here, since there’s more value than Gautier’s -550 moneyline. Best bet: Under 1.5 rounds (+114) UFC 318 Early ‘Prelims’ Under Card Odds Adam Fugitt (+440) vs. Islam Dulatov (-600) Dulatov, at this time of writing, is the biggest favorite on the card. And he’s an interesting cat. He’s a fashion model who has done work for heavy hitters like Gucci. He’s German, but was born in Chechnya. And he’s 11-1, coming off an elbow knockout on Contender Series. Fugitt, meanwhile, has been out for more than a full year. In his last fight, he got a split decision over Josh Quinlan. We know more about Fugitt than we do about Dulatov. And we’ve seen Vegas slap shiny low odds on plenty of debut guys coming off Contender Series. Vegas is mostly right about these. Even so, I think there should be some buyer beware notices on Dulatov, simply because the highest level he’s competed at is OKTAGON (he also has a 30-second submission over Will Chope — remember him?). If I were more impressed with Fugitt I would question the line more. As it stands, though, I’ll just question the round total. Vegas has that at 1.5 rounds, so they are really expecting Dulatov to come in and wreck Fugitt. I’ll lean into my skepticism here and put my money on this being a closer fight that at least gets half way through the second round. Best bet: Over 1.5 rounds (+145) Jimmy Crute (-310) vs. Marcin Prachnio (+250) Crute fought Rodolfo Bellato to a majority draw in February, thanks to scoring a 10-8 round one and then losing rounds two and three. Before that he was submitted by Alonzo Menifield. And before that he fought Menifield to a majority draw. Crute hasn’t won a fight since 2020 when he TKO’d Modestas Bukauskas. The 17-8 Prachnio is coming off a loss to Bukauskas. He was submitted in the second round one year ago (see it here). Before that he took a decision over Devin Clark. Prachnio is a kickboxer who lands a decent volume, but doesn’t have the power or defense to be successful in UFC. Crute is more diverse and his ability to strike and wrestle is probably going to make the difference in this fight. Crute lands 3.86 takedowns per 15 minutes. Prachnio has a sub-par 53 percent takedown defense. Crute will likely get a couple of takedowns. That, paired with some even brawling on the feet, spells a probable decision win for the Aussie. Best bet: Jimmy Crute moneyline (-310) Ryan Spann (-230) vs. Lukasz Brzeski (+190) Things did not go great for Spann in his UFC Heavyweight debut in March. Waldo Cortes-Acosta was able to pepper him with shots before putting him down late in the second round (see it here). He made the jump up in weight after going 1-3 in the last two years, with the only win being a first round guillotine on Ovince St. Preux. Brzeski, on the other hand, has been awful in UFC, going 1-5. That win was a unanimous decision he managed to get over Valter Walker, before Walter discovered he can just heel hook every UFC Heavyweight on the roster. Brzeski has been stopped in three of his losses with knockouts coming against Kennedy Nzechukwu, Mick Parkin and Cortes-Acosta. This is a a hard fight to call simply because of the lack of durability in both corners. 67 percent of Brzeski’s losses are by TKO/KO, while 45 percent of Spann’s losses come that way. It seems unlikely that one of these guys will make it through the entire fight with their consciousnesses intact. I feel like Spann has the more power in his hands and is thus more likely to be the hammer and not the nail here. But I’m not sure enough of that to bet on him, especially since we still have questions about whether he can hang at Heavyweight. I think we need to look at the round total here, which is 1.5 rounds. The over is +124 and the under is -160. All of Brzeski’s UFC stoppage losses are in the first round, so our best bet is probably the under. Best bet: Under 1.5 rounds (-160) Brunno Ferreira (-675) vs. Jackson McVey (+490) You gotta feel for McVey. The undefeated (6-0) Middleweight scored a quick technical knockout at LFA last month and then got the dream call to fight inside T-Mobile Arena for UFC 317. However, his original opponent, Sedriques Dumas, had to bow out due to his ankle monitor inhibiting his ability to travel. That was a pretty competitive fight on paper. Dumas was replaced by Christopher Ewert (who had been waiting on a Contender Series fight). Ewert couldn’t make weight, though. McVey was favored to win that one. Now, McVey has been slid over to UFC 318 and given the knockout machine that is Ferreira. Ferreira is coming off an armbar win over Armen Petrosyan (that saw “Superman” booted from the promotion — see it here). Before that he lost, by arm triangle, to Abus Magomedov in a fight where he hurt Magomedov (see it here). And before that he obliterated Dustin Stoltzfus with a spinning elbow (see it here). He’s also got a TKO over Phil Hawes (see it here). McVey might be a decent talent, but this matchmaking tells us UFC doesn’t really care about that. He might surprise us here, he’s got a lot of size on Ferreira. Though, Ferreira is used to being the smaller man at Middleweight. With no value on picking Ferreira’s moneyline, I might as well play with the round total. The round total is set at 1.5 with the over +220 and the under -298. Four of Ferreira’s six UFC fights have ended in the first round. All of McVey’s six wins have come in the first round, too. Best bet: Under 1.5 rounds (-298) Carli Judice (-305) vs. Nicolle Caliari (+245) Judice got her first UFC win last time out, after she sat Yuneisy Dubin down with a head kick (see it here). She lost her two prior bouts, both split decisions, to Gabriella Fernandes and Ernesta Kareckaite. The 26 year-old’s record is just 4-2. Meanwhile, 28-year-old Caliari is 8-3, but just 0-1 in UFC. She lost a split decision to Kareckaite in her promotional debut (after an armbar win on Contender Series). Caliari struggled in the striking department against the long and lean Kareckaite. She absorbed 95 sig. strikes and landed just three of fourteen takedown attempts. She had a nine reach disadvantage in that one. This time around she’ll have a six inch reach disadvantage. I think it will cause her similar problems and Judice (who has better takedown defense than Kareckaite) should be able to eek out a decision. Best bet: Carli Judice moneyline (-305) UFC 318 Long Shots! Here’s a couple of long shots for Saturday night’s action ... Max Holloway vs. Dustin Poirier to end in a draw (+5000) Maybe we get both men walking away with claims to the BMF title after this one? A draw between these two legends, after a good fight, might be the kind of thing the MMA Gods have drawn up for this one. We most likely need a 10-8 round to get there. I can see one of these guys getting off to a hot start in the first and almost finishing the other. Then, the almost finished fighter comes back and takes three of four remaining rounds. That gets us 47-47. Two-fight parlay: Kevin Holland, Brendan Allen to win via submission (+1770) Holland is great at snatching up d’arce, anaconda and ninja chokes from standing. Rodriguez has been caught by a d’arce in the past. I think Holland might have some success wrapping his long arms around his smaller opponent’s neck. And Allen is a great back taker. Vettori can really slow down in a fight when he’s losing on the scorecards. I can see him giving up his back in the third and tapping to an RNC to speed up his fate. First minute finish: Ateba Gautier vs. Robert Valentin (+600) Ateba Gautier is a hot prospect with hands of stone. Valentin appears to be enhancement talent in this one. Valentin has been itching for an opponent who will stand and bang with him. I think he comes out swinging and eats a massive counter here. Remember that MMAmania.com will deliver LIVE round-by-round, blow-by-blow coverage of the entire UFC 318 fight card right here, starting with the ESPN/ESPN+ “Prelims” matches online, which are scheduled to begin at 6:15 p.m. ET, before the main card start time at 10 p.m. ET (also on ESPN+). To check out the latest and greatest UFC 318: “Holloway vs. Poirier 3” news and notes be sure to hit up our comprehensive event archive right here. Loading comments...",2025-07-16,https://www.mmamania.com/2025/7/16/24466428/ufc-318-best-betting-props-parlays-picks-dustin-poirier-vs-max-holloway-3
