title,text,publish_date,url
"Nate Landwehr vs. Morgan Charrière, UFC Fight Night | MMA Bout | Tapology","Fighter Comparison | Landwehr | Charrière | ||| | #34 FeatherW (Worldwide) | Ranking | #41 FeatherW (Worldwide) | || | 18-6-0 MMA | Pro Record | 20-11-1 MMA | || | 2024 2022 | Last 5 Fights | 2025 2023 | || | +195 (Moderate Underdog) | Betting Odds | -250 (Moderate Favorite) | || | | Nation | | || | Clarksville Tennessee | Fights out of | Mantes-la-Jolie Ile-de-France | || | 37 +1 month, 5 days | Age at Fight | 29 +8 mos, 2 wks, 2 days | || | 146.0 lbs (66.2 kgs) | Weigh-In Result | 146.0 lbs (66.2 kgs) | || | 5'9"" (175cm) | Height | 5'8"" (173cm) | || | 72.0"" (183cm) | Reach | 69.0"" (175cm) | || | MMA MASTERS | Gym | Team Chapa Quente | Landwehr vs. Charrière Fight Predictions Fight Predictions Tapology Community Picks: 3,651 Bout Information Event Poster Fight Details - Event: UFC Fight Night: Lewis vs. Teixeira - Date: Saturday 07.12.2025 at 06:00 PM ET - Referee: N/A - Venue: Bridgestone Arena - Enclosure: Octagon - Location: Nashville, Tennessee, United States - Bout Billing: Main Card (fight 9 of 12) - Pro/Am: Professional - Weight: 145 lbs (65.8 kg) - Event Links: - Bout Links:",2025-04-03,https://www.tapology.com/fightcenter/bouts/1010169-ufc-fight-night-nate-the-train-landwehr-vs-morgan-the-last-pirate-charriere
"Morgan Charriere vs. Nate Landwehr prediction, pick, start time for UFC on ESPN 70","Morgan Charriere vs. Nate Landwehr prediction, pick, start time for UFC on ESPN 70 Morgan Charriere and Nate Landwehr meet Saturday on the main card of UFC on ESPN 70 at Bridgestone Arena in Nashville, Tenn. Check out this quick breakdown of the matchup from MMA Junkie analyst Dan Tom. Last event: 2-3 UFC main cards, 2025: 64-48-1 Morgan Charriere vs. Nate Landwehr UFC on ESPN 70 preview Charriere (20-11-1 MMA, 2-2 UFC) has traded wins and losses since entering the UFC, and comes in on the heels of a loss to Nathaniel Wood in March. Charriere hasn't lost back-to-back fights since 2021, which sparked a four-fight streak that led to his UFC debut in 2023. The French fighter will aim to get back in the win column as a comfortable favorite. ... Landwehr (18-6 MMA, 5-4 UFC) has also bounced in and out of the winner's circle of his last four fights, and is also entering off a loss. In December, he was finished by Doo Ho Choi, which followed a first-round TKO of Jamall Emmers last March. Morgan Charriere vs. Nate Landwehr UFC on ESPN 70 expert pick, prediction In what is arguably the best fight on the entire card, Nate Landwehr will welcome Morgan Charriere to his home state. As someone who has been interviewing and following Landwehr's career since his M-1 days, it's awesome to have seen Nate ""The Train"" become such a fan favorite for the wars he tends to bring out of his opponents. And though he was on the receiving end in his last fight with the talented Doo Ho Choi, it's important to note that Landwehr was dealing with a myriad of issues, ranging from illness to at least one broken hand. That said, Charriere can be a handful for any fighter to deal with, healthy or not. A quietly experienced regional player who sustained a plethora of deceptively close losses to noted fighters, Charriere's career has sometimes been a frustrating follow. Although you can argue that a decent amount of Charriere's decision losses could have easily gone his way, the Frenchman's propensity to play his opponent's game and not punctuate rounds has undoubtedly been a source of his shortcomings. Don't get me wrong, Charriere is the deserved favorite in this spot given their potential career trajectories and the fact that Landwehr has been blown out by lesser competition before. However, if Charriere comes short of anything but a finish or an outright outclassing in the first frame, then ""The Last Pirate"" will likely find himself falling into Landwehr's favored style of fight. Even though Charriere is more than capable of winning a war, I'll take a flier on Landwehr to survive some early scares and feed off the crowd en route to securing some key moments down the stretch. The pick is Landwehr to come out on the right side of a greasy split decision on the scorecards. Morgan Charriere vs. Nate Landwehr UFC on ESPN 70 odds The oddsmakers and the public favor the French fighter, listing Charriere -250 and Landwehr +190 via FanDuel. Morgan Charriere vs. Nate Landwehr UFC on ESPN 70 start time, how to watch Charriere and Landwehr are expected to walk to the cage at approximately 10:10 p.m. ET. The fight broadcasts live on ESPN and ESPN+.",2025-07-12,https://mmajunkie.usatoday.com/story/sports/ufc/2025/07/12/morgan-charriere-vs-nate-landwehr-ufc-nashville-prediction-expert-pick/84665083007/
Matchup Spotlight | Nate Landwehr vs Morgan Charriere,"Nicknames don’t make a fight, but they certainly make it cooler, and when a matchup pits “The Train” against “The Last Pirate,” it injects a bit more fun into what should already be a thriller when Nate Landwehr and Morgan Charriere collide in Nashville at UFC Fight Night: Lewis vs Teixeira. The pair of featherweights are appointment-viewing whenever they are on a card, and combined they should make for fireworks incarnate. Before these two lock horns, let’s take a deeper dive into the matchup: Nate Landwehr “The Train” came into the UFC off seven straight wins, including three consecutive title fight victories on the M-1 circuit in Russia. His Octagon account got off to a rocky, 1-2 start with both losses coming via first-round knockout. His lone win against Darren Elkins provided a glimpse into the showman he could be, but consistency eluded him. The Clarksville native wasn’t deterred, and after moving his training camp to MMA Masters in Miami, he got things back on track. First came a submission win over Ludovit Klein that continues to age well. The performance showed off Landwehr’s controlled aggression, and the finish was his first career submission. For his troubles, he scored his first performance bonus. Perhaps the most all-encompassing performance in terms of the “Nate the Train” experience came against David Onama. Landwehr was badly rocked in the first round, crashing to the canvas a pair of times before recovering and surviving until the round’s end. Landwehr swung the momentum his way when he scored a takedown and wore Onama down badly, and in the third round, Landwehr drank in all of the scenes while pushing toward the majority decision win and a Fight of the Night bonus. GET YOUR TICKETS: UFC Nashville | UFC 318 | UFC Abu Dhabi | UFC 319 Landwehr would split his next four fights, but his submission and knockout wins over Austin Lingo and Jamall Emmers, respectively, earned him two more performance bonuses. After falling to Dooho Choi at UFC 310, Landwehr was eager to get back and get his hand raised again but was forced to wait until a broken hand healed. Morgan Charriere France’s Charriere entered the UFC with a reputation for putting on spectacular fights and winning in spectacular fashion. After winning the Cage Warriors featherweight title, Charriere made his much-anticipated UFC debut in Paris and scored a TKO win via body kicks over Manolo Zecchini, earning a performance bonus for his troubles. Similar to Landwehr, Charriere has struggled to find his groove in the Octagon. He fell in his sophomore appearance to Chepe Mariscal via split decision, which still earned the pair a Fight of the Night nod. He recovered to the tune of a knockout win in Paris at UFC Fight Night: Moicanovs Saint Denis, earning his third consecutive performance bonus, but he followed that with a decision loss to Nathaniel Wood in London at UFC Fight Night: Edwards vs Brady. Full Nashville Fight Card Preview Despite his .500 record in the Octagon, Charriere still holds plenty of potential and intrigue in the ultra-competitive featherweight division. Meeting in the Middle With both men’s bouts averaging less than 10 minutes per outing, one can safely assume Landwehr and Charriere won’t need the judges’ scorecards when they make the walk in Bridgestone Arena. Landwehr is particularly eager to perform, as the fight is his first in his home state since 2016. Stylistically, it’s likely this fight will take place on the feet for the most part. Charriere averages nearly two takedowns per 15 minutes, but Landwehr’s 74 percent takedown defense is good for ninth overall among active featherweights. As long as he can stay upright, Landwehr will have the chance to wear on his opponents. He averages 5.59 strikes landed per minute, which ranks fifth among active featherweights, and he is every bit the “live or die by the sword” type he advertises himself to be. A quirky stat that speaks to the action both men welcome is that Landwehr and Charriere both absorb more strikes than they land, which means they are both willing to stand, trade and live in the fire if it means possibly getting their opponent out of there early. Don't miss a moment of UFC Fight Night: Lewis vs Teixeira, live from Bridgestone Arena in Nashville, Tennessee on July 12, 2025. Prelims start at 6pm ET/3pm PT, followed by the main card at 9pm ET/6pm PT.",2025-07-10,https://www.ufc.com/news/matchup-spotlight-nate-landwehr-vs-morgan-charriere-ufc-nashville
"Nate Landwehr vs. Morgan Charriere prediction, odds, pick for UFC Nashville","UFC Nashville: Derrick Lewis versus Tallison Teixeira continues on the main card with a fight between Nate Landwehr and Morgan Charriere in the featherweight division on Saturday. Check out our UFC odds series for our Landwehr-Charriere prediction and pick. Nate Landwehr (18-6) rebounded from a tough loss to Dan Ige with a thrilling first-round comeback knockout over Jamall Emmers in March, earning a Performance of the Night bonus. Most recently, Landwehr was stopped by Doo Ho Choi via third-round TKO. Now, “The Train” looks to get back on track against Morgan Charriere this Saturday night Morgan Charriere (20-11-1) comes into UFC Nashville after dropping a hard-fought decision to Nathaniel Wood in March, following a highlight-reel knockout of Gabriel Miranda last September. Now, “The Last Pirate” looks to rebound and make a statement by halting Nate Landwehr’s momentum this Saturday night in Nashville. Here are the UFC Nashville Odds, courtesy of DraftKings. UFC Nashville odds: Nate Landwehr-Morgan Charriere odds Nate Landwehr: +220 Morgan Charriere: -270 Over 2.5 rounds: -166 Under 2.5 rounds: +130 *Watch sports LIVE with fuboTV (Get Access | Save $30)* Why Nate Landwehr will win - Last Fight: (L) Doo Ho Choi – KO/TKO R3 - Last 5: 3-2 - Finishes: 11 (9 KO/TKO/2 SUB) Nate Landwehr has the grit, pressure, and experience to hand Morgan Charriere a defeat at UFC Nashville. Known for his relentless forward movement and willingness to brawl, Landwehr thrives in high-paced, chaotic fights where he can wear down opponents with volume and aggression. His ability to push the pace and force exchanges often overwhelms more technical strikers who prefer a measured approach. Landwehr’s striking output is among the highest in the division, landing over 5.5 significant strikes per minute, and his willingness to absorb damage in order to dish out more makes him a constant threat in wild exchanges. He also holds a reach advantage and is adept at using his size to bully opponents against the cage, opening up opportunities for clinch work and dirty boxing. When fights go long, Landwehr’s cardio and toughness tend to shine, as he gets stronger in later rounds while opponents fade under his pressure. Charriere, while technically sharp, has struggled when forced to fight off his back foot or when pressured by aggressive opponents. If Landwehr can drag Charriere into a brawl and keep the fight at a frenetic pace, he can sap the Frenchman’s energy and disrupt his rhythm. Expect Landwehr’s relentless style, veteran savvy, and crowd-pleasing aggression to sway the judges or even set up a late finish in front of the Nashville faithful. Why Morgan Charriere will win - Last Fight: (L) Nathaniel Wood – DEC - Last 5: 3-2 - Finishes: 15 (12 KO/TKO/3 SUB) Morgan Charriere is primed to defeat Nate Landwehr at UFC Nashville due to his technical striking, defensive sharpness, and well-rounded skill set. Charriere’s ability to land clean, accurate shots while minimizing damage sets him apart, he absorbs fewer significant strikes per minute than Landwehr and boasts a higher striking accuracy, allowing him to control exchanges and avoid unnecessary brawls. Charriere’s 83% takedown defense and improved grappling give him the tools to neutralize Landwehr’s pressure-heavy approach. While Landwehr thrives in chaotic, high-volume fights, he is often vulnerable defensively, absorbing more strikes than he lands and relying on his chin to withstand punishment. Charriere, by contrast, is disciplined and opportunistic, capable of capitalizing on defensive lapses with crisp counters and well-timed takedowns. Landwehr’s aggressive style can work against him, especially against a fighter like Charriere who excels at maintaining range and dictating the pace. Charriere’s finishing instincts, highlighted by multiple knockouts and post-fight bonuses, make him a constant threat, whether the fight stays standing or hits the mat. If Charriere stays composed and sticks to his game plan, he can frustrate Landwehr, avoid wild exchanges, and rack up points with cleaner, more efficient offense. Expect Charriere’s youth, technical edge, and superior fight IQ to shine through, leading him to a decisive victory in Nashville. Final Nate Landwehr-Morgan Charriere prediction & pick Morgan Charriere enters UFC Nashville with a technical edge and defensive sharpness that could prove decisive against Nate Landwehr. Charriere’s ability to control distance, land clean counters, and avoid unnecessary exchanges gives him a clear path to victory if he maintains his composure under pressure. Landwehr’s relentless aggression and high-volume style always make him a live underdog, especially if he can turn the fight into a brawl. However, his tendency to absorb damage and rely on his chin may play into Charriere’s strengths. If Charriere stays disciplined, uses his footwork, and capitalizes on Landwehr’s defensive lapses, he should be able to outpoint his opponent over three rounds. Expect Charriere’s technical prowess and fight IQ to earn him a hard-fought decision win in Nashville. Final Nate Landwehr-Morgan Charriere Prediction & Pick: Morgan Charriere (-270), Over 2.5 Rounds (-166)",2025-07-10,https://clutchpoints.com/betting/nate-landwehr-vs-morgan-charriere-prediction-odds-pick-for-ufc-nashville
"Nate Landwehr vs. Morgan Charriere Prediction, Pick, Odds for UFC Nashville (Saturday, July 12)","Nate Landwehr vs. Morgan Charriere Odds, Prediction | Landwehr Odds | +220 | | Charriere Odds | -270 | | Over/Under | 2.5 (-166/ +130) | | Location | Bridgestone Arena, Nashville, Tennessee | | Bout Time | 10:15 p.m. ET | | TV/Streaming | ESPN+ PPV | | UFC Nashville odds as of Friday and via DraftKings. Bet on UFC Nashville with our DraftKings promo code. | Check out the Nate Landwehr vs. Morgan Charriere prediction for UFC Nashville on Saturday, July 12, with my betting preview and breakdown. Fight night in Nashville may not draw the eyes of the casual MMA fan, but one fight you do not want to miss is one involving Nate Landwehr. Nate “The Train” will be fighting in front of his home crowd as a sizable underdog on the main card Saturday night. His opponent Morgan Charriere is 2-2 in the UFC organization and may not have earned the right to be this much of a favorite against a battle-tested veteran like Landwehr. Here's my Landwehr vs. Charriere pick and prediction. Tale of the Tape | Landwehr | Charriere | | |---|---|---| | Record | 18-6 | 20-11-1 | | Avg. Fight Time | 9:48 | 9:50 | | Height | 5'9"" | 5'8"" | | Weight (pounds) | 145 lbs. | 145 lbs. | | Reach (inches) | 72"" | 69"" | | Stance | Orthodox | Orthodox | | Date of birth | 6/6/1988 | 10/26/1995 | | Sig Strikes Per Min | 5.59 | 3.46 | | SS Accuracy | 46% | 49% | | SS Absorbed Per Min | 5.77 | 4.15 | | SS Defense | 52% | 51% | | Take Down Avg | 0.85 | 1.91 | | TD Acc | 41% | 50% | | TD Def | 74% | 83% | | Submission Avg | 0.8 | 0.4 | Charriere is an explosive athlete who undoubtedly looks the part. After his knockout victory over Gabriel Miranda in 2024, the feeling surrounding the Frenchman was overwhelmingly positive, with the assumption he had turned the corner heading into his prime. Charriere opened as a pick 'em against another veteran in Nathaniel Wood, before bettors flooded the market with money backing the younger, more explosive finisher. They were disappointed in a lack of output that saw him attempt just 10 significant strikes in round one en route to a loss, where he landed just 42 strikes of significance the entire 15-minute bout. This shouldn’t have been that surprising of result if you have followed the career of Charriere. He has never landed 50 significant strikes in a UFC fight, averaging just 3.4 strikes landed per 15 minutes. His low-volume style is a stylistic nightmare against someone with the constant pressure and output of Nate Landwehr. Yes, Landwehr is 37 years of age, coming off a knockout loss and has absorbed an inordinate amount of damage throughout his career. With that said, the oddsmakers have made a mistake implying the most likely outcome as a Charriere decision win at +150. Charriere is 5-10 over the entirety of his MMA career when the fight has gone to decision. Landwehr, on the other hand, is 7-2 to the decision in his career, all the while facing a much tougher strength of schedule. The moneyline in this matchup is lined at the current price simply because of the damage Landwehr has sustained and how difficult it is to gauge just how much that has taken its toll. Landwehr's willingness to create chaotic exchanges combined with his forward pressure will open up opportunities for Charriere to land some explosive counter shots. If you are backing Nate Landwehr, prepare to feel uncomfortable for the duration of the fight, but especially in the first 5 minutes when he is likely to eat a powerful strike or two before he really turns up the pace. Landwehr vs. Charriere, Prediction, Odds Charriere is not nearly as effective of a striker when he is on his back foot, which I expect him to be for the majority of this bout. Landwehr has all of the tools to spring the upset in what should be one of the most exciting fights of the night. I will be attacking this fight with a few different angles in the betting market. As mentioned, I believe this line is too wide and will be backing the underdog with the home crowd behind him for half of a unit, with a quarter unit attached to Landwehr by decision. The path to him outworking and pressuring the less experienced Charriere is a viable outcome and has value at +450. Lastly, under the FanDuel tab KO/TKO round combos I will add an additional quarter unit on Charriere by KO/TKO in rounds 1 or 2 at +340, ensuring a small profit if the more explosive fighter does put away an aging Landwehr with a fight-ending counter while he is still fresh. The longer the fight goes, the odds will start to swing in favor of our majority positions on the dog Landwehr. John's Picks: Nate Landwehr +205 (.5u) | Landwehr Decision +450 (.25u) | Charriere by KO/TKO in rounds 1 or 2 +340 (.25u) (All via FanDuel)",2025-07-12,https://www.actionnetwork.com/mma/nate-landwehr-vs-morgan-charriere-prediction-pick-odds-for-ufc-nashville-saturday-july-12
"UFC on ESPN 70: Landwehr vs Charriere - Date, Start time, Fight Card, Location","Nate ""The Train"" Landwehr from the United States faces Morgan ""The Last Pirate"" Charriere from France in a Featherweight bout at Bridgestone Arena in Nashville, Tennessee. As part of the UFC on ESPN 70 card, they both look to rebound from recent losses and make their mark in this competitive matchup. Nate Landwehr has an MMA record of 18 wins and 6 losses, with a recent TKO loss to Doo Ho Choi. He hesitates after his previous defeat against Choi but learns valuable lessons from it. Morgan Charriere holds a record of 20 wins, 11 losses, and 1 draw. He last faced and lost to Nathaniel Wood by unanimous decision. What time is Nate Landwehr vs Morgan Charriere fight Live coverage for the Nate Landwehr vs Morgan Charriere main card will start at 06:00 PM EST on ESPN+. Refer to the table below to find your local time. | Region | Date | Main Card Start Time | Nate Landwehr vs Morgan Charriere Ring Walks (approx.) | | USA and Canada (EST) | Saturday, July 12, 2025 | 06:00 PM | 08:40 PM | | USA and Canada (PT) | Saturday, July 12, 2025 | 03:00 PM | 05:40 PM | | UK and Ireland (GMT) | Saturday, July 12, 2025 | 10:00 PM | 12:40 AM (next day) | | Australia (AEDT) | Sunday, July 13, 2025 | 09:00 AM | 11:40 AM | The UFC on ESPN 70 event will take place on July 12, 2025, at the Bridgestone Arena in Nashville, Tennessee. The event starts at 08:40 PM EST. One of the undercard fights features Nate Landwehr against Morgan Charriere in the Featherweight division. This fight consists of three rounds. The main event of the night is between Derrick Lewis and Tallison Teixeira. The exact start time for each fight may vary depending on how long the earlier fights last. Fans should check their local time zones to ensure they don't miss any action. Fighters Details Nate Landwehr clashes with Morgan Charriere at UFC on ESPN 70, fighting in the Featherweight division. Nate Landwehr - Nationality: United States - Height: 175 cm - Weight: 65.8 kg - Total Fights: 24 - Record: 18 / 6 / 0 Nate Landwehr, who fights out of Clarksville, Tennessee, holds a professional record of 18 wins and 6 losses. He last stepped into the Octagon against Doo Ho Choi, losing by TKO due to elbows. Choi has shown strength with numerous KO wins. Given Landwehr’s past knockouts, he must prepare for Charriere's striking power. Morgan Charriere - Nationality: France - Height: 173 cm - Weight: 65.8 kg - Total Fights: 32 - Record: 20 / 11 / 1 Morgan Charriere from France boasts 20 victories with a striking heavy record of 12 KOs and no knockout losses. His recent unanimous decision loss to Nathaniel Wood suggests his resilience in prolonged battles. Expect Charriere to aim for another showcase of endurance and power against Landwehr. How and where to watch the Nate Landwehr vs Morgan Charriere Fight You can watch Nate Landwehr vs Morgan Charriere via ESPN+. | Region | Live-streaming | | USA | ESPN | If your country is blocked by the streaming services or there simply isn’t any viable options for your country, we only can recommend one solution: using a VPN software to bypass the restrictions. It allows you to change your IP address and appear as if you’re watching the event from another country. So if you live in either the UK, Canada, Australia, New Zealand, India, UAE, Mexico, Spain or any other country and can’t find a working provider to watch the Nate Landwehr vs Morgan Charriere fight, use our recommended (and tested) VPN and switch to a location of your choice. Nate Landwehr vs Morgan Charriere Fight Card - Derrick Lewis vs Tallison Teixeira - Stephen Thompson vs Gabriel Bonfim - Calvin Kattar vs Steve Garcia - Nate Landwehr vs Morgan Charriere - Vitor Petrino vs Austen Lane - Junior Tafa vs George Tokkos - Max Griffin vs Chris Curtis - Jake Matthews vs Chidi Njokuani - Lauren Murphy vs Eduarda Moura - Kennedy Nzechukwu vs Valter Walker - Mitch Ramirez vs Mike Davis - Fatima Kline vs Melissa Martinez",2025-07-10,https://ringside24.com/en/news/mma/231576-ufc-on-espn-70-landwehr-vs-charriere-date-start-time-fight-card-location
Nate Landwehr vs Morgan Charriere Prediction: Featherweights Face Off In Nashville,"The featherweight clash between Nate Landwehr and Morgan Charriere on Saturday, July 12, 2025, at UFC Fight Night in Nashville is shaping up to be a striking showcase. With Charriere opening as a heavy favorite and both fighters having knockout power, this fight should be a fun one on the main card. Continue reading to get my Nate Landwehr vs Morgan Charriere prediction for this matchup. Our Nate Landwehr vs Morgan Charriere Pick - Pick: Morgan Charriere by KO/TKO - Confidence: ★★★★☆ - Bonus Bets: With BetMGM promo code ATSBONUS, you can get up to $1,500 in bonus bets if your first bet doesn’t win! Tale of the Tape | Nate Landwehr | Morgan Charriere | | |---|---|---| | Age | 37 | 29 | | Reach | 72″ | 69″ | | Stance | Orthodox | Orthodox | | Record | 18‑6‑0 | 20‑11‑1 | Landwehr vs Charriere Preview Nate Landwehr is a battle-tested veteran who has earned knockouts in half of his career wins. He has nine knockouts, two submissions, and a reputation for walking opponents down with relentless pressure. In his UFC tenure, he is 5‑4, and he most recently lost via a third-round TKO to Doo Ho Choi in December 2024. Landwehr’s toughness makes him dangerous, but his chin has been cracked time and time again and that will be a concern here as well. Morgan Charriere holds a 20‑11‑1 career record, with 12 of his wins coming via knockout and another three via submission. In his last fight, he lost via decision to Nathaniel Wood in March and he has dropped two of his last three fights overall. But Charriere has knockout power that Landwehr will have to account for throughout this fight. Betting Insights - Moneyline: Charriere is a –250 favorite, with Landwehr at +200 on the other side. - Knockout Power: Each of Charriere’s last four wins have come via knockout dating back to 2023. - Inside the Distance: Three of Landwehr’s last four fights have ended inside the distance. Landwehr vs Charriere Prediction If Charriere controls distance and lands early with his crisp combinations, he can build confidence and target Landwehr’s head. Despite a three‑inch reach deficit, he possesses faster hands and superior timing. Landwehr’s toughness is well-documented, but he is trending in the wrong direction and that worries me going into this fight. Landwehr’s best path is to survive early chaos, drag the fight into deep waters, and grind out a decision. That said, Charriere’s power makes that unlikely. My lean is for Charriere to take this fight by knockout in Round 2 or 3. His sharp movement, finishing ability, and superior athleticism give him the edge.",2025-07-04,https://ats.io/mma/nate-landwehr-vs-morgan-charriere-prediction/434249/
Nate Landwehr Vs. Morgan Charrière - Odds And Match Preview,"Nate Landwehr vs. Morgan Charrière – Odds and Match Preview The upcoming UFC featherweight bout between Nate Landwehr and Morgan Charrière, set for UFC Fight Night: Nashville on July 12, 2025, is widely anticipated as a potential “Fight of the Night” due to both fighters’ aggressive styles and exciting track records. Nate Landwehr vs. Morgan Charrière The odds for the upcoming UFC featherweight bout between Nate Landwehr and Morgan Charrière, scheduled for July 12, 2025, have Morgan Charrière as the clear favorite with a moneyline of around -240, while Nate Landwehr is the underdog at approximately +205. This means that if you bet $240 on Charrière, you would win $100 if he is victorious, whereas a $100 bet on Landwehr would return $205 if he pulls off the upset. For dealing with upset followers and other major issues check out online reputation management agency. The stakes are high for both men. Each is looking to climb the rankings in the UFC’s stacked featherweight division. A victory would not only boost their position but could also set them up for higher-profile fights in the future. Landwehr will likely look to impose his will with constant pressure and toughness, while Charrière will aim to use his movement and technical striking to keep the fight at range and capitalize on openings. Nate Landwehr is renowned for his relentless pressure, toughness, and ability to mix striking and grappling, which has earned him a reputation as a durable and entertaining fighter. Landwehr is a former M-1 Global Featherweight Champion and has faced tough competition in the UFC, recently rebounding with a knockout victory over Jamall Emmers before suffering a TKO loss to Dooho Choi. On the other side, Morgan Charrière, known as “The Last Pirate,” is a 29-year-old French fighter with a dynamic striking style to the cage, with a background in judo, French boxing, and Brazilian Jiu-Jitsu. He is recognized for his explosive knockouts and well-rounded skill set, having previously held the Cage Warriors Featherweight Championship before joining the UFC in 2023. Charrière has already earned multiple post-fight bonuses for his exciting performances, most recently securing a knockout win over Gabriel Miranda before dropping a unanimous decision to Nathaniel Wood. Charrière is favored to win, most likely by knockout, but Landwehr’s resilience and pressure could challenge that narrative, making this one of the most intriguing matchups on the card. This bout is expected to deliver plenty of action, as both fighters have a proven track record of engaging in thrilling contests. Ultimately, the clash between Landwehr’s brawling style and Charrière’s dynamic striking promises to be a highlight of the event and a pivotal moment in both men’s careers.",2025-06-28,https://www.lowkickmma.com/nate-landwehr-vs-morgan-charriere-odds-and-match-preview/
"A que horas começa o UFC no ESPN 70 esta noite? Landwehr vs Charriere - Horários de início, Programações, Cartão de Lutas","Nate Landwehr e Morgan Charriere estão prestes a se enfrentar no Bridgestone Arena em Nashville, Tennessee, esta noite. Esta luta preliminar de peso pena faz parte do evento UFC no ESPN 70, onde Derrick Lewis enfrenta Tallison Teixeira no evento principal. Nate Landwehr se tornou profissional há vários anos e saiu vitorioso em 18 de suas lutas, nove por nocaute. Morgan Charriere é um oponente bem estabelecido com 20 vitórias e 12 nocautes. Ambos perderam suas lutas mais recentes: Landwehr por TKO contra Doo Ho Choi e Charriere por decisão contra Nathaniel Wood. Competir na mesma categoria de peso adiciona complexidade; ambos os lutadores enfrentam oponentes igualmente habilidosos que tornam a competição acirrada esta noite. A que horas é a luta entre Nate Landwehr e Morgan Charriere A cobertura ao vivo para o cartão principal de Nate Landwehr vs Morgan Charriere começará às 06:00 PM EST no ESPN+. Consulte a tabela abaixo para encontrar seu horário local. | Região | Data | Início da transmissão | Nate Landwehr vs Morgan Charriere Ring Walks (approx.) | | Angola | Domingo, 13 de Julho de 2025 | 12:00 AM | 02:40 AM | | Brasil | Domingo, 13 de Julho de 2025 | 12:00 AM | 02:40 AM | | Portugal | Sábado, 12 de Julho de 2025 | 11:00 PM | 01:40 AM (dia seguinte) | O evento UFC no ESPN 70 ocorrerá esta noite, 12 de julho de 2025, no Bridgestone Arena em Nashville, Tennessee. As lutas começam às 8:40 PM EST. Este evento apresenta uma luta de peso pena entre Nate Landwehr e Morgan Charriere como parte da preliminar. O evento principal da noite é Derrick Lewis contra Tallison Teixeira. Por favor, note que os horários de início programados podem mudar devido à duração das lutas anteriores. É importante verificar seu fuso horário local para horários de visualização precisos. Certifique-se de consultar a tabela com os horários de início para diferentes países para não perder nenhuma ação. Como e onde assistir a luta entre Nate Landwehr e Morgan Charriere Você pode assistir Nate Landwehr vs Morgan Charriere via ESPN+. | Região | Transmissão ao vivo | | EUA | ESPN | Se o seu país estiver bloqueado pelos serviços de streaming ou simplesmente não houver opções viáveis para o seu país, só podemos recomendar uma solução: usar um software VPN para contornar as restrições. Isso permite que você altere seu endereço IP e pareça que está assistindo ao evento de outro país. Portanto, se você mora no Reino Unido, Canadá, Austrália, Nova Zelândia, Índia, EAU, México, Espanha ou em qualquer outro país e não consegue encontrar um provedor funcionando para assistir à luta entre Nate Landwehr e Morgan Charriere, use nossa VPN recomendada (e testada) e mude para uma localização de sua escolha. Detalhes dos Lutadores Nate Landwehr - Nacionalidade: Estados Unidos - Altura: 175 cm - Peso: 65.8 kg - Total de Lutas: 24 - Registro: 18 / 6 / 0 Morgan Charriere - Nacionalidade: França - Altura: 173 cm - Peso: 65.8 kg - Total de Lutas: 32 - Registro: 20 / 11 / 1 Cartão de Lutas de Nate Landwehr vs Morgan Charriere - Derrick Lewis vs Tallison Teixeira - Stephen Thompson vs Gabriel Bonfim - Calvin Kattar vs Steve Garcia - Nate Landwehr vs Morgan Charriere - Vitor Petrino vs Austen Lane - Junior Tafa vs George Tokkos - Max Griffin vs Chris Curtis - Jake Matthews vs Chidi Njokuani - Lauren Murphy vs Eduarda Moura - Kennedy Nzechukwu vs Valter Walker - Mitch Ramirez vs Mike Davis - Fatima Kline vs Melissa Martinez",2025-07-12,https://ringside24.com/pt/news/mma/232191-a-que-horas-comea-o-ufc-no-espn-70-esta-noite-landwehr-vs-charriere-horrios-de-incio-programaes-carto-de-lutas
UFC on ESPN 70 predictions: Can Derrick Lewis upset Tallison Teixeira in Nashville?,"UFC UFC on ESPN 70 predictions: Can Derrick Lewis upset Tallison Teixeira in Nashville? Matt Erickson MMA Junkie The UFC is back in “Music City” for the first time in two years with heavyweights at the top of the ticket. UFC on ESPN 70 (ESPN/ESPN+) takes place Saturday at Bridgestone Arena in Nashville, Tenn. Get pick results from our 11 editors, writers, radio hosts and videographers, as well as additional analysis, below. Junior Tafa vs. Tuco Tokkos - Records: Tafa (6-3 MMA, 2-3 UFC), Tokkos (10-5 MMA, 0-2 UFC) - Past five: Tafa 2-3, Tokkos 3-2 - Division: Light heavyweight - Rankings: None - Odds (as of 07.07.25): Tafa -180, Tokkos +150 - Junkie pick results: Tafa 11, Tokkos 0 Austen Lane vs. Vitor Petrino - Records: Lane (13-6 MMA, 1-3 UFC), Petrino (11-2 MMA, 4-2 UFC) - Past five: Lane 2-3, Petrino 3-2 - Division: Heavyweight - Rankings: None - Odds (as of 07.07.25): Lane +500, Petrino -700 - Junkie pick results: Petrino 11, Lane 0 Morgan Charriere vs. Nate Landwehr - Records: Charriere (20-11-1 MMA, 2-2 UFC), Landwehr (18-6 MMA, 5-4 UFC) - Past five: Charriere 3-2, Landwehr 3-2 - Division: Featherweight - Rankings: None - Odds (as of 07.11.25): Charriere -260, Landwehr +210 - Junkie pick results: Charriere 10, Landwehr 1 Steve Garcia vs. Calvin Kattar - Records: Garcia (17-5 MMA, 6-2 UFC), Kattar (23-9 MMA, 7-7 UFC) - Past five: Garcia 5-0, Kattar 1-4 - Division: Featherweight - Rankings: None - Odds (as of 07.11.25): Garcia -125, Kattar +105 - Junkie pick results: Garcia 7, Kattar 4 Gabriel Bonfim vs. Stephen Thompson - Records: Bonfim (17-1 MMA, 4-1 UFC), Thompson (17-8-1 MMA, 12-8-1 UFC) - Past five: Bonfim 4-1, Thompson 1-4 - Division: Welterweight - Rankings: Thompson No. 12 - Odds (as of 07.11.25): Bonfim -455, Thompson +350 - Junkie pick results: Bonfim 11, Thompson 0 Derrick Lewis vs. Tallison Teixeira - Records: Lewis (28-12 MMA, 19-10 UFC), Teixeira (8-0 MMA, 1-0 UFC) - Past five: Lewis 2-3, Teixeira 5-0 - Division: Heavyweight - Rankings: Lewis No. 11 - Odds (as of 07.11.25): Lewis +245, Teixeira -305 - Junkie pick results: Lewis 7, Teixeira 4 Individual staff member picks, main card Readers 92–57: Teixeira (50.1%), Bonfim (67%), Garcia (62%), Charriere (59%), Petrino (89%), Tafa (74%) - Farah 97-52: Teixeira, Bonfim, Kattar, Charriere, Petrino, Tafa - MikeB 95-54: Teixeira, Bonfim, Garcia, Charriere, Petrino, Tafa - Nolan 95-54: Lewis, Bonfim, Kattar, Charriere, Petrino, Tafa - Kenny 94-55: Lewis, Bonfim, Garcia, Charriere, Petrino, Tafa - Abbey 94-55: Teixeira, Bonfim, Garcia, Charriere, Petrino, Tafa - Brian 90-59: Lewis, Bonfim, Garcia, Landwehr, Petrino, Tafa - MattE 89-60: Lewis, Bonfim, Garcia, Charriere, Petrino, Tafa - Simon 89-60: Teixeira, Bonfim, Kattar, Charriere, Petrino, Tafa - Danny 87-62: Lewis, Bonfim, Kattar, Charriere, Petrino, Tafa - MattW 83-66: Lewis, Bonfim, Garcia, Charriere, Petrino, Tafa - Jorge 81-68: Lewis, Bonfim, Garcia, Charriere, Petrino, Tafa Preliminary card picks Although they don't count toward the standings, MMA Junkie staff members still pick the fights on the prelims. Here are the results: - Chris Curtis vs. Max Griffin: Curtis 11, Griffin 0 - Jake Matthews vs. Chidi Njokuani: Njokuani 8, Matthews 3 - Eduarda Moura vs. Lauren Murphy: Moura 11, Murphy 0 - Kennedy Nzechukwu vs. Valter Walker: Nzechukwu10, Walker 1 - Mike Davis vs. Mitch Ramirez: Davis 11, Ramirez 0 - Fatima Kline vs. Melissa Martinez: Kline 11, Martinez 0",2025-07-12,https://mmajunkie.usatoday.com/story/sports/ufc/2025/07/12/ufc-espn-70-nashville-derrick-lewis-vs-tallison-teixeira-predictions-picks-mma-betting/84698028007/
"Hoe laat is UFC op ESPN 70 vanavond? Landwehr vs Charriere - Starttijden, Schema's, Vechtkaart","Nate Landwehr en Morgan Charriere staan vanavond tegenover elkaar in de Bridgestone Arena in Nashville, Tennessee. Dit featherweight undercard gevecht maakt deel uit van het UFC op ESPN 70 evenement waar Derrick Lewis het opneemt tegen Tallison Teixeira in de hoofdwedstrijd. Nate Landwehr werd enkele jaren geleden professioneel en won 18 van zijn gevechten, negen door knock-out. Morgan Charriere is een goed gevestigde tegenstander met 20 overwinningen en 12 knock-outs. Ze verloren allebei hun meest recente wedstrijden: Landwehr door TKO tegen Doo Ho Choi, en Charriere door beslissing tegen Nathaniel Wood. Competitie in dezelfde gewichtsklasse voegt complexiteit toe; beide vechters staan tegenover even vaardige tegenstanders die vanavond een strakke competitie aanduiden. Hoe laat is de strijd tussen Nate Landwehr en Morgan Charriere Live verslaggeving voor de hoofdkaart van Nate Landwehr vs Morgan Charriere begint om 06:00 PM EST op ESPN+. Raadpleeg de onderstaande tabel voor uw lokale tijd. | Regio | Datum | Begin uitzending | Nate Landwehr vs Morgan Charriere Ring Walks (approx.) | | België | zondag, 13 juli 2025 | 12:00 AM | 02:40 AM | | Nederland | zondag, 13 juli 2025 | 12:00 AM | 02:40 AM | Het UFC op ESPN 70 evenement vindt vanavond plaats, 12 juli 2025, in de Bridgestone Arena in Nashville, Tennessee. De gevechten beginnen om 20:40 PM EST. Dit evenement bevat een featherweight gevecht tussen Nate Landwehr en Morgan Charriere als onderdeel van de undercard. De hoofdwedstrijd voor de avond is Derrick Lewis tegen Tallison Teixeira. Houd er rekening mee dat de geplande starttijden kunnen veranderen afhankelijk van de duur van eerdere gevechten. Het is belangrijk om uw lokale tijdzone te controleren voor nauwkeurige kijktijden. Zorg ervoor dat u naar de tabel met starttijden voor verschillende landen kijkt om geen actie te missen. Hoe en waar de strijd tussen Nate Landwehr en Morgan Charriere te bekijken U kunt Nate Landwehr vs Morgan Charriere bekijken via ESPN+. | Regio | Live-streaming | | VS | ESPN | Als uw land wordt geblokkeerd door de streamingdiensten of er simpelweg geen haalbare opties voor uw land zijn, kunnen we slechts één oplossing aanbevelen: gebruik een VPN-software om de beperkingen te omzeilen. Het stelt u in staat om uw IP-adres te wijzigen en te lijken alsof u het evenement vanuit een ander land bekijkt. Dus als u in het VK, Canada, Australië, Nieuw-Zeeland, India, VAE, Mexico, Spanje of een ander land woont en geen werkende provider kunt vinden om de strijd tussen Nate Landwehr en Morgan Charriere te bekijken, gebruik dan onze aanbevolen (en geteste) VPN en schakel naar een locatie naar keuze. Details van de vechters Nate Landwehr - Nationaliteit: Verenigde Staten - Lengte: 175 cm - Gewicht: 65.8 kg - Totaal aantal gevechten: 24 - Record: 18 / 6 / 0 Morgan Charriere - Nationaliteit: Frankrijk - Lengte: 173 cm - Gewicht: 65.8 kg - Totaal aantal gevechten: 32 - Record: 20 / 11 / 1 Vechtkaart voor Nate Landwehr vs Morgan Charriere - Derrick Lewis vs Tallison Teixeira - Stephen Thompson vs Gabriel Bonfim - Calvin Kattar vs Steve Garcia - Nate Landwehr vs Morgan Charriere - Vitor Petrino vs Austen Lane - Junior Tafa vs George Tokkos - Max Griffin vs Chris Curtis - Jake Matthews vs Chidi Njokuani - Lauren Murphy vs Eduarda Moura - Kennedy Nzechukwu vs Valter Walker - Mitch Ramirez vs Mike Davis - Fatima Kline vs Melissa Martinez",2025-07-12,https://ringside24.com/nl/news/mma/232190-hoe-laat-is-ufc-op-espn-70-vanavond-landwehr-vs-charriere-starttijden-schemas-vechtkaart
"UFC no ESPN 70: Landwehr vs Charriere - Data, Horário, Card de Lutas, Localização","Nate ""The Train"" Landwehr dos Estados Unidos enfrenta Morgan ""The Last Pirate"" Charriere da França em uma luta de peso pena na Bridgestone Arena em Nashville, Tennessee. Como parte do card do UFC no ESPN 70, ambos buscam se recuperar de derrotas recentes e deixar sua marca neste confronto competitivo. Nate Landwehr tem um recorde de MMA de 18 vitórias e 6 derrotas, com uma recente derrota por TKO para Doo Ho Choi. Ele hesita após sua derrota anterior contra Choi, mas aprende lições valiosas com isso. Morgan Charriere tem um recorde de 20 vitórias, 11 derrotas e 1 empate. Ele enfrentou e perdeu para Nathaniel Wood por decisão unânime. Que horas é a luta entre Nate Landwehr e Morgan Charriere A cobertura ao vivo do card principal de Nate Landwehr vs Morgan Charriere começará às 18:00 EST no ESPN+. Consulte a tabela abaixo para encontrar o seu horário local. | Região | Data | Início da transmissão | Nate Landwehr vs Morgan Charriere Ring Walks (approx.) | | Angola | Domingo, 13 de Julho de 2025 | 12:00 AM | 02:40 AM | | Brasil | Domingo, 13 de Julho de 2025 | 12:00 AM | 02:40 AM | | Portugal | Sábado, 12 de Julho de 2025 | 11:00 PM | 01:40 AM (dia seguinte) | O evento UFC no ESPN 70 será realizado em 12 de julho de 2025, na Bridgestone Arena em Nashville, Tennessee. O evento começa às 20:40 EST. Uma das lutas do card preliminar apresenta Nate Landwehr contra Morgan Charriere na divisão de peso pena. Essa luta consiste em três rounds. O evento principal da noite é entre Derrick Lewis e Tallison Teixeira. O horário exato de início de cada luta pode variar dependendo de quanto tempo as lutas anteriores duram. Os fãs devem verificar seus fusos horários locais para garantir que não percam nenhuma ação. Detalhes dos Lutadores Nate Landwehr enfrenta Morgan Charriere no UFC no ESPN 70, lutando na divisão de peso pena. Nate Landwehr - Nacionalidade: Estados Unidos - Altura: 175 cm - Peso: 65,8 kg - Total de Lutas: 24 - Registro: 18 / 6 / 0 Nate Landwehr, que luta de Clarksville, Tennessee, tem um recorde profissional de 18 vitórias e 6 derrotas. Ele entrou no Octágono pela última vez contra Doo Ho Choi, perdendo por TKO devido a cotoveladas. Choi já mostrou força com várias vitórias por KO. Dado o histórico de nocautes de Landwehr, ele deve se preparar para o poder de soco de Charriere. Morgan Charriere - Nacionalidade: França - Altura: 173 cm - Peso: 65,8 kg - Total de Lutas: 32 - Registro: 20 / 11 / 1 Morgan Charriere da França ostenta 20 vitórias com um histórico pesado de 12 KOs e nenhuma derrota por nocaute. Sua recente derrota por decisão unânime para Nathaniel Wood sugere sua resiliência em batalhas prolongadas. Espere que Charriere busque outra demonstração de resistência e poder contra Landwehr. Como e onde assistir à luta Nate Landwehr vs Morgan Charriere Você pode assistir Nate Landwehr vs Morgan Charriere via ESPN+. | Região | Transmissão ao vivo | | USA | ESPN | Se o seu país estiver bloqueado pelos serviços de streaming ou simplesmente não houver opções viáveis para o seu país, podemos recomendar uma solução: usar um software VPN para contornar as restrições. Isso permite que você mude seu endereço IP e pareça que está assistindo ao evento de outro país. Portanto, se você mora no Reino Unido, Canadá, Austrália, Nova Zelândia, Índia, UAE, México, Espanha ou qualquer outro país e não consegue encontrar um provedor funcionando para assistir à luta entre Nate Landwehr e Morgan Charriere, use nosso VPN recomendado (e testado) e mude para um local de sua escolha. Card de Lutas Nate Landwehr vs Morgan Charriere - Derrick Lewis vs Tallison Teixeira - Stephen Thompson vs Gabriel Bonfim - Calvin Kattar vs Steve Garcia - Nate Landwehr vs Morgan Charriere - Vitor Petrino vs Austen Lane - Junior Tafa vs George Tokkos - Max Griffin vs Chris Curtis - Jake Matthews vs Chidi Njokuani - Lauren Murphy vs Eduarda Moura - Kennedy Nzechukwu vs Valter Walker - Mitch Ramirez vs Mike Davis - Fatima Kline vs Melissa Martinez",2025-07-10,https://ringside24.com/pt/news/mma/231608-ufc-no-espn-70-landwehr-vs-charriere-data-horrio-card-de-lutas-localizao
Main Card Results | UFC Nashville,"UFC returns to Nashville with a clash of heavyweight knockout artists as former world title challenger and current No. 9 ranked contender Derrick Lewis battles No. 13 Tallison Teixeira. Also, fan favorite No. 14 ranked featherweight contender Calvin Kattar takes on Steve Garcia, who rides a 5-fight finish streak into Saturday. UFC FIGHT NIGHT: LEWIS vs TEIXEIRA takes place Saturday, July 12 at Bridgestone Arena. The entire card will be available on ESPN and ESPN Deportes, as well as in English and Spanish on ESPN+, starting with the prelims at 6pm ET/3 pm PT followed by the main card at 9pm ET/6pm PT. Prelim Results | Official Scorecards | Watch Live UFC Nashville Results Fight Recaps & Backstage Interviews This page will be updated live throughout the night with full fight recaps and exclusive post-fight interviews with every winner. Register Now For The Canelo vs Crawford Pre-Sale Happening July 17 Junior Tafa vs Tuco Tokkos - Light heavyweights kick off the main card as Junior Tafa (6-3, fighting out of Brisbane, Australia) takes on Tuco Tokkos (10-5, fighting out of Deerfield Beach, Florida by way of London, England) Vitor Petrino vs Austen Lane - Vitor Petrino (11-2, fighting out of Santa Luzia, Minas Gerais, Brazil) searches for success in a new weight division when he takes on former NFL player Austen Lane (13-6, 1 NC, fighting out of Jacksonville, FL) at heavyweight Nate Landwehr vs Morgan Charriere - Tennessee native Nate Landwehr (18-6, fighting out of Clarksville, TN) and Morgan Charriere (20-11-1, fighting out of Mantes-la-Jolie, France) collide in a lightweight matchup with fight of the night written all over it Pugilism at its 𝘱𝘶𝘳𝘦𝘴𝘵 🤩 @Canelo vs @TerenceCrawford is a once in a LIFETIME fight 🥊 — Zuffa_Boxing (@Zuffa_Boxing) July 11, 2025 [ #CaneloCrawford | SEP 13 | Live GLOBALLY on @Netflix 📺 ] pic.twitter.com/jkhEgck0U7 Calvin Kattar vs Steve Garcia - No. 14 ranked featherweight Calvin Kattar (23-9, fighting out of Methuen, MA) defends his spot in the Top 15 against fast-rising prospect Steve Garcia (17-5, fighting out of Albuquerque, NM) who's finished his last five opponents Stephen Thompson vs Gabriel Bonfim - In the co-main event, former welterweight title challenger and No. 12 ranked contender Stephen Thompson (17-8-1, fighting out of Simpsonville, SC) collides with Brazilian rising star Gabriel Bonfim (17-1, fighting out of Brasilia, Brazil) Main Event: Derrick Lewis vs Tallison Teixeira - In the main event, UFC's all-time leader in knockouts and No. 9 ranked heavyweight contender Derrick Lewis (28-12, 1 NC) squares off against undefeated Dana White's Contender Series standout and No. 13 ranked Tallison Teixeira (8-0, fighting out of Sao Paulo, Brazil) Don't miss a moment of UFC Fight Night: Lewis vs Teixeira, live from Bridgestone Arena in Nashville, Tennessee on July 12, 2025. Prelims start at 6pm ET/3pm PT, followed by the main card at 9pm ET/6pm PT.",2025-07-12,https://www.ufc.com/news/main-card-results-highlights-winner-interviews-ufc-fight-night-lewis-vs-teixeira-nashville
UFC Fight Night Nashville Predictions – Lewis vs Teixeira Picks for Main Card,"UFC Fight Night Nashville is headlined by Derrick Lewis vs. Tallison Teixeira on Saturday, July 12. With fights that will have rippling effects through the rankings, including the Heavyweight main event, Fight Night Nashville should not be ignored, despite being sandwiched between two of the biggest cards of the year. We’ll break down the top UFC Fight Night Nashville predictions and picks, including a Lewis vs Teixeira pick, main card fight predictions, and PrizePicks UFC projections. Click here to go directly to the UFC Fight Night Nashville: Lewis vs. Teixeira Predictions below. The UFC Nashville: Lewis vs. Teixeira main card is set to start at 9 p.m. ET, with Lewis vs. Teixeira expected to start around 11:30 p.m. ET, depending on when the other fights end. While the hype for this card doesn’t quite live up to the summer of banger cards we’ve been gifted recently, it does move the chains in multiple divisions in ways that the PPV cards do not. and features a surprisingly strong cast of fighters in the undercard. For the main event, we have UFC Legend Derrick Lewis fighting undefeated challenger Tallison Teixeira. Co-headlining UFC Nashville are Stephen Thompson and Gabriel Bonfim, who are matching up in contention for a move in the Welterweight rankings. PrizePicks is the easiest way to win money with your UFC predictions for Fight Night Nashville: Lewis vs. Teixeira; just pick More or Less on fighter projections — like significant strikes or fight time — and win money if your picks are correct. New to PrizePicks? Get started on PrizePicks today to get a $50 bonus after your first $5 Lineup. UFC Fight Night Start Time & Projections: Lewis vs. Teixeira UFC Fight Night Nashville: Lewis vs. Teixeira main card will start at 9 p.m. ET on Saturday, July 12, while the Lewis vs. Teixeira main event is expected to start at 11:30 p.m. ET— subject to change based on other fights before it. UFC Fight Night Nashville: Lewis vs. Teixeira projections below are via the PrizePicks MMA board, along with the full main card start times. Derrick Lewis vs. Tallison Teixeira – Main Event - Heavyweight - Expected start time: 11:30 p.m. ET - Lewis Projections: 18.5 Significant Strikes - Teixeira Projections: 22.5 Significant Strikes, 62.55 Fantasy Score - Significant Strikes (Combo): 38.5 Significant Strikes - Fight Time Projection: 4.5 Minutes - Lewis vs. Teixeira Prediction Stephen Thompson vs. Gabriel Bonfim – Co-Main Event - Welterweight - Expected start time: 11 p.m. ET - Thompson Projections: 40.5 Significant Strikes, 15.5 Rd 1 Significant Strikes - Bonfim Projections: 38.5 Significant Strikes, 2.5 Takedowns, 14.5 Rd 1 Significant Strikes, 57.55 Fantasy Score - Significant Strikes (Combo): 78.5 - Fight Time Projection: 12 Minutes - Thompson vs. Bonfim Prediction Calvin Kattar vs. Steve Garcia - Featherweight - Expected start time: 10:30 p.m. ET - Kattar Projections: 36.5 Significant Strikes, 17.5 Rd 1 Significant Strikes - Garcia Projections: 38.5 Significant Strikes, 57.55 Fantasy Score, 17.5 Rd 1 Significant Strikes - Significant Strikes (Combo): 75.5 - Fight Time Projection: 9.75 Minutes - Kattar vs. Garcia Prediction Nate Landwehr vs. Morgan Charriere - Featherweight - Expected start time: 10:00 p.m. ET - Landwehr Projections: 49.5 Significant Strikes, 17.5 Rd 1 Significant Strikes - Charriere Projections: 51.5 Significant Strikes, 1.5 Takedowns, 53.55 Fantasy Score, 15.5 Rd 1 Significant Strikes - Significant Strikes (Combo): 100.5 - Fight Time Projection: 14.99 Minutes - Landwehr vs. Charriere Prediction Vitor Petrino vs. Austen Lane - Heavyweight - Expected start time: 9:30 p.m. ET - Petrino Projections: 25.5 Significant Strikes, 1.5 Takedowns - Lane Projections: 19.5 Significant Strikes - Significant Strikes (Combo): 44.5 - Fight Time Projection: 6 Minutes - Petrino vs. Lane Prediction Derrick Lewis vs. Tallison Teixeira Prediction & Preview Derrick Lewis can win any fight. With his incredible power and unique striking, even the most difficult opponents have to be wary of what is coming their way. Although he’s only 7-5 in his last 12 fights, the brawler is still one of the most dangerous fighters in the world — and he has the UFC knockout record to prove it. Across from Lewis will be rising star Tallison Teixeira. While some may call into question the legitimacy of his opposition, Teixeira’s potential is not up for debate. Of his eight fights, not a single opponent has made it out of the first round. While Teixeira appears impressive, he has never faced anyone near the caliber of The Black Beast. With insane power flying in both directions, this fight could be one of the best Heavyweight matchups of the year and a dramatic finish is no stranger to both men. Lewis vs. Teixeira Prediction: 4.5 Minutes Fight Time - Lewis owns the KO record with 15 UFC Knockouts. - Teixeira has never fought in a second round. - Lewis’s last five wins have been by KO. - Teixeira has an average fight time of just over one minute. Stephen Thompson vs. Gabriel Bonfim Prediction & Preview Prolific striker Stephen Thompson will be looking to recover from being finished in two consecutive fights this Saturday with a much-needed win. Thompson is currently still ranked, but this fight could determine the trajectory of the remainder of his career. As a fan-favorite, Wonderboy will be a popular fan pick to utilize his striking in a clinical victory. In the other corner is rising contender Gabriel Bonfim. Bonfim is 4-1 in his last five fights, and a signature win over Thompson would be exactly what he needs to enter the rankings. With 16 finishes in his 17 wins, Bonfim will likely look to make a statement in his most challenging bout yet. Thompson vs. Bonfim Prediction: Bonfim – 2.5 Takedowns - Bonfim has 13 wins by submission. - Thompson has 63% Takedown Defense. - Bonfim lands 3.68 Takedowns per 15 minutes. - Prior to MMA, Thompson was an undefeated kickboxer at 57-0. Calvin Kattar vs. Steve Garcia Prediction & Preview A once red-hot Calvin Kattar has struggled as of late. With four consecutive defeats, Kattar has taken a step away from the highest level of the division. With hopes of returning to peak form, we could see the signature high volume and pace that Kattar can bring to the table — a skillset that had him in title challenger contention a few years ago. Only one of Kattar’s last eight opponents aren’t currently in the top 15 featherweight rankings; so while Steve Garcia might be considered a step down in competition for Kattar, his five-fight win streak is getting hard to ignore. With all five being knockouts, and none seeing the third round — Garcia could prove he belongs in the top of the Featherweight division in the UFC. Kattar vs. Garcia Prediction: Garcia – 38.5 Significant Strikes - Garcia lands 5.04 Significant Strikes per minute. - Garcia defends 89% of Takedowns. - Kattar has absorbed the most SIgnificant Strikes in one fight in UFC history, at 445. - Kattar has 54% Significant Strike defense. Nate Landwehr vs. Morgan Charriere Prediction & Preview Nate Landwehr's name is almost always followed by “must-watch TV.” While the train has cooled off, many still believe Landwehr has the potential to brawl with the division's best. Landwehr is respected for his high-octane pressure-based style, and if he wants a return to the win column, he’ll need to stick to what he knows best. Morgan Charriere has been stuck since joining the UFC in 2023. While he has showcased impressive knockout power in two of his four bouts, he is yet to string two wins together. In his fifth UFC fight at Fight Night Nashville, he will need a victory to get back in the positive. While Charriere has showcased spectacular talent, he will more importantly need to showcase improvement to his pacing and some consistency this weekend. Landwehr vs. Charriere Prediction: Fight Time 14.99 Minutes - Charriere’s only UFC wins have come by finish. - Charriere has a .76 Knockdown average. - Landwehr’s last two fights have both ended in a finish. - Landwehr has an average Fight Time of 9:48. Vitor Petrino vs. Austen Lane Prediction & Preview Former Light Heavyweight Vitor Petrino is off back-to-back losses to Light Heavyweight division veterans and decided to move up a weight class to Heavyweight for this fight vs. Austen Lane. While now undersized for the division, Petrino believes that the speed and strength will make up for that weakness. Once 11-0 in his MMA career, Petrino hopes to regain his winning ways with a victory in his Heavyweight debut. Austen Lane also needs a win this Saturday. This once interesting prospect is now 1-3 in his last four. While his one UFC victory seemed impressive at that time, the legitimacy of that opponent has been called into question with the UFC releasing his opponent following the bout. Lane will need to prove that he deserves a spot on the UFC roster, and the best way to do that is to utilize his true Heavyweight size and neutralize his smaller opponent. Petrino vs. Lane Prediction: Petrino – 21.5 Significant Strikes - Lane has 41% Significant Strike defense. - Vitor lands 2.83 Significant Strikes per minute. - Vitor has an average Fight Time of 10:35. Make UFC Fight Night Predictions on PrizePicks UFC Fight Night Nashville: Lewis vs. Teixeira is set to be a card of potential bouncebacks and wet our appetite for the following two weeks of amazing UFC cards. The main card will start around 9 p.m. ET on Saturday; before it does, be sure you’ve locked in your UFC Lineups on PrizePicks — it’s the easiest way to get real money action on UFC Nashville: Lewis vs. Teixeira. With a card featuring fights in some of the most exciting weight classes, and multiple fights with ranked UFC stars — Saturday night could end up bigger and more impactful than advertised, live from Bridgestone Arena in Nashville, Tenn. Head to the PrizePicks app, click MMA, then predict More or Less on two or more fighters, lock in your picks, and get ready for the sweat during UFC Fight Night Nashville: Lewis vs. Teixeira.",2025-07-11,https://www.prizepicks.com/playbook-article/ufc-fight-night-nashville-predictions-lewis-vs-teixeira-picks
UFC Nashville Best Bets and Props: Lewis vs. Teixeira,"UFC Nashville Best Bets and Props: Lewis vs. Teixeira If you crave violence, artistry, and competition in its purest form, the Ultimate Fighting Championship might be for you. Colloquially known as ""UFC,"" the world's largest mixed martial arts promotion holds around a dozen MMA fights a vast majority of weekends throughout the year. The promotion has fathered some of the largest combat-sport stars of the 21st century, including Conor McGregor, Khabib Nurmagomedov, and Jon Jones. There are plenty of ways to get in on the action every Saturday. FanDuel Sportsbook provides MMA odds including moneylines, round totals, and prop bets for each fight. Without further delay, here are a few best bets from UFC Fight Night: Lewis vs. Teixeira, taking place at Bridgestone Arena in Nashville, Tennessee on Saturday. UFC Nashville Betting Picks Jake Matthews vs. Chidi Njokuani Matthews to Win (+124) Matthews Wins Inside the Distance (+330) This fight is an opportunity for Jake Matthews to push his win streak to three. ""The Celtic Kid"" joined UFC at 18, so if my model is bullish on his career-long statistics, I take notice. He's really had a nice 4-3 run since the COVID break considering his losses have come to opponents a combined 19-6 with the promotion. In this matchup, he'll almost certainly be looking to floor Chidi Njokuani, whose +2.06 striking success rate (SSR) still towers over Matthews' improving mark (+0.82). Njokuani is susceptible to that, though. He was controlled in a 2023 loss to Albert Duraev and has, since, fought four straight fighters averaging less than 1.00 takedown per 15 minutes. Jake (1.41) is the most well-rounded foe he's met at welterweight. Matthews' pace could also be an obstacle for the 36-year-old Njokuani, who hasn't been pushed at 170 pounds. None of the three fighters topped 125 total strike attempts, a mark that Matthews has cleared in his last four fights where he didn't score an early finish. I've got Matthews 55.4% likely to win Saturday's bout. The victory comes by knockout (19.1%) or submission (18.1%) a combined 37.2% of the time, leaving value on the ITD prop, too. Max Griffin vs. Chris Curtis Griffin to Win (+240) This was my most uncomfortable model result of the week. I'm trusting its sentiment more than the exact number because my model doesn't adjust fully for weight class shifts like Chris Curtis is performing here. He'll drop to 170 pounds for the first time in UFC despite turning 38 next month. Though added relative strength could be an edge for him, what else could possibly go wrong there as a -310 favorite? Max Griffin looked awful in his last fight in a completely different stylistic matchup. He was subbed for the first time as a pro by Michael Chiesa, who has a 63.2% submission rate in victory. Curtis hasn't attempted a takedown or submission in nine UFC appearances, though. On the feet, ""Action Man"" Curtis is a talented boxer, but his -0.23 SSR shows an indisputable tendency to take his time to gather reads. That patience could be even more frustrating as he cuts weight -- and into his proverbial gas tank. Griffin (+0.09 SSR) is fighting in his organic weight class with, presumably, all of this fight's grappling upside. I've got ""Pain"" Griffin, 39, as 54.6% likely to win this fight. I'd prefer to back him in a point spread market where possible with this fight -192 to go the distance, but there is value on the moneyline at FanDuel. Nate Landwehr vs. Morgan Charriere Fight Doesn't Go the Distance (+102) A native of Clarksville, Tennessee should get the night's largest ovation in this one. Nate Landwehr is a fan favorite everywhere, but it'll likely be a huge pop from the crowd in Music City. ""Nate the Train"" is a well-rounded MMA fighter with excellent striking volume (12.15 significant strike attempts per minute) and enough submission danger (0.8 attempts per 15) to wrap up the neck. War awaits with France's Morgan Charriere. Just one of Charriere's 32 pro fights has ended with him getting finished (via submission), but he's also only fought in UFC four times. Frankly, we've still got a lot to learn about ""The Last Pirate"" when his strength of victory in UFC boasts just a 1-4 promotional record. Charriere's knockdown rate (1.47%) is huge thus far, and Landwehr's chin is fading a bit as he's been dropped in two of his last five fights. However, I don't want to fade the hometown guy here from surviving an early onslaught to score another pro finish. 11 of Landwehr's 18 pro wins have come inside the distance. I've got this fight 64.2% likely to end early. Even if it makes it the full distance, there will likely be several hairy moments in a violent affair, so plus money will be worth the sweat. Calvin Kattar vs. Steve Garcia Garcia to Win (-128) Garcia by KO/TKO (+210) UFC has lined up an ""is this guy for real?"" fight in the featherweight rankings. Calvin Kattar has dropped four in a row at 37 years old, but it's hard to say he's truly ""lost"" a step when all four fights have been inside the ranks, and he might have been overrated from the beginning as the record-holder for worst single-fight striking differential in UFC history (-312). That might stand forever. Kattar's one attribute of note is a granite chin, though. ""The Boston Finisher"" yet to truly be knocked out in 32 pro fights with the one (T)KO on his resumé being a knee injury. That's where this matchup with Steve Garcia gets fun. ""Mean Machine"" is riding a 5-0 streak with five knockouts since dropping to featherweight. All of them came inside the first 375 seconds. Garcia's unthinkable 3.07% knockdown rate has made his foe quit in every fight at 145. Frankly, Kattar's increased age means I can't count on him to be durable, and he's coming off a decision loss exclusively in the striking realm to Youssef Zalal. I think he's knockout or bust in this fight, which would be his first since May 2020. I've got Garcia 74.6% likely to win this fight, and it's by (T)KO 46.8% of the time. His gaudy power metrics are going to shine in any analytical model until someone survives it. Stephen Thompson vs. Gabriel Bonfim Bonfim by Submission (+160) In his prime, Stephen Thompson's anti-grappling allowed his karate style to shine. It has completely vanished into his 40s. Thompson has been floored 17 times in his last five fights, winning only once due to Kevin Holland's badly broken hand. UFC appears to be using him to build up top prospects as Shavkat Rakhmonov and Joaquin Buckley lept spots inside the top 15 following their defeats of ""Wonderboy"". Here's Gabriel Bonfim as a -450 favorite to do the same. ""Marretinha"" is 5-1 with the promotion with his lone loss coming in an exhaustion-related loss to Nicolas Dalby in which he nearly found the first-round sub. Overall, Bonfim has submitted four of his six UFC foes. If Wonderboy had shown better results in these same types of matchups, I'd be willing to consider he can hang on like Dalby did. Instead, Bonfim's wrestling (76% takedown accuracy) and grappling (2.2 submission attempts per 15) might be better individual skills than Shavkat or Buckley's. He just lacks the same striking talent. I've got Bonfim 43.8% likely to get this fight to the ground and find yet another sub. Unable to model Tallison Teixeira's sub-three minutes of octagon time so far, this co-main event is our last stop for official betting picks. New to FanDuel Sportsbook? You’ll receive $150 in Bonus Bets if your first $5+ bet wins! See here for full terms and conditions. Learn about today’s other offers at FanDuel Sportsbook Promos. Looking for the latest UFC odds? Head over to FanDuel Sportsbook to see the UFC betting odds for all upcoming fights. Sign up for FanDuel Sportsbook and FanDuel Daily Fantasy today! The above author is a FanDuel employee and is not eligible to compete in public daily fantasy contests or place sports betting wagers on FanDuel. The advice provided by the author does not necessarily represent the views of FanDuel. Taking the author’s advice will not guarantee a successful outcome. You should use your own judgment when participating in daily fantasy contests or placing sports wagers.",2025-07-11,https://www.fanduel.com/research/ufc-nashville-best-bets-and-props-lewis-vs-teixeira
UFC on ESPN 70 predictions: Can Derrick Lewis upset Tallison Teixeira in Nashville?,"The UFC is back in “Music City” for the first time in two years with heavyweights at the top of the ticket. UFC on ESPN 70 (ESPN/ESPN+) takes place Saturday at Bridgestone Arena in Nashville, Tenn. Get pick results from our 11 editors, writers, radio hosts and videographers, as well as additional analysis, below. Junior Tafa vs. Tuco Tokkos Records: Tafa (6-3 MMA, 2-3 UFC), Tokkos (10-5 MMA, 0-2 UFC) Past five: Tafa 2-3, Tokkos 3-2 Division: Light heavyweight Rankings: None Odds (as of 07.07.25): Tafa -180, Tokkos +150 Junkie pick results: Tafa 11, Tokkos 0 Austen Lane vs. Vitor Petrino Records: Lane (13-6 MMA, 1-3 UFC), Petrino (11-2 MMA, 4-2 UFC) Past five: Lane 2-3, Petrino 3-2 Division: Heavyweight Rankings: None Odds (as of 07.07.25): Lane +500, Petrino -700 Junkie pick results: Petrino 11, Lane 0 Morgan Charriere vs. Nate Landwehr Records: Charriere (20-11-1 MMA, 2-2 UFC), Landwehr (18-6 MMA, 5-4 UFC) Past five: Charriere 3-2, Landwehr 3-2 Division: Featherweight Rankings: None Odds (as of 07.11.25): Charriere -260, Landwehr +210 Junkie pick results: Charriere 10, Landwehr 1 Steve Garcia vs. Calvin Kattar Records: Garcia (17-5 MMA, 6-2 UFC), Kattar (23-9 MMA, 7-7 UFC) Past five: Garcia 5-0, Kattar 1-4 Division: Featherweight Rankings: None Odds (as of 07.11.25): Garcia -125, Kattar +105 Junkie pick results: Garcia 7, Kattar 4 Gabriel Bonfim vs. Stephen Thompson Records: Bonfim (17-1 MMA, 4-1 UFC), Thompson (17-8-1 MMA, 12-8-1 UFC) Past five: Bonfim 4-1, Thompson 1-4 Division: Welterweight Rankings: Thompson No. 12 Odds (as of 07.11.25): Bonfim -455, Thompson +350 Junkie pick results: Bonfim 11, Thompson 0 Derrick Lewis vs. Tallison Teixeira Records: Lewis (28-12 MMA, 19-10 UFC), Teixeira (8-0 MMA, 1-0 UFC) Past five: Lewis 2-3, Teixeira 5-0 Division: Heavyweight Rankings: Lewis No. 11 Odds (as of 07.11.25): Lewis +245, Teixeira -305 Junkie pick results: Lewis 7, Teixeira 4 Individual staff member picks, main card Readers 92–57: Teixeira (50.1%), Bonfim (67%), Garcia (62%), Charriere (59%), Petrino (89%), Tafa (74%) Farah 97-52: Teixeira, Bonfim, Kattar, Charriere, Petrino, Tafa MikeB 95-54: Teixeira, Bonfim, Garcia, Charriere, Petrino, Tafa Nolan 95-54: Lewis, Bonfim, Kattar, Charriere, Petrino, Tafa Kenny 94-55: Lewis, Bonfim, Garcia, Charriere, Petrino, Tafa Abbey 94-55: Teixeira, Bonfim, Garcia, Charriere, Petrino, Tafa Brian 90-59: Lewis, Bonfim, Garcia, Landwehr, Petrino, Tafa MattE 89-60: Lewis, Bonfim, Garcia, Charriere, Petrino, Tafa Simon 89-60: Teixeira, Bonfim, Kattar, Charriere, Petrino, Tafa Danny 87-62: Lewis, Bonfim, Kattar, Charriere, Petrino, Tafa MattW 83-66: Lewis, Bonfim, Garcia, Charriere, Petrino, Tafa Jorge 81-68: Lewis, Bonfim, Garcia, Charriere, Petrino, Tafa Preliminary card picks Although they don't count toward the standings, MMA Junkie staff members still pick the fights on the prelims. Here are the results: Chris Curtis vs. Max Griffin: Curtis 11, Griffin 0 Jake Matthews vs. Chidi Njokuani: Njokuani 8, Matthews 3 Eduarda Moura vs. Lauren Murphy: Moura 11, Murphy 0 Kennedy Nzechukwu vs. Valter Walker: Nzechukwu10, Walker 1 Mike Davis vs. Mitch Ramirez: Davis 11, Ramirez 0 Fatima Kline vs. Melissa Martinez: Kline 11, Martinez 0 This article originally appeared on MMA Junkie: UFC Nashville predictions for Derrick Lewis vs. Tallison Teixeira",2025-07-12,https://ca.sports.yahoo.com/news/ufc-espn-70-predictions-derrick-120156722.html
UFC Fight Night : à quelle heure et sur quelle chaîne voir le combat Morgan Charrière vs Nate Landwehr ?,"UFC Fight Night : à quelle heure et sur quelle chaîne voir le combat Morgan Charrière vs Nate Landwehr ? Tout savoir sur ce prochain combat de l'UFC Fight Night. RMC Sport La rédaction n'a pas participé à la réalisation de ce contenu Le Français Morgan Charrière s'apprête à relever l’un des plus grands défis de sa carrière à l’UFC. Le 13 juillet prochain, « The Last Pirate » croisera le fer avec l’Américain Nate Landwehr à Nashville, dans une confrontation où technique affûtée et agressivité brute s’entrechoqueront. Un affrontement à fort enjeu pour deux combattants aux trajectoires opposées mais au même objectif : grimper dans la hiérarchie des poids plumes. Un retour sous pression pour Charrière Morgan Charrière, 29 ans, fait partie de cette génération montante de combattants français qui ambitionnent de marquer durablement l’histoire de l’UFC. Mais son dernier combat, perdu par décision contre Nathaniel Wood à l’UFC Londres en mars, a légèrement freiné son ascension. Pour retrouver le chemin de la victoire et convaincre les décideurs de l’UFC, notamment en vue d’un potentiel combat à Paris en septembre, Charrière devra se montrer aussi précis qu’inspiré dans la cage du Tennessee. Connu pour son striking propre, inventif et imprévisible, « The Last Pirate » affiche un style esthétique qui tranche avec la brutalité du circuit. Ce cinquième combat sous la bannière de l’UFC pourrait être crucial dans son positionnement à moyen terme dans une division featherweight extrêmement relevée. Nate Landwehr : vétéran à domicile En face, Nate Landwehr, 37 ans, est un adversaire tout sauf facile. Vétéran expérimenté, capable d’absorber des rafales et de maintenir une cadence étouffante, il combattra devant son public à Nashville, sa ville natale. Avec un bilan de 5 victoires pour 4 défaites depuis son entrée à l’UFC en 2020, il a montré une résilience hors norme, mais aussi une certaine vulnérabilité face à des adversaires techniques. Sa spécialité ? La pression constante. Landwehr étouffe ses rivaux à coups d’agressions répétées, les forçant souvent à sortir de leur zone de confort. Ce duel face à Charrière promet ainsi une opposition de styles particulièrement savoureuse : la fougue méthodique d’un Français en quête de rebond face à l’instinct guerrier d’un Américain qui refuse de baisser les bras. Quand et où regarder le combat Charrière vs Landwehr ? Le combat entre Morgan Charrière et Nate Landwehr est prévu dans la nuit du samedi 13 au dimanche 14 juillet 2025, vers 02h du matin (heure française). Il se tiendra à Nashville (Tennessee), dans le cadre de l’événement UFC Fight Night. Pour suivre l’affrontement en direct, rendez-vous sur RMC Sport, qui détient les droits de diffusion de l’UFC en France. Bon plan : durant tout le mois de juillet, RMC Sport propose une offre 100 % digitale à 15 €/mois, sans engagement. Une occasion idéale pour vivre cet événement nocturne sans se ruiner. Un enjeu fort : la carte de l’UFC Paris dans le viseur Au-delà de l’enjeu sportif immédiat, Morgan Charrière a en ligne de mire un objectif plus large : être présent lors de l’UFC Paris 4, prévu deux mois plus tard. Une victoire nette et spectaculaire à Nashville pourrait lui ouvrir la porte de cet événement phare pour les fans français. Un enjeu qui, sans le détourner de sa mission première, ajoute une couche d’urgence et de motivation supplémentaire. Un combat qui promet Ce duel s’annonce comme l’un des moments forts de la soirée UFC Nashville. Le contraste de styles – la créativité debout de Charrière contre la pression constante de Landwehr – pourrait bien en faire un « fight of the night » potentiel. Pour le Français, l’opportunité est double : se relancer dans l’octogone et rappeler à l’UFC qu’il mérite sa place sur la scène parisienne. Les tarifs mentionnés sont à titre indicatif et susceptibles d’évoluer. Certains liens peuvent être tracés et générer une commission pour La Provence. Votre opinion compte pour nous. Rejoignez la communauté laprovence.com en réagissant sur l'article UFC Fight Night : à quelle heure et sur quelle chaîne voir le combat Morgan Charrière vs Nate Landwehr ?. En continu 14:08 Feux d'artifice du 14-Juillet : en Provence, quelles communes ont déjà annulé ? 14:04 La fête foraine bat son plein sur la place Morgan à Salon-de-Provence 13:51 Festival d'Avignon : ""Israel & Mohamed"", un duo poignant ""au nom du père"" 13:40 Les mégalithes de Carnac inscrits au patrimoine mondial de l'Unesco, une première en Bretagne 13:35 Un bal des pompiers nouvelle formule, différent et très prometteur pour le centre de secours Sénas Mallemort 13:31 Villeneuve en scène : ""Catarina & Missy Messy - Danse avec la mort"", une performance époustouflante 13:30 L'association Nego Chin reprend ses entraînements estivaux sur sur la Sorgue à L'Isle-sur-la-Sorgue 13:30 Histoire : retour sur l’époque où les cirques faisaient halte à Ceyreste et rythmaient la saison estivale Une info ? Un témoignage ? Contactez-nous",2025-07-12,https://www.laprovence.com/article/guide-shopping/73858322409680/ufc-fight-night-a-quelle-heure-et-sur-quelle-chaine-voir-le-combat-morgan-charriere-vs-nate-landwehr
"UFC Nashville predictions, odds, full card picks: Can Derrick Lewis fend off heavyweight's latest prospect?","Nothing says entertainment capital of the mid-south like a middling UFC Fight Night in Nashville ... right? It's essentially the ""Derrick Lewis special"" at this point, as the UFC record-holder for most career knockouts headlined his past two Fight Night appearances in St. Louis, Missouri, and Sao Paulo, Brazil. (Two totally normal locations for him to do so.) This time, ""The Black Beast"" is being tossed against yet another rising Brazilian prospect in Tallison Teixeira, who makes just his second UFC appearance. Veterans Stephen ""Wonderboy"" Thompson and Calvin Kattar are also in action at UFC Nashville. And that's about all the table-setting that's necessary, folks. Because this event is nothing more than a UFC APEX-worthy lineup plucked from the bottom of the barrel. 👑 UFC Nashville's lineup Crown grade: F+. 👑 Betting odds courtesy of BetMGM. 265 pounds: Derrick Lewis (+220) vs. Tallison Teixeira (-275) UFC Nashville's main event will finally answer the age-old question: ""How would Lewis vs. Stefan Struve have looked?"" At long last, the time is now to settle that ever-raging debate. All jokes aside, there's only so much one can break down a Lewis fight at this point. When he's not plodding forward seeking the home-run shot or throwing the occasional wild flying knee, he's getting outwrestled — until he just decides to get up. And if he doesn't get up, he might be smothered to a decision or submitted or pummeled senseless. The 6-foot-7 Teixeira has the ability to do all of that, having stopped seven of his eight opponents with strikes. The outlier was a fight he won by inverted triangle choke in his MMA debut. Excuse me? Yes, the 25-year-old giant should win and replicate a performance similar to that of his fellow tall man, Alexander Volkov, who systematically broke down Lewis in 2018. Of course, that dominant display from Volkov infamously ended with him flat on his back, staring at the lights in the final seconds thanks to a Lewis punch. Expect the same type of fight here in every respect. Why? Because Derrick Lewis. That's why. Pick: Lewis 170 pounds: Stephen Thompson (+310) vs. Gabriel Bonfim (-400) The UFC matchmakers looked at UFC Nashville and determined this was a good time to stage some ""pass the torch"" fights. I'm not sure how else they would've arranged a matchup between the 42-year-old Stephen Thompson and the 27-year-old prospect Gabriel Bonfim. Spoiler alert: I'm on team ""old dog"" for most of this card. Experience matters. The level of competition matters. Thompson has admittedly fallen on very tough times, going 1-4 in his past five. But three of those losses were stylistic nightmares, and the one that wasn't — Joaquin Buckley, in Thompson's most recent fight — was going Thompson's way until a late knockout blow. As long as ""Wonderboy"" is still physically capable of competing, his style is going to give anyone problems. He's a big test for a surging Bonfim. The Brazilian is wildly dangerous everywhere, and it makes sense for him to be favored. This just comes down to examining who Thompson has lost to and how. Pick: Thompson 145 pounds: Calvin Kattar (+110) vs. Steve Garcia (-130) Steve Garcia is low-key on quite a run with five straight knockout wins. The dude is a certified gamer, and deserves an opportunity at the top 15, starting with Calvin Kattar. This matchup isn't quite on the level of UFC Nashville's co-main event in terms of the old vs. young theme, given the only five-year age gap. The similarities lie more in Kattar's four-fight skid, which is deceptive — though Kattar's last time out against Youssef Zalal showed he is likely on the downside of his career. Regardless, he's still as durable as ever, which will be important against the ever-violent Garcia. Garcia's chaos has the potential to play right into Kattar's favor. Always known for his great boxing, Garcia will bring the target right to Kattar, playing into his game. All the makings to play spoiler are in Kattar's favor, assuming he hasn't completely fallen off a cliff. Either way, this fight and the next are most likely to steal the show. Pick: Kattar 145 pounds: Nate Landwehr (+220) vs. Morgan Charriere (-275) Maybe it's a featherweight thing, huh? Nate Landwehr and Morgan Charriere are both in positions where they hope to rebound after losses to opponents who put on arguably their career-best performances. Unfortunately for Landwehr, his Doo Ho Choi loss was much more of an ""exposed"" type of outing for the 37-year-old than Charriere's unanimous decision defeat against Nathaniel Wood. Neutralizing Landwehr's train-like aggression is the path to success for anyone who faces him, but his speed has seemingly declined since his epic war with David Onama in 2023. ""The Last Pirate"" Charriere is a more dynamic striker overall, with a broader range of tools in his arsenal to accomplish the task. For Landwehr, all that accumulated damage over the years adds up. Pick: Charriere 265 pounds: Vitor Petrino (-750) vs. Austen Lane (+525) As a self-hating Jacksonville Jaguars fan, it's still wild to remember Austen Lane's brief run with the team. Believe it or not, he actually might have been better at football than MMA. (Not that that's saying much.) This is the state of the heavyweight division, folks. This is just a layup on a silver platter for Vitor Petrino, a once-unbeaten light heavyweight hopeful two fights ago — that was, until he was rushed into veteran presences Anthony Smith and Dustin Jacoby. Lane's chin has been an easy target and built out of styrofoam since the jump, as all six of his losses have come in knockouts. Add some extra weight to Petrino's already serviceable light heavyweight power and this should be a nice highlight on his reel. Pick: Petrino 205 pounds: Junior Tafa (-165) vs. Tuco Tokkos (+135) Junior Tafa vs. Tuco Tokkos almost feels like a heavyweight fight in disguise. That's purely because of Tafa, who is just a lite version of his brother, Justin Tafa. Nonetheless, both Tafas can absolutely crack. They both only win by knockout. Tokkos will need to utilize his speed advantage as the lighter man, avoiding the bombs for 15 minutes. That just feels like too big of an ask here, especially considering the durability of his opponent. Pick: Tafa Preliminary Notes Nashville is getting barraged with heavyweight nonsense, and believe it or not, the one who should be spotlighted the most is Kennedy Nzechukwu (a former light heavyweight). He's taking on Johnny Walker's brother, Valter Walker, so expect those similar shenanigans. Meanwhile, Mike Davis gets to catch another body — and yet he's not even the biggest favorite. That would be Fatima Kline, who should easily shine against ""Super Melly"" Melissa Martinez. UFC Nashville is certainly a card. Quick picks: Chris Curtis (-325) def. Max Griffin (+260) Jake Matthews (+125) def. Chidi Njoukuani (-150) Lauren Murphy (+450) def. Eduarda Moura (-625) Kennedy Nzechukwu (-210) def. Valter Walker (+175) Mike Davis (-1000) def. Mitch Ramirez (+650) Fatima Kline (-1200) def. Melissa Martinez (+750)",2025-07-11,https://sports.yahoo.com/mma/article/ufc-nashville-predictions-odds-full-card-picks-can-derrick-lewis-fend-off-heavyweights-latest-prospect-190316919.html?fr=sycsrp_catchall
"UFC Nashville: Teixeira vs. Lewis Odds, Picks, Predictions and Best Bets","UFC Nashville Predictions: This week, the UFC takes us to good Ol’ Rocky Top, Nashville, Tennessee, where a scheduled 12-bout fight card, a large cage, and a room full of tuned-up Tennesseans will gather to take in what I believe will be one of the most violent cards of the year. I say this based on a couple of factors. First, seven of the 12 scheduled bouts are going to be waged at 170 pounds and above, where power is abundant and finish rates reflect it. Second, 12 of the 24 athletes on this slate are at least 33 years old. This card features nine fights with a greater than five-year age gap between competitors. Fighters competing against one another under a four-year or better youth advantage win 59.5% of the time, according to the information Reed Kuhn has published in his book Fightnomics. In these nine bouts on Saturday, the age difference is not just a year or two. In the main event, there is a 15-year spread. Co-main, you ask? Fourteen-year variance. Those are the widest differences of the nine matchups, but many athletes on this slate enter the cage with a numeric advantage. To date, favorites in the UFC stand 65.2%, which is on the high end of yearly UFC averages. Let us hope UFC 317’s 9-1-1 result is not reproduced in Nashville, for my bankroll cannot take that. Last week, we won with Beneil Dariush, as he was simply the better mixed martial artist. Digital results go to 13-16 -3.90u, and we enter a seven-week stretch of fight cards that I have focused on for some weeks. Tallison Teixeira -280 vs. Derrick Lewis +240 Heavyweight main event Lewis is the all-time knockout king in UFC history. Now 40 years old, Lewis is a rotund athlete with little technical fighting ability. He does possess profuse power in his hands, and he complements that fight-ending power with focused ill intent. He has competed against the elite of the division for more than a decade and separated the majority of his foes from consciousness, as it takes but one Sunday shot for Lewis to end a fight. Lewis’s UFC experience, cage IQ, and raw street fighting tactics are equaled only by his complete lack of appropriate conditioning, for the man is fractionally as effective after six minutes of exertion as before. Lewis lands the same rate of significant strikes per minute as he accepts, 2.48, and of late, his ability to take damage after all these fierce competitions is waning rapidly. Yes, Lewis is chinny. However, at his best, and that is how I believe we see Lewis Saturday, he is an effective finisher. The key for Lewis in this fight will be space. Should he be able to work from inside the pocket on the longer, taller Brazilian, then he stands a great chance of imploding Teixeira with any one of several detonations. For Tallison Teixeira, this will be his sophomore fight in the UFC, so disadvantages in experience, foes faced, and adversity overcome cannot compete with what Lewis has experienced. This Brazilian bomber holds many advantages as he is 15 years younger, four inches taller and owns a four-inch reach advantage over Lewis in this bout. Teixeira brings raw finishing ability applied by a youthful, hulking, aggressive, sometimes wild strike-hurling 25-year-old, but the kid ends fights. In his second UFC bout, he gets a main event placement, steps up in class of opponent, and fights for the opportunity to earn life-changing money, all of which add complexity to this fight. Lewis is taking note of it all. So, in one corner, we have a mature, experienced, proud old warrior combatant with natural-born power. He is going to take the middle of the cage and initiate a throwdown against a willing, aggressive, young, taller, longer, Brazilian Bomber who will do all he can to unglue Lewis. There is no give in this fight. The total in this fight of 1.5 -270 Under is appropriate! Morgan Charriere 250 vs. Nate ‘the Train’ Landwehr +200 Featherweight WAR Nate ‘the Train’ is appropriately named. Landwehr is forcefully aggressive in every engagement during his fights. He forges forward with unrelenting will to engage opponents with one single point of focus: to annihilate. Now 37 and sporting a lightly negative significant strike differential, Ladwehr can struggle with consistency because of the extremely aggressive approach he takes into each battle. Take one to give one? Landwehr is surely game. Landwehr can grapple, but his aim is to walk opponents down, then shut off their lights. Though 4-2 in his last six bouts, Landwehr enters this fight off a loss. But for this war, he competes in front of his hometown, which makes Landwehr, a problem for any athlete in any arena, even more dangerous in this spot. Landwehr’s opponent is perfectly placed to provide the fans with a dangerous opponent for their hometown boy. Charriere is athletic, fleet of foot, and able to effectively evade strikes and throws, while delivering his kicks, strikes, knees, and elbows in volume and from every imaginable angle. Charriere enters this fight in enemy territory after a loss to Nathaniel Wood that was very close and could have easily gone his way. Sporting a negative strike differential, Charriere would do well to maintain spacing against this down-bound train because while Charriere’s damage is done with volume striking, distance maintenance, and precision placement, the Train’s damage comes in blunt force collision form. Simply put, Charriere will need time to effectively wear Landwehr down with a volume, precision attack, while Landwehr’s approach will be to force Charriere into a flat-footed throwdown where Landwehr’s shortcomings of footwork, quickness, and cage cutting become muted and his strengths of power striking from the pocket are magnified. Every fight on this card is designed to deliver violent effects, but of the 12 fights slated for Nashville, this one offers the greatest intrigue due to the style each man brings to the cage. In the end, Charriere will be too fleet afoot, too quick, and athletic for the forceful Train, even though Landwehr fights in front of his people. UFC Nashville Best Bet: Morgan Charriere -250 We will use Charriere in a parlay Steve Garcia -120 vs. Calvin Kattar -105 Featherweight (145 pounds) This will be another complete bloodbath, as both men are lethal strikers who execute their striking similarly, with force, power, grit, and determination. This fight is foundational for Kattar, a blue belt in BJJ, as he has dropped his last four bouts in a row against world-class UFC competition. Kattar is tough, aggressive, and a forward pressing boxer/striker with power in his hands, a granite jaw, but porous defense as evidenced by his negative 2.02 significant strike difference per five minutes of fight time. Garcia, a southpaw, enters with tremendous momentum. A striker, Garcia has not seen the third round in his last four fights, finishing competitors that are sound but nowhere near as elite as the athletes Kattar has had to contend with. So, Kattar enters the fight as a desperate hombre, and Garcia, the lefty, arrives on the shirttails of tremendous momentum. Garcia’s height, reach, and length advantages will set him up well in this striking affair. Garcia’s southpaw attack will serve him well against the traditional orthodox boxer Kattar. UFC Nashville Best Bet: Steve Garcia -120 Garcia -120 to Charriere -250 parlay returns 1.57u This fight is lined 1.5 -175 Over The GambLou ‘Bout Business Podcast drops Friday morning PST. All my final releases may be accessed there. Thank you for reading, and enjoy the fights!",2025-07-12,https://vsin.com/mma/ufc-nashville-teixeira-vs-lewis-odds-picks-predictions-and-best-bets/
Main Card Results | UFC Nashville,"UFC returns to Nashville with a clash of heavyweight knockout artists as former world title challenger and current No. 9 ranked contender Derrick Lewis battles No. 13 Tallison Teixeira. Also, fan favorite No. 14 ranked featherweight contender Calvin Kattar takes on Steve Garcia, who rides a 5-fight finish streak into Saturday. UFC FIGHT NIGHT: LEWIS vs TEIXEIRA takes place Saturday, July 12 at Bridgestone Arena. The entire card will be available on ESPN and ESPN Deportes, as well as in English and Spanish on ESPN+, starting with the prelims at 6pm ET/3 pm PT followed by the main card at 9pm ET/6pm PT. Prelim Results | Official Scorecards | Watch Live UFC Nashville Results Fight Recaps & Backstage Interviews This page will be updated live throughout the night with full fight recaps and exclusive post-fight interviews with every winner. Register Now For The Canelo vs Crawford Pre-Sale Happening July 17 Junior Tafa vs Tuco Tokkos - Light heavyweights kick off the main card as Junior Tafa (6-3, fighting out of Brisbane, Australia) takes on Tuco Tokkos (10-5, fighting out of Deerfield Beach, Florida by way of London, England) Vitor Petrino vs Austen Lane - Vitor Petrino (11-2, fighting out of Santa Luzia, Minas Gerais, Brazil) searches for success in a new weight division when he takes on former NFL player Austen Lane (13-6, 1 NC, fighting out of Jacksonville, FL) at heavyweight Nate Landwehr vs Morgan Charriere - Tennessee native Nate Landwehr (18-6, fighting out of Clarksville, TN) and Morgan Charriere (20-11-1, fighting out of Mantes-la-Jolie, France) collide in a lightweight matchup with fight of the night written all over it Pugilism at its 𝘱𝘶𝘳𝘦𝘴𝘵 🤩 @Canelo vs @TerenceCrawford is a once in a LIFETIME fight 🥊 — Zuffa_Boxing (@Zuffa_Boxing) July 11, 2025 [ #CaneloCrawford | SEP 13 | Live GLOBALLY on @Netflix 📺 ] pic.twitter.com/jkhEgck0U7 Calvin Kattar vs Steve Garcia - No. 14 ranked featherweight Calvin Kattar (23-9, fighting out of Methuen, MA) defends his spot in the Top 15 against fast-rising prospect Steve Garcia (17-5, fighting out of Albuquerque, NM) who's finished his last five opponents Stephen Thompson vs Gabriel Bonfim - In the co-main event, former welterweight title challenger and No. 12 ranked contender Stephen Thompson (17-8-1, fighting out of Simpsonville, SC) collides with Brazilian rising star Gabriel Bonfim (17-1, fighting out of Brasilia, Brazil) Main Event: Derrick Lewis vs Tallison Teixeira - In the main event, UFC's all-time leader in knockouts and No. 9 ranked heavyweight contender Derrick Lewis (28-12, 1 NC) squares off against undefeated Dana White's Contender Series standout and No. 13 ranked Tallison Teixeira (8-0, fighting out of Sao Paulo, Brazil) Don't miss a moment of UFC Fight Night: Lewis vs Teixeira, live from Bridgestone Arena in Nashville, Tennessee on July 12, 2025. Prelims start at 6pm ET/3pm PT, followed by the main card at 9pm ET/6pm PT.",2025-07-12,https://www.ufc.com/news/main-card-results-highlights-winner-interviews-ufc-fight-night-lewis-vs-teixeira-nashville
UFC Fight Night Nashville Predictions – Lewis vs Teixeira Picks for Main Card,"UFC Fight Night Nashville is headlined by Derrick Lewis vs. Tallison Teixeira on Saturday, July 12. With fights that will have rippling effects through the rankings, including the Heavyweight main event, Fight Night Nashville should not be ignored, despite being sandwiched between two of the biggest cards of the year. We’ll break down the top UFC Fight Night Nashville predictions and picks, including a Lewis vs Teixeira pick, main card fight predictions, and PrizePicks UFC projections. Click here to go directly to the UFC Fight Night Nashville: Lewis vs. Teixeira Predictions below. The UFC Nashville: Lewis vs. Teixeira main card is set to start at 9 p.m. ET, with Lewis vs. Teixeira expected to start around 11:30 p.m. ET, depending on when the other fights end. While the hype for this card doesn’t quite live up to the summer of banger cards we’ve been gifted recently, it does move the chains in multiple divisions in ways that the PPV cards do not. and features a surprisingly strong cast of fighters in the undercard. For the main event, we have UFC Legend Derrick Lewis fighting undefeated challenger Tallison Teixeira. Co-headlining UFC Nashville are Stephen Thompson and Gabriel Bonfim, who are matching up in contention for a move in the Welterweight rankings. PrizePicks is the easiest way to win money with your UFC predictions for Fight Night Nashville: Lewis vs. Teixeira; just pick More or Less on fighter projections — like significant strikes or fight time — and win money if your picks are correct. New to PrizePicks? Get started on PrizePicks today to get a $50 bonus after your first $5 Lineup. UFC Fight Night Start Time & Projections: Lewis vs. Teixeira UFC Fight Night Nashville: Lewis vs. Teixeira main card will start at 9 p.m. ET on Saturday, July 12, while the Lewis vs. Teixeira main event is expected to start at 11:30 p.m. ET— subject to change based on other fights before it. UFC Fight Night Nashville: Lewis vs. Teixeira projections below are via the PrizePicks MMA board, along with the full main card start times. Derrick Lewis vs. Tallison Teixeira – Main Event - Heavyweight - Expected start time: 11:30 p.m. ET - Lewis Projections: 18.5 Significant Strikes - Teixeira Projections: 22.5 Significant Strikes, 62.55 Fantasy Score - Significant Strikes (Combo): 38.5 Significant Strikes - Fight Time Projection: 4.5 Minutes - Lewis vs. Teixeira Prediction Stephen Thompson vs. Gabriel Bonfim – Co-Main Event - Welterweight - Expected start time: 11 p.m. ET - Thompson Projections: 40.5 Significant Strikes, 15.5 Rd 1 Significant Strikes - Bonfim Projections: 38.5 Significant Strikes, 2.5 Takedowns, 14.5 Rd 1 Significant Strikes, 57.55 Fantasy Score - Significant Strikes (Combo): 78.5 - Fight Time Projection: 12 Minutes - Thompson vs. Bonfim Prediction Calvin Kattar vs. Steve Garcia - Featherweight - Expected start time: 10:30 p.m. ET - Kattar Projections: 36.5 Significant Strikes, 17.5 Rd 1 Significant Strikes - Garcia Projections: 38.5 Significant Strikes, 57.55 Fantasy Score, 17.5 Rd 1 Significant Strikes - Significant Strikes (Combo): 75.5 - Fight Time Projection: 9.75 Minutes - Kattar vs. Garcia Prediction Nate Landwehr vs. Morgan Charriere - Featherweight - Expected start time: 10:00 p.m. ET - Landwehr Projections: 49.5 Significant Strikes, 17.5 Rd 1 Significant Strikes - Charriere Projections: 51.5 Significant Strikes, 1.5 Takedowns, 53.55 Fantasy Score, 15.5 Rd 1 Significant Strikes - Significant Strikes (Combo): 100.5 - Fight Time Projection: 14.99 Minutes - Landwehr vs. Charriere Prediction Vitor Petrino vs. Austen Lane - Heavyweight - Expected start time: 9:30 p.m. ET - Petrino Projections: 25.5 Significant Strikes, 1.5 Takedowns - Lane Projections: 19.5 Significant Strikes - Significant Strikes (Combo): 44.5 - Fight Time Projection: 6 Minutes - Petrino vs. Lane Prediction Derrick Lewis vs. Tallison Teixeira Prediction & Preview Derrick Lewis can win any fight. With his incredible power and unique striking, even the most difficult opponents have to be wary of what is coming their way. Although he’s only 7-5 in his last 12 fights, the brawler is still one of the most dangerous fighters in the world — and he has the UFC knockout record to prove it. Across from Lewis will be rising star Tallison Teixeira. While some may call into question the legitimacy of his opposition, Teixeira’s potential is not up for debate. Of his eight fights, not a single opponent has made it out of the first round. While Teixeira appears impressive, he has never faced anyone near the caliber of The Black Beast. With insane power flying in both directions, this fight could be one of the best Heavyweight matchups of the year and a dramatic finish is no stranger to both men. Lewis vs. Teixeira Prediction: 4.5 Minutes Fight Time - Lewis owns the KO record with 15 UFC Knockouts. - Teixeira has never fought in a second round. - Lewis’s last five wins have been by KO. - Teixeira has an average fight time of just over one minute. Stephen Thompson vs. Gabriel Bonfim Prediction & Preview Prolific striker Stephen Thompson will be looking to recover from being finished in two consecutive fights this Saturday with a much-needed win. Thompson is currently still ranked, but this fight could determine the trajectory of the remainder of his career. As a fan-favorite, Wonderboy will be a popular fan pick to utilize his striking in a clinical victory. In the other corner is rising contender Gabriel Bonfim. Bonfim is 4-1 in his last five fights, and a signature win over Thompson would be exactly what he needs to enter the rankings. With 16 finishes in his 17 wins, Bonfim will likely look to make a statement in his most challenging bout yet. Thompson vs. Bonfim Prediction: Bonfim – 2.5 Takedowns - Bonfim has 13 wins by submission. - Thompson has 63% Takedown Defense. - Bonfim lands 3.68 Takedowns per 15 minutes. - Prior to MMA, Thompson was an undefeated kickboxer at 57-0. Calvin Kattar vs. Steve Garcia Prediction & Preview A once red-hot Calvin Kattar has struggled as of late. With four consecutive defeats, Kattar has taken a step away from the highest level of the division. With hopes of returning to peak form, we could see the signature high volume and pace that Kattar can bring to the table — a skillset that had him in title challenger contention a few years ago. Only one of Kattar’s last eight opponents aren’t currently in the top 15 featherweight rankings; so while Steve Garcia might be considered a step down in competition for Kattar, his five-fight win streak is getting hard to ignore. With all five being knockouts, and none seeing the third round — Garcia could prove he belongs in the top of the Featherweight division in the UFC. Kattar vs. Garcia Prediction: Garcia – 38.5 Significant Strikes - Garcia lands 5.04 Significant Strikes per minute. - Garcia defends 89% of Takedowns. - Kattar has absorbed the most SIgnificant Strikes in one fight in UFC history, at 445. - Kattar has 54% Significant Strike defense. Nate Landwehr vs. Morgan Charriere Prediction & Preview Nate Landwehr's name is almost always followed by “must-watch TV.” While the train has cooled off, many still believe Landwehr has the potential to brawl with the division's best. Landwehr is respected for his high-octane pressure-based style, and if he wants a return to the win column, he’ll need to stick to what he knows best. Morgan Charriere has been stuck since joining the UFC in 2023. While he has showcased impressive knockout power in two of his four bouts, he is yet to string two wins together. In his fifth UFC fight at Fight Night Nashville, he will need a victory to get back in the positive. While Charriere has showcased spectacular talent, he will more importantly need to showcase improvement to his pacing and some consistency this weekend. Landwehr vs. Charriere Prediction: Fight Time 14.99 Minutes - Charriere’s only UFC wins have come by finish. - Charriere has a .76 Knockdown average. - Landwehr’s last two fights have both ended in a finish. - Landwehr has an average Fight Time of 9:48. Vitor Petrino vs. Austen Lane Prediction & Preview Former Light Heavyweight Vitor Petrino is off back-to-back losses to Light Heavyweight division veterans and decided to move up a weight class to Heavyweight for this fight vs. Austen Lane. While now undersized for the division, Petrino believes that the speed and strength will make up for that weakness. Once 11-0 in his MMA career, Petrino hopes to regain his winning ways with a victory in his Heavyweight debut. Austen Lane also needs a win this Saturday. This once interesting prospect is now 1-3 in his last four. While his one UFC victory seemed impressive at that time, the legitimacy of that opponent has been called into question with the UFC releasing his opponent following the bout. Lane will need to prove that he deserves a spot on the UFC roster, and the best way to do that is to utilize his true Heavyweight size and neutralize his smaller opponent. Petrino vs. Lane Prediction: Petrino – 21.5 Significant Strikes - Lane has 41% Significant Strike defense. - Vitor lands 2.83 Significant Strikes per minute. - Vitor has an average Fight Time of 10:35. Make UFC Fight Night Predictions on PrizePicks UFC Fight Night Nashville: Lewis vs. Teixeira is set to be a card of potential bouncebacks and wet our appetite for the following two weeks of amazing UFC cards. The main card will start around 9 p.m. ET on Saturday; before it does, be sure you’ve locked in your UFC Lineups on PrizePicks — it’s the easiest way to get real money action on UFC Nashville: Lewis vs. Teixeira. With a card featuring fights in some of the most exciting weight classes, and multiple fights with ranked UFC stars — Saturday night could end up bigger and more impactful than advertised, live from Bridgestone Arena in Nashville, Tenn. Head to the PrizePicks app, click MMA, then predict More or Less on two or more fighters, lock in your picks, and get ready for the sweat during UFC Fight Night Nashville: Lewis vs. Teixeira.",2025-07-11,https://www.prizepicks.com/playbook-article/ufc-fight-night-nashville-predictions-lewis-vs-teixeira-picks
UFC Nashville Best Bets and Props: Lewis vs. Teixeira,"UFC Nashville Best Bets and Props: Lewis vs. Teixeira If you crave violence, artistry, and competition in its purest form, the Ultimate Fighting Championship might be for you. Colloquially known as ""UFC,"" the world's largest mixed martial arts promotion holds around a dozen MMA fights a vast majority of weekends throughout the year. The promotion has fathered some of the largest combat-sport stars of the 21st century, including Conor McGregor, Khabib Nurmagomedov, and Jon Jones. There are plenty of ways to get in on the action every Saturday. FanDuel Sportsbook provides MMA odds including moneylines, round totals, and prop bets for each fight. Without further delay, here are a few best bets from UFC Fight Night: Lewis vs. Teixeira, taking place at Bridgestone Arena in Nashville, Tennessee on Saturday. UFC Nashville Betting Picks Jake Matthews vs. Chidi Njokuani Matthews to Win (+124) Matthews Wins Inside the Distance (+330) This fight is an opportunity for Jake Matthews to push his win streak to three. ""The Celtic Kid"" joined UFC at 18, so if my model is bullish on his career-long statistics, I take notice. He's really had a nice 4-3 run since the COVID break considering his losses have come to opponents a combined 19-6 with the promotion. In this matchup, he'll almost certainly be looking to floor Chidi Njokuani, whose +2.06 striking success rate (SSR) still towers over Matthews' improving mark (+0.82). Njokuani is susceptible to that, though. He was controlled in a 2023 loss to Albert Duraev and has, since, fought four straight fighters averaging less than 1.00 takedown per 15 minutes. Jake (1.41) is the most well-rounded foe he's met at welterweight. Matthews' pace could also be an obstacle for the 36-year-old Njokuani, who hasn't been pushed at 170 pounds. None of the three fighters topped 125 total strike attempts, a mark that Matthews has cleared in his last four fights where he didn't score an early finish. I've got Matthews 55.4% likely to win Saturday's bout. The victory comes by knockout (19.1%) or submission (18.1%) a combined 37.2% of the time, leaving value on the ITD prop, too. Max Griffin vs. Chris Curtis Griffin to Win (+240) This was my most uncomfortable model result of the week. I'm trusting its sentiment more than the exact number because my model doesn't adjust fully for weight class shifts like Chris Curtis is performing here. He'll drop to 170 pounds for the first time in UFC despite turning 38 next month. Though added relative strength could be an edge for him, what else could possibly go wrong there as a -310 favorite? Max Griffin looked awful in his last fight in a completely different stylistic matchup. He was subbed for the first time as a pro by Michael Chiesa, who has a 63.2% submission rate in victory. Curtis hasn't attempted a takedown or submission in nine UFC appearances, though. On the feet, ""Action Man"" Curtis is a talented boxer, but his -0.23 SSR shows an indisputable tendency to take his time to gather reads. That patience could be even more frustrating as he cuts weight -- and into his proverbial gas tank. Griffin (+0.09 SSR) is fighting in his organic weight class with, presumably, all of this fight's grappling upside. I've got ""Pain"" Griffin, 39, as 54.6% likely to win this fight. I'd prefer to back him in a point spread market where possible with this fight -192 to go the distance, but there is value on the moneyline at FanDuel. Nate Landwehr vs. Morgan Charriere Fight Doesn't Go the Distance (+102) A native of Clarksville, Tennessee should get the night's largest ovation in this one. Nate Landwehr is a fan favorite everywhere, but it'll likely be a huge pop from the crowd in Music City. ""Nate the Train"" is a well-rounded MMA fighter with excellent striking volume (12.15 significant strike attempts per minute) and enough submission danger (0.8 attempts per 15) to wrap up the neck. War awaits with France's Morgan Charriere. Just one of Charriere's 32 pro fights has ended with him getting finished (via submission), but he's also only fought in UFC four times. Frankly, we've still got a lot to learn about ""The Last Pirate"" when his strength of victory in UFC boasts just a 1-4 promotional record. Charriere's knockdown rate (1.47%) is huge thus far, and Landwehr's chin is fading a bit as he's been dropped in two of his last five fights. However, I don't want to fade the hometown guy here from surviving an early onslaught to score another pro finish. 11 of Landwehr's 18 pro wins have come inside the distance. I've got this fight 64.2% likely to end early. Even if it makes it the full distance, there will likely be several hairy moments in a violent affair, so plus money will be worth the sweat. Calvin Kattar vs. Steve Garcia Garcia to Win (-128) Garcia by KO/TKO (+210) UFC has lined up an ""is this guy for real?"" fight in the featherweight rankings. Calvin Kattar has dropped four in a row at 37 years old, but it's hard to say he's truly ""lost"" a step when all four fights have been inside the ranks, and he might have been overrated from the beginning as the record-holder for worst single-fight striking differential in UFC history (-312). That might stand forever. Kattar's one attribute of note is a granite chin, though. ""The Boston Finisher"" yet to truly be knocked out in 32 pro fights with the one (T)KO on his resumé being a knee injury. That's where this matchup with Steve Garcia gets fun. ""Mean Machine"" is riding a 5-0 streak with five knockouts since dropping to featherweight. All of them came inside the first 375 seconds. Garcia's unthinkable 3.07% knockdown rate has made his foe quit in every fight at 145. Frankly, Kattar's increased age means I can't count on him to be durable, and he's coming off a decision loss exclusively in the striking realm to Youssef Zalal. I think he's knockout or bust in this fight, which would be his first since May 2020. I've got Garcia 74.6% likely to win this fight, and it's by (T)KO 46.8% of the time. His gaudy power metrics are going to shine in any analytical model until someone survives it. Stephen Thompson vs. Gabriel Bonfim Bonfim by Submission (+160) In his prime, Stephen Thompson's anti-grappling allowed his karate style to shine. It has completely vanished into his 40s. Thompson has been floored 17 times in his last five fights, winning only once due to Kevin Holland's badly broken hand. UFC appears to be using him to build up top prospects as Shavkat Rakhmonov and Joaquin Buckley lept spots inside the top 15 following their defeats of ""Wonderboy"". Here's Gabriel Bonfim as a -450 favorite to do the same. ""Marretinha"" is 5-1 with the promotion with his lone loss coming in an exhaustion-related loss to Nicolas Dalby in which he nearly found the first-round sub. Overall, Bonfim has submitted four of his six UFC foes. If Wonderboy had shown better results in these same types of matchups, I'd be willing to consider he can hang on like Dalby did. Instead, Bonfim's wrestling (76% takedown accuracy) and grappling (2.2 submission attempts per 15) might be better individual skills than Shavkat or Buckley's. He just lacks the same striking talent. I've got Bonfim 43.8% likely to get this fight to the ground and find yet another sub. Unable to model Tallison Teixeira's sub-three minutes of octagon time so far, this co-main event is our last stop for official betting picks. New to FanDuel Sportsbook? You’ll receive $150 in Bonus Bets if your first $5+ bet wins! See here for full terms and conditions. Learn about today’s other offers at FanDuel Sportsbook Promos. Looking for the latest UFC odds? Head over to FanDuel Sportsbook to see the UFC betting odds for all upcoming fights. Sign up for FanDuel Sportsbook and FanDuel Daily Fantasy today! The above author is a FanDuel employee and is not eligible to compete in public daily fantasy contests or place sports betting wagers on FanDuel. The advice provided by the author does not necessarily represent the views of FanDuel. Taking the author’s advice will not guarantee a successful outcome. You should use your own judgment when participating in daily fantasy contests or placing sports wagers.",2025-07-11,https://www.fanduel.com/research/ufc-nashville-best-bets-and-props-lewis-vs-teixeira
UFC on ESPN 70 predictions: Can Derrick Lewis upset Tallison Teixeira in Nashville?,"The UFC is back in “Music City” for the first time in two years with heavyweights at the top of the ticket. UFC on ESPN 70 (ESPN/ESPN+) takes place Saturday at Bridgestone Arena in Nashville, Tenn. Get pick results from our 11 editors, writers, radio hosts and videographers, as well as additional analysis, below. Junior Tafa vs. Tuco Tokkos Records: Tafa (6-3 MMA, 2-3 UFC), Tokkos (10-5 MMA, 0-2 UFC) Past five: Tafa 2-3, Tokkos 3-2 Division: Light heavyweight Rankings: None Odds (as of 07.07.25): Tafa -180, Tokkos +150 Junkie pick results: Tafa 11, Tokkos 0 Austen Lane vs. Vitor Petrino Records: Lane (13-6 MMA, 1-3 UFC), Petrino (11-2 MMA, 4-2 UFC) Past five: Lane 2-3, Petrino 3-2 Division: Heavyweight Rankings: None Odds (as of 07.07.25): Lane +500, Petrino -700 Junkie pick results: Petrino 11, Lane 0 Morgan Charriere vs. Nate Landwehr Records: Charriere (20-11-1 MMA, 2-2 UFC), Landwehr (18-6 MMA, 5-4 UFC) Past five: Charriere 3-2, Landwehr 3-2 Division: Featherweight Rankings: None Odds (as of 07.11.25): Charriere -260, Landwehr +210 Junkie pick results: Charriere 10, Landwehr 1 Steve Garcia vs. Calvin Kattar Records: Garcia (17-5 MMA, 6-2 UFC), Kattar (23-9 MMA, 7-7 UFC) Past five: Garcia 5-0, Kattar 1-4 Division: Featherweight Rankings: None Odds (as of 07.11.25): Garcia -125, Kattar +105 Junkie pick results: Garcia 7, Kattar 4 Gabriel Bonfim vs. Stephen Thompson Records: Bonfim (17-1 MMA, 4-1 UFC), Thompson (17-8-1 MMA, 12-8-1 UFC) Past five: Bonfim 4-1, Thompson 1-4 Division: Welterweight Rankings: Thompson No. 12 Odds (as of 07.11.25): Bonfim -455, Thompson +350 Junkie pick results: Bonfim 11, Thompson 0 Derrick Lewis vs. Tallison Teixeira Records: Lewis (28-12 MMA, 19-10 UFC), Teixeira (8-0 MMA, 1-0 UFC) Past five: Lewis 2-3, Teixeira 5-0 Division: Heavyweight Rankings: Lewis No. 11 Odds (as of 07.11.25): Lewis +245, Teixeira -305 Junkie pick results: Lewis 7, Teixeira 4 Individual staff member picks, main card Readers 92–57: Teixeira (50.1%), Bonfim (67%), Garcia (62%), Charriere (59%), Petrino (89%), Tafa (74%) Farah 97-52: Teixeira, Bonfim, Kattar, Charriere, Petrino, Tafa MikeB 95-54: Teixeira, Bonfim, Garcia, Charriere, Petrino, Tafa Nolan 95-54: Lewis, Bonfim, Kattar, Charriere, Petrino, Tafa Kenny 94-55: Lewis, Bonfim, Garcia, Charriere, Petrino, Tafa Abbey 94-55: Teixeira, Bonfim, Garcia, Charriere, Petrino, Tafa Brian 90-59: Lewis, Bonfim, Garcia, Landwehr, Petrino, Tafa MattE 89-60: Lewis, Bonfim, Garcia, Charriere, Petrino, Tafa Simon 89-60: Teixeira, Bonfim, Kattar, Charriere, Petrino, Tafa Danny 87-62: Lewis, Bonfim, Kattar, Charriere, Petrino, Tafa MattW 83-66: Lewis, Bonfim, Garcia, Charriere, Petrino, Tafa Jorge 81-68: Lewis, Bonfim, Garcia, Charriere, Petrino, Tafa Preliminary card picks Although they don't count toward the standings, MMA Junkie staff members still pick the fights on the prelims. Here are the results: Chris Curtis vs. Max Griffin: Curtis 11, Griffin 0 Jake Matthews vs. Chidi Njokuani: Njokuani 8, Matthews 3 Eduarda Moura vs. Lauren Murphy: Moura 11, Murphy 0 Kennedy Nzechukwu vs. Valter Walker: Nzechukwu10, Walker 1 Mike Davis vs. Mitch Ramirez: Davis 11, Ramirez 0 Fatima Kline vs. Melissa Martinez: Kline 11, Martinez 0 This article originally appeared on MMA Junkie: UFC Nashville predictions for Derrick Lewis vs. Tallison Teixeira",2025-07-12,https://ca.sports.yahoo.com/news/ufc-espn-70-predictions-derrick-120156722.html
UFC Fight Night : à quelle heure et sur quelle chaîne voir le combat Morgan Charrière vs Nate Landwehr ?,"UFC Fight Night : à quelle heure et sur quelle chaîne voir le combat Morgan Charrière vs Nate Landwehr ? Tout savoir sur ce prochain combat de l'UFC Fight Night. RMC Sport La rédaction n'a pas participé à la réalisation de ce contenu Le Français Morgan Charrière s'apprête à relever l’un des plus grands défis de sa carrière à l’UFC. Le 13 juillet prochain, « The Last Pirate » croisera le fer avec l’Américain Nate Landwehr à Nashville, dans une confrontation où technique affûtée et agressivité brute s’entrechoqueront. Un affrontement à fort enjeu pour deux combattants aux trajectoires opposées mais au même objectif : grimper dans la hiérarchie des poids plumes. Un retour sous pression pour Charrière Morgan Charrière, 29 ans, fait partie de cette génération montante de combattants français qui ambitionnent de marquer durablement l’histoire de l’UFC. Mais son dernier combat, perdu par décision contre Nathaniel Wood à l’UFC Londres en mars, a légèrement freiné son ascension. Pour retrouver le chemin de la victoire et convaincre les décideurs de l’UFC, notamment en vue d’un potentiel combat à Paris en septembre, Charrière devra se montrer aussi précis qu’inspiré dans la cage du Tennessee. Connu pour son striking propre, inventif et imprévisible, « The Last Pirate » affiche un style esthétique qui tranche avec la brutalité du circuit. Ce cinquième combat sous la bannière de l’UFC pourrait être crucial dans son positionnement à moyen terme dans une division featherweight extrêmement relevée. Nate Landwehr : vétéran à domicile En face, Nate Landwehr, 37 ans, est un adversaire tout sauf facile. Vétéran expérimenté, capable d’absorber des rafales et de maintenir une cadence étouffante, il combattra devant son public à Nashville, sa ville natale. Avec un bilan de 5 victoires pour 4 défaites depuis son entrée à l’UFC en 2020, il a montré une résilience hors norme, mais aussi une certaine vulnérabilité face à des adversaires techniques. Sa spécialité ? La pression constante. Landwehr étouffe ses rivaux à coups d’agressions répétées, les forçant souvent à sortir de leur zone de confort. Ce duel face à Charrière promet ainsi une opposition de styles particulièrement savoureuse : la fougue méthodique d’un Français en quête de rebond face à l’instinct guerrier d’un Américain qui refuse de baisser les bras. Quand et où regarder le combat Charrière vs Landwehr ? Le combat entre Morgan Charrière et Nate Landwehr est prévu dans la nuit du samedi 13 au dimanche 14 juillet 2025, vers 02h du matin (heure française). Il se tiendra à Nashville (Tennessee), dans le cadre de l’événement UFC Fight Night. Pour suivre l’affrontement en direct, rendez-vous sur RMC Sport, qui détient les droits de diffusion de l’UFC en France. Bon plan : durant tout le mois de juillet, RMC Sport propose une offre 100 % digitale à 15 €/mois, sans engagement. Une occasion idéale pour vivre cet événement nocturne sans se ruiner. Un enjeu fort : la carte de l’UFC Paris dans le viseur Au-delà de l’enjeu sportif immédiat, Morgan Charrière a en ligne de mire un objectif plus large : être présent lors de l’UFC Paris 4, prévu deux mois plus tard. Une victoire nette et spectaculaire à Nashville pourrait lui ouvrir la porte de cet événement phare pour les fans français. Un enjeu qui, sans le détourner de sa mission première, ajoute une couche d’urgence et de motivation supplémentaire. Un combat qui promet Ce duel s’annonce comme l’un des moments forts de la soirée UFC Nashville. Le contraste de styles – la créativité debout de Charrière contre la pression constante de Landwehr – pourrait bien en faire un « fight of the night » potentiel. Pour le Français, l’opportunité est double : se relancer dans l’octogone et rappeler à l’UFC qu’il mérite sa place sur la scène parisienne. Les tarifs mentionnés sont à titre indicatif et susceptibles d’évoluer. Certains liens peuvent être tracés et générer une commission pour La Provence. Votre opinion compte pour nous. Rejoignez la communauté laprovence.com en réagissant sur l'article UFC Fight Night : à quelle heure et sur quelle chaîne voir le combat Morgan Charrière vs Nate Landwehr ?. En continu 14:08 Feux d'artifice du 14-Juillet : en Provence, quelles communes ont déjà annulé ? 14:04 La fête foraine bat son plein sur la place Morgan à Salon-de-Provence 13:51 Festival d'Avignon : ""Israel & Mohamed"", un duo poignant ""au nom du père"" 13:40 Les mégalithes de Carnac inscrits au patrimoine mondial de l'Unesco, une première en Bretagne 13:35 Un bal des pompiers nouvelle formule, différent et très prometteur pour le centre de secours Sénas Mallemort 13:31 Villeneuve en scène : ""Catarina & Missy Messy - Danse avec la mort"", une performance époustouflante 13:30 L'association Nego Chin reprend ses entraînements estivaux sur sur la Sorgue à L'Isle-sur-la-Sorgue 13:30 Histoire : retour sur l’époque où les cirques faisaient halte à Ceyreste et rythmaient la saison estivale Une info ? Un témoignage ? Contactez-nous",2025-07-12,https://www.laprovence.com/article/guide-shopping/73858322409680/ufc-fight-night-a-quelle-heure-et-sur-quelle-chaine-voir-le-combat-morgan-charriere-vs-nate-landwehr
"UFC Nashville predictions, odds, full card picks: Can Derrick Lewis fend off heavyweight's latest prospect?","Nothing says entertainment capital of the mid-south like a middling UFC Fight Night in Nashville ... right? It's essentially the ""Derrick Lewis special"" at this point, as the UFC record-holder for most career knockouts headlined his past two Fight Night appearances in St. Louis, Missouri, and Sao Paulo, Brazil. (Two totally normal locations for him to do so.) This time, ""The Black Beast"" is being tossed against yet another rising Brazilian prospect in Tallison Teixeira, who makes just his second UFC appearance. Veterans Stephen ""Wonderboy"" Thompson and Calvin Kattar are also in action at UFC Nashville. And that's about all the table-setting that's necessary, folks. Because this event is nothing more than a UFC APEX-worthy lineup plucked from the bottom of the barrel. 👑 UFC Nashville's lineup Crown grade: F+. 👑 Betting odds courtesy of BetMGM. 265 pounds: Derrick Lewis (+220) vs. Tallison Teixeira (-275) UFC Nashville's main event will finally answer the age-old question: ""How would Lewis vs. Stefan Struve have looked?"" At long last, the time is now to settle that ever-raging debate. All jokes aside, there's only so much one can break down a Lewis fight at this point. When he's not plodding forward seeking the home-run shot or throwing the occasional wild flying knee, he's getting outwrestled — until he just decides to get up. And if he doesn't get up, he might be smothered to a decision or submitted or pummeled senseless. The 6-foot-7 Teixeira has the ability to do all of that, having stopped seven of his eight opponents with strikes. The outlier was a fight he won by inverted triangle choke in his MMA debut. Excuse me? Yes, the 25-year-old giant should win and replicate a performance similar to that of his fellow tall man, Alexander Volkov, who systematically broke down Lewis in 2018. Of course, that dominant display from Volkov infamously ended with him flat on his back, staring at the lights in the final seconds thanks to a Lewis punch. Expect the same type of fight here in every respect. Why? Because Derrick Lewis. That's why. Pick: Lewis 170 pounds: Stephen Thompson (+310) vs. Gabriel Bonfim (-400) The UFC matchmakers looked at UFC Nashville and determined this was a good time to stage some ""pass the torch"" fights. I'm not sure how else they would've arranged a matchup between the 42-year-old Stephen Thompson and the 27-year-old prospect Gabriel Bonfim. Spoiler alert: I'm on team ""old dog"" for most of this card. Experience matters. The level of competition matters. Thompson has admittedly fallen on very tough times, going 1-4 in his past five. But three of those losses were stylistic nightmares, and the one that wasn't — Joaquin Buckley, in Thompson's most recent fight — was going Thompson's way until a late knockout blow. As long as ""Wonderboy"" is still physically capable of competing, his style is going to give anyone problems. He's a big test for a surging Bonfim. The Brazilian is wildly dangerous everywhere, and it makes sense for him to be favored. This just comes down to examining who Thompson has lost to and how. Pick: Thompson 145 pounds: Calvin Kattar (+110) vs. Steve Garcia (-130) Steve Garcia is low-key on quite a run with five straight knockout wins. The dude is a certified gamer, and deserves an opportunity at the top 15, starting with Calvin Kattar. This matchup isn't quite on the level of UFC Nashville's co-main event in terms of the old vs. young theme, given the only five-year age gap. The similarities lie more in Kattar's four-fight skid, which is deceptive — though Kattar's last time out against Youssef Zalal showed he is likely on the downside of his career. Regardless, he's still as durable as ever, which will be important against the ever-violent Garcia. Garcia's chaos has the potential to play right into Kattar's favor. Always known for his great boxing, Garcia will bring the target right to Kattar, playing into his game. All the makings to play spoiler are in Kattar's favor, assuming he hasn't completely fallen off a cliff. Either way, this fight and the next are most likely to steal the show. Pick: Kattar 145 pounds: Nate Landwehr (+220) vs. Morgan Charriere (-275) Maybe it's a featherweight thing, huh? Nate Landwehr and Morgan Charriere are both in positions where they hope to rebound after losses to opponents who put on arguably their career-best performances. Unfortunately for Landwehr, his Doo Ho Choi loss was much more of an ""exposed"" type of outing for the 37-year-old than Charriere's unanimous decision defeat against Nathaniel Wood. Neutralizing Landwehr's train-like aggression is the path to success for anyone who faces him, but his speed has seemingly declined since his epic war with David Onama in 2023. ""The Last Pirate"" Charriere is a more dynamic striker overall, with a broader range of tools in his arsenal to accomplish the task. For Landwehr, all that accumulated damage over the years adds up. Pick: Charriere 265 pounds: Vitor Petrino (-750) vs. Austen Lane (+525) As a self-hating Jacksonville Jaguars fan, it's still wild to remember Austen Lane's brief run with the team. Believe it or not, he actually might have been better at football than MMA. (Not that that's saying much.) This is the state of the heavyweight division, folks. This is just a layup on a silver platter for Vitor Petrino, a once-unbeaten light heavyweight hopeful two fights ago — that was, until he was rushed into veteran presences Anthony Smith and Dustin Jacoby. Lane's chin has been an easy target and built out of styrofoam since the jump, as all six of his losses have come in knockouts. Add some extra weight to Petrino's already serviceable light heavyweight power and this should be a nice highlight on his reel. Pick: Petrino 205 pounds: Junior Tafa (-165) vs. Tuco Tokkos (+135) Junior Tafa vs. Tuco Tokkos almost feels like a heavyweight fight in disguise. That's purely because of Tafa, who is just a lite version of his brother, Justin Tafa. Nonetheless, both Tafas can absolutely crack. They both only win by knockout. Tokkos will need to utilize his speed advantage as the lighter man, avoiding the bombs for 15 minutes. That just feels like too big of an ask here, especially considering the durability of his opponent. Pick: Tafa Preliminary Notes Nashville is getting barraged with heavyweight nonsense, and believe it or not, the one who should be spotlighted the most is Kennedy Nzechukwu (a former light heavyweight). He's taking on Johnny Walker's brother, Valter Walker, so expect those similar shenanigans. Meanwhile, Mike Davis gets to catch another body — and yet he's not even the biggest favorite. That would be Fatima Kline, who should easily shine against ""Super Melly"" Melissa Martinez. UFC Nashville is certainly a card. Quick picks: Chris Curtis (-325) def. Max Griffin (+260) Jake Matthews (+125) def. Chidi Njoukuani (-150) Lauren Murphy (+450) def. Eduarda Moura (-625) Kennedy Nzechukwu (-210) def. Valter Walker (+175) Mike Davis (-1000) def. Mitch Ramirez (+650) Fatima Kline (-1200) def. Melissa Martinez (+750)",2025-07-11,https://sports.yahoo.com/mma/article/ufc-nashville-predictions-odds-full-card-picks-can-derrick-lewis-fend-off-heavyweights-latest-prospect-190316919.html?fr=sycsrp_catchall
"UFC Nashville: Teixeira vs. Lewis Odds, Picks, Predictions and Best Bets","UFC Nashville Predictions: This week, the UFC takes us to good Ol’ Rocky Top, Nashville, Tennessee, where a scheduled 12-bout fight card, a large cage, and a room full of tuned-up Tennesseans will gather to take in what I believe will be one of the most violent cards of the year. I say this based on a couple of factors. First, seven of the 12 scheduled bouts are going to be waged at 170 pounds and above, where power is abundant and finish rates reflect it. Second, 12 of the 24 athletes on this slate are at least 33 years old. This card features nine fights with a greater than five-year age gap between competitors. Fighters competing against one another under a four-year or better youth advantage win 59.5% of the time, according to the information Reed Kuhn has published in his book Fightnomics. In these nine bouts on Saturday, the age difference is not just a year or two. In the main event, there is a 15-year spread. Co-main, you ask? Fourteen-year variance. Those are the widest differences of the nine matchups, but many athletes on this slate enter the cage with a numeric advantage. To date, favorites in the UFC stand 65.2%, which is on the high end of yearly UFC averages. Let us hope UFC 317’s 9-1-1 result is not reproduced in Nashville, for my bankroll cannot take that. Last week, we won with Beneil Dariush, as he was simply the better mixed martial artist. Digital results go to 13-16 -3.90u, and we enter a seven-week stretch of fight cards that I have focused on for some weeks. Tallison Teixeira -280 vs. Derrick Lewis +240 Heavyweight main event Lewis is the all-time knockout king in UFC history. Now 40 years old, Lewis is a rotund athlete with little technical fighting ability. He does possess profuse power in his hands, and he complements that fight-ending power with focused ill intent. He has competed against the elite of the division for more than a decade and separated the majority of his foes from consciousness, as it takes but one Sunday shot for Lewis to end a fight. Lewis’s UFC experience, cage IQ, and raw street fighting tactics are equaled only by his complete lack of appropriate conditioning, for the man is fractionally as effective after six minutes of exertion as before. Lewis lands the same rate of significant strikes per minute as he accepts, 2.48, and of late, his ability to take damage after all these fierce competitions is waning rapidly. Yes, Lewis is chinny. However, at his best, and that is how I believe we see Lewis Saturday, he is an effective finisher. The key for Lewis in this fight will be space. Should he be able to work from inside the pocket on the longer, taller Brazilian, then he stands a great chance of imploding Teixeira with any one of several detonations. For Tallison Teixeira, this will be his sophomore fight in the UFC, so disadvantages in experience, foes faced, and adversity overcome cannot compete with what Lewis has experienced. This Brazilian bomber holds many advantages as he is 15 years younger, four inches taller and owns a four-inch reach advantage over Lewis in this bout. Teixeira brings raw finishing ability applied by a youthful, hulking, aggressive, sometimes wild strike-hurling 25-year-old, but the kid ends fights. In his second UFC bout, he gets a main event placement, steps up in class of opponent, and fights for the opportunity to earn life-changing money, all of which add complexity to this fight. Lewis is taking note of it all. So, in one corner, we have a mature, experienced, proud old warrior combatant with natural-born power. He is going to take the middle of the cage and initiate a throwdown against a willing, aggressive, young, taller, longer, Brazilian Bomber who will do all he can to unglue Lewis. There is no give in this fight. The total in this fight of 1.5 -270 Under is appropriate! Morgan Charriere 250 vs. Nate ‘the Train’ Landwehr +200 Featherweight WAR Nate ‘the Train’ is appropriately named. Landwehr is forcefully aggressive in every engagement during his fights. He forges forward with unrelenting will to engage opponents with one single point of focus: to annihilate. Now 37 and sporting a lightly negative significant strike differential, Ladwehr can struggle with consistency because of the extremely aggressive approach he takes into each battle. Take one to give one? Landwehr is surely game. Landwehr can grapple, but his aim is to walk opponents down, then shut off their lights. Though 4-2 in his last six bouts, Landwehr enters this fight off a loss. But for this war, he competes in front of his hometown, which makes Landwehr, a problem for any athlete in any arena, even more dangerous in this spot. Landwehr’s opponent is perfectly placed to provide the fans with a dangerous opponent for their hometown boy. Charriere is athletic, fleet of foot, and able to effectively evade strikes and throws, while delivering his kicks, strikes, knees, and elbows in volume and from every imaginable angle. Charriere enters this fight in enemy territory after a loss to Nathaniel Wood that was very close and could have easily gone his way. Sporting a negative strike differential, Charriere would do well to maintain spacing against this down-bound train because while Charriere’s damage is done with volume striking, distance maintenance, and precision placement, the Train’s damage comes in blunt force collision form. Simply put, Charriere will need time to effectively wear Landwehr down with a volume, precision attack, while Landwehr’s approach will be to force Charriere into a flat-footed throwdown where Landwehr’s shortcomings of footwork, quickness, and cage cutting become muted and his strengths of power striking from the pocket are magnified. Every fight on this card is designed to deliver violent effects, but of the 12 fights slated for Nashville, this one offers the greatest intrigue due to the style each man brings to the cage. In the end, Charriere will be too fleet afoot, too quick, and athletic for the forceful Train, even though Landwehr fights in front of his people. UFC Nashville Best Bet: Morgan Charriere -250 We will use Charriere in a parlay Steve Garcia -120 vs. Calvin Kattar -105 Featherweight (145 pounds) This will be another complete bloodbath, as both men are lethal strikers who execute their striking similarly, with force, power, grit, and determination. This fight is foundational for Kattar, a blue belt in BJJ, as he has dropped his last four bouts in a row against world-class UFC competition. Kattar is tough, aggressive, and a forward pressing boxer/striker with power in his hands, a granite jaw, but porous defense as evidenced by his negative 2.02 significant strike difference per five minutes of fight time. Garcia, a southpaw, enters with tremendous momentum. A striker, Garcia has not seen the third round in his last four fights, finishing competitors that are sound but nowhere near as elite as the athletes Kattar has had to contend with. So, Kattar enters the fight as a desperate hombre, and Garcia, the lefty, arrives on the shirttails of tremendous momentum. Garcia’s height, reach, and length advantages will set him up well in this striking affair. Garcia’s southpaw attack will serve him well against the traditional orthodox boxer Kattar. UFC Nashville Best Bet: Steve Garcia -120 Garcia -120 to Charriere -250 parlay returns 1.57u This fight is lined 1.5 -175 Over The GambLou ‘Bout Business Podcast drops Friday morning PST. All my final releases may be accessed there. Thank you for reading, and enjoy the fights!",2025-07-12,https://vsin.com/mma/ufc-nashville-teixeira-vs-lewis-odds-picks-predictions-and-best-bets/
UFC Nashville fight card picks & predictions for Derrick Lewis vs. Tallison Teixeira,"UFC Nashville fight card picks & predictions for Derrick Lewis vs. Tallison Teixeira The UFC returns this weekend with a UFC Fight Night card in Nashville, TN, and MMA KO’s Drew Beaupré is here to provide predictions for all 12 fights on the card. The event is headlined by top-ranked heavyweights Derrick Lewis and Tallison Teixeira, who debuted in the UFC with a 35-second knockout earlier this year and now gets a huge step up in competition against the promotion’s all-time leader in knockouts. The night’s co-main event is a welterweight bout featuring former title challenger Stephen “Wonderboy” Thompson and Gabriel Bonfim. Thompson comes into the night looking to snap a two-fight skid and collect his first win since 2022, while Bonfim has won two fights in a row after being upset by Nicolas Dalby in 2023. UFC Nashville Main Card Predictions Derrick Lewis vs. Tallison Teixeira This may finally be the fight where Lewis comes up short against a rising heavyweight prospect, but until I see that happen I have to pick “The Black Beast” to score another finish and add to his legacy as the UFC’s all-time knockout leader. (Pick: Lewis) READ MORE: UFC star Conor McGregor eyes return at White House card despite Dana White's doubt Stephen Thompson vs. Gabriel Bonfim Thompson has obviously slowed down considerably at this stage of his career, but given that Bonfim’s best path to victory is on the ground I’m going to slightly lean with “Wonderboy” to stifle the Brazilian’s takedown attempts and pull off an upset in Nashville. (Pick: Thompson) Calvin Kattar vs. Steve Garcia While Garcia’s current streak of knockouts is certainly impressive, Kattar’s own striking skills and the fact that he’s never been knocked out should allow him to spoil his opponent’s momentum and also snap his current four-fight skid. (Pick: Kattar) Nate Landwehr vs. Morgan Charriere This is one of the best matchups at UFC Nashville as well as a potential Fight of the Night contender. Charriere is certainly the more technical fighter, but I think that Landwehr can survive any big shots and outwork “The Last Pirate” to get back into the win column. (Pick: Landwehr) Vitor Petrino vs. Austen Lane I don’t know how far Petrino will be able to go in the UFC heavyweight division in the long run, but he does have the knockout power necessary to stop Lane and kick off his time in a new weight class with a big victory. (Pick: Petrino) Junior Tafa vs. Tuco Tokkos Tafa is in the opposite position of Petrino as a former heavyweight dropping down to 205 lbs., but as long as his power translates to a new division then he should be able to handle Tokkos in what could be the 35-year-old’s final fight in the UFC. (Pick: Tafa) READ MORE: Merab Dvalishvili teases next fight plans after meeting with UFC brass UFC Nashville Preliminary Card Predictions Chris Curtis vs. Max Griffin There was a point in Griffin’s career where I think he’d be able to stifle Curtis’ striking and pull of the upset here, but at this stage I think “The Action Man” will just be too much too much for him to handle. (Pick: Curtis) Jake Matthews vs. Chidi Njokuani Njokuani is currently on the best run of his UFC career after snapping a three-fight losing streak. Matthews will certainly be a tough test, but if the American can keep things standing then he should be able to get the job done here. (Pick: Njokuani) Lauren Murphy vs. Eduarda Moura Murphy is the kind of experienced veteran that could have bested the younger Moura at one point in her career, but this is a tough matchup for her to come back to after two and a half years out of the cage. (Pick: Moura) Kennedy Nzechukwu vs. Valter Walker Despite the fact that Nzechukwu is a more than 2-1 favorite, this feels like one of the tougher fights to call at UFC Nashville. Walker has never been knocked out, but even if he can’t stop him with strikes I still think Nzechukwu is well-rounded enough to earn his third-straight win. (Pick: Nzechukwu) READ MORE: UFC CEO Dana White claims Fourth of July White House event will be 'exceptional' Mike Davis vs. Mitch Ramirez Davis’ four-fight win streak came to an end in his last outing against Fares Ziam, but this matchup with Ramirez is a good spot for “Beast Boy” to get back on track ahead of what will hopefully be a more active schedule going forward. (Pick: Davis) Fatima Kline vs. Melissa Martinez Kline’s debut loss in a short-notice flyweight bout with Jasmine Jasudavicius has aged well given that Jasudavicius is now the promotion’s #5-ranked flyweight contender, and “The Archangel” should move closer towards the strawweight rankings with a win over Melissa Martinez in Nashville. (Pick: Kline) MMA KO will be providing comprehensive coverage for UFC Nashville all throughout fight week, and be sure to check back on our homepage tomorrow for live results and highlights on fight night. More MMA Knockout News • Surging UFC fighter puts win streak on the line with dangerous Paris matchup • 3 possible opponents for UFC Heavyweight Champion Tom Aspinall • 19-year-old UFC fighter set to make history with September debut • Ex-champion's return fight reportedly targeted for Noche UFC 3 Stick with MMAKnockout for more FREE coverage of the UFC and MMA.",2025-07-11,https://www.si.com/fannation/mma/news/ufc-nashville-fight-picks-predictions-derrick-lewis-tallison-teixeira
"UFC Nashville Lewis vs. Teixeira: Best Bets, Odds and Predictions","UFC Nashville Predictions – Lewis vs. Teixeira: VSiN analyst Britton Hess offers his UFC Nashville best bets and puts pen to paper (well, fingers to keyboard) to hammer out his thoughts and UFC predictions for every fight on the docket. BEST BETS HISTORY Last card: 2-5 -3.1 Units (-39.74% ROI) Since 2020: 725-697 (+186.43 Units, 10.69% ROI) PICK’EM HISTORY Last Week: 6-5 (54.55%) Article History: 419-268-1 (60.99%) *All Odds via DraftKings unless otherwise noted Derrick Lewis (+240) vs. Tallison Teixeira (-298) Over 1.5 Rounds (+140) | Under 1.5 Rounds (-180) Heavyweight Derrick Lewis is one of the most accomplished knockout artists in UFC history and is likely to find his name in the UFC Hall of Fame one day. Not because of hardware, but because of his sheer number of exciting fights, both in victory and defeat. He is now 40 years old, but his punching power remains consistent throughout the entirety of his fights. He is not a good grappler, he doesn’t have the best footwork, his activity level is low, and his head strike defense is wanting. But his power cancels those deficiencies out most of the time, as evidenced by his 19-10 UFC record. He hasn’t fought in a year, but that fight resulted in a third-round knockout victory. He is 4-5 since 2021, but his last five victories have come versus opponents on 2+ UFC fight win streaks. He is no stranger to stopping momentum and has never lost to an opponent with fewer than two trips to the UFC octagon. The last time he faced an opponent with so little UFC experience was 2014. But despite having 15 UFC knockouts, he has been KO’d seven times in the organization. Most of his losses come to opponents who are a grappling threat. Additionally, there have been a few aggressive strikers who have managed to win through getting Lewis on the back foot, namely Sergei Pavlovich and Tai Tuivasa. Tallison Teixeira is the next young heavyweight with high potential, getting a major test early in his career. Teixeira is 8-0 as a professional mixed martial artist with a 100% finish rate (7 KO, 1 Sub). The 25-year-old has fought in the UFC once, a first-round KO of Justin Tafa. He also won via KO in the first round in his Contender Series fight. He has never seen a second round and has never come close to seeing an opponent of consequence. He has an impressive frame, standing 6’7” with an 83” reach. If you look at his results in a vacuum, he looks like the greatest heavyweight to ever do it, and maybe he is, but after watching thousands of MMA fights, I am cynical. I think he is up for the biggest test of his life, but is now twice as big of a favorite as he was against Justin Tafa. Derrick Lewis coming out disengaged and getting put out early is definitely in the range of outcomes. But so is Lewis knocking out a young upstart who is being put under too bright a spotlight too soon. The organization is fresh for fresh blood in the heavyweight division. Heavyweights sell pay-per-views, and the organization doesn’t waste any time testing prospects early in their careers. We saw a similar situation at a fight night card in March of 2024. Undefeated and 1-0 in the UFC, Shamil Gaziev was a favorite against veteran Jairzinho Rozenustruik. The underdog won that fight via retirement after the fourth round (TKO). Obviously, these fights feature different fighters, but I see the narrative as similar. I am going to take a shot with Derrick Lewis because he has been here before, and he will likely be here again. FIGHT WINNER: Derrick Lewis UFC NASHVILLE BEST BET: Derrick Lewis (+250, BetOnline) vs. Teixeira, Risk 1 Unit to Win 2.5 Units – Stephen Thompson (+350) vs. Gabriel Bonfim (-455) Over 2.5 Rounds (+105) | Under 2.5 Rounds (-135) Welterweight Stephen Thompson is a fan favorite and two-time welterweight title challenger. He made his name through karate-style knockouts that looked like they were ripped straight from 80s action movies. But in 2025, those highlights are far in the rearview mirror. His last knockout came in 2022 when Kevin Holland was forced to retire after the fourth round. His last true highlight finish was all the way back in 2016, and he is on a two-fight losing streak via finish. He is 1-4 in his last five overall and 4-7 since 2017. He doesn’t move as well as he used to, and his takedown defense is still a real problem. He moves unconventionally with a wide karate stance, but at this point, the tape is out there, and well-prepared opponents find a way to get the fight to the ground. Each of his last five opponents has landed takedowns. Gabriel Bonfim is a high-potential prospect who is edging his way towards contender status. He is 4-1 in the UFC, and has looked great outside of a fight where he gassed himself out versus veteran Nicolas Dalby. The 27-year-old is 14-1 overall with three wins via KO and 13 via submission. When he came into the organization, his striking was underdeveloped, but in his last few fights, he has shown great improvement in his boxing. He is not a striker of Stephen Thompson’s caliber, but a crisp jab has gone a long way to setting up takedowns. Thompson’s takedown defense rate is 63% while Bongfim lands 3.68 takedowns per 15 minutes in the cage. If Bonfim controls his energy output and fights a smart fight, he will win and add another tally to Thompson’s loss column. FIGHT WINNER: Gabriel Bonfim UFC NASHVILLE BEST BET: Gabriel Bonfim to win via submission vs. Thompson (+140, Bovada), Risk 1 Unit to Win 1.4 – Calvin Kattar (+102) vs. Steve Garcia (-122) Over 1.5 Rounds (-160) | Under 1.5 Rounds (+124) Featherweight An inevitable knockout against an unmovable chin will yield quite an exciting fight between two UFC veterans who have given their flesh and blood to the sport. The inevitable knockout is Steve Garcia, who has finished his last five opponents in devastating fashion. He is 6-2 in the organization with a 100% finish rate in victory. Calvin Kattar’s chin is legendary. He has made it to the final bell in six of his seven UFC losses, with the one stoppage coming due to a devastating knee injury. Overall, Kattar has lost four fights in a row and five of his last six. He still has unimpeachable cardio, toughness, and boxing. He also has seen tougher competition than Garcia. He is also aging quickly, 37 years old, and more damaged than his true age. This fight is going to be a high-level display of striking, Garcia will brawl, and potentially attempt takedowns. Kattar will do everything he can to stay on his feet and display technical striking. To me, this one is too close to call, and I do not see an edge either way. FIGHT WINNER: Steve Garcia UFC NASHVILLE BEST BET: Pass – Nate Landwehr (+210) vs. Morgan Charriere (-258) Over 2.5 Rounds (-166) | Under 2.5 Rounds (+130) Featherweight As a Tennessean, Nate Landwehr will feel all the love and adoration of the Nashville crowd at Bridgestone Arena. Landwehr is a popular fighter no matter where he enters the cage because he has a penchant for action and excitement in victory or defeat. The 37-year-old is 5-4 in the UFC and has won his last two fights via finish. His last loss was tough, but I give more of that credit to Doo Ho Choi peaking than Landwehr’s skills diminishing. He’s a good guy to have on the UFC roster, but he’ll never be highly ranked because he’s more of a jack of all trades than a master of one. Morgan Charriere’s popularity far exceeds his abilities, at least in my opinion. He has a massive European fanbase because he had some excellent results in the UK’s Cage Warriors promotion. That said, his regional success has not translated to the UFC as he is just 2-2 despite being a favorite in all of his fights. He is an aggressive, dangerous finisher, and he is physically imposing with a cut-up 5’8” frame. He is 20-11-1 as a professional with a 75% finish rate. Both of his UFC wins have come via knockout, and both of his UFC losses have gone the distance. Purely on strength of schedule, Nate Landwehr is in a different league than Morgan Charriere. Age and physical abilities go to Charriere. Fight IQ and home crowd advantage go to Landwehr in a major way. FIGHT WINNER: Nate Landwehr UFC NASHVILLE BEST BET: Nate Landwehr (+220, BetOnline) vs Charriere, Risk 1 Unit to Win 2.2 – Vitor Petrino (-700) vs Austen Lane (+500) Over 1.5 Rounds (+124) | Under 1.5 Rounds (-160) Heavyweight Vitor Petrino is making his heavyweight debut in the UFC. He looked like he could be a factor in the light heavyweight division after putting together an undefeated record on the back of his power punches and elite wrestling. However, his last two fights showed he was not the right style fighter to make a dent in the division. He lost via submission to the veteran Anthony Smith, then was knocked out by the veteran Dustin Jacoby in December. He is 6’2” and on Friday weighed in at 249 pounds. He is not going to be the biggest heavyweight, but we have also seen smaller guys find success. I think his wrestling will still be at the forefront of his gameplan. However, if he doesn’t get the finish, fatigue could be a factor. Moving around large men weighs on the gas tank. Austen Lane seems like a good guy who has lived an interesting life. Playing in the NFL and then making a career in the UFC is something to be proud of. But at this point, he does not belong in MMA’s top organization. He has suffered a lot of head trauma and has a glass chin. He is 1-3 in the UFC, with all three losses coming via knockout. His win came against a kickboxer, where he was able to employ wrestling to get his hand raised. I do not think that will be an easy feat versus Petrino. Weighing in at 249 pounds is concerning because I’d like to have seen him use his 6’6” frame to wear on his opponent. FIGHT WINNER: Vitor Petrino UFC NASHVILLE BEST BET: Pass – Junior Tafa (-180) vs. Tuco Tokkos (+150) Over 1.5 Rounds (-110) | Under 1.5 Rounds (-120) Light Heavyweight Junior Tafa is another fighter trying out a new weight class on this card. After putting together a 6-3 record as an undersized heavyweight, Tafa dedicated himself to the weight cut and came in at 206 pounds on Friday. Like his brother Justin, Tafa has legitimate knockout power, and both of his UFC wins have come via KO. His weakness is facing grapplers, but that may be easier now that he will not be giving up 20 pounds to his opponent. Tuco Tokkos is an N.F.L. UFC fighter (Not For Long). He is 0-2 in the UFC, lost a fight in Road to UFC, and also went 0-2 in Bellator back in the day. His wins have all come against inexperienced and below-average fighters. Tokkos has a sub 50% striking defense rate, which is a scary proposition versus Tafa. FIGHT WINNER: Junior Tafa UFC NASVHVILLE BEST BET: Junior Tafa to win via KO (-110, Bovada) vs Tokkos, Risk 1.1 Units 1 – Chris Curtis (-325) vs. Max Griffin (+260) Over 2.5 Rounds (-280) | Under 2.5 Rounds (+210) Welterweight Chris Curtis is another fighter on this card moving to a different weight class, although he does have some familiarity with fighting at 170 pounds. Prior to joining the UFC, he was on a five-fight win streak at welterweight, but a late notice opportunity at middleweight got him into the UFC. He won his UFC debut via KO and followed that performance up with three more victories. That said, he has been in some weird fights as of late with injuries, last-second dramatics, and all sorts of foul interruptions. I am a believer in his skill. He has great power and great standup. Max Griffin is another UFC veteran who has seen the highest highs and lowest lows this organization has to offer. The 39-year-old has gone 8-9 in the UFC over the past nine years and has traded wins and losses in his last six fights. He is coming off a submission loss to Michael Chiesa, and lucky for Griffin, this fight does not project to feature any grappling. He is virtually impossible to knock out on the feet, which is why this fight is trending towards going the distance. FIGHT WINNER: Chris Curtis UFC NASHVILLE BEST BET: Chris Curtis to Win via Decision (-130) vs Griffin, Risk 1.3 Units to Win 1 – Jake Matthews (+130) vs. Chidi Njokuani (-155) Over 2.5 Rounds (-210) | Under 2.5 Rounds (+160) Welterweight Jake Matthews and Chidi Njokuani are some pretty big names to be buried on the undercard of a Fight Night event. That being said, getting fans in the stands is part of the reason for putting this show on the road. Matthews and Njokuani should deliver in that regard. Matthews is an 11-year UFC veteran but just 30 years old. Chidi Njokuani is on a three-fight win streak, including a knockout finish in his last bout in March. Njokuani wants to win with kickboxing, Jake Matthews wants to win with grappling, and avoid the big power coming back his way. Njokuani is used to fighters trying to take him down and has a 75% takedown defense rate in the UFC. FIGHT WINNER: Chidi Njokuani UFC NASHVILLE BEST BET: Pass – Lauren Murphy (+490) vs. Eduarda Moura (-675) Over 2.5 Rounds (-315) | Under 2.5 Rounds (+230) Women’s Flyweight Lauren Murphy fought for the flyweight championship against Valentina Shevchenko in September of 2021. She lost that fight and has gone 1-1 since. She has been inactive for 2.5 years and is 41 years old. She is from a different generation of this division and is suiting up to try and show she still has gas in the tank. Statistically, she is an active striker, but her defense rate is less than ideal, and her ground game is far from impressive. Eduarda Moura is 31 years old, 11-1 as a pro, and 2-1 in the UFC. Her first two fights in the organization came in the strawweight division, where she missed weight twice. She moved up to flyweight and dominated Veronica Hardy in a decision victory. Her one loss in the UFC came via split decision to Denise Gomes, despite the fact she landed five takedowns. On average, she lands 4.37 takedowns per 15 minutes in the cage. I expect her to use this strategy to great effect and think there is potential for a submission victory. FIGHT WINNER: Eduarda Moura UFC NASHVILLE BEST BET: Pass – Kennedy Nzechukwu (-205) vs. Valter Walker (+170) Over 2.5 Rounds (+100) | Under 2.5 Rounds (-130) Heavyweight Kennedy Nzechukwu made the jump from light heavyweight to heavyweight two fights ago and has two first-round finishes to his name. He is 6’5” with an 83” reach and is one of the leaner heavyweights in the division at 238 pounds. But his wins at heavyweight are deserving of asterisks. Chris Barnett got injured before the fight even started, and Lukasz Brzeski was more of a warm body on the roster than a prospect. This will be a big test because Valter Walker is big, tough, and can grapple. Walker is 6’6” and coming in at 344 pounds, but will have a five-inch reach disadvantage. He is not as active a striker as Nzechukwu and has a far inferior striking defense rate. This will all come down to him getting the fight to the ground, which no heavyweight has been able to do yet. I give Walker a chance because if the fight does get to the ground, Nzechukwu is going to be in uncharted territory. FIGHT WINNER: Valter Walker UFC NASHVILLE BEST BET: Pass – Mike Davis (-1100) vs. Mitch Ramirez (+700) Over 2.5 Rounds (+140) | Under 2.5 Rounds (-180) Lightweight Mike Davis is a fighter whose momentum was put in check versus Fares Ziam in Riyadh in February. Prior to that, he was on a four-fight win streak, and many believed he had the potential to make a dent in the division. That is still possible; he has knockout power, good wrestling, and great strength. He needs to take advantage of this opportunity versus a more inexperienced fighter. Mitch Ramirez got his UFC all up as a late replacement opponent for Thiago Moises. He was defeated via leg kick KO. He also was knocked out in Contender Series up a weight class versus Carlos Prates. He has an impressive record on the regional scene; however, he has not fought any opponents of consequence. FIGHT WINNER: Mike Davis UFC NASHVILLE BEST BET: Mike Davis to Win inside the distance (-200) vs Ramirez, Risk 2 Units to Win 1 – Fatima Kline (-1350) vs. Melissa Martinez (+800) Over 2.5 Rounds (-125) | Under 2.5 Rounds (-105) Women’s Strawweight Fatima Kline is an accomplished grappler who recently dedicated herself to MMA full time. She lost her UFC debut to Jasmine Jasudavicius, which is a result that has aged well. She followed that up with a TKO victory over Victoria Dudakova. She has landed all three of the takedowns she has attempted in the UFC and has used that wrestling ability to make her opponents gun-shy on the feet. Melissa Martinez is 1-1 in the UFC. She lost her debut to Elise Reed as a favorite but followed that up with a decision win versus Alice Ardelean. Martinez’s takedown defense rate is going to be in question here. This number is very hard to attack, and there is no certainty that there will be a finish in this fight. FIGHT WINNER: Fatima Kline UFC NASHVILLE BEST BET: Pass – UFC NASHVILLE BEST BETS RECAP - Derrick Lewis (+250, BetOnline) vs Teixeira, Risk 1 Unit to Win 2.5 Units - Gabriel Bonfim to win via submission vs Thompson (+140, Bovada), Risk 1 Unit to Win 1.4 - Nate Landwehr (+220, BetOnline) vs Charriere, Risk 1 Unit to Win 2.2 - Junior Tafa to win via KO (-110, Bovada) vs Tokkos, Risk 1.1 Units 1 - Chris Curtis to Win via Decision (-130) vs Griffin, Risk 1.3 Units to Win 1 - Mike Davis to Win inside the distance (-200) vs Ramirez, Risk 2 Units to Win 1",2025-07-12,https://vsin.com/mma/ufc-nashville-lewis-vs-teixeira-best-bets-odds-and-predictions/
"Predictions, Odds, Analysis! UFC Nashville, X-Factor","This weekend (Sat., July 12, 2025), Ultimate Fighting Championship (UFC) ventures forth to Bridgestone Arena in Nashville, Tenn., for UFC Nashville. After a rare week off, the promotion is bringing its heaviest hitter back into the limelight, as knockout king, Derrick Lewis, takes on massive newcomer (and betting favorite), Tallison Teixeira. There are several other fan favorite vets on the card, like Stephen Thompson and Calvin Kattar, who will surely help make for an exciting night in “Music City.” Let’s dig into the analysis and predictions of the four main card fights leading up to the co-main event: Featherweight: Calvin Kattar (-105) vs. Steve Garcia (-125) Best Win for Kattar? Ricardo Lamas For Garcia? Chase Hooper Current Streak: Kattar has lost four in a row, whereas Garcia has won five straight inside the Octagon X-Factor: Kattar’s career may be coming to a close How these two match up: While not initially obvious, I see some similarities in the careers of these athletes. Kattar was an 18-fight, nine year veteran when he made his UFC debut back in 2017. The benefit of all that time and experience was an already complete fighter, immediately a very good player in the Featherweight mix. The unfortunate aspect is that the boxer’s time near the top hasn’t been particularly long, as his current losing streak began just five years later. Already 37 years of age, Kattar has to prove there’s still gas in the tank. Garcia, meanwhile, debuted in 2020 already fairly deep into his career with a good amount of high-level experience in Bellator. He struggled off the jump, but since returning to Featherweight has really put it all together and showed a complete MMA game. At 33 years of age, the aggressive finisher is coming into his prime and ready to make a push for the top. As for the prediction itself, it’s hard to argue with momentum in the fight business. Kattar’s boxing is still the best skill between the duo, but Garcia is dangerous everywhere and will present his foe with multiple problems. More to the point, it just feels like Kattar’s confidence and timing are a little off now, which could be very problematic if Garcia is able to get the ball rolling early on. He’s a fighter that builds momentum quickly, so if Kattar isn’t able to earn his respect early with hard connections, the fight may slip from him before it even gets going properly. Prediction: Garcia via decision Featherweight: Nate Landwehr (+215) vs. Morgan Charriere (-265) Best Win for Landwehr? David Onama For Charriere? Gabriel Miranda Current Streak: Both men lost their last fight X-Factor: Landwehr is 37 and has been in plenty of wars How these two match up: I view this quality Featherweight scrap as more of a pick ‘em. Landwehr is a difficult fighter to predict, I’ll admit. He’s aggressive to a fault at times, but when his game works, it’s brilliant to watch. His three-fight win streak over Onama, Ludovit Klein, and Austin Lingo seemed to imply a ranking was in his future, but then losing two of three really halted his momentum. Win or lose, “The Train” is a whole lot of fun. Charriere has shown better skills than his UFC record suggests. A veteran who cut his teeth in Cage Warriors, “The Last Pirate” is really slick and deceptively powerful. However, the counter puncher is also somewhat prone to close decisions, and several splits that went against him could have been the biggest wins of his career with just a touch more activity. Here’s the rub: Landwehr is going to come at Charriere, giving him plenty of opportunity to time his counters. The question is whether or not Landwehr can overwhelm his foe with output or Charriere can sit him down with strikes or reactive takedowns. Prior to the Doo Ho Choi, I would’ve confidently sided with Landwehr to put in work and get the job done, but it’s a little worrying how easily the South Korean was able to wrestle him. Charriere has the skills and timing to capitalize on Landwehr’s defensive openings in more ways than one, which should be enough to prevent Landwehr from building too much volume. That said, I still don’t think it’ll be an easy cruise for the French talent ... Prediction: Charriere via decision Heavyweight: Vitor Petrino (-750) vs. Austen Lane (+525) Best Win for Petrino? Modestas Bukauskas For Lane? Robelis Despaigne Current Streak: Petrino has lost two in a row, whereas Lane lost his last bout X-Factor: This is Petrino’s first bout at Heavyweight How these two match up: It’s always good to get a fresh reminder that Heavyweight is just a division of 205-pounders who don’t feel like dieting. Petrino is a talented offensive fighter who has stopped some genuinely good opponents at 27 years of age. Unfortunately, he also has very little respect for his opponent’s offense, which is why he’s been finished in his last two appearances — getting guillotined by Anthony Smith in 2024? Seriously? I can actually remember a specific moment in round two of his recent slugfest versus Dustin Jacoby where I thought to myself, “This man fights with an absurd level of confidence, the kind of arrogance that only belongs to a young athlete who’s never been knocked down.” A few minutes later, he was unconscious. Lane is a decent technical fighter by Heavyweight standards. He shows up in good shape with discernible muscles. He oughta do better than his current 1-3 (1) UFC record, but unfortunately, the man has neither good defense nor a good chin, which makes for an unforgivable sin at Heavyweight. The extremely obvious outcome here is a Petrino knockout. Could he be wrestled by the bigger man, stranded at distance, or clipped on the counter? Sure, it’s possible. Petrino is still more physical gift than technical skill, and some of that physical advantage will disappear against bigger, stronger opposition. Much more likely is he drops a bomb on Lane within two minutes. Prediction: Petrino via knockout Light Heavyweight: Junior Tafa (-166) vs. Tuco Tokkos (+140) Best Win for Tafa? Parker Porter For Tokkos? Ty Flores Current Streak: Tafa won his last bout, whereas Tokkos has lost two straight X-Factor: Tafa has dieted down to a new division and looks to be in much better shape How these two match up: This should be good fun for however long it lasts. Tafa is a straightforward enough slugger, though he definitely has the gift of good timing and natural power. Historically, his primary issue has been a horrific ground game, which combined with a size disadvantage at Heavyweight produced easy opportunity for even remotely skilled opponents. Tokkos, meanwhile, has lost about every fight in a major promotion he’s accepted. He doesn’t have any particularly standout skills, but he should still be the better ground fighter here. I don’t think it’s big enough a grappling gap to overcome the striking and power differential, however. Tafa is genuinely a pretty mean puncher, and he should be better able to resist the takedown at Light Heavyweight. I doubt this one leaves the first. Prediction: Tafa via knockout ‘X-Factor’ Picks for 2025: 30-19 Remember that MMAmania.com will deliver LIVE round-by-round, blow-by-blow coverage of the entire UFC Nashville fight card right here, starting with the ESPN/ESPN+ “Prelims” matches online, which are scheduled to begin at 6 p.m. ET, before the main card start time at 9 p.m. ET (also on ESPN/ESPN+). To check out the latest and greatest UFC Nashville: “Lewis vs. Teixeira” news and notes be sure to hit up our comprehensive event archive right here. Loading comments...",2025-07-09,https://www.mmamania.com/2025/7/9/24463199/ufc-nashville-main-card-odds-breakdowns-and-predictions-x-factor
Nate Landwehr vs Morgan Charriere,"Prediction: Morgan Charriere via Decision Charrière just has the cleaner, smarter game. Landwehr is a dog, no doubt. He’s got that pressure-heavy style, walks dudes down, makes it ugly, and he’s got wins over some legit names. But the problem’s always been the same—he’s way too open defensively. He forces chaos, and while that works against guys who break under pressure, it leaves him wide open for anyone with composure and timing. Enter Charrière. This dude is smooth. The footwork is sharp, the defense is tight, and he’s not just standing there trading—he’s moving, making reads, and setting traps. When Landwehr crashes the pocket, Charrière’s gonna be ready with counters. He doesn’t overcommit, doesn’t get drawn into brawls, and that’s gonna be a huge edge in this matchup. Add in the fact that he’s quicker, more precise, and knows how to pick his shots—this could get real frustrating for Nate. And let’s not forget, Charrière isn’t just a striker. He’s well-rounded, and if he wants to mix in the grappling to slow the pressure down or steal moments, he’s more than capable. It’s hard to see Landwehr winning unless he drags Charrière into a war and completely breaks his rhythm—but Charrière just doesn’t fight that kind of fight. He’s too clean, too smart, and this matchup feels like it plays right into his strengths.",2025-07-08,https://capmma.com/cms/?p=372
Nate Landwehr vs Morgan Charriere,"UFC Nashville start time, full fight card details for the ""Lewis vs. Teixeira""-led event tonight (Sat., July 12, 2025), streaming live on ESPN+. Get UFC Nashville start time, location, date, bout... UFC Nashville happens LIVE on ESPN/ESPN+ TONIGHT (Sat. July 12, 2025) with Derrick Lewis vs. Tallison Teixeira in the main event. Catch all the action with live round-by-round streaming results... Derrick Lewis, Tallison Teixeira, and the rest of the UFC Nashville fighters step on the scale on Friday. Date: July 12, 2025 | Nate Landwehr | Morgan Charriere | | |---|---|---| | 37 | age | | | 5'9 | height | | | 145lbs | weight |",2025-07-11,https://www.mmafighting.com/fight/15726/nate-landwehr-vs-morgan-charriere
"LIVE! UFC Nashville Results, Streaming Updates","UFC Nashville happens TONIGHT (Sat., July 12, 2025) inside Bridgestone Arena in Nashville, Tennessee. The main event features ol’ hot balls against a long and lanky knockout machine. Derrick Lewis vs. Tallison Teixeira might have some implications for the top of the Heavyweight pile, now that the potentially White House-bound Jon Jones is no longer champion. UFC Nashville’s co-main is Stephen Thompson vs. Gabriel Bonfim. The 42 year-old Thompson will be out to show his slick striking is evergreen and that he can avoid the submission assault of Bonfim. Rounding out the main card is Steve Garcia vs. Calvin Kattar, Nate Landwehr vs. Morgan Charriere, Junior Tafa vs. Tuco Tokkos and Vitor Petrino vs. Austen Lane. UFC Nashville’s “Prelims” are headlined by Chris Curtis vs. Max Griffin. The “Prelims” also have Chidi Njokuani vs. Jake Matthews (which may well be the best fight on the card). Rounding out the “Prelims” are Kennedy Nzechukwu vs. Valter Walker, Lauren Murphy vs. Eduarda Moura, Mike Davis vs. Mitch Ramirez and Fatima Kline vs. Melissa Martinez. UFC NASHVILLE START TIME, DATE MMAmania.com will deliver LIVE round-by-round, blow-by-blow coverage of the entire UFC Nashville card below, starting with the ESPN/ESPN+ “Prelims” matches, which begin at 6 p.m. ET, then the remaining main card on ESPN/ESPN+ at 9 p.m. ET. Keep in mind that we will also be the spot for the latest news, recaps, and post-fight analysis following “Lewis vs. Teixeira” Without further delay, see below for the updated UFC Nashville results. (Note: This will go from the top down; therefore, look to the top of the stream for the newest update). UFC NASHVILLE QUICK RESULTS 265 lbs.: Derrick Lewis vs. Tallison Teixeira 170 lbs.: Stephen Thompson vs. Gabriel Bonfim 145 lbs.: Calvin Kattar vs. Steve Garcia 145 lbs.: Nate Landwehr vs. Morgan Charriere 265 lbs.: Vitor Petrino vs. Austen Lane 205 lbs.: Junior Tafa vs. Tuco Tokkos 170 lbs.: Chris Curtis vs. Max Griffin 170 lbs.: Jake Matthews vs. Chidi Njokuani 125 lbs.: Lauren Murphy vs. Eduarda Moura 265 lbs.: Kennedy Nzechukwu vs. Valter Walker 155 lbs.: Mike Davis vs. Mitch Ramirez 115 lbs.: Fatima Kline vs. Melissa Martinez UFC NASHVILLE ‘LEWIS VS. TEIXEIRA’ PLAY-BY-PLAY UPDATES To check out the latest and greatest UFC Nashville: “Lewis vs. Teixeira” news and notes be sure to hit up our comprehensive event archive right here. Loading comments...",2025-07-12,https://www.mmamania.com/2025/7/12/24461090/ufc-nashville-results-live-streaming-updates-derrick-lewis-vs-tallison-teixeira
UFC Nashville adds banger matchup with 'Fight of the Night' potential,"UFC Nashville adds banger matchup with ""Fight of the Night"" potential There might be a new pre-event favorite for “Fight of the Night” honors on the upcoming UFC Fight Night card in Nashville, GA. The UFC Octagon will touch down in Nashville’s Bridgestone Arena on July 12, where all-time UFC knockout leader Derrick Lewis will try to stifle the rise of undefeated heavyweight contender Tallison Teixeira in the night’s main event. UFC Nashville also features top featherweight contenders Calvin Kattar and Steve Garcia as well as the return of Stephen “Wonderboy” Thompson to face Gabriel Bonfim, and now a pair of fan favorites are also slated to meet in another high-profile bout. READ MORE: UFC Atlanta headliner's iconic knockout is one of the best in MMA history Nate Landwehr vs. Morgan Charrière Added To UFC Nashville First reported by Marcel Dorff, UFC Nashville has added an absolute banger of a featherweight matchup between Nate Landwehr and Morgan Charrière. A former Cage Warriors champion, Charrière joined the UFC in 2023 and earned a “Performance of the Night” bonus in his Octagon debut when he stopped Manolo Zecchini in the opening round of their main card clash at UFC Paris. A split decision loss to Chepe Mariscal in his next UFC outing still saw Charrière earn another $50K bonus for competing in the card’s “Fight of the Night”. After securing his third-straight post-fight bonus by stopping Gabriel Miranda, the 29-year-old most recently dropped a unanimous decision to fellow Cage Warriors veteran Nathaniel Wood in March. READ MORE: Michael Bisping gives honest pick for Topuria vs. Oliveira at UFC 317 Landwehr Gets Showcase Fight In Home State The fighter known as “The Last Pirate” has established himself as a bonus machine through four UFC appearances, and at UFC Nashville the Frenchman will face another fan favorite in Landwehr. Entering the UFC on a seven-fight win streak that included two successful defenses of the M-1 Global featherweight belt, Landwehr was stopped by Herbert Burns in his UFC debut and rebounded in his next outing before Julian Erosa finished him with a flying knee in just 56 seconds. Undeterred by a 1-2 start to his UFC career, “The Train” proceed to go on a three-fight win streak that saw the 37-year-old earn three post-fight bonuses before Dan Ige halted his winning run and bonus streak in 2023. READ MORE: UFC Atlanta veteran prelim fighters combine for 77 years of age Landwehr secured another “Performance of the Night” bonus when he stopped Jamall Emmers late in the first round but was stopped in his last outing against Doo Ho Choi, and now the featherweight veteran will try to put on another show and get back to his winning ways when he throws down with Charrière in Nashville on July 12. • Main Event: Derrick Lewis vs. Tallison Teixeira • Calvin Kattar vs. Steve Garcia • Jake Matthews vs. Chidi Njokuani • Chris Curtis vs. Max Griffin • Stephen Thompson vs. Gabriel Bonfim • Kennedy Nzechukwu vs. Valter Walker • Lauren Murphy vs. Eduarda Moura • Fatima Kline vs. Melissa Martinez • Vitor Petrino vs. Austen Lane • Junior Tafa vs. Tuco Tokkos • Nate Landwehr vs. Morgan Charrière More MMA Knockout News • GLORY boss responds after Dana White downplays UFC–kickboxing crossover • From champion to contender, Kamaru Usman's fall from grace entering UFC Atlanta • Kamaru Usman's biggest key to victory at UFC Atlanta • Daniel Cormier has strong message for Jon Jones over heavyweight future Stick with MMAKnockout for more FREE coverage of the UFC and MMA. Follow MMAKnockout on Facebook, Twitter, and Instagram.",2025-06-13,https://www.si.com/fannation/mma/news/ufc-nashville-banger-fight-of-the-night-landwehr-charriere
UFC Nashville fight card picks & predictions for Derrick Lewis vs. Tallison Teixeira,"UFC Nashville fight card picks & predictions for Derrick Lewis vs. Tallison Teixeira The UFC returns this weekend with a UFC Fight Night card in Nashville, TN, and MMA KO’s Drew Beaupré is here to provide predictions for all 12 fights on the card. The event is headlined by top-ranked heavyweights Derrick Lewis and Tallison Teixeira, who debuted in the UFC with a 35-second knockout earlier this year and now gets a huge step up in competition against the promotion’s all-time leader in knockouts. The night’s co-main event is a welterweight bout featuring former title challenger Stephen “Wonderboy” Thompson and Gabriel Bonfim. Thompson comes into the night looking to snap a two-fight skid and collect his first win since 2022, while Bonfim has won two fights in a row after being upset by Nicolas Dalby in 2023. UFC Nashville Main Card Predictions Derrick Lewis vs. Tallison Teixeira This may finally be the fight where Lewis comes up short against a rising heavyweight prospect, but until I see that happen I have to pick “The Black Beast” to score another finish and add to his legacy as the UFC’s all-time knockout leader. (Pick: Lewis) READ MORE: UFC star Conor McGregor eyes return at White House card despite Dana White's doubt Stephen Thompson vs. Gabriel Bonfim Thompson has obviously slowed down considerably at this stage of his career, but given that Bonfim’s best path to victory is on the ground I’m going to slightly lean with “Wonderboy” to stifle the Brazilian’s takedown attempts and pull off an upset in Nashville. (Pick: Thompson) Calvin Kattar vs. Steve Garcia While Garcia’s current streak of knockouts is certainly impressive, Kattar’s own striking skills and the fact that he’s never been knocked out should allow him to spoil his opponent’s momentum and also snap his current four-fight skid. (Pick: Kattar) Nate Landwehr vs. Morgan Charriere This is one of the best matchups at UFC Nashville as well as a potential Fight of the Night contender. Charriere is certainly the more technical fighter, but I think that Landwehr can survive any big shots and outwork “The Last Pirate” to get back into the win column. (Pick: Landwehr) Vitor Petrino vs. Austen Lane I don’t know how far Petrino will be able to go in the UFC heavyweight division in the long run, but he does have the knockout power necessary to stop Lane and kick off his time in a new weight class with a big victory. (Pick: Petrino) Junior Tafa vs. Tuco Tokkos Tafa is in the opposite position of Petrino as a former heavyweight dropping down to 205 lbs., but as long as his power translates to a new division then he should be able to handle Tokkos in what could be the 35-year-old’s final fight in the UFC. (Pick: Tafa) READ MORE: Merab Dvalishvili teases next fight plans after meeting with UFC brass UFC Nashville Preliminary Card Predictions Chris Curtis vs. Max Griffin There was a point in Griffin’s career where I think he’d be able to stifle Curtis’ striking and pull of the upset here, but at this stage I think “The Action Man” will just be too much too much for him to handle. (Pick: Curtis) Jake Matthews vs. Chidi Njokuani Njokuani is currently on the best run of his UFC career after snapping a three-fight losing streak. Matthews will certainly be a tough test, but if the American can keep things standing then he should be able to get the job done here. (Pick: Njokuani) Lauren Murphy vs. Eduarda Moura Murphy is the kind of experienced veteran that could have bested the younger Moura at one point in her career, but this is a tough matchup for her to come back to after two and a half years out of the cage. (Pick: Moura) Kennedy Nzechukwu vs. Valter Walker Despite the fact that Nzechukwu is a more than 2-1 favorite, this feels like one of the tougher fights to call at UFC Nashville. Walker has never been knocked out, but even if he can’t stop him with strikes I still think Nzechukwu is well-rounded enough to earn his third-straight win. (Pick: Nzechukwu) READ MORE: UFC CEO Dana White claims Fourth of July White House event will be 'exceptional' Mike Davis vs. Mitch Ramirez Davis’ four-fight win streak came to an end in his last outing against Fares Ziam, but this matchup with Ramirez is a good spot for “Beast Boy” to get back on track ahead of what will hopefully be a more active schedule going forward. (Pick: Davis) Fatima Kline vs. Melissa Martinez Kline’s debut loss in a short-notice flyweight bout with Jasmine Jasudavicius has aged well given that Jasudavicius is now the promotion’s #5-ranked flyweight contender, and “The Archangel” should move closer towards the strawweight rankings with a win over Melissa Martinez in Nashville. (Pick: Kline) MMA KO will be providing comprehensive coverage for UFC Nashville all throughout fight week, and be sure to check back on our homepage tomorrow for live results and highlights on fight night. More MMA Knockout News • Surging UFC fighter puts win streak on the line with dangerous Paris matchup • 3 possible opponents for UFC Heavyweight Champion Tom Aspinall • 19-year-old UFC fighter set to make history with September debut • Ex-champion's return fight reportedly targeted for Noche UFC 3 Stick with MMAKnockout for more FREE coverage of the UFC and MMA.",2025-07-11,https://www.si.com/fannation/mma/news/ufc-nashville-fight-picks-predictions-derrick-lewis-tallison-teixeira
"UFC Nashville Lewis vs. Teixeira: Best Bets, Odds and Predictions","UFC Nashville Predictions – Lewis vs. Teixeira: VSiN analyst Britton Hess offers his UFC Nashville best bets and puts pen to paper (well, fingers to keyboard) to hammer out his thoughts and UFC predictions for every fight on the docket. BEST BETS HISTORY Last card: 2-5 -3.1 Units (-39.74% ROI) Since 2020: 725-697 (+186.43 Units, 10.69% ROI) PICK’EM HISTORY Last Week: 6-5 (54.55%) Article History: 419-268-1 (60.99%) *All Odds via DraftKings unless otherwise noted Derrick Lewis (+240) vs. Tallison Teixeira (-298) Over 1.5 Rounds (+140) | Under 1.5 Rounds (-180) Heavyweight Derrick Lewis is one of the most accomplished knockout artists in UFC history and is likely to find his name in the UFC Hall of Fame one day. Not because of hardware, but because of his sheer number of exciting fights, both in victory and defeat. He is now 40 years old, but his punching power remains consistent throughout the entirety of his fights. He is not a good grappler, he doesn’t have the best footwork, his activity level is low, and his head strike defense is wanting. But his power cancels those deficiencies out most of the time, as evidenced by his 19-10 UFC record. He hasn’t fought in a year, but that fight resulted in a third-round knockout victory. He is 4-5 since 2021, but his last five victories have come versus opponents on 2+ UFC fight win streaks. He is no stranger to stopping momentum and has never lost to an opponent with fewer than two trips to the UFC octagon. The last time he faced an opponent with so little UFC experience was 2014. But despite having 15 UFC knockouts, he has been KO’d seven times in the organization. Most of his losses come to opponents who are a grappling threat. Additionally, there have been a few aggressive strikers who have managed to win through getting Lewis on the back foot, namely Sergei Pavlovich and Tai Tuivasa. Tallison Teixeira is the next young heavyweight with high potential, getting a major test early in his career. Teixeira is 8-0 as a professional mixed martial artist with a 100% finish rate (7 KO, 1 Sub). The 25-year-old has fought in the UFC once, a first-round KO of Justin Tafa. He also won via KO in the first round in his Contender Series fight. He has never seen a second round and has never come close to seeing an opponent of consequence. He has an impressive frame, standing 6’7” with an 83” reach. If you look at his results in a vacuum, he looks like the greatest heavyweight to ever do it, and maybe he is, but after watching thousands of MMA fights, I am cynical. I think he is up for the biggest test of his life, but is now twice as big of a favorite as he was against Justin Tafa. Derrick Lewis coming out disengaged and getting put out early is definitely in the range of outcomes. But so is Lewis knocking out a young upstart who is being put under too bright a spotlight too soon. The organization is fresh for fresh blood in the heavyweight division. Heavyweights sell pay-per-views, and the organization doesn’t waste any time testing prospects early in their careers. We saw a similar situation at a fight night card in March of 2024. Undefeated and 1-0 in the UFC, Shamil Gaziev was a favorite against veteran Jairzinho Rozenustruik. The underdog won that fight via retirement after the fourth round (TKO). Obviously, these fights feature different fighters, but I see the narrative as similar. I am going to take a shot with Derrick Lewis because he has been here before, and he will likely be here again. FIGHT WINNER: Derrick Lewis UFC NASHVILLE BEST BET: Derrick Lewis (+250, BetOnline) vs. Teixeira, Risk 1 Unit to Win 2.5 Units – Stephen Thompson (+350) vs. Gabriel Bonfim (-455) Over 2.5 Rounds (+105) | Under 2.5 Rounds (-135) Welterweight Stephen Thompson is a fan favorite and two-time welterweight title challenger. He made his name through karate-style knockouts that looked like they were ripped straight from 80s action movies. But in 2025, those highlights are far in the rearview mirror. His last knockout came in 2022 when Kevin Holland was forced to retire after the fourth round. His last true highlight finish was all the way back in 2016, and he is on a two-fight losing streak via finish. He is 1-4 in his last five overall and 4-7 since 2017. He doesn’t move as well as he used to, and his takedown defense is still a real problem. He moves unconventionally with a wide karate stance, but at this point, the tape is out there, and well-prepared opponents find a way to get the fight to the ground. Each of his last five opponents has landed takedowns. Gabriel Bonfim is a high-potential prospect who is edging his way towards contender status. He is 4-1 in the UFC, and has looked great outside of a fight where he gassed himself out versus veteran Nicolas Dalby. The 27-year-old is 14-1 overall with three wins via KO and 13 via submission. When he came into the organization, his striking was underdeveloped, but in his last few fights, he has shown great improvement in his boxing. He is not a striker of Stephen Thompson’s caliber, but a crisp jab has gone a long way to setting up takedowns. Thompson’s takedown defense rate is 63% while Bongfim lands 3.68 takedowns per 15 minutes in the cage. If Bonfim controls his energy output and fights a smart fight, he will win and add another tally to Thompson’s loss column. FIGHT WINNER: Gabriel Bonfim UFC NASHVILLE BEST BET: Gabriel Bonfim to win via submission vs. Thompson (+140, Bovada), Risk 1 Unit to Win 1.4 – Calvin Kattar (+102) vs. Steve Garcia (-122) Over 1.5 Rounds (-160) | Under 1.5 Rounds (+124) Featherweight An inevitable knockout against an unmovable chin will yield quite an exciting fight between two UFC veterans who have given their flesh and blood to the sport. The inevitable knockout is Steve Garcia, who has finished his last five opponents in devastating fashion. He is 6-2 in the organization with a 100% finish rate in victory. Calvin Kattar’s chin is legendary. He has made it to the final bell in six of his seven UFC losses, with the one stoppage coming due to a devastating knee injury. Overall, Kattar has lost four fights in a row and five of his last six. He still has unimpeachable cardio, toughness, and boxing. He also has seen tougher competition than Garcia. He is also aging quickly, 37 years old, and more damaged than his true age. This fight is going to be a high-level display of striking, Garcia will brawl, and potentially attempt takedowns. Kattar will do everything he can to stay on his feet and display technical striking. To me, this one is too close to call, and I do not see an edge either way. FIGHT WINNER: Steve Garcia UFC NASHVILLE BEST BET: Pass – Nate Landwehr (+210) vs. Morgan Charriere (-258) Over 2.5 Rounds (-166) | Under 2.5 Rounds (+130) Featherweight As a Tennessean, Nate Landwehr will feel all the love and adoration of the Nashville crowd at Bridgestone Arena. Landwehr is a popular fighter no matter where he enters the cage because he has a penchant for action and excitement in victory or defeat. The 37-year-old is 5-4 in the UFC and has won his last two fights via finish. His last loss was tough, but I give more of that credit to Doo Ho Choi peaking than Landwehr’s skills diminishing. He’s a good guy to have on the UFC roster, but he’ll never be highly ranked because he’s more of a jack of all trades than a master of one. Morgan Charriere’s popularity far exceeds his abilities, at least in my opinion. He has a massive European fanbase because he had some excellent results in the UK’s Cage Warriors promotion. That said, his regional success has not translated to the UFC as he is just 2-2 despite being a favorite in all of his fights. He is an aggressive, dangerous finisher, and he is physically imposing with a cut-up 5’8” frame. He is 20-11-1 as a professional with a 75% finish rate. Both of his UFC wins have come via knockout, and both of his UFC losses have gone the distance. Purely on strength of schedule, Nate Landwehr is in a different league than Morgan Charriere. Age and physical abilities go to Charriere. Fight IQ and home crowd advantage go to Landwehr in a major way. FIGHT WINNER: Nate Landwehr UFC NASHVILLE BEST BET: Nate Landwehr (+220, BetOnline) vs Charriere, Risk 1 Unit to Win 2.2 – Vitor Petrino (-700) vs Austen Lane (+500) Over 1.5 Rounds (+124) | Under 1.5 Rounds (-160) Heavyweight Vitor Petrino is making his heavyweight debut in the UFC. He looked like he could be a factor in the light heavyweight division after putting together an undefeated record on the back of his power punches and elite wrestling. However, his last two fights showed he was not the right style fighter to make a dent in the division. He lost via submission to the veteran Anthony Smith, then was knocked out by the veteran Dustin Jacoby in December. He is 6’2” and on Friday weighed in at 249 pounds. He is not going to be the biggest heavyweight, but we have also seen smaller guys find success. I think his wrestling will still be at the forefront of his gameplan. However, if he doesn’t get the finish, fatigue could be a factor. Moving around large men weighs on the gas tank. Austen Lane seems like a good guy who has lived an interesting life. Playing in the NFL and then making a career in the UFC is something to be proud of. But at this point, he does not belong in MMA’s top organization. He has suffered a lot of head trauma and has a glass chin. He is 1-3 in the UFC, with all three losses coming via knockout. His win came against a kickboxer, where he was able to employ wrestling to get his hand raised. I do not think that will be an easy feat versus Petrino. Weighing in at 249 pounds is concerning because I’d like to have seen him use his 6’6” frame to wear on his opponent. FIGHT WINNER: Vitor Petrino UFC NASHVILLE BEST BET: Pass – Junior Tafa (-180) vs. Tuco Tokkos (+150) Over 1.5 Rounds (-110) | Under 1.5 Rounds (-120) Light Heavyweight Junior Tafa is another fighter trying out a new weight class on this card. After putting together a 6-3 record as an undersized heavyweight, Tafa dedicated himself to the weight cut and came in at 206 pounds on Friday. Like his brother Justin, Tafa has legitimate knockout power, and both of his UFC wins have come via KO. His weakness is facing grapplers, but that may be easier now that he will not be giving up 20 pounds to his opponent. Tuco Tokkos is an N.F.L. UFC fighter (Not For Long). He is 0-2 in the UFC, lost a fight in Road to UFC, and also went 0-2 in Bellator back in the day. His wins have all come against inexperienced and below-average fighters. Tokkos has a sub 50% striking defense rate, which is a scary proposition versus Tafa. FIGHT WINNER: Junior Tafa UFC NASVHVILLE BEST BET: Junior Tafa to win via KO (-110, Bovada) vs Tokkos, Risk 1.1 Units 1 – Chris Curtis (-325) vs. Max Griffin (+260) Over 2.5 Rounds (-280) | Under 2.5 Rounds (+210) Welterweight Chris Curtis is another fighter on this card moving to a different weight class, although he does have some familiarity with fighting at 170 pounds. Prior to joining the UFC, he was on a five-fight win streak at welterweight, but a late notice opportunity at middleweight got him into the UFC. He won his UFC debut via KO and followed that performance up with three more victories. That said, he has been in some weird fights as of late with injuries, last-second dramatics, and all sorts of foul interruptions. I am a believer in his skill. He has great power and great standup. Max Griffin is another UFC veteran who has seen the highest highs and lowest lows this organization has to offer. The 39-year-old has gone 8-9 in the UFC over the past nine years and has traded wins and losses in his last six fights. He is coming off a submission loss to Michael Chiesa, and lucky for Griffin, this fight does not project to feature any grappling. He is virtually impossible to knock out on the feet, which is why this fight is trending towards going the distance. FIGHT WINNER: Chris Curtis UFC NASHVILLE BEST BET: Chris Curtis to Win via Decision (-130) vs Griffin, Risk 1.3 Units to Win 1 – Jake Matthews (+130) vs. Chidi Njokuani (-155) Over 2.5 Rounds (-210) | Under 2.5 Rounds (+160) Welterweight Jake Matthews and Chidi Njokuani are some pretty big names to be buried on the undercard of a Fight Night event. That being said, getting fans in the stands is part of the reason for putting this show on the road. Matthews and Njokuani should deliver in that regard. Matthews is an 11-year UFC veteran but just 30 years old. Chidi Njokuani is on a three-fight win streak, including a knockout finish in his last bout in March. Njokuani wants to win with kickboxing, Jake Matthews wants to win with grappling, and avoid the big power coming back his way. Njokuani is used to fighters trying to take him down and has a 75% takedown defense rate in the UFC. FIGHT WINNER: Chidi Njokuani UFC NASHVILLE BEST BET: Pass – Lauren Murphy (+490) vs. Eduarda Moura (-675) Over 2.5 Rounds (-315) | Under 2.5 Rounds (+230) Women’s Flyweight Lauren Murphy fought for the flyweight championship against Valentina Shevchenko in September of 2021. She lost that fight and has gone 1-1 since. She has been inactive for 2.5 years and is 41 years old. She is from a different generation of this division and is suiting up to try and show she still has gas in the tank. Statistically, she is an active striker, but her defense rate is less than ideal, and her ground game is far from impressive. Eduarda Moura is 31 years old, 11-1 as a pro, and 2-1 in the UFC. Her first two fights in the organization came in the strawweight division, where she missed weight twice. She moved up to flyweight and dominated Veronica Hardy in a decision victory. Her one loss in the UFC came via split decision to Denise Gomes, despite the fact she landed five takedowns. On average, she lands 4.37 takedowns per 15 minutes in the cage. I expect her to use this strategy to great effect and think there is potential for a submission victory. FIGHT WINNER: Eduarda Moura UFC NASHVILLE BEST BET: Pass – Kennedy Nzechukwu (-205) vs. Valter Walker (+170) Over 2.5 Rounds (+100) | Under 2.5 Rounds (-130) Heavyweight Kennedy Nzechukwu made the jump from light heavyweight to heavyweight two fights ago and has two first-round finishes to his name. He is 6’5” with an 83” reach and is one of the leaner heavyweights in the division at 238 pounds. But his wins at heavyweight are deserving of asterisks. Chris Barnett got injured before the fight even started, and Lukasz Brzeski was more of a warm body on the roster than a prospect. This will be a big test because Valter Walker is big, tough, and can grapple. Walker is 6’6” and coming in at 344 pounds, but will have a five-inch reach disadvantage. He is not as active a striker as Nzechukwu and has a far inferior striking defense rate. This will all come down to him getting the fight to the ground, which no heavyweight has been able to do yet. I give Walker a chance because if the fight does get to the ground, Nzechukwu is going to be in uncharted territory. FIGHT WINNER: Valter Walker UFC NASHVILLE BEST BET: Pass – Mike Davis (-1100) vs. Mitch Ramirez (+700) Over 2.5 Rounds (+140) | Under 2.5 Rounds (-180) Lightweight Mike Davis is a fighter whose momentum was put in check versus Fares Ziam in Riyadh in February. Prior to that, he was on a four-fight win streak, and many believed he had the potential to make a dent in the division. That is still possible; he has knockout power, good wrestling, and great strength. He needs to take advantage of this opportunity versus a more inexperienced fighter. Mitch Ramirez got his UFC all up as a late replacement opponent for Thiago Moises. He was defeated via leg kick KO. He also was knocked out in Contender Series up a weight class versus Carlos Prates. He has an impressive record on the regional scene; however, he has not fought any opponents of consequence. FIGHT WINNER: Mike Davis UFC NASHVILLE BEST BET: Mike Davis to Win inside the distance (-200) vs Ramirez, Risk 2 Units to Win 1 – Fatima Kline (-1350) vs. Melissa Martinez (+800) Over 2.5 Rounds (-125) | Under 2.5 Rounds (-105) Women’s Strawweight Fatima Kline is an accomplished grappler who recently dedicated herself to MMA full time. She lost her UFC debut to Jasmine Jasudavicius, which is a result that has aged well. She followed that up with a TKO victory over Victoria Dudakova. She has landed all three of the takedowns she has attempted in the UFC and has used that wrestling ability to make her opponents gun-shy on the feet. Melissa Martinez is 1-1 in the UFC. She lost her debut to Elise Reed as a favorite but followed that up with a decision win versus Alice Ardelean. Martinez’s takedown defense rate is going to be in question here. This number is very hard to attack, and there is no certainty that there will be a finish in this fight. FIGHT WINNER: Fatima Kline UFC NASHVILLE BEST BET: Pass – UFC NASHVILLE BEST BETS RECAP - Derrick Lewis (+250, BetOnline) vs Teixeira, Risk 1 Unit to Win 2.5 Units - Gabriel Bonfim to win via submission vs Thompson (+140, Bovada), Risk 1 Unit to Win 1.4 - Nate Landwehr (+220, BetOnline) vs Charriere, Risk 1 Unit to Win 2.2 - Junior Tafa to win via KO (-110, Bovada) vs Tokkos, Risk 1.1 Units 1 - Chris Curtis to Win via Decision (-130) vs Griffin, Risk 1.3 Units to Win 1 - Mike Davis to Win inside the distance (-200) vs Ramirez, Risk 2 Units to Win 1",2025-07-12,https://vsin.com/mma/ufc-nashville-lewis-vs-teixeira-best-bets-odds-and-predictions/
"Predictions, Odds, Analysis! UFC Nashville, X-Factor","This weekend (Sat., July 12, 2025), Ultimate Fighting Championship (UFC) ventures forth to Bridgestone Arena in Nashville, Tenn., for UFC Nashville. After a rare week off, the promotion is bringing its heaviest hitter back into the limelight, as knockout king, Derrick Lewis, takes on massive newcomer (and betting favorite), Tallison Teixeira. There are several other fan favorite vets on the card, like Stephen Thompson and Calvin Kattar, who will surely help make for an exciting night in “Music City.” Let’s dig into the analysis and predictions of the four main card fights leading up to the co-main event: Featherweight: Calvin Kattar (-105) vs. Steve Garcia (-125) Best Win for Kattar? Ricardo Lamas For Garcia? Chase Hooper Current Streak: Kattar has lost four in a row, whereas Garcia has won five straight inside the Octagon X-Factor: Kattar’s career may be coming to a close How these two match up: While not initially obvious, I see some similarities in the careers of these athletes. Kattar was an 18-fight, nine year veteran when he made his UFC debut back in 2017. The benefit of all that time and experience was an already complete fighter, immediately a very good player in the Featherweight mix. The unfortunate aspect is that the boxer’s time near the top hasn’t been particularly long, as his current losing streak began just five years later. Already 37 years of age, Kattar has to prove there’s still gas in the tank. Garcia, meanwhile, debuted in 2020 already fairly deep into his career with a good amount of high-level experience in Bellator. He struggled off the jump, but since returning to Featherweight has really put it all together and showed a complete MMA game. At 33 years of age, the aggressive finisher is coming into his prime and ready to make a push for the top. As for the prediction itself, it’s hard to argue with momentum in the fight business. Kattar’s boxing is still the best skill between the duo, but Garcia is dangerous everywhere and will present his foe with multiple problems. More to the point, it just feels like Kattar’s confidence and timing are a little off now, which could be very problematic if Garcia is able to get the ball rolling early on. He’s a fighter that builds momentum quickly, so if Kattar isn’t able to earn his respect early with hard connections, the fight may slip from him before it even gets going properly. Prediction: Garcia via decision Featherweight: Nate Landwehr (+215) vs. Morgan Charriere (-265) Best Win for Landwehr? David Onama For Charriere? Gabriel Miranda Current Streak: Both men lost their last fight X-Factor: Landwehr is 37 and has been in plenty of wars How these two match up: I view this quality Featherweight scrap as more of a pick ‘em. Landwehr is a difficult fighter to predict, I’ll admit. He’s aggressive to a fault at times, but when his game works, it’s brilliant to watch. His three-fight win streak over Onama, Ludovit Klein, and Austin Lingo seemed to imply a ranking was in his future, but then losing two of three really halted his momentum. Win or lose, “The Train” is a whole lot of fun. Charriere has shown better skills than his UFC record suggests. A veteran who cut his teeth in Cage Warriors, “The Last Pirate” is really slick and deceptively powerful. However, the counter puncher is also somewhat prone to close decisions, and several splits that went against him could have been the biggest wins of his career with just a touch more activity. Here’s the rub: Landwehr is going to come at Charriere, giving him plenty of opportunity to time his counters. The question is whether or not Landwehr can overwhelm his foe with output or Charriere can sit him down with strikes or reactive takedowns. Prior to the Doo Ho Choi, I would’ve confidently sided with Landwehr to put in work and get the job done, but it’s a little worrying how easily the South Korean was able to wrestle him. Charriere has the skills and timing to capitalize on Landwehr’s defensive openings in more ways than one, which should be enough to prevent Landwehr from building too much volume. That said, I still don’t think it’ll be an easy cruise for the French talent ... Prediction: Charriere via decision Heavyweight: Vitor Petrino (-750) vs. Austen Lane (+525) Best Win for Petrino? Modestas Bukauskas For Lane? Robelis Despaigne Current Streak: Petrino has lost two in a row, whereas Lane lost his last bout X-Factor: This is Petrino’s first bout at Heavyweight How these two match up: It’s always good to get a fresh reminder that Heavyweight is just a division of 205-pounders who don’t feel like dieting. Petrino is a talented offensive fighter who has stopped some genuinely good opponents at 27 years of age. Unfortunately, he also has very little respect for his opponent’s offense, which is why he’s been finished in his last two appearances — getting guillotined by Anthony Smith in 2024? Seriously? I can actually remember a specific moment in round two of his recent slugfest versus Dustin Jacoby where I thought to myself, “This man fights with an absurd level of confidence, the kind of arrogance that only belongs to a young athlete who’s never been knocked down.” A few minutes later, he was unconscious. Lane is a decent technical fighter by Heavyweight standards. He shows up in good shape with discernible muscles. He oughta do better than his current 1-3 (1) UFC record, but unfortunately, the man has neither good defense nor a good chin, which makes for an unforgivable sin at Heavyweight. The extremely obvious outcome here is a Petrino knockout. Could he be wrestled by the bigger man, stranded at distance, or clipped on the counter? Sure, it’s possible. Petrino is still more physical gift than technical skill, and some of that physical advantage will disappear against bigger, stronger opposition. Much more likely is he drops a bomb on Lane within two minutes. Prediction: Petrino via knockout Light Heavyweight: Junior Tafa (-166) vs. Tuco Tokkos (+140) Best Win for Tafa? Parker Porter For Tokkos? Ty Flores Current Streak: Tafa won his last bout, whereas Tokkos has lost two straight X-Factor: Tafa has dieted down to a new division and looks to be in much better shape How these two match up: This should be good fun for however long it lasts. Tafa is a straightforward enough slugger, though he definitely has the gift of good timing and natural power. Historically, his primary issue has been a horrific ground game, which combined with a size disadvantage at Heavyweight produced easy opportunity for even remotely skilled opponents. Tokkos, meanwhile, has lost about every fight in a major promotion he’s accepted. He doesn’t have any particularly standout skills, but he should still be the better ground fighter here. I don’t think it’s big enough a grappling gap to overcome the striking and power differential, however. Tafa is genuinely a pretty mean puncher, and he should be better able to resist the takedown at Light Heavyweight. I doubt this one leaves the first. Prediction: Tafa via knockout ‘X-Factor’ Picks for 2025: 30-19 Remember that MMAmania.com will deliver LIVE round-by-round, blow-by-blow coverage of the entire UFC Nashville fight card right here, starting with the ESPN/ESPN+ “Prelims” matches online, which are scheduled to begin at 6 p.m. ET, before the main card start time at 9 p.m. ET (also on ESPN/ESPN+). To check out the latest and greatest UFC Nashville: “Lewis vs. Teixeira” news and notes be sure to hit up our comprehensive event archive right here. Loading comments...",2025-07-09,https://www.mmamania.com/2025/7/9/24463199/ufc-nashville-main-card-odds-breakdowns-and-predictions-x-factor
Nate Landwehr vs Morgan Charriere,"Prediction: Morgan Charriere via Decision Charrière just has the cleaner, smarter game. Landwehr is a dog, no doubt. He’s got that pressure-heavy style, walks dudes down, makes it ugly, and he’s got wins over some legit names. But the problem’s always been the same—he’s way too open defensively. He forces chaos, and while that works against guys who break under pressure, it leaves him wide open for anyone with composure and timing. Enter Charrière. This dude is smooth. The footwork is sharp, the defense is tight, and he’s not just standing there trading—he’s moving, making reads, and setting traps. When Landwehr crashes the pocket, Charrière’s gonna be ready with counters. He doesn’t overcommit, doesn’t get drawn into brawls, and that’s gonna be a huge edge in this matchup. Add in the fact that he’s quicker, more precise, and knows how to pick his shots—this could get real frustrating for Nate. And let’s not forget, Charrière isn’t just a striker. He’s well-rounded, and if he wants to mix in the grappling to slow the pressure down or steal moments, he’s more than capable. It’s hard to see Landwehr winning unless he drags Charrière into a war and completely breaks his rhythm—but Charrière just doesn’t fight that kind of fight. He’s too clean, too smart, and this matchup feels like it plays right into his strengths.",2025-07-08,https://capmma.com/cms/?p=372
Nate Landwehr vs Morgan Charriere,"UFC Nashville start time, full fight card details for the ""Lewis vs. Teixeira""-led event tonight (Sat., July 12, 2025), streaming live on ESPN+. Get UFC Nashville start time, location, date, bout... UFC Nashville happens LIVE on ESPN/ESPN+ TONIGHT (Sat. July 12, 2025) with Derrick Lewis vs. Tallison Teixeira in the main event. Catch all the action with live round-by-round streaming results... Derrick Lewis, Tallison Teixeira, and the rest of the UFC Nashville fighters step on the scale on Friday. Date: July 12, 2025 | Nate Landwehr | Morgan Charriere | | |---|---|---| | 37 | age | | | 5'9 | height | | | 145lbs | weight |",2025-07-11,https://www.mmafighting.com/fight/15726/nate-landwehr-vs-morgan-charriere
"LIVE! UFC Nashville Results, Streaming Updates","UFC Nashville happens TONIGHT (Sat., July 12, 2025) inside Bridgestone Arena in Nashville, Tennessee. The main event features ol’ hot balls against a long and lanky knockout machine. Derrick Lewis vs. Tallison Teixeira might have some implications for the top of the Heavyweight pile, now that the potentially White House-bound Jon Jones is no longer champion. UFC Nashville’s co-main is Stephen Thompson vs. Gabriel Bonfim. The 42 year-old Thompson will be out to show his slick striking is evergreen and that he can avoid the submission assault of Bonfim. Rounding out the main card is Steve Garcia vs. Calvin Kattar, Nate Landwehr vs. Morgan Charriere, Junior Tafa vs. Tuco Tokkos and Vitor Petrino vs. Austen Lane. UFC Nashville’s “Prelims” are headlined by Chris Curtis vs. Max Griffin. The “Prelims” also have Chidi Njokuani vs. Jake Matthews (which may well be the best fight on the card). Rounding out the “Prelims” are Kennedy Nzechukwu vs. Valter Walker, Lauren Murphy vs. Eduarda Moura, Mike Davis vs. Mitch Ramirez and Fatima Kline vs. Melissa Martinez. UFC NASHVILLE START TIME, DATE MMAmania.com will deliver LIVE round-by-round, blow-by-blow coverage of the entire UFC Nashville card below, starting with the ESPN/ESPN+ “Prelims” matches, which begin at 6 p.m. ET, then the remaining main card on ESPN/ESPN+ at 9 p.m. ET. Keep in mind that we will also be the spot for the latest news, recaps, and post-fight analysis following “Lewis vs. Teixeira” Without further delay, see below for the updated UFC Nashville results. (Note: This will go from the top down; therefore, look to the top of the stream for the newest update). UFC NASHVILLE QUICK RESULTS 265 lbs.: Derrick Lewis vs. Tallison Teixeira 170 lbs.: Stephen Thompson vs. Gabriel Bonfim 145 lbs.: Calvin Kattar vs. Steve Garcia 145 lbs.: Nate Landwehr vs. Morgan Charriere 265 lbs.: Vitor Petrino vs. Austen Lane 205 lbs.: Junior Tafa vs. Tuco Tokkos 170 lbs.: Chris Curtis vs. Max Griffin 170 lbs.: Jake Matthews vs. Chidi Njokuani 125 lbs.: Lauren Murphy vs. Eduarda Moura 265 lbs.: Kennedy Nzechukwu vs. Valter Walker 155 lbs.: Mike Davis vs. Mitch Ramirez 115 lbs.: Fatima Kline vs. Melissa Martinez UFC NASHVILLE ‘LEWIS VS. TEIXEIRA’ PLAY-BY-PLAY UPDATES To check out the latest and greatest UFC Nashville: “Lewis vs. Teixeira” news and notes be sure to hit up our comprehensive event archive right here. Loading comments...",2025-07-12,https://www.mmamania.com/2025/7/12/24461090/ufc-nashville-results-live-streaming-updates-derrick-lewis-vs-tallison-teixeira
UFC Nashville adds banger matchup with 'Fight of the Night' potential,"UFC Nashville adds banger matchup with ""Fight of the Night"" potential There might be a new pre-event favorite for “Fight of the Night” honors on the upcoming UFC Fight Night card in Nashville, GA. The UFC Octagon will touch down in Nashville’s Bridgestone Arena on July 12, where all-time UFC knockout leader Derrick Lewis will try to stifle the rise of undefeated heavyweight contender Tallison Teixeira in the night’s main event. UFC Nashville also features top featherweight contenders Calvin Kattar and Steve Garcia as well as the return of Stephen “Wonderboy” Thompson to face Gabriel Bonfim, and now a pair of fan favorites are also slated to meet in another high-profile bout. READ MORE: UFC Atlanta headliner's iconic knockout is one of the best in MMA history Nate Landwehr vs. Morgan Charrière Added To UFC Nashville First reported by Marcel Dorff, UFC Nashville has added an absolute banger of a featherweight matchup between Nate Landwehr and Morgan Charrière. A former Cage Warriors champion, Charrière joined the UFC in 2023 and earned a “Performance of the Night” bonus in his Octagon debut when he stopped Manolo Zecchini in the opening round of their main card clash at UFC Paris. A split decision loss to Chepe Mariscal in his next UFC outing still saw Charrière earn another $50K bonus for competing in the card’s “Fight of the Night”. After securing his third-straight post-fight bonus by stopping Gabriel Miranda, the 29-year-old most recently dropped a unanimous decision to fellow Cage Warriors veteran Nathaniel Wood in March. READ MORE: Michael Bisping gives honest pick for Topuria vs. Oliveira at UFC 317 Landwehr Gets Showcase Fight In Home State The fighter known as “The Last Pirate” has established himself as a bonus machine through four UFC appearances, and at UFC Nashville the Frenchman will face another fan favorite in Landwehr. Entering the UFC on a seven-fight win streak that included two successful defenses of the M-1 Global featherweight belt, Landwehr was stopped by Herbert Burns in his UFC debut and rebounded in his next outing before Julian Erosa finished him with a flying knee in just 56 seconds. Undeterred by a 1-2 start to his UFC career, “The Train” proceed to go on a three-fight win streak that saw the 37-year-old earn three post-fight bonuses before Dan Ige halted his winning run and bonus streak in 2023. READ MORE: UFC Atlanta veteran prelim fighters combine for 77 years of age Landwehr secured another “Performance of the Night” bonus when he stopped Jamall Emmers late in the first round but was stopped in his last outing against Doo Ho Choi, and now the featherweight veteran will try to put on another show and get back to his winning ways when he throws down with Charrière in Nashville on July 12. • Main Event: Derrick Lewis vs. Tallison Teixeira • Calvin Kattar vs. Steve Garcia • Jake Matthews vs. Chidi Njokuani • Chris Curtis vs. Max Griffin • Stephen Thompson vs. Gabriel Bonfim • Kennedy Nzechukwu vs. Valter Walker • Lauren Murphy vs. Eduarda Moura • Fatima Kline vs. Melissa Martinez • Vitor Petrino vs. Austen Lane • Junior Tafa vs. Tuco Tokkos • Nate Landwehr vs. Morgan Charrière More MMA Knockout News • GLORY boss responds after Dana White downplays UFC–kickboxing crossover • From champion to contender, Kamaru Usman's fall from grace entering UFC Atlanta • Kamaru Usman's biggest key to victory at UFC Atlanta • Daniel Cormier has strong message for Jon Jones over heavyweight future Stick with MMAKnockout for more FREE coverage of the UFC and MMA. Follow MMAKnockout on Facebook, Twitter, and Instagram.",2025-06-13,https://www.si.com/fannation/mma/news/ufc-nashville-banger-fight-of-the-night-landwehr-charriere
