title,text,publish_date,url
"UFC Fight Night prediction -- Derrick Lewis vs. Tallison Teixeira: Card, odds, start time, where to watch","UFC Fight Night prediction -- Derrick Lewis vs. Tallison Teixeira: Card, odds, start time, where to watch One of the heavyweight division's most enduring veterans fights an intriguing new addition Derrick Lewis will cash a check against anyone. Tallison Teixeira seeks to expedite his rise by beating a heavyweight stalwart. Their clashing philosophies meet at UFC Fight Night in Nashville on Saturday. Lewis (28-12, 1 NC) has carved his niche in mixed martial arts. ""The Black Beast"" is the record holder for most UFC knockouts and has fought twice for UFC gold. Most fighters are obsessed with being a champion, but Lewis' outlook is refreshingly grounded. Lewis, 40, does not care who stands across from him so long as he's getting paid. MMA is prize fighting after all. ""It's always been the number one thing, even when I started,"" Lewis told CBS Sports. ""I was fighting every other month before I was in the UFC. That's how I'd pay my rent. My rent was $525 a month. I'd fight every other month, $500 to show and $500 to win. That's how we'd make ends meet. ""I never care who's next. So long as I get to fight, it's all I care about."" Check out the full interview with Derrick Lewis below. Teixeira (8-0) is the latest rookie testing himself against the KO artist. Teixeira enters UFC Fight Night as the betting favorite despite having five times less experience than Lewis. What little we've seen from the towering heavyweight, whose reach exceeds Alexander Volkov's, is impressive. Teixeira has racked up eight consecutive first-round KOs, recently stopping Justin Tafa in 35 seconds. He's already ranked No. 13 in the shallow heavyweight division. Beating 11-year veteran Lewis likely ranks him in the top 10 after only two Octagon appearances. ""Training for Derrick was different than ever before. It was very intense,"" Teixeira told CBS Sports through a Portuguese interpreter. ""He's a tough opponent. When heavyweights connect with four-ounce gloves, you go out. He's very dangerous. ""Look at how tall and strong I am. I think I can be a bigger problem for him than everyone has ever been."" Saturday's main event won't jump off the page but should produce a great KO. Fortunately, it's supported by intriguing main card fights. Stephen ""Wonderboy"" Thompson fends off Gabriel Bonfim. Steve Garcia and Calvin Kattar promises great MMA boxing. Beloved brawler Nate Landwehr is also on the card. Below is the rest of the fight card for Saturday with the latest odds before we predict the main event. UFC Fight Night card, odds | Favorite | Underdog | Weight class | |---|---|---| | Tallison Teixeira -280 | Derrick Lewis +210 | Heavyweight | | Gabriel Bonfim -410 | Stephen Thompson +320 | Welterweight | | Steve Garcia -125 | Calvin Kattar +105 | Featherweight | | Morgan Charriere -270 | Nate Landwehr +220 | Featherweight | | Vitor Petrino -750 | Austen Lane +525 | Heavyweight | | Junior Tafa - 162 | Tuco Tokkos +136 | Light heavyweight | UFC Fight Night viewing information Date: July 12 | Start time: 9 p.m. ET (main card) Location: Bridgestone Arena -- Nashville TV channel: ESPN | Stream: fubo (try for free) Prediction Derrick Lewis vs. Tallison Teixeira: The evolution of Teixeira's footwork is paramount to how this fight looks. Teixeira's reach and power will cause issues if Lewis can't close the distance. Just look at Lewis' fight with Volkov. Teixeira's finishing ability means Lewis must enter range carefully. If ""The Black Beast"" gets in close, he'll have ample room to fire big shots through his opponent's guard. It's tough assessing a young fighter who has never gone past the first round. How will fatigue affect Teixeira late? Will his power carry late? Are his skills refined enough to execute backup plans? With so many questions about an unproven commodity, I'm inclined to side with Lewis. Make no mistake, though, Teixeira is capable of an early finish. Lewis via KO3",2025-07-11,https://www.cbssports.com/mma/news/ufc-fight-night-prediction-derrick-lewis-vs-tallison-teixeira-card-odds-start-time-where-to-watch/
UFC Nashville live results: Derrick Lewis faces Tallison Teixeira - FIGHTMAG,"UFC Nashville features Derrick Lewis vs Tallison Teixeira, live from Bridgestone Arena in Nashville, TN on Saturday, July 12. The pair square off in a five-round main event bout at heavyweight. Former title challenger Lewis (28-12, 1 NC) of New Orleans, LA stopped Rodrigo Nascimento in the third round last May. Unbeaten Teixeira (8-0) of Brazil defeated Justin Tafa via a 35-second TKO in February. The co-main event is a welterweight bout between Stephen Thompson and Gabriel Bonfim. Thompson (17-8-1) of Simpsonville, SC lost two fights in a row against Joaquin Buckley and Shavkat Rakhmonov. Bonfim (17-1) of Brazil submitted Kalinn Williams in the second round in February, earning his second straight victory. Also on the card two featherweight bouts as Calvin Kattar (23-9) of Methuen, MA meets Steve Garcia (17-5) of Albuquerque, NM, and Nate Landwehr (18-6) of Clarksville, TN takes on France’s Morgan Charriere (20-11-1). Plus, Vitor Petrino (11-2) of Brazil and Austen Lane (13-6, 1 NC) of Evanston, IL clash at heavyweight. UFC Nashville live blog UFC Nashville: How to watch & start time UFC Nashville airs live on ESPN+. The start time is 9:00 PM ET / 6:00 PM PT for the main card, with the prelims starting at 6:00 PM ET / 3:00 PM PT. UFC Nashville results Get UFC Fight Night: Lewis vs Teixeira full fight card and stay tuned for live results below. Main Card (9:00 PM ET / 6:00 PM PT) - Derrick Lewis vs. Tallison Teixeira - Stephen Thompson vs. Gabriel Bonfim - Calvin Kattar vs. Steve Garcia - Nate Landwehr vs. Morgan Charriere - Vitor Petrino vs. Austen Lane - Junior Tafa vs. Tuco Tokkos Prelims (6:00 PM ET / 3:00 PM PT) - Max Griffin vs. Chris Curtis - Jake Matthews vs. Chidi Njokuani - Lauren Murphy vs. Eduarda Moura - Kennedy Nzechukwu vs. Valter Walker - Mitch Ramirez vs. Mike Davis - Fatima Kline vs. Melissa Martinez",2025-07-12,https://www.fightmag.com/ufc-nashville-lewis-vs-teixeira-results/
"Derrick Lewis vs. Tallison Teixeira prediction, pick: Who gets KO'd at UFC Nashville?","Derrick Lewis vs. Tallison Teixeira prediction, pick: Who gets KO'd at UFC Nashville? Heavyweights headline UFC's return to 'Music City' MMA Junkie analyst Dan Tom goes in-depth to break down the biggest fights in the UFC. Today, he takes a closer look at the UFC on ESPN 70 main event between Derrick Lewis and Tallison Teixeira. Derrick Lewis UFC on ESPN 70 preview Staple info: - Record: 28-12 MMA, 19-10 UFC - Height: 6'3"" Age: 40 Weight: 261 lbs. Reach: 79"" - Last fight: TKO win over Rodrigo Nascimento (May 11, 2024) - Camp: Main Street Boxing and Muay Thai (Texas) - Stance/striking style: Orthodox/kickboxing - Risk management: Fair Supplemental info: - + Legacy FC heavyweight title - + Regional MMA accolades - + 23 KO victories - + 1 submission win - + 9 first-round finishes - + KO power - + Dangerous overhands and uppercuts - + Underrated kicks and knees - + Strong inside the clinch - ^ Strikes well off the breaks - + Shows improved wrestling - + Deceptive scrambling/getup ability - + Devastating ground striker Tallison Teixeira UFC on ESPN 70 preview Staple info: - Record: 8-0 MMA, 1-0 UFC - Height: 6'7"" Age: 25 Weight: 259 lbs. Reach: 83"" - Last fight: TKO win over Justin Tafa (Feb. 8, 2025) - Camp: Team Lucas Mineiro (Brazil) - Stance/striking style: Orthodox/kickboxing - Risk management: Fair Supplemental info: - + Brazilian jiu-jitsu black belt - + Multiple grappling accolades - + Muay Thai red kruang - + 7 KO victories - + 1 submission win - + 8 first-round finishes - + KO power - + Dangerous right hand - + Dynamic kicks - ^ Variates looks and levels - + Servicable takedown game - ^ Favors doubles along the fence - + Competent submission skills Derrick Lewis vs. Tallison Teixeira point of interest: Heavyweight hands The main event in Nashville features a heavyweight showdown between Derrick Lewis and Tallison Teixeira. Stepping onto the scene as an unabashed brawler, Lewis has shown some signs of improvement underneath the scary destructions that often take place in his fights. An athletic mover for his size, Lewis can throw accurate knees and head kicks with little signs of struggle. A downright scary distance closer when he chooses to be, Lewis can force his opponents into the fence whether or not he lands on them, almost in a juggernaut-like fashion. With a frame that is hard to control in close, the 40-year-old slugger does his best work when striking off the breaks, maintaining a dangerous potency in small spaces that go deep into the fight. Lewis also has an appetite for the counter, showing that he’s not beyond setting traps and playing possum in order to draw his opponents into his uncanny power. That said, Lewis will still need to respect what is coming his way this Saturday. Enter Teixiera. Although Teixiera is clearly lacking in the experience department, I can see why many are high on the prospects of this young heavyweight. Despite Teixeira's insane height, he actually moves quite well for a big man and is not afraid to utilize tools like a long jab. The Brazilian also packs wicked power in his rear hand, but kicks, particularly to the body, may serve Teixeira well in this spot. Teixeira may not go to the body as much as I'd like, but he has shown some decent change-ups from front teeps to Thai kicks that help exentuate his length. Teixeira will blitz forward in combination when he's feeling in stride, but he'll need to be careful about crowding his work into the clinch – an area where Lewis can stage comebacks. Derrick Lewis vs. Tallison Teixeira breakdown: Potential grappling threats Considering the high potential for chaos on the feet, no one should be shocked if this party hits the floor. Despite Lewis showing improved offensive wrestling and a surprising ability to hit inside trips in recent years, Teixeira is the more dangerous grappler on paper. Although we've seen very little of Teixeira's ground game, the 25-year-old owns a Brazilian jiu-jitsu black belt and has apparently been grappling since childhood. Teixeira only has one submission win on his resume, but between that win being an inverted triangle-armbar to his history training with Antonio Rodrigo Nogueira, I suspect that the lengthy heavyweight has solid dexterity to boot. When it comes to wrestling, Teixeira has shown a servicable double leg he can go to when his opponents find their back against the fence. That said, effectively taking down and grounding someone like Lewis is easier said than done. Traditionally dealing with fighters who are trying to grapple him, Lewis wields deceptively effective counter-grappling tactics. Whether he’s hoisting his opponent up with a whizzer or shucking someone off with an underhook, Lewis has been hard to take down along the fence, as single legs or outside trips in open space seem to be what gets him grounded most. Even when successfully taken down, Lewis still offers a lot of sneaky static in regard to stymying submission attempts and strikes. Like a sand shark lying in wait, Lewis plays a conservative game when put on his back, keeping his arms in tight for safety while waiting for the right moment to explode (usually timing his opposition when they’re in transition). Once allowed the smallest of space for momentum, Lewis will force his way to his base, turtling to a tripod position to stand. As someone who is a fan of this style of get-up, I can tell you that it can be a nightmare to encounter when executed properly. For example, Lewis – while keeping his base firmly beneath him – will maintain an angle on his back that resembles a steep ski slope. Although this tripod position invites back-takes to the naked eye, the downward slope Lewis keeps serves as a trap, making eager back takers ultimately slide forward and lose position (all while allowing the Texas native to stand back up). And if Lewis is able to end up on top via swimming for underhooks and shucking, then we could see a drastic shift in this matchup’s momentum given the hellfire of ground-and-pound he provides. Derrick Lewis vs. Tallison Teixeira odds The oddsmakers and the public are favoring the undefeated fighter, listing Teixeira -245 and Lewis +186 via FanDuel. Derrick Lewis vs. Tallison Teixeira prediction, pick Considering how high the MMA gambling world gets over youthful, undefeated products, I can't say that I'm surprised to see Teixeira installed as the betting favorite despite being relatively unproven. Should Teixeira come out and light Lewis up with some body kicks, then no one should be shocked if the Brazilian can find a finish soon after. That said, Lewis has had a penchant for both countering and coming back from effective body kicks – particularly against taller opponents. In fact, whenever facing fighters of a similar height to Teixeira, Lewis has traditionally done fairly well (going 3-0 in the UFC opposite the likes of Travis Browne, Alexander Volkov and Jack May). And if Teixeira decides to revert to his base of grappling, then he could find himself in a frying pan-to-frier situation. Despite logic saying that Lewis should be beatable on the ground, only a select few fighters (Daniel Cormier, Serghei Spivac and Jailton Almeida) have been able to truly out-grapple the American, as anyone who tries to grapple Lewis has traditionally done poorly. Should Teixeira fall into this classic trap, then he'll need to be careful not to end up underneath Lewis, which is almost a death sentence given his lethal ground striking. I ultimately suspect that it's a strike off the break that sparks things off for Lewis, likely after having to survive some scares first. The pick is Lewis by knockout in Round 2. Prediction: Lewis inside the distance Derrick Lewis vs. Tallison Teixeira start time, how to watch As the main event, Lewis and Teixeira are expected to make their walks to the octagon at approximately 11:45 p.m. ET. The fight airs on ESPN and streams on ESPN+.",2025-07-11,https://mmajunkie.usatoday.com/story/sports/ufc/2025/07/11/derrick-lewis-vs-tallison-teixeira-ufc-nashville-prediction-expert-pick/84597650007/
"Derrick Lewis vs. Tallison Teixeira, UFC Fight Night | MMA Bout | Tapology","Fighter Comparison | Lewis | Teixeira | ||| | #11 HeavyW (Worldwide) | Ranking | #25 HeavyW (Worldwide) | || | 28-12-0 MMA | Pro Record | 8-0-0 MMA | || | 2024 2022 | Last 5 Fights | 2025 2023 | || | +200 (Moderate Underdog) | Betting Odds | -260 (Moderate Favorite) | || | | Nation | | || | Houston Texas | Fights out of | Sao Jose de Rio Preto Sao Paulo | || | 40 +5 mos, 5 days | Age at Fight | 25 +7 mos, 5 days | || | 261.0 lbs (118.4 kgs) | Weigh-In Result | 259.0 lbs (117.5 kgs) | || | 6'3"" (191cm) | Height | 6'7"" (201cm) | || | 79.0"" (201cm) | Reach | 83.0"" (211cm) | || | Silverback Fight Club | Gym | Team Lucas Mineiro | Lewis vs. Teixeira Fight Predictions Fight Predictions Tapology Community Picks: 3,914 Bout Information Event Poster Fight Details - Event: UFC Fight Night: Lewis vs. Teixeira - Date: Saturday 07.12.2025 at 06:00 PM ET - Referee: N/A - Venue: Bridgestone Arena - Enclosure: Octagon - Location: Nashville, Tennessee, United States - Bout Billing: Main Event (fight 12 of 12) - Pro/Am: Professional - Weight: 265 lbs (120.2 kg) - Event Links: - Bout Links:",2025-04-03,https://www.tapology.com/fightcenter/bouts/982651-ufc-fight-night-derrick-the-black-beast-lewis-vs-tallison-xicao-teixeira
UFC Fight Night | UFC,"UFC Fight Night Lewis vs Teixeira Sat, Jul 12 / 9:00 PM EDT Bridgestone Arena, Nashville United States UFC Fight Night Sat, Jul 12 / 9:00 PM EDT . How to watch Bridgestone Arena, Nashville United States Sponsored By Main Card - #9Heavyweight Bout#13Derrick LewisHeavyweight BoutTallison TeixeiraUnited States+210 odds -280BrazilRoundTimeMethod - #12Welterweight BoutStephen ThompsonWelterweight BoutGabriel BonfimUnited States+320 odds -410BrazilRoundTimeMethod - #14Featherweight BoutCalvin KattarFeatherweight BoutSteve GarciaUnited States+105 odds -125United StatesRoundTimeMethod - Featherweight BoutNate LandwehrFeatherweight BoutMorgan CharriereUnited States+220 odds -270FranceRoundTimeMethod - Heavyweight BoutVitor PetrinoHeavyweight BoutAusten LaneBrazil-750 odds +525United StatesRoundTimeMethod - Light Heavyweight BoutJunior TafaLight Heavyweight BoutTuco TokkosAustralia-162 odds +136EnglandRoundTimeMethod Prelims - Welterweight BoutMax GriffinWelterweight BoutChris CurtisUnited States+260 odds -325United StatesRoundTimeMethod - Welterweight BoutJake MatthewsWelterweight BoutChidi NjokuaniAustralia+124 odds -148United StatesRoundTimeMethod - Women's Flyweight BoutLauren MurphyWomen's Flyweight BoutEduarda MouraUnited States+455 odds -625BrazilRoundTimeMethod - Heavyweight BoutKennedy NzechukwuHeavyweight BoutValter WalkerNigeria-205 odds +170BrazilRoundTimeMethod - Lightweight BoutMitch RamirezLightweight BoutMike DavisUnited States+650 odds -1000United StatesRoundTimeMethod - Women's Strawweight BoutFatima KlineWomen's Strawweight BoutMelissa MartinezUnited States-1200 odds +750MexicoRoundTimeMethod Early Prelims How to Watch Main Card - Prelims6:00 PM EDT - Main Card9:00 PM EDT Tickets - Wed, May 2811:00 AM EDTPresale - UFC Fight Club - Thu, May 2911:00 AM EDTPresale - UFC Newsletter - Fri, May 3011:00 AM EDTOn Sale - Public - Main Card - Prelims6:00 PM EDT - Main Card9:00 PM EDT - - Tickets - Wed, May 2811:00 AM EDTPresale - UFC Fight Club - Thu, May 2911:00 AM EDTPresale - UFC Newsletter - Fri, May 3011:00 AM EDTOn Sale - Public - Prelims Fatima Kline vs Melissa Martinez LIVE NOW Round Time Method Mitch Ramirez vs Mike Davis LIVE NOW Round Time Method Kennedy Nzechukwu vs Valter Walker LIVE NOW Round Time Method Lauren Murphy vs Eduarda Moura LIVE NOW Round Time Method Jake Matthews vs Chidi Njokuani LIVE NOW Round Time Method Max Griffin vs Chris Curtis LIVE NOW Round Time Method Main Card Card Junior Tafa vs Tuco Tokkos LIVE NOW Round Time Method Vitor Petrino vs Austen Lane LIVE NOW Round Time Method Nate Landwehr vs Morgan Charriere LIVE NOW Round Time Method Calvin Kattar vs Steve Garcia #14 LIVE NOW Round Time Method Stephen Thompson vs Gabriel Bonfim #12 LIVE NOW Round Time Method Derrick Lewis vs Tallison Teixeira #9 #13 LIVE NOW Round Time Method",2025-05-19,https://www.ufc.com/event/ufc-fight-night-july-12-2025
UFC Fight Night: Lewis vs. Teixeira Live Fight Coverage - ESPN,"UFC Fight Night: Lewis vs. Teixeira July 12, 2025 Bridgestone Arena, Nashville, TN Main Card ESPN/ESPN+9:00 PM Prelims ESPN/ESPN+6:00 PM Main Card Heavyweight - Main Event Derrick Lewis 28-12-0 ESPN/ESPN+ Tallison Teixeira 8-0-0 USA +230 -280 Brazil - 6' 3""Height6' 7"" - 261 lbsWeight259 lbs - 40Age25 - 79""Reach83"" - OrthodoxStanceOrthodox - 2.48SIG STR LPM14.61 - 52.94%SIG STR ACC60.32% - 0.57TD AVG0.00 - 26.32%TD ACC0.00% - 0.00SUB AVG0.00 Welterweight Stephen Thompson 17-8-1 ESPN/ESPN+ Gabriel Bonfim 17-1-0 USA +325 -450 Brazil Featherweight Calvin Kattar 23-9-0 ESPN/ESPN+ Steve Garcia 17-5-0 USA EVEN -120 USA Featherweight Nate Landwehr 18-6-0 ESPN/ESPN+ Morgan Charrière 20-11-1 USA +200 -250 France Heavyweight Vitor Petrino 11-2-0 ESPN/ESPN+ Austen Lane 13-6-0 Brazil -700 +450 USA Light Heavyweight Junior Tafa 6-3-0 ESPN/ESPN+ Tuco Tokkos 10-5-0 Australia -180 +150 England Prelims Welterweight Max Griffin 20-11-0 ESPN/ESPN+ Chris Curtis 31-12-0 USA +250 -320 USA Welterweight Jake Matthews 21-7-0 ESPN/ESPN+ Chidi Njokuani 25-10-0 Australia +130 -155 USA Women's Flyweight Lauren Murphy 16-6-0 ESPN/ESPN+ Eduarda Moura 11-1-0 USA +475 -750 Brazil Heavyweight Kennedy Nzechukwu 14-5-0 ESPN/ESPN+ Valter Walker 13-1-0 Nigeria -200 +170 Brazil Lightweight Mitch Ramirez 8-2-0 ESPN/ESPN+ Mike Davis 11-3-0 USA +650 -1100 USA Women's Strawweight Fatima Kline 7-1-0 ESPN/ESPN+ Melissa Martinez 8-1-0 USA -1500 +750 Mexico Latest Videos 50 States in 50 Days: South Dakota's sports Mount Rushmore Paddy Pimblett confronts Ilia Topuria in the cage Joshua Van, Brandon Royval lay it all out in epic finish",2020-11-01,https://www.espn.com/mma/fightcenter/_/id/600054061/league/ufc
"UFC Fight Night: Lewis vs. Teixeira : Fight Card, Start Time, TV & Tickets","est. walkout: 2025-07-13T03:40:00Z () broadcast start time: US - Sat 9:00pm EST / UK - Sun 2:00am US streams Stream Lewis vs Teixeira on ESPN+ UFC Fight Night: Lewis vs. Teixeira Details UFC Fight Night: Lewis vs. Teixeira news UFC Fight Night: Lewis vs. Teixeira streams UFC Fight Night: Lewis vs. Teixeira US streams Great Price & Big Action You can stream UFC Fight Night: Lewis vs. Teixeira via the ESPN+ app. This is a standalone service from regular ESPN, so you don’t need to be an existing TV subscriber. You can download the app for PC, Apple, Android, Fire TV, Roku, your Smart TV and many others. | 1 Month | $10.99 | | 1 Month (Disney+/Hulu) | $14.99 | | 1 Month (Disney+/Hulu No Ads) | $24.99 | | 1 Year | $109.99 | UFC Fight Night: Lewis vs. Teixeira UK streams discovery+ Premium You can stream UFC Fight Night: Lewis vs. Teixeira on TNT Sports, and all their MMA cards, via discovery+ Premium app and web player. You don’t need to be a BT broadband customer to enjoy discovery+ Premium, and you are only tied to a 1 month contract that you can cancel at any time! You get all 4 TNT Sports channels + EuroSport 1 & 2. | 1 Month | £29.99 | UFC On TNT You can stream UFC Fight Night: Lewis vs. Teixeira on TNT Sports, and all their MMA cards, via the TNT Sports app and online player. This is included for free if you order TNT Sports on Sky TV, TalkTalk TV or BT TV. If you don’t have a TV package, it’s only available as a standalone app to existing or new BT broadband customers. Note, it’s not currently available on Roku or NowTV sticks, or games consoles. | Existing Customers | Free | | 1 Month (Not Including Broadband) | £18 | UFC Fight Night: Lewis vs. Teixeira tickets UFC Fight Night: Lewis vs. Teixeira Tickets Bridgestone Arena, Nashville United States Show open: TBA Main card starts: 9pm (EST) Where can I get Tickets for UFC Fight Night: Lewis vs. Teixeira? Tickets for UFC Fight Night: Lewis vs. Teixeira are officially on sale from Ticketmaster but currently under limited availability or sold out. You can also buy UFC Fight Night: Lewis vs. Teixeira tickets on the resale market for this fight from TicketNetwork. Tickets are exchanging hands between $107 and $2475. StubHub also has resell tickets available from $110. Finally, SeatGeek also has tickets available . Tickets are currently under limited availability or sold out. Leave a Reply You must be logged in to post a comment.",2025-07-11,https://cagewalks.com/events/ufc-fight-night-nashville/
UFC Nashville fight card picks & predictions for Derrick Lewis vs. Tallison Teixeira,"UFC Nashville fight card picks & predictions for Derrick Lewis vs. Tallison Teixeira The UFC returns this weekend with a UFC Fight Night card in Nashville, TN, and MMA KO’s Drew Beaupré is here to provide predictions for all 12 fights on the card. The event is headlined by top-ranked heavyweights Derrick Lewis and Tallison Teixeira, who debuted in the UFC with a 35-second knockout earlier this year and now gets a huge step up in competition against the promotion’s all-time leader in knockouts. The night’s co-main event is a welterweight bout featuring former title challenger Stephen “Wonderboy” Thompson and Gabriel Bonfim. Thompson comes into the night looking to snap a two-fight skid and collect his first win since 2022, while Bonfim has won two fights in a row after being upset by Nicolas Dalby in 2023. UFC Nashville Main Card Predictions Derrick Lewis vs. Tallison Teixeira This may finally be the fight where Lewis comes up short against a rising heavyweight prospect, but until I see that happen I have to pick “The Black Beast” to score another finish and add to his legacy as the UFC’s all-time knockout leader. (Pick: Lewis) READ MORE: UFC star Conor McGregor eyes return at White House card despite Dana White's doubt Stephen Thompson vs. Gabriel Bonfim Thompson has obviously slowed down considerably at this stage of his career, but given that Bonfim’s best path to victory is on the ground I’m going to slightly lean with “Wonderboy” to stifle the Brazilian’s takedown attempts and pull off an upset in Nashville. (Pick: Thompson) Calvin Kattar vs. Steve Garcia While Garcia’s current streak of knockouts is certainly impressive, Kattar’s own striking skills and the fact that he’s never been knocked out should allow him to spoil his opponent’s momentum and also snap his current four-fight skid. (Pick: Kattar) Nate Landwehr vs. Morgan Charriere This is one of the best matchups at UFC Nashville as well as a potential Fight of the Night contender. Charriere is certainly the more technical fighter, but I think that Landwehr can survive any big shots and outwork “The Last Pirate” to get back into the win column. (Pick: Landwehr) Vitor Petrino vs. Austen Lane I don’t know how far Petrino will be able to go in the UFC heavyweight division in the long run, but he does have the knockout power necessary to stop Lane and kick off his time in a new weight class with a big victory. (Pick: Petrino) Junior Tafa vs. Tuco Tokkos Tafa is in the opposite position of Petrino as a former heavyweight dropping down to 205 lbs., but as long as his power translates to a new division then he should be able to handle Tokkos in what could be the 35-year-old’s final fight in the UFC. (Pick: Tafa) READ MORE: Merab Dvalishvili teases next fight plans after meeting with UFC brass UFC Nashville Preliminary Card Predictions Chris Curtis vs. Max Griffin There was a point in Griffin’s career where I think he’d be able to stifle Curtis’ striking and pull of the upset here, but at this stage I think “The Action Man” will just be too much too much for him to handle. (Pick: Curtis) Jake Matthews vs. Chidi Njokuani Njokuani is currently on the best run of his UFC career after snapping a three-fight losing streak. Matthews will certainly be a tough test, but if the American can keep things standing then he should be able to get the job done here. (Pick: Njokuani) Lauren Murphy vs. Eduarda Moura Murphy is the kind of experienced veteran that could have bested the younger Moura at one point in her career, but this is a tough matchup for her to come back to after two and a half years out of the cage. (Pick: Moura) Kennedy Nzechukwu vs. Valter Walker Despite the fact that Nzechukwu is a more than 2-1 favorite, this feels like one of the tougher fights to call at UFC Nashville. Walker has never been knocked out, but even if he can’t stop him with strikes I still think Nzechukwu is well-rounded enough to earn his third-straight win. (Pick: Nzechukwu) READ MORE: UFC CEO Dana White claims Fourth of July White House event will be 'exceptional' Mike Davis vs. Mitch Ramirez Davis’ four-fight win streak came to an end in his last outing against Fares Ziam, but this matchup with Ramirez is a good spot for “Beast Boy” to get back on track ahead of what will hopefully be a more active schedule going forward. (Pick: Davis) Fatima Kline vs. Melissa Martinez Kline’s debut loss in a short-notice flyweight bout with Jasmine Jasudavicius has aged well given that Jasudavicius is now the promotion’s #5-ranked flyweight contender, and “The Archangel” should move closer towards the strawweight rankings with a win over Melissa Martinez in Nashville. (Pick: Kline) MMA KO will be providing comprehensive coverage for UFC Nashville all throughout fight week, and be sure to check back on our homepage tomorrow for live results and highlights on fight night. More MMA Knockout News • Surging UFC fighter puts win streak on the line with dangerous Paris matchup • 3 possible opponents for UFC Heavyweight Champion Tom Aspinall • 19-year-old UFC fighter set to make history with September debut • Ex-champion's return fight reportedly targeted for Noche UFC 3 Stick with MMAKnockout for more FREE coverage of the UFC and MMA.",2025-07-11,https://www.si.com/fannation/mma/news/ufc-nashville-fight-picks-predictions-derrick-lewis-tallison-teixeira
"UFC Nashville: Lewis vs Teixeira date, time, tickets, stream - FIGHTMAG","UFC Fight Night: Lewis vs Teixeira takes place at Bridgestone Arena in Nashville, Tennessee. In the main event, former heavyweight title challenger Derrick Lewis of the U.S. faces Brazil’s Tallison Teixeira. Lewis aims for his second victory following a third-round stoppage of Rodrigo Nascimento last May. Unbeaten Teixeira is coming off a win via first-round TKO against Justin Tafa in February. In the co-main event, Stephen Thompson of the U.S. takes on Gabriel Bonfim of Brazil at welterweight. Also on the card, Calvin Kattar fights Steve Garcia in an all-American bout at featherweight. Nate Landwehr of the U.S. goes up against Morgan Charriere of France at featherweight. Plus, Australian Junior Tafa meets Tuco Tokkos of England at light heavyweight. UFC Nashville tickets are on sale now via Ticketmaster. UFC Nashville fight card Main card - Derrick Lewis vs. Tallison Teixeira, heavyweight - Stephen Thompson vs. Gabriel Bonfim, welterweight - Calvin Kattar vs. Steve Garcia, featherweight - Nate Landwehr vs. Morgan Charriere, featherweight - Vitor Petrino vs. Austen Lane, heavyweight - Junior Tafa vs. Tuco Tokkos, light heavyweight Prelims - Max Griffin vs. Chris Curtis, welterweight - Jake Matthews vs. Chidi Njokuani, welterweight - Lauren Murphy vs. Eduarda Moura, flyweight - Kennedy Nzechukwu vs. Valter Walker, heavyweight - Mitch Ramirez vs. Mike Davis, lightweight - Fatima Kline vs. Melissa Martinez, strawweight *Card, ticket and broadcast information subject to change",2025-07-12,https://schedule.fightmag.com/events/ufc-fight-night-july-12-2025/
UFC Fight Night: Lewis vs. Teixeira Live Fight Coverage - ESPN,"UFC Fight Night: Lewis vs. Teixeira July 12, 2025 Bridgestone Arena, Nashville, TN Main Card ESPN/ESPN+9:00 PM Prelims ESPN/ESPN+6:00 PM Main Card Featherweight Nate Landwehr 18-6-0 ESPN/ESPN+ Morgan Charrière 20-11-1 USA +200 -250 France - 5' 9""Height5' 8"" - 146 lbsWeight146 lbs - 37Age29 - 72""Reach69"" - OrthodoxStanceOrthodox - 5.59SIG STR LPM3.46 - 49.16%SIG STR ACC56.57% - 0.85TD AVG1.91 - 41.67%TD ACC50.00% - 0.85SUB AVG0.38 Heavyweight - Main Event Derrick Lewis 28-12-0 ESPN/ESPN+ Tallison Teixeira 8-0-0 USA +230 -280 Brazil Welterweight Stephen Thompson 17-8-1 ESPN/ESPN+ Gabriel Bonfim 17-1-0 USA +325 -450 Brazil Featherweight Calvin Kattar 23-9-0 ESPN/ESPN+ Steve Garcia 17-5-0 USA EVEN -120 USA Heavyweight Vitor Petrino 11-2-0 ESPN/ESPN+ Austen Lane 13-6-0 Brazil -700 +450 USA Light Heavyweight Junior Tafa 6-3-0 ESPN/ESPN+ Tuco Tokkos 10-5-0 Australia -180 +150 England Prelims Welterweight Max Griffin 20-11-0 ESPN/ESPN+ Chris Curtis 31-12-0 USA +250 -320 USA Welterweight Jake Matthews 21-7-0 ESPN/ESPN+ Chidi Njokuani 25-10-0 Australia +130 -155 USA Women's Flyweight Lauren Murphy 16-6-0 ESPN/ESPN+ Eduarda Moura 11-1-0 USA +475 -750 Brazil Heavyweight Kennedy Nzechukwu 14-5-0 ESPN/ESPN+ Valter Walker 13-1-0 Nigeria -200 +170 Brazil Lightweight Mitch Ramirez 8-2-0 ESPN/ESPN+ Mike Davis 11-3-0 USA +650 -1100 USA Women's Strawweight Fatima Kline 7-1-0 ESPN/ESPN+ Melissa Martinez 8-1-0 USA -1500 +750 Mexico Latest Videos 50 States in 50 Days: South Dakota's sports Mount Rushmore Paddy Pimblett confronts Ilia Topuria in the cage Joshua Van, Brandon Royval lay it all out in epic finish",2020-11-01,https://www.espn.com/mma/fightcenter/_/id/600054061/league/ufc/fightId/401790367
UFC Nashville preview show: Will Derrick Lewis vs. Tallison Teixeira finally give us a heavyweight finish?,"Derrick Lewis and Tallison Teixeira, save the heavyweight division! OK, that may seem over-dramatic for what is, on paper, a fun main event between one of the UFC’s most veteran fighters and an undefeated 25-year-old prospect, but it’s been almost four months since we’ve seen a UFC heavyweight finish and if Lewis and Teixeira can’t produce one, no one can. Ahead of Saturday’s UFC Nashville event, MMA Fighting’s Alexander K. Lee and E. Casey Leydon preview the fight card, including how Lewis’ big-game experience stacks up against Teixeira’s raw talent, and how much closer this matchup nudges Lewis towards retirement, win or lose. Additionally, they discuss Stephen Thompson being in a similar situation to Lewis as he faces up-and-coming Brazilian standout Gabriel Bonfim, a pair of featherweight bangers on the main card, the standout stories from every fight on the card, and some wide odds rarely seen at the UFC level. All that, plus questions from YOU the fans. Catch the UFC Nashville preview show video above. An audio-only version of the show can be found below and on Apple Podcasts, Google Podcasts, Spotify, and wherever you find your favorite podcasts. Loading comments...",2025-07-11,https://www.mmafighting.com/2025/7/11/24466011/ufc-nashville-preview-show-will-derrick-lewis-tallison-teixeira-finally-give-us-a-heavyweight-finish
"Derrick Lewis vs Tallison Teixeira: UFC Fight Night date, start time, TV channel and live stream | DAZN News US","It's the heavyweights who take centre stage at this weekend's UFC Fight Night. Derrick Lewis and Tallison Teixeira are set to go head-to-head in the main event at Nashville's Bridgestone Arena in what should be an entertaining contest. Currently ninth in heavyweight rankings, Lewis will be looking to stay in contention for a world title shot with a win over the Brazilian now Tom Aspinall has been made the full champion following the retirement of Jon Jones. Teixiera has made an instant impact since making his UFC debut in February with a first-round knockout and 'performance of the night' bonus against Justin Tafa, and the 25-year-old will be looking to build on his exciting start inside the Octagon. DAZN News has everything you need to know ahead of Lewis vs Teixeira. Lewis vs Teixeira will take place on Saturday, July 12 at the Bridgestone Arena in Nashville. The main card will begin 9pm on the East Coast which means for UFC fans in the UK, it will be 2am start in the early hours of Sunday morning. Lewis and Texiera are expected to make their cagewalks at 11:40pm ET / 4:40am BST (Sunday), but these timings are subject to change. Main card Prelims The fight and the rest of the card will be broadcast live in the US on ESPN+ (click here for more information). TNT Sports will broadcast the fight in the UK. The fight is set to be held at the Bridgestone Arena, in Nashville, Tennessee. The arena hosts a variety of events and can hold up to 20,000 fans.",2025-07-07,https://www.dazn.com/en-US/news/mma/derrick-lewis-vs-tallison-teixeira-fight-time-ringwalks-running-order-streaming-watch/ftp7u8ak9i3f1nhmuguj8179x
UFC Fight Night: Lewis vs. Teixeira – Cartelera y Horarios En Vivo,"El UFC regresa a Nashville, Tennessee, con un emocionante evento, UFC Fight Night: Lewis vs. Teixeira 2025, encabezado por un explosivo combate de peso pesado entre el ex retador al título Derrick Lewis y el prospecto invicto Tallison Teixeira. La velada está programada para el sábado 12 de julio en el Bridgestone Arena. A continuación, te ofrecemos todos los detalles sobre la cartelera completa, los horarios, las opciones para verlo en vivo y el contexto de la pelea estelar. Cartelera UFC Fight Night: Lewis vs. Teixeira Cartelera principal - Peso pesado: Derrick Lewis (#9) vs. Tallison Teixeira (#13) - Peso welter: Stephen Thompson (#12) vs. Gabriel Bonfim - Peso pluma: Calvin Kattar (#15) vs. Steve Garcia - Peso pluma: Nate Landwehr vs. Morgan Charrière - Peso pesado: Vitor Petrino vs. Austen Lane - Peso semipesado: Junior Tafa vs. Tuco Tokkos Preliminares - Peso welter: Chris Curtis vs. Max Griffin - Peso welter: Jake Matthews vs. Chidi Njokuani - Peso pesado: Kennedy Nzechukwu vs. Valter Walker - Peso mosca femenino: Lauren Murphy vs. Eduarda Moura - Peso ligero: Mike Davis vs. Mitch Ramirez - Peso paja femenino: Fatima Kline vs. Melissa Martinez Nota: La cartelera está sujeta a cambios, como es habitual en los eventos de UFC. 🕒 Horarios de Inicio de las Preliminares | Hora local | Países | |---|---| | 4:00 p.m. | 🇲🇽 México (centro) 🇬🇹 Guatemala 🇳🇮 Nicaragua 🇨🇷 Costa Rica 🇸🇻 El Salvador 🇭🇳 Honduras | | 5:00 p.m. | 🇨🇴 Colombia 🇵🇪 Perú 🇵🇦 Panamá 🇪🇨 Ecuador | | 6:00 p.m. | 🇺🇸 Estados Unidos 🇻🇪 Venezuela 🇧🇴 Bolivia 🇨🇱 Chile 🇵🇷 Puerto Rico 🇩🇴 República Dominicana | | 7:00 p.m. | 🇦🇷 Argentina 🇺🇾 Uruguay 🇧🇷 Brasil 🇵🇾 Paraguay | | 1:00 a.m. (domingo) | 🇮🇨 España (Islas Canarias) | | 12:00 a.m. (domingo) | 🇪🇸 España (Península) | Horarios de las Estelares: | Hora local | Países | |---|---| | 7:00 p.m. | 🇲🇽 México (centro) 🇬🇹 Guatemala 🇳🇮 Nicaragua 🇨🇷 Costa Rica 🇸🇻 El Salvador 🇭🇳 Honduras | | 8:00 p.m. | 🇨🇴 Colombia 🇵🇪 Perú 🇵🇦 Panamá 🇪🇨 Ecuador | | 9:00 p.m. | 🇻🇪 Venezuela 🇧🇴 Bolivia 🇨🇱 Chile 🇵🇷 Puerto Rico 🇩🇴 República Dominicana | | 10:00 p.m. | 🇦🇷 Argentina 🇺🇾 Uruguay 🇧🇷 Brasil 🇵🇾 Paraguay | | 3:00 a.m. (domingo) | 🇪🇸 España (Islas Canarias) | | 4:00 a.m. (domingo) | 🇪🇸 España (Península) | 📺 Cómo Ver UFC Fight Night: Lewis vs. Teixeira En Vivo El evento será transmitido en vivo a través de: Reino Unido Preliminares en UFC Fight Pass (11:00 PM BST) Cartelera principal en TNT Sports (1:00 AM BST) 🔍 Contexto de la pelea estelar: Lewis vs. Teixeira Derrick Lewis (28-12, 1 NC), de 40 años, es el máximo finalizador en la historia del UFC con 15 nocauts, y busca consolidarse nuevamente en el top 10 de los pesos pesados. Viene de una victoria por TKO en el tercer asalto ante Rodrigo Nascimento (mayo de 2024), aunque su historial reciente es irregular, con solo dos triunfos en sus últimos seis combates. Este duelo representa una oportunidad clave para demostrar que aún puede competir al más alto nivel. Por su parte, Tallison Teixeira (8-0), de 25 años y 2.01 m de estatura, es considerado uno de los prospectos más explosivos de la división. Debutó en febrero de 2025 con un nocaut en solo 35 segundos sobre Justin Tafa, y ha finalizado todos sus combates en el primer asalto: siete por TKO/KO y uno por sumisión. Enfrentar a un veterano como Lewis en apenas su segunda aparición en UFC representa una verdadera prueba de fuego. Este enfrentamiento promete ser una batalla de poder: ambos destacan por su capacidad de noquear, pero con enfoques distintos. Lewis apuesta por su fuerza bruta y experiencia, mientras que Teixeira busca imponer su juventud, velocidad y contundencia temprana.",2025-06-29,https://goluchas.com/ufc-noticias/ufc-fight-night/ufc-fight-night-lewis-vs-teixeira-cartelera-y-horarios-en-vivo/
Full Card for UFC Fight Night: Lewis vs. Teixeira,"Full Card for UFC Fight Night: Lewis vs. Teixeira Ryan Wohl previews UFC Fight Night: Lewis vs. Teixeira. The UFC is back in Music City, Nashville, Tennessee, for the first time since August 2023. Cory Sandhagen beat Rob Font in the Main Event of that card. This time, knockout artist No. 9 Derrick “The Black Beast” Lewis takes on No. 13 Tallison Teixeira in a five-round heavyweight bout. Lewis is coming off a knockout victory against Rodrigo Nascimento in May 2024. Even though Lewis has won two of his last three contests, he is 3-5 in his previous eight fights. Saturday night, Lewis will face one of the fastest rising prospects in the heavyweight division. Teixeira, 25, is 8-0 with seven knockouts and one submission in his MMA career. He has also won each of his fights in the first round. Teixeira earned his UFC contract on season eight of Dana White’s Contender Series against Arthur Lopes. He followed that up with a big win vs. Justin Tafa at UFC 312 in February. Although this is a massive step up in competition for Teixeira, he has all the tools necessary to pick up the most significant victory of his career. The veteran, Lewis, is a +240 underdog on DraftKings Sportsbook while Teixeira is a -298 favorite. Teixeira is -185 to win this bout via KO/TKO/DQ. Former UFC title challenger, No. 12 Stephen “Wonderboy” Thompson, is facing Gabriel Bonfim in the co-main event. Thompson has lost four of his last five bouts and most recently lost via knockout against Joaquin Buckley at UFC 307. Bonfim holds a 4-1 record in the promotion and looks to extend his winning streak to three against the legend. Bonfim is a -455 favorite with Thompson being +350. The Prelims start at 6:00 p.m. ET with the Main Card beginning at 9:00 p.m. on ESPN and ESPN+. Check out the entire 12-fight card below. Main Card | 9:00 p.m. ET | ESPN/ESPN+ | Matchup: | Records: | Weight Class: | Odds via DraftKings Sportsbook: | | #9 Derrick Lewis vs. #13 Tallison Teixeira Main Event | 28-12 (19-10 UFC) vs. 8-0 (1-0 UFC) | Heavyweight | +240 vs. -298 | | #12 Stephen Thompson vs. Gabriel Bonfim | 17-8-1 (12-8-1 UFC) vs. 17-1 (4-1 UFC) | Welterweight | +350 vs. -455 | | #14 Calvin Kattar vs. Steve Garcia | 23-9 (7-7 UFC) vs. 17-5 (6-2 UFC) | Featherweight | +105 vs. -125 | | Nate Landwehr vs. Morgan Charriere | 18-6 (5-4 UFC) vs. 20-11-1 (2-2 UFC) | Featherweight | +210 vs. -258 | | Vitor Petrino vs. Austen Lane | 11-2 (4-2 UFC) vs. 13-6 (1-3 UFC) | Heavyweight | -700 vs. +500 | | Junior Tafa vs. Tuco Tokkos | 6-3 (2-3 UFC) vs. 10-5 (0-2 UFC) | Light Heavyweight | -180 vs. +150 | Prelims | 6:00 p.m. ET | ESPN/ESPN+ | Matchup: | Records: | Weight Class: | Odds via DraftKings Sportsbook: | | Max Griffin vs. Chris Curtis | 20-11 (8-9 UFC) vs. 31-12 (5-4 UFC) | Welterweight | +260 vs. -325 | | Jake Matthews vs. Chidi Njokuani | 21-7 (14-7 UFC) vs. 25-10 (5-3 UFC) | Welterweight | +136 vs. -162 | | Lauren Murphy vs. Eduarda Moura | 16-6 (8-6 UFC) vs. 11-1 (2-1 UFC) | W Flyweight | +525 vs. -750 | | Kennedy Nzechukwu vs. Valter Walker | 14-5 (8-5 UFC) vs. 13-1 (2-1 UFC) | Heavyweight | -205 vs. +170 | | Mitch Ramirez vs. Mike Davis | 8-2 (0-1 UFC) vs. 11-3 (4-2 UFC) | Lightweight | +700 vs. -1100 | | Fatima Kline vs. Melissa Martinez | 7-1 (1-1 UFC) vs. 8-1 (1-1 UFC) | W Strawweight | -1350 vs. +800 | The Crown Is Yours: Sign up for DraftKings and experience the ultimate host for games and betting experiences! All odds and lines provided by DraftKings Sportsbook and are subject to change. Related Articles",2025-07-11,https://dknetwork.draftkings.com/2025/07/11/full-card-for-ufc-fight-night-lewis-vs-teixeira/
UFC Fight Night Odds and Predictions: Lewis vs. Teixeira,"UFC Fight Night Odds and Predictions: Lewis vs. Teixeira What are your UFC Fight Night predictions for Lewis vs. Teixeira? The UFC is heading to Bridgestone Arena in Nashville, Tennessee, for a 12-fight card on Saturday, July 12th. The main card features six fights, including a heavyweight showdown between Derrick Lewis and the undefeated Tallison Teixeira. Keep reading to see the latest odds for this UFC Fight Night card. UFC Fight Night Main Event Odds – Lewis vs. Teixeira See the table below for the latest UFC Fight Night odds for Lewis vs. Teixeira. BetUS provided the following odds. | Fighter | UFC Fight Night Odds | Record | |---|---|---| | Derrick Lewis | +214 | 28-12 | | Tallison Teixeira | -260 | 8-0 | Lewis has been a mainstay in the UFC Heavyweight division for years. His power makes him a threat to anyone. However, “The Black Beast” is a +214 underdog for his matchup against the up-and-comer Tallison Teixeira (-260). Teixeira is 8-0, with seven knockouts and one submission win so far in his professional career. He earned his contract on Dana White’s Contender Series. Teixeira made his Octagon debut at UFC 312, knocking out Justin Tafa in just 35 seconds. Derrick Lewis (+214) Lewis is 2-1 in his last three fights, including a third-round knockout win over Rodrigo Nascimento in his last appearance. However, since beating Curtis Blaydes in February 2021, Lewis is only 3-5 in the Octagon. To make matters worse, only one of Lewis’s last five losses came by decision. His other recent defeats include three knockouts and one submission loss. On the bright side, Lewis has proven he still has the power to knock out anyone in the division. He is 19-10 in the UFC, with 15 of his wins coming via knockout. His last five wins have all come via knockout, including his win over Marcos Rogério de Lima at UFC 291. Lewis earned his win over Rogério de Lima just 33 seconds into the opening round of the fight. Tallison Teixeira (-260) The other half of the main event for this Fight Night event is the 8-0 Tallison “Xicão” Teixeira. He made his UFC debut in February, stopping Justin Tafa in 35 seconds. Teixeira, who is just 25 years old, has a 100% finish rate in his career. Also, all eight of his wins have come in the first round. His knockout power has allowed Teixeira to rise up the ranks quickly, and he is in the main event in just his second UFC appearance. A veteran like Lewis will be a tough test for Teixeira. He will be the first opponent in Teixeira’s career with more than 20 fights. Only two of Teixeira’s previous eight opponents had more than 10 fights at the time they faced Xicão. Lewis’s experience gives him an undeniable advantage over Teixeira. On the other hand, the younger fighter has a massive size advantage over Lewis. Teixeira is 6’7 and has an 83” reach, compared to Lewis, who stands at 6’3 with a 79” reach. Lewis vs. Teixeira Predictions Jon Jones has retired, and Tom Aspinall has been promoted to the Undisputed Heavyweight champion. Now, Aspinall needs new challenges for the most coveted belt in the UFC. The ninth-ranked Lewis has challenged for the belt before, and Teixeira has all the makings of a future star. Whichever fighter wins this main event fight on July 12th could put themselves on the short list of challengers for Aspinall’s belt. Teixeira has dominated his opponents so far in his short career. However, Lewis will be the biggest test the young heavyweight has ever faced. I believe Lewis will end Teixeira’s first-round finishing streak. However, the veteran gatekeeper will not be able to stop Teixeira’s momentum completely. Teixeira will win, moving to 9-0 and potentially earning a spot in the top 15. The top MMA betting sites have Teixeira listed as a heavy favorite, but I think Lewis pulls the upset. - Prediction: Derrick Lewis +214 Other UFC Fight Night Odds Before Lewis and Teixeira square off, the upcoming UFC Fight Night card in Nashville will feature five other main card fights. | Favorite | Underdog | Weight Class | |---|---|---| | Morgan Charrière (-240) | Nate Landwehr (+198) | Featherweight | | Junior Tafa (-170) | Tuco Tokkos (+142) | Light Heavyweight | | Steve Garcia (-150) | Calvin Kattar (+126) | Featherweight | | Vitor Petrino (-700) | Austen Lane (+475) | Heavyweight | | Gabriel Bonfim (-400) | Stephen Thompson (+309) | Welterweight | Read our free review of BetUS to learn more about this UFC sportsbook. Morgan Charrière (-240) vs. Nate Landwehr (+198) The main card for the upcoming UFC Fight Night in Nashville opens with a Featherweight bout between Morgan Charrière and Nate Landwehr. Charrière (20-11-1) is the -240 favorite for this bout. Landwehr (18-6) is listed as a +198 underdog. Both fighters are coming off a loss. Charrière earned a 6-3 record in Cage Warriors, but is just 2-2 so far in the UFC. Likewise, Landwehr has also struggled since joining the promotion and is just 5-4 in the Octagon. Charrière is the smaller fighter, but he has only been finished once in his professional career. I think he will beat Landwehr in a striking-heavy matchup and improve to 3-2 in the UFC. - Prediction: Morgan Charriére -240 Junior Tafa (-170) vs. Tuco Tokkos (+142) Up next is a Light Heavyweight fight between Junior Tafa (6-3) and Tuco Tokkos (10-5). Despite having a four-inch reach advantage, Tokkos is a +142 underdog against Tafa (-170) in this matchup. Tafa has experience in boxing, kickboxing, and Muay Thai. He was 4-0 in MMA when he joined the UFC but is 2-3 in the Octagon. Tokkos also favors striking and has six knockouts in his 10 career wins. However, Tokkos is a combined 0-4 in the UFC and Bellator. Tokkos’s struggles in the big leagues will continue against Tafa. This will be a good test for both fighters, but Tafa, who is dropping down a weight class, will be the one to right the ship and get the win in Nashville. - Prediction: Junior Tafa -170 Steve Garcia (-150) vs. Calvin Kattar (+126) Steve Garcia is a -150 favorite in his Featherweight matchup against Calvin Kattar (+126). Garcia started his UFC career with a 1-2 record but has now won five straight in the Octagon. Kattar, conversely, brings a four-fight losing streak into this matchup. A fifth straight loss could end Kattar’s stint in the UFC, so he has plenty of motivation to win this fight. Beating Garcia is easier said than done, though. He has knocked out his opponent in 14 of his 17 career wins. Kattar has 10 KO wins on his resume, so he can hold his own on the feet. However, it has also been over five years since Kattar’s last knockout win. With that in mind, I give the edge to Garcia in this fight. - Prediction: Steve Garcia -150 Vitor Petrino (-700) vs. Austen Lane (+475) Heavyweight Vitor Petrino is the biggest favorite on the main card of UFC Fight Night Nashville. He is a -700 favorite in his fight against Austen Lane (+475). Petrino (11-2) has lost back-to-back fights, but both of those defeats came at Light Heavyweight. Lane is 1-3-1 so far in his UFC career, and his only victory in the Octagon so far was a decision win over Robelis Despaigne. Moving up in weight should benefit Petrino, but he will be at a significant size disadvantage against Lane. Also, before coming to the UFC, Lane was a promising Heavyweight prospect. I think he will live up to his potential and have Petrino his third consecutive loss. - Prediction: Austen Lane +475 Gabriel Bonfim (-400) vs. Stephen Thompson (+309) The co-main event of this UFC Fight Night card is a Welterweight showdown between Stephen Thompson (17-8-1) and Gabriel Bonfim (17-1). Top sports betting sites list Bonfim as a -400 favorite over the veteran Thompson (+309). Thompson quickly rose up the Welterweight ranks in the mid-2010s, earning a title shot against then-champion Tyron Woodley. However, after going 0-1-1 in his two fights with Woodley, Thompson has struggled to regain his momentum. He is 4-6 in his 10 fights since losing to Woodley in their rematch at UFC 209. Bonfim, conversely, is 4-1 so far in the promotion. A win over a well-respected veteran like Thompson, who is currently ranked 12th in the division, will propel Bonfim into the top 15 and move him one step closer to a title shot. - Prediction: Gabriel Bonfim -400 What Are Your UFC Fight Night Nashville Predictions? Read the guide above for an in-depth look at my UFC Fight Night Nashville predictions. I cover every fight on the main card, including the highly anticipated main event between Derrick Lewis and Tallison Teixeira. After reading my picks, create your BetUS account to bet on this exciting fight card. New members can claim a 125% deposit match on their first three deposits when they use the code JOIN125 at checkout. Bet on UFC Fight Night at BetUS! BetUS is one of the oldest gambling sites out there, having opened their virtual doors in 1994. They are a good choice if you’re looking for a well-rounded, reliable online casino, sportsbook, and racebook.",2025-07-02,https://www.gamblingnerd.com/blog/ufc-fight-night-odds-and-predictions-lewis-vs-teixeira/
Fight By Fight Preview | UFC Nashville,"The UFC makes its sixth trip to Nashville, Tennessee, this week, bringing a fight card featuring a dozen matchups to Bridgestone Arena, headlined by a heavyweight clash between Derrick Lewis and intriguing sophomore Tallison Teixeira. Nashville has played host to several memorable debuts, finishes, and fights over the years, with both Carlos Condit and Khabib Nurmagomedov stepping into the Octagon for the first time in Music City, with more recent highlights including Anthony Pettis knocking out Stephen Thompson, Diego Lopes blowing through Gavin Tucker, and Tatiana Suarez submitting Jessica Andrade. The potential for chaos and excitement feels high as we ready for the first event in a seven-week stretch that will feature stops in New Orleans, Abu Dhabi, Las Vegas, Chicago, and Shanghai, so sit back, buckle up, and enjoy the fisticuffs as we get things rolling this weekend. Main Event: Derrick Lewis vs Tallison Teixeira Location: Bridgestone Arena — Nashville, TN Where to Watch: ESPN / ESPN+ Other Main Card Matches: - Stephen Thompson vs Gabriel Bonfim - Calvin Kattar vs Steve Garcia - Nate Landwehr vs Morgan Charriere - Vitor Petrino vs Austen Lane - Junior Tafa vs Tuco Tokkos Prelim Matches: - Max Griffin vs Chris Curtis - Jake Matthews vs Chidi Njokuani - Lauren Murphy vs Eduarda Moura - Kennedy Nzechekwu vs Valter Walker - Mitch Ramirez vs Mike Davis - Fatima Kline vs Melissa Martinez Main Event: Derrick Lewis vs Tallison Teixeira Unlock MORE of your inner combat sports fan with UFC Fight Pass! Fighting is what we live for. And no one brings you MORE live fights, new shows, and events across multiple combat sports from around the world. With a never-ending supply of fighting in every discipline, there’s always something new to watch. Leave it to the world’s authority in MMA to bring you the Ultimate 24/7 platform for MORE combat sports, UFC Fight Pass! Upgrade licenceThis video is not available in your country There was a problem while loading content. Please try again. The most experienced heavyweight on the roster steps in with a recent Dana White’s Contender Series (DWCS) graduate in Saturday’s fascinating main event as Derrick Lewis squares up with Tallison Teixeira. Lewis returns to action for the first time since stopping Rodrigo Nascimento last spring in St. Louis after his planned bout in Edmonton last November was scuttled at the 11th hour when he suffered a medical issue following his weight cut. The man with the most knockouts in UFC history remains a consistent presence in the heavyweight Top 15 and has not lost to an opponent stationed outside the Top 10 since the early days of his UFC tenure. GET YOUR TICKETS: UFC Nashville | UFC 318 | UFC Abu Dhabi | UFC 319 Simply put, Teixeira has been a wrecking machine thus far in his career, posting eight wins in as many starts while never allowing any of his opponents to stay in the fight for more than five minutes. After blowing through Arthur Lopes last season to earn his place on the roster, the towering Brazilian dispatched Justin Tafa in 35 seconds to win his debut, putting him on the fast track to contention after just one fight. This is a classic “veteran versus prospect” pairing and a position Lewis is exceptionally familiar with, having been stationed opposite promising up-and-comers many times throughout his career. The results in those bouts have been mixed, though he won the last one, and represents a colossal step-up in competition for the 25-year-old Lucas Martins trainee. Additional Main Card Bouts Stephen Thompson vs Gabriel Bonfim Unlock MORE of your inner combat sports fan with UFC Fight Pass! Fighting is what we live for. And no one brings you MORE live fights, new shows, and events across multiple combat sports from around the world. With a never-ending supply of fighting in every discipline, there’s always something new to watch. Leave it to the world’s authority in MMA to bring you the Ultimate 24/7 platform for MORE combat sports, UFC Fight Pass! Upgrade licenceThis video is not available in your country There was a problem while loading content. Please try again. The co-main event features a similar type of pairing, but down a couple divisions as Stephen Thompson steps in opposite Gabriel Bonfim. “Wonderboy” is now 42 and enters Saturday’s contest on a two-fight skid, having dropped four of five overall. Now, each of those setbacks came against divisional standouts, including former champ Belal Muhammad, but it’s hard to overlook that the Top 15 fixture has just one victory since besting Geoff Neal in the final UFC bout of 2020. Order UFC 318: Holloway vs Poirier 3 Bonfim touches down for his second appearance of the year, having posted the opposite results of his opponent to begin his UFC career. The 2022 DWCS grad has gone 4-1 in five appearances, posting two wins on either side of his lone setback, and enters off a second-round technical submission win over Khaos Williams back in February. Will the veteran bounce back and prove to be too much or does Bonfim keep rolling and hand his experienced foe a third consecutive defeat? Calvin Kattar vs Steve Garcia Unlock MORE of your inner combat sports fan with UFC Fight Pass! Fighting is what we live for. And no one brings you MORE live fights, new shows, and events across multiple combat sports from around the world. With a never-ending supply of fighting in every discipline, there’s always something new to watch. Leave it to the world’s authority in MMA to bring you the Ultimate 24/7 platform for MORE combat sports, UFC Fight Pass! Upgrade licenceThis video is not available in your country There was a problem while loading content. Please try again. Featherweight strikers meet in Nashville as Calvin Kattar and Steve Garcia share the Octagon in Nashville. A Top 10 mainstay for a number of years, Kattar has dropped four straight and five of his last six heading into this one. Last time out, the Massachusetts man couldn’t get going against Youssef Zalal until it was too late, leaving him in search of his first win since opening 2022 with a victory over Giga Chikadze. The 33-year-old Garcia has been lights out since returning to featherweight, posting five straight victories overall, with all of them coming inside the distance. After registering a pair of second-round finishes in 2023, “Mean Machine” upped his game last year, stopping both SeungWoo Choi and Kyle Nelson in the opening stanza to advance to 17-5 for his career and land on the doorstep of the Top 15. HALF-YEAR AWARDS: Newcomers | Submissions | Knockouts | Fights | Fighters This is a huge crossroads fight for both men, and how it shakes out will have a significant impact on what the rest of the year looks like for each of them. Kattar is in dire need of a strong effort, while a victory for Garcia would catapult him into the rankings or, at the very least, set up another matchup with a ranked opponent next time out. Given those stakes and the New Mexico native’s recent approach, it should be fireworks from the jump. Nate Landwehr vs Morgan Charriere Tennessee’s own “Nate the Train” chugs his way into the Octagon for a home state showdown with Morgan Charriere in the main card’s first featherweight fixture. Born, raised and fighting out of Clarksville, which is about an hour northwest of Nashville, Landwehr makes his first appearance at home since arriving in the UFC at the outset of 2020. The all-action wild man (said with love) has gone 5-4 over his nine appearances, and looks to rebound from a stoppage loss to DooHo Choi when he makes the walk in this one. The 29-year-old Charriere has been hit-and-miss through his first four trips into the Octagon, alternating wins and losses; registering finishes in his victories, and going the distance in his setbacks. He was ultra-competitive with Chepe Mariscal, who remains unbeaten in the UFC, had moments opposite Nathaniel Wood last year, and should make for an outstanding dance partner for Landwehr in this one. If you’re placing bets for Fight of the Night, this wouldn’t be a bad selection, as these two are likely to meet in the center right out of the chute and not stop throwing until the round or the fight ends. Vitor Petrino vs Austen Lane Unlock MORE of your inner combat sports fan with UFC Fight Pass! Fighting is what we live for. And no one brings you MORE live fights, new shows, and events across multiple combat sports from around the world. With a never-ending supply of fighting in every discipline, there’s always something new to watch. Leave it to the world’s authority in MMA to bring you the Ultimate 24/7 platform for MORE combat sports, UFC Fight Pass! Upgrade licenceThis video is not available in your country There was a problem while loading content. Please try again. The main event isn’t the only heavyweight pairing on the main card as Vitor Petrino ventures up to the big boy ranks for the first time to face off with Austen Lane. After registering wins in each of his first four UFC appearances to advance to 11-0 for his career, Petrino has been stopped in back-to-back outings, prompting him to eschew the 205-pound weight class for heavier surroundings. Still just 27 years old and developing as a fighter, the Cristiano Marcello protege could grow into an intriguing figure in the heavyweight ranks with a little time. READ: The 10 Fights To Tune-In For In July Lane turned his second DWCS appearance into a ticket to the Octagon, but struggled out of the gate, going winless in his first three outings. After claiming his first victory by bouncing Robelis Despaigne from the ranks of the unbeaten, the 37-year-old former NFL defensive lineman was stopped by Portuguese prospect Mario Pinto earlier this year, dropping him to 1-3 with one no contest in five UFC appearances. Junior Tafa vs Tuco Tokkos Light heavyweights open the main card as Junior Tafa and Tuco Tokkos meet in a matchup originally scheduled to take place at the start of May. A move down the 205-pound ranks was always anticipated for the younger half of the UFC’s Tafa Brothers, and comes after “The Juggernaut” salvaged his 2024 campaign with a win over Sean Sharaf last October. It will be interesting to see how Tafa takes to the transition, as he was never overly big at heavyweight, and will now look to shine in his new surroundings. Tokkos makes the walk for the third time, still searching for his first UFC victory. After running afoul of French prospect Oumar Sy in his short notice debut, the Kill Cliff FC representative gave Navajo Stirling a good test last December, landing on the wrong side of the cards nonetheless. This feels like it should be an action-packed fight, with the results telling us a great deal about where each man fits in the light heavyweight division going forward. Preliminary Card Pairings Max Griffin vs Chris Curtis Unlock MORE of your inner combat sports fan with UFC Fight Pass! Fighting is what we live for. And no one brings you MORE live fights, new shows, and events across multiple combat sports from around the world. With a never-ending supply of fighting in every discipline, there’s always something new to watch. Leave it to the world’s authority in MMA to bring you the Ultimate 24/7 platform for MORE combat sports, UFC Fight Pass! Upgrade licenceThis video is not available in your country There was a problem while loading content. Please try again. Veterans clash in the final preliminary card fight as Max Griffin welcomes Chris Curtis back to the welterweight division. READ: Where We Stand In The Lightweight Division | Where We Stand In The Flyweight Division The 39-year-old Griffin has been a steady presence in the “Second 15” over the last several years, posting a 5-3 mark over his last eight starts, with wins over Carlos Condit, Song Kenan, and Ramiz Brahimaj. Curtis has spent his entire UFC run competing at middleweight, going 5-4 with one no contest, and looks to replicate the kind of success enjoyed by former opponent Joaquin Buckley, whom he knocked out, as he now joins him in the welterweight ranks. Jake Matthews vs Chidi Njokuani Australia’s Jake Matthews looks to make it three-in-a-row while Chidi Njokuani searches for a fourth consecutive win in this intriguing welterweight pairing. Hyper-experienced but still just 30 years old, Matthews enters this one off consecutive decision wins over Phil Rowe and Francisco Prado, having posted a 10-4 record since moving up to welterweight several years ago. Njokuani dropped to the 170-pound ranks last year, beating Rhys McKee and Jared Gooden by decision in his first two outings before stopping Elizeu Zaleski dos Santos with a Muay Thai barrage earlier this year in a bout where he unfortunately missed weight. Lauren Murphy vs Eduarda Moura Former title challenger Lauren Murphy returns for the first time since the outset of 2023, squaring off with Brazilian prospect Eduarda Moura. FOLLOW @UFCNEWS: On Facebook | On Instagram | On X | On Threads Murphy, who turns 42 later this month, has gone 7-3 since the introduction of the flyweight division, earning wins over Andrea Lee, Roxanne Modafferi, Joanne Calderwood, and Miesha Tate. Moura got things moving in the right direction again after suffering the first loss of her career midway through last year, earning a unanimous decision win over Veronica Hardy at UFC 309 in November. Kennedy Nzechekwu vs Valter Walker The first of three heavyweight matchups on Saturday’s slate comes early in the evening, as Kennedy Nzechukwu and Valter Walker share the Octagon in a clash of two fighters looking to keep working forward. A member of the DWCS Class of ’18, Nzechukwu has gone 2-0 with a pair of first-round finishes since moving up to heavyweight, settling both Chris Barnett and Lukasz Brzeski with relative ease. The 27-year-old Walker lost his debut to Brzeski, but has since earned back-to-back wins over Tafa and Don’Tale Mayes, beating each by heel hook. Mitch Ramirez vs Mike Davis Mitch Ramirez and Mike Davis meet in a lightweight battle of competitors looking to get things moving in the right direction in Nashville. Ramirez got a short-notice call-up to face Thiago Moises last year, where he was cut down with leg kicks by the Brazilian veteran before having a previous bout from earlier this year cancelled at the last minute. Davis had his six-year, four-fight winning streak halted earlier his year in Riyadh by Fares Ziam, and aims to get right back in the win column in this one. Fatima Kline vs Melissa Martinez Saturday’s action gets underway in the strawweight division as once-beaten prospects Fatima Kline and Melissa Martinez each aim to earn a second straight win. After debuting up a division against Jasmine Jasudavicius, Kline showed why she’s one of the most talked about prospects in the promotion in January, stopping Viktoriia Dudakova with a torrent of elbows on the first event of the year. Martinez rebounded from her first professional setback with a unanimous decision victory over Alice Ardelean in her sophomore trip into the Octagon last October. Don't miss a moment of UFC Fight Night: Lewis vs Teixeira, live from Bridgestone Arena in Nashville, Tennessee on July 12, 2025. Prelims start at 6pm ET/3pm PT, followed by the main card at 9pm ET/6pm PT.",2025-07-07,https://www.ufc.com/news/fight-by-fight-preview-lewis-teixeira-ufc-nashville
"UFC Nashville: Derrick Lewis vs. Tallison Teixeira Start Time, Streaming Details, Fight Card, And More","Following a thrilling night at UFC 317 in Las Vegas, the UFC heads to the Bridgestone Arena in Nashville, Tennessee, for its next Fight Night event. A heavyweight clash will headline the card as 40-year-old veteran Derrick Lewis takes on 25-year-old rising prospect Tallison Teixeira. Known for their devastating knockout power, both fighters promise fireworks in the main event. UFC Nashville will take place on July 12 at the Bridgestone Arena in Nashville, Tennessee. The preliminary bouts will start at 9:00 PM (ET), 6:00 PM (PT), and 12:00 AM (BST), followed by the main card, which will begin at 10:00 PM (ET), 7:00 PM (PT), and 3:00 AM (BST). However, fans should remember that fight times are subject to change depending on how long each bout lasts. Regarding broadcast, U.S. viewers can catch all the action live on ESPN. UK fans can tune in via TNT Sports, while Canadian viewers can watch the entire event on DAZN. Since this is not a pay-per-view event, fans across all regions can enjoy the fights through their basic subscription packages. UFC Nashville: Full Fight Card Main Card - Derrick Lewis vs. Tallison Teixeira - Stephen Thompson vs. Gabriel Bonfim - Vitor Petrino vs. Austen Lane - Calvin Kattar vs. Steve Garcia - Junior Tafa vs. Tuco Tokkos - Nate Landwehr vs. Morgan Charriere Click on ‘Follow Us’ and get notified of the most viral MMA stories via Google! Follow Us Prelims Card - Chris Curtis vs. Max Griffin - Jake Matthews vs. Chidi Njokuani - Lauren Murphy vs. Eduarda Moura - Fatima Kline vs. Melissa Martinez - Kennedy Nzechukwu vs. Valter Walker - Mike Davis vs. Mitch Ramirez Meanwhile, fans will also be treated to an exciting co-main event featuring Stephen Thompson taking on Gabriel Bonfim. Notable names like Calvin Kattar, Steve Garcia, and others will be in action, making the fight card even more thrilling and action-packed. Also Read: UFC Veteran Says Ilia Topuria Should Be Holding Three Belts Right Now",2025-07-03,https://www.totalprosports.com/mma/ufc-nashville-derrick-lewis-vs-tallison-teixeira-start-time-streaming-details-fight-card-and-more/
Derrick Lewis Vs. Tallison Teixeira Preview - Boxing News,"Derrick Lewis Vs. Tallison Teixeira Preview Derrick Lewis faces Tallison Teixeira this weekend in a middleweight clash as we preview this upcoming fight. Lewis arrives into the fight, having not been in the Octagon since May 2024. That is when he secured a third-round knockout win against Nascimento. Lewis was on course to fight last November but withdrew from the fight due to illness. Lewis has secured two wins from his last three fights, which was the perfect response after four losses in his previous five bouts. Meanwhile, Teixeira has stopped all of his MMA opponents inside the distance, with seven coming by way of knockout. He made his UFC debut at UFC 312, stopping Justin Tafa in the first round. Lewis is at the latter end of his career, while Teixeira can propel his career to new heights. Pre-Fight “I stand up right there with him. That’d be good to fight him before everything is said and done with. I have a couple fights left on my contract. I would love to finish out my contract. That would be great if I can. It’d be good. Let him know I need to fight Tom Aspinall for the belt. “I haven’t really fought for the belt. They tried to give me a title fight when it was Stipe (Miocic), and I wasn’t expecting the title fight because I had a knee injury, and I ended up fighting DC’s big ass on short notice. Then they tried to give me an interim title fight with Gane. I haven’t really fought for the title with a proper buildup for a title fight, and that time to train and everything like that mentally,” Lewis Full Card Derrick Lewis vs Tallison Teixeira; Heavyweight Stephen Thompson vs Gabriel Bonfim; Welterweight Calvin Kattar vs Steve Garcia; Featherweight Nate Landwher vs Morgan Charriere; Featherweight Vitor Petrino vs Austen Lane; Heavyweight Junior Tafa vs Tuco Tokkos; Light heavyweight Prelims Max Griffin vs Chris Curtis; Welterweight Jake Matthews vs Chidi Njokuani; Welterweight Lauren Murphy vs Eduarda Moura; Women’s flyweight Kennedy Nzechukwu vs Valter Walker; Heavyweight Mitch Ramirez vs Mike Davis; Lightweight Fatima Kline vs Melissa Martinez; Women’s strawweight Find all the latest boxing news and MMA breaking updates on boxingnews.com.",2025-07-09,https://boxingnews.com/derrick-lewis-vs-tallison-teixeira-preview/
"UFC Nashville odds: Best betting props, parlays and picks | Lewis vs. Teixeira","UFC Nashville goes down this weekend (Sat., July 12, 2025) inside Bridgestone Arena in Nashville, Tennessee. The main event features Heavyweights with Derrick Lewis vs. Tallison Teixeira. Lewis, a divisional stalwart, is hoping to get past the UFC neophyte and secure a fight with new UFC champion, Tom Aspinall. When it comes to the rest of the UFC Nashville card, there’s not too much to write home about. The co-main is Stephen Thompson vs. Gabriel Bonfim. Rounding out the main card is Calvin Kattar vs. Steve Garcia, Nate Landwehr vs. Morgan Charriere, Vitor Petrino vs. Austin Lane and Junior Tafa vs Tuco Tokkos. UFC Nashville’s “Prelims” are headlined by Max Griffin vs. Chris Curtis. The “Prelims” also have Jake Matthews vs. Chidi Njokuani and Lauren Murphy vs. Eduarda Moura. As always, there’s lots to bet on this card and we’ve got odds for all the fights below: UFC Nashville Main Card Money Line Odds Derrick Lewis (+220) vs. Tallison Teixeira (-270) The towering Teixeira is just 8-0 and two fights into his UFC career. He debuted in the Octagon with a Contender Series first round knockout over Arthur Lopes. In his proper debut, he put away Justin Tafa in 35 seconds (see it here). Lewis — who turned 40 this year — is coming off a third round technical knockout win over Rodrigo Nascimento. Before that, he lost a five-round decision to Jailton Almeida. And before that, he scored a 33-second win over Marcos Rogerio Lima (see it here). That win snapped a three fight losing skid (all finishes) where he lost to Serghei Spivac, Sergei Pavlovich and Tai Tuivasa. There’s not much to scout when it comes to Teixeira. He’s very tall and very long and he’s coming into UFC in his athletic prime at only 25 years-old. Lewis is giving up four inches of height and four inches of reach to the young Brazilian. The last time Lewis fought someone with that kind of reach it was Pavlovich and he lasted just 55 seconds. Lewis is capable of the spectacular and shocking in an Octagon. But, it really feels like the odds are stacked against him here, with a fighter so long, so powerful and with so much youth on his side. Lewis’ defense against significant strikes is just 40 percent. That spells a lot of trouble for “The Black Beast” against a man who, so far, has landed 14.61 significant strikes per-minute across his three Octagon appearances. In Heavyweight, it only takes one punch to win, a lot of the times, but I have to favor the man who is going to be landing dozens of them in a round (if it makes it that far). The round total for this fight is set at 1.5. I think the under is most likely, as do many others. The odds are just -210 for that prop. Teixeira by KO/TKO/DQ is a laughable -185. And Teixeira to win by strikes in round one is just -125. Clearly, there’s not much value if you believe Teixeira is going to quickly separate Lewis from his consciousness (as I do). For my best bet, I’m going to go for a winning round and method of victory parlay. I’m taking round one and TKO/KO/DQ. This covers me just in case Lewis does something silly/outstanding in the first round in Nashville. Best bet: Fight to end in Round 1 by KO/TKO/DQ (-150) Stephen Thompson (+320) vs. Gabriel Bonfim (-410) Thompson is coming off a third round knockout loss to Joaquin Buckley (see it here). Before that, he was submitted by Shavkat Rakhmonov (see it here). His last win was over Kevin Holland, when Holland retired at the end of round four. Bonfim, on the other hand, choked out Khaos Williams in his last fight (see it here). Before that, he took a decision over Ange Loosa. Before those fights he lost, as a big favorite, to Nicolas Dalby via technical knockout (see it here). I don’t think Thompson is long for this sport. He turned 42 this year and his fighting style isn’t great for masking your age. He can’t hide behind takedowns and take dangerous finishers out of their comfort zones. He has to stand in front of them and hope he can slip strikes and land enough from range to earn a decision. Bonfim is not a dangerous striker, so I’m not worried about Thompson getting KO’d for the second time in two fights. Bonfim’s submission threat is what I’m worried about, though. Bonfim’s submissions come from all angles and at a scary pace. I don’t think Thompson will be able to fight those off for long enough to stay in the fight and will probably end up tapping from a choke. Thompson has never had elite takedown defense. With age, his 63 percent takedown defense will feel closer to 50 percent. Bonfim lands almost four takedowns per 15 minutes. He’s going to get Thompson down. Bonfim by submission is only +125. I feel strongly that this is what’s going to happen. But those odds are a little stingy. Unfortunately, the Bonfim -3.5 is even stingier at -205. For my best bet I’m going deep into DraftKings props and I’m looking at Bonfim to win in rounds one or two. I really struggle to see Thompson make it to the final bell and this at least covers me if Thompson is shot to the point that Bonfim can get him out of there with ground-and-pound. Best bet: Gabriel Bonfim to win in rounds 1-2 (+120) Calvin Kattar (+102) vs. Steve Garcia (-122) The Featherweight division have a right to be scared of Garcia. He’s one a five-fight finish streak right now, including stoppages over Melquizael Costa (see it here) and Chase Hooper (see it here). Hooper and Costa have looked pretty good since then, so that tells us what kind of level Costa has been operating at lately. Kattar, on the other hand, will lock up a rare five-fight losing streak in UFC if he gets stopped by Garcia. Last time out he was well beaten by Youssef Zalal (who won despite staying in cruise control). Before that, he was beaten by Aljamain Sterling, Arnold Allen (due to an injury) and Josh Emmett (split decision). Kattar’s toughness is the stuff of legend, thanks to the unholy beating he once took from Max Holloway. Kattar has never been stopped in his career (other than that knee injury). At 37, though, with all these wars in his past, is this the time we see that chin fade? I think so. Garcia’s punches land like a sock full of pennies. And I fear he’s going to land something really hard on Kattar. I think we’re going to see a technical knockout from Garcia, probably from ground-and-pound. I’ll take the point spread here on Garcia, believing that if Kattar doesn’t go down, Garcia will still take a dominant decision (also because Garcia by KO was only +165). Best bet: Steve Garcia -3.5 (+110) Nate Landwehr (+220) vs. Morgan Charriere (-270) Landwehr got styled on in his last fight. Doo Ho Choi looked incredible as he out-struck and out-wrestled and eventually finished “The Train” (see it here). Before that, Landwehr scored a comeback technical knockout on Jamall Emmers (see it here). In his early UFC career, Landwehr managed to get wins over Darren Elkins, L’udovit Klein and David Onama. Charriere, meanwhile, is coming off a unanimous decision loss to Nathaniel Wood where he looked good, not great. Before that, he blew away Gabriel Miranda with a left hook (see it here). Landwehr is a hard-nosed brawler who is willing to eat two shot to land one. He’s a bit like Elkins without the grappling (as exposed by how often Choi took and held him down). I think this is a very tough match-up for him, against Charriere who has looked good against opponents who charge at him. Both these guys absorb more significant strikes than they land (which is a big red flag for me), but Charriere’s negative differential is higher. Charriere is also giving up three inches in the reach department. Even so, I think Charriere’s counter punching will be the story of this fight. Landwehr doesn’t exactly fight behind his jab and pick his shots. He’ll be crashing forward trying to overwhelm Charriere. In this situation, I like Charriere to respond with something hard that puts Landwehr down. Charriere reminds me of a striker in football/soccer who misses the goal when he’s given too much time to think about his shot, but who can score on instinct when the ball comes to him and he has to react without thinking. That’s how I see Charriere getting his finish here. Best bet: Morgan Charriere moneyline (-220) Vitor Petrino (-700) vs. Austen Lane (+500) Petrino’s shiny 11-0 record was dulled by Anthony Smith and Dustin Jacoby last year. Smith scored a quick guillotine on the Brazilian (see it here) in Brazil. Then Jacoby scored a late knockout in a very boring fight (see it here). Lane, meanwhile, was KO’d by Mario Pinto last time out (see it here). Before that, he successfully fraud checked Robelis Despaigne. Prior to that fight, he was starched by Jhonata Diniz (see it here). If it wasn’t for Tuco Tokkos, Lane might be the worst fighter on a UFC main card this year. Lane has a terrible 40 percent defense on significant strikes. That’s a death sentence at Heavyweight. For the most part in his career, big shots have been able to find Lane and he’s been stopped more than your average bear (all six of his defeats are by knockout). He’s been stopped so much, that you wonder whether the 37 year old should still get a license. But, this is MMA, right? We’ll let anyone fight. Petrino came to UFC with a reputation for vicious striking, but we’ve not seen much of that in the Octagon. What we have seen has been pretty slow and telegraphed. Is that still too fast and unpredictable for Lane, though? Lane has a decent-size advantage against Petrino and I can actually see him taking Petrino down and laying on him for a round or two. However, whenever they are standing I’m worried that Lane is one punch away from being laid out. This is what we saw in the Diniz fight. Since they start rounds standing, I have to give this to Petrino. I’m not very enthusiastic about the pick, though. The round total is 1.5. I’ll go with the over, thinking Lane will get his early takedown and Petrino will continue to underwhelm, even in a winning effort. Best bet: Over 1.5 rounds (+135) Junior Tafa (-166) vs. Tuco Tokkos (+140) Tafa put away super short notice opponent Sean Sharaf back in Oct. 2024. That was his first fight since being heel hooked by Valter Walker (who fights further down the card). Before that, Tafa was TKO’d by Marcos Rogerio de Lima (see it here). Tokkos, meanwhile, stifled Navajo Stirling last time out, losing just by decision to the super hyped prospect. Before that he was submitted by Oumar Sy, with Sy locking up the rear-naked choke when Tokkos was mugging for the commentary booth. Tokkos, as referenced earlier, is probably the worst main card fighter of the year. He’s not shown us much of anything thus far in his UFC career. He did well to hang in there against Stirling, but he offered very little offensive threat. Stirling’s passivity was mostly to blame for that awful fight going the distance. Tafa isn’t much better. He’s 2-3 in UFC and the two guys he beat are well below UFC quality. I think Tafa wins this, thanks to how hittable Tokkos is (4.99 significant strikes absorbed per minute and just 33 percent significant strike defense). I wouldn’t be surprised if we get another stinker, though, that goes the distance with a decision that could go to either guy. Because I’m not sold on Tafa, over 1.5 rounds looks quite appealing. Best bet: Over 1.5 rounds (+105) UFC Nashville ‘Prelims’ Under Card Odds Max Griffin (+250) vs. Chris Curtis (-310) This is our featured “Prelim”? I guess this slot really is just, “the fight before the main card” now. The 39-year-old Griffin was tapped by Michael Chiesa in Dec. 2024. He’s been win-loss-win-loss for the past few years, with the wins being split decisions over Jeremiah Wells and Tim Means. The 37-year-old Curtis is coming off trying to separate Sean Strickland from some dude in a regional MMA cage. In his last UFC fight, Curtis lost a controversial fight with Roman Kopylov (see it here). That fight was officially ruled a head kick knockout loss at 4:59 of round three. Many felt the fight could have been left for the remaining second and then have the judges decide (I scored it for Kopylov anyways). Griffin is an okay striker and wrestler, but at 39, his potency in either area needs to be questioned. Curtis, who isn’t much younger, seems to still be a reliable and creative volume striker. His very good takedown defense probably holds up to the level needed to stay up against Griffin, too. I think there’s a chance Curtis gets a stoppage in this fight, but it might come late. I’m not going to mess around with any round betting here and instead just go with Curtis on the moneyline. Best bet: Chris Curtis moneyline (-310) Jake Matthews (+124) vs. Chidi Njokuani (-148) Both these guys are on good runs and coming off decisive wins. It’s a little surprising to see them matched up here on the “Prelims.” Matthews beat Francisco Prado by unanimous decision in February. Last year, he defeated Phil Rowe. Prior to that, he managed to make it to a losing decision against the undefeated Michael Morales. Njokuani, meanwhile, lit up Elizeu Zaleski dos Santos on the co-main of an APEX card in March (see it here). He did miss weight for that one, though. Prior to that TKO he beat Jared Gooden and Rhys McKee. Njokuani is very big for the weight class. He’s four inches taller than Matthews and will have a long seven-inch reach advantage. That reach could be significant, as it was in Njokuani’s destruction of Dos Santos. Njokuani’s reach gets even more deadlier when you consider he has the best accuracy rate for sig. strikes in the division at 62 percent. The only reason he isn’t the official leader in that stat at Welterweight is because his last two fights have technically been Catchweights (due to his weigh-in misses). The 62 percent is better than Gunnar Nelson’s official best mark of 60.6 percent and all the other killers in this rejuvenated weight class. Matthews is no slouch, though. He’s an intelligent and well rounded fighter. He probably knows he can’t win a kickboxing match and I think he’s going to try and make this an ugly brawl against the fence. He’ll look to grind on Njokuani and land a few takedowns. That might be tough, though, given Njokuani’s 75 percent takedown defense. Ultimately, I think Njokuani is going to prevent himself getting taken down in this fight. And, if Matthews, won’t let him strike from range, I still think Njokuani has a good shot at landing heavy strikes right inside Matthews’ kitchen. Njokuani’s Muay Thai style is perfect for clinch fighting, so he might find a home for some good elbows and knees. The round total for this one is set at 1.5 for some reason. The over on that is -298, so no value there. And I don’t think there’s a finish in this fight. I’ll just go with the Njokuani moneyline. Best bet: Chidi Njokuani moneyline (-148) Lauren Murphy (+440) vs. Eduarda Moura (-600) Murphy has been out of action since her bruising loss to Jessica Andrade in Jan. 2023. Before that, she dominated the un-retired Miesha Tate. Before those fights, she was TKO’d while trying to get the belt off Valentina Shevchenko. Moura, meanwhile, took a decision over Veronica Hardy in her Flyweight debut last year. That fight came after she misses weight in back-to-back Strawweight bouts. I get that Murphy has been out awhile, and that she’s 42, but Vegas is showing a lot of faith in Moura with these lines. Despite her age and inactivity as of late, I bet Murphy still “has that dog in her” and I think she will bring a lot of pressure to Moura. Moura has managed to package together wins thanks to her takedowns. Murphy’s takedown defense has been solid over her career (69 percent). The big question is whether Murphy still has good takedown defense or not. If she keeps this fight standing I think she has a good chance to take a close decision. If she is taken down, I think Moura should be able to keep her down and get a pretty comfortable decision. Either way, I think we’re going to decision. Best bet: Over 2.5 rounds (-330) Kennedy Nzechukwu (-205) vs. Valter Walker (+170) Nzechukwu is undefeated (2-0) in UFC’s Heavyweight division. In Dec. 2024, he scored a first round technical knockout over Lukasz Brzeski (see it here). Walker, on the other hand, lost to Brzeski, by decision, in his UFC debut. Since then he’s heel hooked both Junior Tafa (who didn’t like it one bit) and Don’Tale Mayes. Nzechukwu’s striking should be too much for Walker to handle. However, Nzechukwu is a little ungainly and I can totally see him getting caught by Walker’s leg locks, perhaps even after scoring a knockdown. This match-up really seems ripe for some Heavyweight nuttiness. I think it’s best to play the under in this situation, especially with the round total set at 2.5 (I was sure it would be 1.5). Best bet: Under 2.5 rounds (-105) Mitch Ramirez (+700) vs. Mike Davis (-1000) Ramirez was stopped by Thiago Moises leg kicks in his last fight (see those here). His only other Octagon appearance was a walloping from Carlos Prates on Contender Series. In the opposite corner, Davis returned from a year long lay-off to fight Fares Ziam in February. He looked out of sorts and was possibly carrying an injury in that fight. He seemed to be trying to minimize damage more so than win a fight. That unanimous decision was his first UFC loss since being submitted by Gilbert Burns in 2019. He’s won four UFC fights between those losses. If the Davis we’re used to seeing shows up, then he should win this without too much trouble (as reflected in those betting lines). I think we’ll see the good version of Davis in this fight and if that happens, then his funky grappling should lead to a convincing win, probably by stoppage. Best bet: Under 2.5 rounds (-180) Fatima Kline (-1200) vs. Melissa Martinez (+750) Kline was fed to the wolves on her UFC debut, coming in on short notice and up a weight class to take on Jasmine Jasudavicius. She got dominated by the bigger fighter in that bout, but rebounded with a technical knockout over Victoria Dudakova (see it here). Prior to joining UFC, Kline was a champ in the CFFC organization. She also has BJJ black belt under Mike Wacker. Martinez, meanwhile, is 1-1 in UFC with a decision win over Alice Ardelean and a decision loss to Elise Reed. She’s a former champ in the Combate organization. Martinez — who is just 5’2” — should be fighting at Atomweight (and UFC should have an Atomweight division). Kline is going to have a lot of size and strength over her (not much reach, though). I think that size difference will be most notable on the ground and I think Kline is going to use that to get a submission. Best bet: Under 2.5 rounds (+114) UFC Nashville Long Shots! Here’s a couple of long shots for Saturday night’s action. Derrick Lewis to Win and Over 3.5 (+1000) Let’s just imagine that Teixeira is being over-hyped and that his best work has all come against tomato cans. And let’s imagine that Lewis is going to rewind the clock and survive a lot of early punishment. Maybe Teixeira punches himself out? And then, maybe Lewis uncorks one of his classic right hooks that knocks him out cold? It’s not impossible, right? It’s Heavyweight after all. Three-fight parlay: Tallison Teixeira, Steve Garcia, Valter Walker (+568) Despite that first long shot bet, I’m reasonably confident that Teixeira is legit enough to be better than a 40-year-old Lewis. I’m also pretty confident that Steve Garcia will add to his impressive winning streak when he meets Kattar. Walker is my wild card in this parlay and he’s here to add some value. Nzechukwu has looked good at Heavyweight so far, but he’s not faced anyone like Walker. Morgan Charriere to win by KO/TKO/DQ and over 1.5 rounds (+550) I used DraftKings to make my own same game parlay here. It kind of kills me to do it, since I really like Landwehr. Unfortunately, I just think he will fight right into Charriere’s strengths and walk into something nasty. Remember that MMAmania.com will deliver LIVE round-by-round, blow-by-blow coverage of the entire UFC Nashville fight card right here, starting with the ESPN/ESPN+ “Prelims” matches online, which are scheduled to begin at 6 p.m. ET, before the main card start time at 9 p.m. ET (also on ESPN/ESPN+). To checkout the latest and greatest UFC Nashville: “Lewis vs. Teixeira” news and notes be sure to hit up our comprehensive event archive right here. Loading comments...",2025-07-10,https://www.mmamania.com/2025/7/10/24461091/ufc-nashville-odds-best-betting-props-parlays-picks-derrick-lewis-vs-tallison-teixeira
"Derrick Lewis vs. Tallison Teixeira prediction, pick: Who gets KO'd at UFC Nashville?","MMA Junkie analyst Dan Tom goes in-depth to break down the biggest fights in the UFC. Today, he takes a closer look at the UFC on ESPN 70 main event between Derrick Lewis and Tallison Teixeira. Derrick Lewis UFC on ESPN 70 preview Staple info: Record: 28-12 MMA, 19-10 UFC Height: 6'3"" Age: 40 Weight: 261 lbs. Reach: 79"" Last fight: TKO win over Rodrigo Nascimento (May 11, 2024) Camp: Main Street Boxing and Muay Thai (Texas) Stance/striking style: Orthodox/kickboxing Risk management: Fair Supplemental info: + Legacy FC heavyweight title + Regional MMA accolades + 23 KO victories + 1 submission win + 9 first-round finishes + KO power + Dangerous overhands and uppercuts + Underrated kicks and knees + Strong inside the clinch ^ Strikes well off the breaks + Shows improved wrestling + Deceptive scrambling/getup ability + Devastating ground striker Tallison Teixeira UFC on ESPN 70 preview Staple info: Record: 8-0 MMA, 1-0 UFC Height: 6'7"" Age: 25 Weight: 259 lbs. Reach: 83"" Last fight: TKO win over Justin Tafa (Feb. 8, 2025) Camp: Team Lucas Mineiro (Brazil) Stance/striking style: Orthodox/kickboxing Risk management: Fair Supplemental info: + Brazilian jiu-jitsu black belt + Multiple grappling accolades + Muay Thai red kruang + 7 KO victories + 1 submission win + 8 first-round finishes + KO power + Dangerous right hand + Dynamic kicks ^ Variates looks and levels + Servicable takedown game ^ Favors doubles along the fence + Competent submission skills Derrick Lewis vs. Tallison Teixeira point of interest: Heavyweight hands The main event in Nashville features a heavyweight showdown between Derrick Lewis and Tallison Teixeira. Stepping onto the scene as an unabashed brawler, Lewis has shown some signs of improvement underneath the scary destructions that often take place in his fights. An athletic mover for his size, Lewis can throw accurate knees and head kicks with little signs of struggle. A downright scary distance closer when he chooses to be, Lewis can force his opponents into the fence whether or not he lands on them, almost in a juggernaut-like fashion. With a frame that is hard to control in close, the 40-year-old slugger does his best work when striking off the breaks, maintaining a dangerous potency in small spaces that go deep into the fight. Lewis also has an appetite for the counter, showing that he’s not beyond setting traps and playing possum in order to draw his opponents into his uncanny power. That said, Lewis will still need to respect what is coming his way this Saturday. Enter Teixiera. Although Teixiera is clearly lacking in the experience department, I can see why many are high on the prospects of this young heavyweight. Despite Teixeira's insane height, he actually moves quite well for a big man and is not afraid to utilize tools like a long jab. The Brazilian also packs wicked power in his rear hand, but kicks, particularly to the body, may serve Teixeira well in this spot. Teixeira may not go to the body as much as I'd like, but he has shown some decent change-ups from front teeps to Thai kicks that help exentuate his length. Teixeira will blitz forward in combination when he's feeling in stride, but he'll need to be careful about crowding his work into the clinch – an area where Lewis can stage comebacks. Derrick Lewis vs. Tallison Teixeira breakdown: Potential grappling threats Considering the high potential for chaos on the feet, no one should be shocked if this party hits the floor. Despite Lewis showing improved offensive wrestling and a surprising ability to hit inside trips in recent years, Teixeira is the more dangerous grappler on paper. Although we've seen very little of Teixeira's ground game, the 25-year-old owns a Brazilian jiu-jitsu black belt and has apparently been grappling since childhood. Teixeira only has one submission win on his resume, but between that win being an inverted triangle-armbar to his history training with Antonio Rodrigo Nogueira, I suspect that the lengthy heavyweight has solid dexterity to boot. When it comes to wrestling, Teixeira has shown a servicable double leg he can go to when his opponents find their back against the fence. That said, effectively taking down and grounding someone like Lewis is easier said than done. Traditionally dealing with fighters who are trying to grapple him, Lewis wields deceptively effective counter-grappling tactics. Whether he’s hoisting his opponent up with a whizzer or shucking someone off with an underhook, Lewis has been hard to take down along the fence, as single legs or outside trips in open space seem to be what gets him grounded most. Even when successfully taken down, Lewis still offers a lot of sneaky static in regard to stymying submission attempts and strikes. Like a sand shark lying in wait, Lewis plays a conservative game when put on his back, keeping his arms in tight for safety while waiting for the right moment to explode (usually timing his opposition when they’re in transition). Once allowed the smallest of space for momentum, Lewis will force his way to his base, turtling to a tripod position to stand. As someone who is a fan of this style of get-up, I can tell you that it can be a nightmare to encounter when executed properly. For example, Lewis – while keeping his base firmly beneath him – will maintain an angle on his back that resembles a steep ski slope. Although this tripod position invites back-takes to the naked eye, the downward slope Lewis keeps serves as a trap, making eager back takers ultimately slide forward and lose position (all while allowing the Texas native to stand back up). And if Lewis is able to end up on top via swimming for underhooks and shucking, then we could see a drastic shift in this matchup’s momentum given the hellfire of ground-and-pound he provides. Derrick Lewis vs. Tallison Teixeira odds The oddsmakers and the public are favoring the undefeated fighter, listing Teixeira -245 and Lewis +186 via FanDuel. Derrick Lewis vs. Tallison Teixeira prediction, pick Considering how high the MMA gambling world gets over youthful, undefeated products, I can't say that I'm surprised to see Teixeira installed as the betting favorite despite being relatively unproven. Should Teixeira come out and light Lewis up with some body kicks, then no one should be shocked if the Brazilian can find a finish soon after. That said, Lewis has had a penchant for both countering and coming back from effective body kicks – particularly against taller opponents. In fact, whenever facing fighters of a similar height to Teixeira, Lewis has traditionally done fairly well (going 3-0 in the UFC opposite the likes of Travis Browne, Alexander Volkov and Jack May). And if Teixeira decides to revert to his base of grappling, then he could find himself in a frying pan-to-frier situation. Despite logic saying that Lewis should be beatable on the ground, only a select few fighters (Daniel Cormier, Serghei Spivac and Jailton Almeida) have been able to truly out-grapple the American, as anyone who tries to grapple Lewis has traditionally done poorly. Should Teixeira fall into this classic trap, then he'll need to be careful not to end up underneath Lewis, which is almost a death sentence given his lethal ground striking. I ultimately suspect that it's a strike off the break that sparks things off for Lewis, likely after having to survive some scares first. The pick is Lewis by knockout in Round 2. Prediction: Lewis inside the distance Derrick Lewis vs. Tallison Teixeira start time, how to watch As the main event, Lewis and Teixeira are expected to make their walks to the octagon at approximately 11:45 p.m. ET. The fight airs on ESPN and streams on ESPN+. This article originally appeared on MMA Junkie: Derrick Lewis vs. Tallison Teixeira pick, odds, time: UFC Nashville",2025-07-11,https://ca.sports.yahoo.com/news/derrick-lewis-vs-tallison-teixeira-161906720.html
"UFC op ESPN 70: Lewis vs Teixeira - Datum, Starttijd, Vechtkaart, Locatie","Derrick Lewis, de ervaren Amerikaanse vechter bekend als ""The Black Beast,"" neemt het op tegen Brazilië's opkomende ster Tallison Teixeira in de Bridgestone Arena in Nashville, Tennessee. Lewis heeft 28 overwinningen met 23 knockouts, wat zijn neiging voor kracht illustreert. Zijn laatste overwinning kwam via TKO op Rodrigo Nascimento in mei 2024. Tallison Teixeira, onverslagen met zeven knockout-overwinningen uit acht overwinningen, versloeg recentelijk Justin Tafa via TKO. Hoe laat is de wedstrijd Derrick Lewis vs Tallison Teixeira Liveverslaggeving voor de hoofdkaart van Derrick Lewis vs Tallison Teixeira start om 18:00 EST op ESPN+. Raadpleeg de onderstaande tabel om je lokale tijd te vinden. | Regio | Datum | Begin uitzending | Derrick Lewis vs Tallison Teixeira Ring Walks (approx.) | | België | zondag, 13 juli 2025 | 12:00 AM | 03:40 AM | | Nederland | zondag, 13 juli 2025 | 12:00 AM | 03:40 AM | Het UFC op ESPN 70 evenement vindt plaats op 12 juli 2025 in de Bridgestone Arena in Nashville, Tennessee. Het hoofdonderdeel bevat een zware wedstrijd tussen Derrick Lewis en Glover Teixeira. Het evenement begint om 21:40 EST. Dit is een vijf-rondige wedstrijd in de zwaargewichtklasse. De timing van het hoofdevenement kan variëren afhankelijk van hoe lang de eerdere wedstrijden duren. Fans moeten zich ervan bewust zijn dat deze tijden kunnen veranderen op basis van de prestaties van de onderkaart. Voor kijkers buiten Eastern Standard Time, controleer alstublieft uw lokale lijsten of tijdsconversietabellen om ervoor te zorgen dat u geen deel van de actie mist. Details van de Vechtsters Derrick Lewis neemt het op tegen Tallison Teixeira in een zwaargewichtwedstrijd voor de kampioenschapsbanden. Derrick Lewis - Nationaliteit: Verenigde Staten - Lengte: 190 cm - Gewicht: 120,7 kg - Totaal Aantal Gevechten: 40 - Record: 28 / 12 / 0 Derrick Lewis, bekend als ""The Black Beast,"" heeft een vechtrecord van 28 overwinningen, waarvan 23 door knockout. Hij heeft recentelijk een TKO-overwinning behaald op Rodrigo Nascimento. Nascimento had een solide record, maar viel kort tegen de kracht van Lewis. Lewis' ervaring en knockoutvermogen maken hem een geduchte tegenstander in dit gevecht. Tallison Teixeira - Nationaliteit: Brazilië - Lengte: 203 cm - Gewicht: 118,8 kg - Totaal Aantal Gevechten: 8 - Record: 8 / 0 / 0 Tallison Teixeira, bijgenaamd ""Xicao,"" is nog steeds onverslagen met 8 overwinningen en 7 knockouts. Hij versloeg onlangs Justin Tafa via TKO. Teixeira's jeugd en agressieve stijl zijn voordelen terwijl hij Lewis's dominantie uitdaagt in deze zwaargewicht clash. Hoe en waar de wedstrijd Derrick Lewis vs Tallison Teixeira te bekijken Je kunt Derrick Lewis vs Tallison Teixeira bekijken via ESPN+. | Regio | Live-streaming | | VS | ESPN | Als je land wordt geblokkeerd door de streamingdiensten of er gewoon geen levensvatbare opties voor jouw land zijn, kunnen we alleen één oplossing aanbevelen: gebruik maken van een VPN-software om de beperkingen te omzeilen. Het stelt je in staat je IP-adres te veranderen en te lijken alsof je het evenement vanuit een ander land bekijkt. Dus als je in het VK, Canada, Australië, Nieuw-Zeeland, India, VAE, Mexico, Spanje of een ander land woont en geen werkende provider kunt vinden om de wedstrijd Derrick Lewis vs Tallison Teixeira te bekijken, gebruik dan onze aanbevolen (en geteste) VPN en wijzig naar een locatie naar keuze. Vechtkaart Derrick Lewis vs Tallison Teixeira - Derrick Lewis vs Tallison Teixeira - Stephen Thompson vs Gabriel Bonfim - Calvin Kattar vs Steve Garcia - Nate Landwehr vs Morgan Charriere - Vitor Petrino vs Austen Lane - Junior Tafa vs George Tokkos - Max Griffin vs Chris Curtis - Jake Matthews vs Chidi Njokuani - Lauren Murphy vs Eduarda Moura - Kennedy Nzechukwu vs Valter Walker - Mitch Ramirez vs Mike Davis - Fatima Kline vs Melissa Martinez",2025-07-10,https://ringside24.com/nl/news/mma/231591-ufc-op-espn-70-lewis-vs-teixeira-datum-starttijd-vechtkaart-locatie
UFC on ESPN 70: Derrick Lewis vs. Tallison Teixeira Prediction,"UFC on ESPN 70: Derrick Lewis vs. Tallison Teixeira Prediction for Today, 07/12/25 UFC on ESPN 70: Derrick Lewis vs. Tallison Teixeira Pickswise Expert Predictions The Main Event at UFC on ESPN 70 will see Derrick Lewis take on Tallison Teixeira. This will be a fight in the UFC Heavyweight division. Lewis enters this fight with an MMA record of 28-12, and he is 19-10 in the UFC. He averages 2.48 significant strikes per minute and has a striking accuracy of 50%. Lewis absorbs 2.48 strikes and has a striking defense of 40%. His grappling is not nearly as strong, averaging 0.57 takedowns every 15 minutes. He has a takedown accuracy of 26% and a takedown defense of 52%. Teixeira enters this fight with an MMA record of 8-0 and 2-0 in the UFC. He is averaging 14.61 significant strikes per minute and has a striking accuracy of 59%. Teixeira absorbs 7.50 strikes and has a striking defense of 59%. Teixeira is the overwhelming favorite; therefore, we will be targeting a round prop. Teixeira has won both of his UFC fights in round one. Further, Teixeira has the superior striking volume, plus he has never lost a fight in his MMA career. As for Lewis, he has seen 3 of his last 5 UFC fights end in round one; therefore, backing the same here will be our best bet. UFC Analysis See All UFC NewsUFC on ESPN 70: Derrick Lewis vs. Tallison Teixeira picks, predictions and best bets: Teixeira Remains Unbeaten UFC on ESPN 70 takes place on Saturday at the Bridgestone Arena in Nashville, Tennessee. This card features a UFC Heavyweight fight between Derrick Lewis and Tallison Teixeira as the Main Event. H...",2025-07-09,https://www.pickswise.com/ufc/predictions/ufc-on-espn-70-derrick-lewis-vs-tallison-teixeira-predictions-picks/
UFC Fight Night: Lewis vs. Teixeira – Cartelera y Horarios En Vivo,"El UFC regresa a Nashville, Tennessee, con un emocionante evento, UFC Fight Night: Lewis vs. Teixeira 2025, encabezado por un explosivo combate de peso pesado entre el ex retador al título Derrick Lewis y el prospecto invicto Tallison Teixeira. La velada está programada para el sábado 12 de julio en el Bridgestone Arena. A continuación, te ofrecemos todos los detalles sobre la cartelera completa, los horarios, las opciones para verlo en vivo y el contexto de la pelea estelar. Cartelera UFC Fight Night: Lewis vs. Teixeira Cartelera principal - Peso pesado: Derrick Lewis (#9) vs. Tallison Teixeira (#13) - Peso welter: Stephen Thompson (#12) vs. Gabriel Bonfim - Peso pluma: Calvin Kattar (#15) vs. Steve Garcia - Peso pluma: Nate Landwehr vs. Morgan Charrière - Peso pesado: Vitor Petrino vs. Austen Lane - Peso semipesado: Junior Tafa vs. Tuco Tokkos Preliminares - Peso welter: Chris Curtis vs. Max Griffin - Peso welter: Jake Matthews vs. Chidi Njokuani - Peso pesado: Kennedy Nzechukwu vs. Valter Walker - Peso mosca femenino: Lauren Murphy vs. Eduarda Moura - Peso ligero: Mike Davis vs. Mitch Ramirez - Peso paja femenino: Fatima Kline vs. Melissa Martinez Nota: La cartelera está sujeta a cambios, como es habitual en los eventos de UFC. 🕒 Horarios de Inicio de las Preliminares | Hora local | Países | |---|---| | 4:00 p.m. | 🇲🇽 México (centro) 🇬🇹 Guatemala 🇳🇮 Nicaragua 🇨🇷 Costa Rica 🇸🇻 El Salvador 🇭🇳 Honduras | | 5:00 p.m. | 🇨🇴 Colombia 🇵🇪 Perú 🇵🇦 Panamá 🇪🇨 Ecuador | | 6:00 p.m. | 🇺🇸 Estados Unidos 🇻🇪 Venezuela 🇧🇴 Bolivia 🇨🇱 Chile 🇵🇷 Puerto Rico 🇩🇴 República Dominicana | | 7:00 p.m. | 🇦🇷 Argentina 🇺🇾 Uruguay 🇧🇷 Brasil 🇵🇾 Paraguay | | 1:00 a.m. (domingo) | 🇮🇨 España (Islas Canarias) | | 12:00 a.m. (domingo) | 🇪🇸 España (Península) | Horarios de las Estelares: | Hora local | Países | |---|---| | 7:00 p.m. | 🇲🇽 México (centro) 🇬🇹 Guatemala 🇳🇮 Nicaragua 🇨🇷 Costa Rica 🇸🇻 El Salvador 🇭🇳 Honduras | | 8:00 p.m. | 🇨🇴 Colombia 🇵🇪 Perú 🇵🇦 Panamá 🇪🇨 Ecuador | | 9:00 p.m. | 🇻🇪 Venezuela 🇧🇴 Bolivia 🇨🇱 Chile 🇵🇷 Puerto Rico 🇩🇴 República Dominicana | | 10:00 p.m. | 🇦🇷 Argentina 🇺🇾 Uruguay 🇧🇷 Brasil 🇵🇾 Paraguay | | 3:00 a.m. (domingo) | 🇪🇸 España (Islas Canarias) | | 4:00 a.m. (domingo) | 🇪🇸 España (Península) | 📺 Cómo Ver UFC Fight Night: Lewis vs. Teixeira En Vivo El evento será transmitido en vivo a través de: Reino Unido Preliminares en UFC Fight Pass (11:00 PM BST) Cartelera principal en TNT Sports (1:00 AM BST) 🔍 Contexto de la pelea estelar: Lewis vs. Teixeira Derrick Lewis (28-12, 1 NC), de 40 años, es el máximo finalizador en la historia del UFC con 15 nocauts, y busca consolidarse nuevamente en el top 10 de los pesos pesados. Viene de una victoria por TKO en el tercer asalto ante Rodrigo Nascimento (mayo de 2024), aunque su historial reciente es irregular, con solo dos triunfos en sus últimos seis combates. Este duelo representa una oportunidad clave para demostrar que aún puede competir al más alto nivel. Por su parte, Tallison Teixeira (8-0), de 25 años y 2.01 m de estatura, es considerado uno de los prospectos más explosivos de la división. Debutó en febrero de 2025 con un nocaut en solo 35 segundos sobre Justin Tafa, y ha finalizado todos sus combates en el primer asalto: siete por TKO/KO y uno por sumisión. Enfrentar a un veterano como Lewis en apenas su segunda aparición en UFC representa una verdadera prueba de fuego. Este enfrentamiento promete ser una batalla de poder: ambos destacan por su capacidad de noquear, pero con enfoques distintos. Lewis apuesta por su fuerza bruta y experiencia, mientras que Teixeira busca imponer su juventud, velocidad y contundencia temprana.",2025-06-29,https://goluchas.com/ufc-noticias/ufc-fight-night/ufc-fight-night-lewis-vs-teixeira-cartelera-y-horarios-en-vivo/
Full Card for UFC Fight Night: Lewis vs. Teixeira,"Full Card for UFC Fight Night: Lewis vs. Teixeira Ryan Wohl previews UFC Fight Night: Lewis vs. Teixeira. The UFC is back in Music City, Nashville, Tennessee, for the first time since August 2023. Cory Sandhagen beat Rob Font in the Main Event of that card. This time, knockout artist No. 9 Derrick “The Black Beast” Lewis takes on No. 13 Tallison Teixeira in a five-round heavyweight bout. Lewis is coming off a knockout victory against Rodrigo Nascimento in May 2024. Even though Lewis has won two of his last three contests, he is 3-5 in his previous eight fights. Saturday night, Lewis will face one of the fastest rising prospects in the heavyweight division. Teixeira, 25, is 8-0 with seven knockouts and one submission in his MMA career. He has also won each of his fights in the first round. Teixeira earned his UFC contract on season eight of Dana White’s Contender Series against Arthur Lopes. He followed that up with a big win vs. Justin Tafa at UFC 312 in February. Although this is a massive step up in competition for Teixeira, he has all the tools necessary to pick up the most significant victory of his career. The veteran, Lewis, is a +240 underdog on DraftKings Sportsbook while Teixeira is a -298 favorite. Teixeira is -185 to win this bout via KO/TKO/DQ. Former UFC title challenger, No. 12 Stephen “Wonderboy” Thompson, is facing Gabriel Bonfim in the co-main event. Thompson has lost four of his last five bouts and most recently lost via knockout against Joaquin Buckley at UFC 307. Bonfim holds a 4-1 record in the promotion and looks to extend his winning streak to three against the legend. Bonfim is a -455 favorite with Thompson being +350. The Prelims start at 6:00 p.m. ET with the Main Card beginning at 9:00 p.m. on ESPN and ESPN+. Check out the entire 12-fight card below. Main Card | 9:00 p.m. ET | ESPN/ESPN+ | Matchup: | Records: | Weight Class: | Odds via DraftKings Sportsbook: | | #9 Derrick Lewis vs. #13 Tallison Teixeira Main Event | 28-12 (19-10 UFC) vs. 8-0 (1-0 UFC) | Heavyweight | +240 vs. -298 | | #12 Stephen Thompson vs. Gabriel Bonfim | 17-8-1 (12-8-1 UFC) vs. 17-1 (4-1 UFC) | Welterweight | +350 vs. -455 | | #14 Calvin Kattar vs. Steve Garcia | 23-9 (7-7 UFC) vs. 17-5 (6-2 UFC) | Featherweight | +105 vs. -125 | | Nate Landwehr vs. Morgan Charriere | 18-6 (5-4 UFC) vs. 20-11-1 (2-2 UFC) | Featherweight | +210 vs. -258 | | Vitor Petrino vs. Austen Lane | 11-2 (4-2 UFC) vs. 13-6 (1-3 UFC) | Heavyweight | -700 vs. +500 | | Junior Tafa vs. Tuco Tokkos | 6-3 (2-3 UFC) vs. 10-5 (0-2 UFC) | Light Heavyweight | -180 vs. +150 | Prelims | 6:00 p.m. ET | ESPN/ESPN+ | Matchup: | Records: | Weight Class: | Odds via DraftKings Sportsbook: | | Max Griffin vs. Chris Curtis | 20-11 (8-9 UFC) vs. 31-12 (5-4 UFC) | Welterweight | +260 vs. -325 | | Jake Matthews vs. Chidi Njokuani | 21-7 (14-7 UFC) vs. 25-10 (5-3 UFC) | Welterweight | +136 vs. -162 | | Lauren Murphy vs. Eduarda Moura | 16-6 (8-6 UFC) vs. 11-1 (2-1 UFC) | W Flyweight | +525 vs. -750 | | Kennedy Nzechukwu vs. Valter Walker | 14-5 (8-5 UFC) vs. 13-1 (2-1 UFC) | Heavyweight | -205 vs. +170 | | Mitch Ramirez vs. Mike Davis | 8-2 (0-1 UFC) vs. 11-3 (4-2 UFC) | Lightweight | +700 vs. -1100 | | Fatima Kline vs. Melissa Martinez | 7-1 (1-1 UFC) vs. 8-1 (1-1 UFC) | W Strawweight | -1350 vs. +800 | The Crown Is Yours: Sign up for DraftKings and experience the ultimate host for games and betting experiences! All odds and lines provided by DraftKings Sportsbook and are subject to change. Related Articles",2025-07-11,https://dknetwork.draftkings.com/2025/07/11/full-card-for-ufc-fight-night-lewis-vs-teixeira/
UFC Fight Night Odds and Predictions: Lewis vs. Teixeira,"UFC Fight Night Odds and Predictions: Lewis vs. Teixeira What are your UFC Fight Night predictions for Lewis vs. Teixeira? The UFC is heading to Bridgestone Arena in Nashville, Tennessee, for a 12-fight card on Saturday, July 12th. The main card features six fights, including a heavyweight showdown between Derrick Lewis and the undefeated Tallison Teixeira. Keep reading to see the latest odds for this UFC Fight Night card. UFC Fight Night Main Event Odds – Lewis vs. Teixeira See the table below for the latest UFC Fight Night odds for Lewis vs. Teixeira. BetUS provided the following odds. | Fighter | UFC Fight Night Odds | Record | |---|---|---| | Derrick Lewis | +214 | 28-12 | | Tallison Teixeira | -260 | 8-0 | Lewis has been a mainstay in the UFC Heavyweight division for years. His power makes him a threat to anyone. However, “The Black Beast” is a +214 underdog for his matchup against the up-and-comer Tallison Teixeira (-260). Teixeira is 8-0, with seven knockouts and one submission win so far in his professional career. He earned his contract on Dana White’s Contender Series. Teixeira made his Octagon debut at UFC 312, knocking out Justin Tafa in just 35 seconds. Derrick Lewis (+214) Lewis is 2-1 in his last three fights, including a third-round knockout win over Rodrigo Nascimento in his last appearance. However, since beating Curtis Blaydes in February 2021, Lewis is only 3-5 in the Octagon. To make matters worse, only one of Lewis’s last five losses came by decision. His other recent defeats include three knockouts and one submission loss. On the bright side, Lewis has proven he still has the power to knock out anyone in the division. He is 19-10 in the UFC, with 15 of his wins coming via knockout. His last five wins have all come via knockout, including his win over Marcos Rogério de Lima at UFC 291. Lewis earned his win over Rogério de Lima just 33 seconds into the opening round of the fight. Tallison Teixeira (-260) The other half of the main event for this Fight Night event is the 8-0 Tallison “Xicão” Teixeira. He made his UFC debut in February, stopping Justin Tafa in 35 seconds. Teixeira, who is just 25 years old, has a 100% finish rate in his career. Also, all eight of his wins have come in the first round. His knockout power has allowed Teixeira to rise up the ranks quickly, and he is in the main event in just his second UFC appearance. A veteran like Lewis will be a tough test for Teixeira. He will be the first opponent in Teixeira’s career with more than 20 fights. Only two of Teixeira’s previous eight opponents had more than 10 fights at the time they faced Xicão. Lewis’s experience gives him an undeniable advantage over Teixeira. On the other hand, the younger fighter has a massive size advantage over Lewis. Teixeira is 6’7 and has an 83” reach, compared to Lewis, who stands at 6’3 with a 79” reach. Lewis vs. Teixeira Predictions Jon Jones has retired, and Tom Aspinall has been promoted to the Undisputed Heavyweight champion. Now, Aspinall needs new challenges for the most coveted belt in the UFC. The ninth-ranked Lewis has challenged for the belt before, and Teixeira has all the makings of a future star. Whichever fighter wins this main event fight on July 12th could put themselves on the short list of challengers for Aspinall’s belt. Teixeira has dominated his opponents so far in his short career. However, Lewis will be the biggest test the young heavyweight has ever faced. I believe Lewis will end Teixeira’s first-round finishing streak. However, the veteran gatekeeper will not be able to stop Teixeira’s momentum completely. Teixeira will win, moving to 9-0 and potentially earning a spot in the top 15. The top MMA betting sites have Teixeira listed as a heavy favorite, but I think Lewis pulls the upset. - Prediction: Derrick Lewis +214 Other UFC Fight Night Odds Before Lewis and Teixeira square off, the upcoming UFC Fight Night card in Nashville will feature five other main card fights. | Favorite | Underdog | Weight Class | |---|---|---| | Morgan Charrière (-240) | Nate Landwehr (+198) | Featherweight | | Junior Tafa (-170) | Tuco Tokkos (+142) | Light Heavyweight | | Steve Garcia (-150) | Calvin Kattar (+126) | Featherweight | | Vitor Petrino (-700) | Austen Lane (+475) | Heavyweight | | Gabriel Bonfim (-400) | Stephen Thompson (+309) | Welterweight | Read our free review of BetUS to learn more about this UFC sportsbook. Morgan Charrière (-240) vs. Nate Landwehr (+198) The main card for the upcoming UFC Fight Night in Nashville opens with a Featherweight bout between Morgan Charrière and Nate Landwehr. Charrière (20-11-1) is the -240 favorite for this bout. Landwehr (18-6) is listed as a +198 underdog. Both fighters are coming off a loss. Charrière earned a 6-3 record in Cage Warriors, but is just 2-2 so far in the UFC. Likewise, Landwehr has also struggled since joining the promotion and is just 5-4 in the Octagon. Charrière is the smaller fighter, but he has only been finished once in his professional career. I think he will beat Landwehr in a striking-heavy matchup and improve to 3-2 in the UFC. - Prediction: Morgan Charriére -240 Junior Tafa (-170) vs. Tuco Tokkos (+142) Up next is a Light Heavyweight fight between Junior Tafa (6-3) and Tuco Tokkos (10-5). Despite having a four-inch reach advantage, Tokkos is a +142 underdog against Tafa (-170) in this matchup. Tafa has experience in boxing, kickboxing, and Muay Thai. He was 4-0 in MMA when he joined the UFC but is 2-3 in the Octagon. Tokkos also favors striking and has six knockouts in his 10 career wins. However, Tokkos is a combined 0-4 in the UFC and Bellator. Tokkos’s struggles in the big leagues will continue against Tafa. This will be a good test for both fighters, but Tafa, who is dropping down a weight class, will be the one to right the ship and get the win in Nashville. - Prediction: Junior Tafa -170 Steve Garcia (-150) vs. Calvin Kattar (+126) Steve Garcia is a -150 favorite in his Featherweight matchup against Calvin Kattar (+126). Garcia started his UFC career with a 1-2 record but has now won five straight in the Octagon. Kattar, conversely, brings a four-fight losing streak into this matchup. A fifth straight loss could end Kattar’s stint in the UFC, so he has plenty of motivation to win this fight. Beating Garcia is easier said than done, though. He has knocked out his opponent in 14 of his 17 career wins. Kattar has 10 KO wins on his resume, so he can hold his own on the feet. However, it has also been over five years since Kattar’s last knockout win. With that in mind, I give the edge to Garcia in this fight. - Prediction: Steve Garcia -150 Vitor Petrino (-700) vs. Austen Lane (+475) Heavyweight Vitor Petrino is the biggest favorite on the main card of UFC Fight Night Nashville. He is a -700 favorite in his fight against Austen Lane (+475). Petrino (11-2) has lost back-to-back fights, but both of those defeats came at Light Heavyweight. Lane is 1-3-1 so far in his UFC career, and his only victory in the Octagon so far was a decision win over Robelis Despaigne. Moving up in weight should benefit Petrino, but he will be at a significant size disadvantage against Lane. Also, before coming to the UFC, Lane was a promising Heavyweight prospect. I think he will live up to his potential and have Petrino his third consecutive loss. - Prediction: Austen Lane +475 Gabriel Bonfim (-400) vs. Stephen Thompson (+309) The co-main event of this UFC Fight Night card is a Welterweight showdown between Stephen Thompson (17-8-1) and Gabriel Bonfim (17-1). Top sports betting sites list Bonfim as a -400 favorite over the veteran Thompson (+309). Thompson quickly rose up the Welterweight ranks in the mid-2010s, earning a title shot against then-champion Tyron Woodley. However, after going 0-1-1 in his two fights with Woodley, Thompson has struggled to regain his momentum. He is 4-6 in his 10 fights since losing to Woodley in their rematch at UFC 209. Bonfim, conversely, is 4-1 so far in the promotion. A win over a well-respected veteran like Thompson, who is currently ranked 12th in the division, will propel Bonfim into the top 15 and move him one step closer to a title shot. - Prediction: Gabriel Bonfim -400 What Are Your UFC Fight Night Nashville Predictions? Read the guide above for an in-depth look at my UFC Fight Night Nashville predictions. I cover every fight on the main card, including the highly anticipated main event between Derrick Lewis and Tallison Teixeira. After reading my picks, create your BetUS account to bet on this exciting fight card. New members can claim a 125% deposit match on their first three deposits when they use the code JOIN125 at checkout. Bet on UFC Fight Night at BetUS! BetUS is one of the oldest gambling sites out there, having opened their virtual doors in 1994. They are a good choice if you’re looking for a well-rounded, reliable online casino, sportsbook, and racebook.",2025-07-02,https://www.gamblingnerd.com/blog/ufc-fight-night-odds-and-predictions-lewis-vs-teixeira/
Fight By Fight Preview | UFC Nashville,"The UFC makes its sixth trip to Nashville, Tennessee, this week, bringing a fight card featuring a dozen matchups to Bridgestone Arena, headlined by a heavyweight clash between Derrick Lewis and intriguing sophomore Tallison Teixeira. Nashville has played host to several memorable debuts, finishes, and fights over the years, with both Carlos Condit and Khabib Nurmagomedov stepping into the Octagon for the first time in Music City, with more recent highlights including Anthony Pettis knocking out Stephen Thompson, Diego Lopes blowing through Gavin Tucker, and Tatiana Suarez submitting Jessica Andrade. The potential for chaos and excitement feels high as we ready for the first event in a seven-week stretch that will feature stops in New Orleans, Abu Dhabi, Las Vegas, Chicago, and Shanghai, so sit back, buckle up, and enjoy the fisticuffs as we get things rolling this weekend. Main Event: Derrick Lewis vs Tallison Teixeira Location: Bridgestone Arena — Nashville, TN Where to Watch: ESPN / ESPN+ Other Main Card Matches: - Stephen Thompson vs Gabriel Bonfim - Calvin Kattar vs Steve Garcia - Nate Landwehr vs Morgan Charriere - Vitor Petrino vs Austen Lane - Junior Tafa vs Tuco Tokkos Prelim Matches: - Max Griffin vs Chris Curtis - Jake Matthews vs Chidi Njokuani - Lauren Murphy vs Eduarda Moura - Kennedy Nzechekwu vs Valter Walker - Mitch Ramirez vs Mike Davis - Fatima Kline vs Melissa Martinez Main Event: Derrick Lewis vs Tallison Teixeira Unlock MORE of your inner combat sports fan with UFC Fight Pass! Fighting is what we live for. And no one brings you MORE live fights, new shows, and events across multiple combat sports from around the world. With a never-ending supply of fighting in every discipline, there’s always something new to watch. Leave it to the world’s authority in MMA to bring you the Ultimate 24/7 platform for MORE combat sports, UFC Fight Pass! Upgrade licenceThis video is not available in your country There was a problem while loading content. Please try again. The most experienced heavyweight on the roster steps in with a recent Dana White’s Contender Series (DWCS) graduate in Saturday’s fascinating main event as Derrick Lewis squares up with Tallison Teixeira. Lewis returns to action for the first time since stopping Rodrigo Nascimento last spring in St. Louis after his planned bout in Edmonton last November was scuttled at the 11th hour when he suffered a medical issue following his weight cut. The man with the most knockouts in UFC history remains a consistent presence in the heavyweight Top 15 and has not lost to an opponent stationed outside the Top 10 since the early days of his UFC tenure. GET YOUR TICKETS: UFC Nashville | UFC 318 | UFC Abu Dhabi | UFC 319 Simply put, Teixeira has been a wrecking machine thus far in his career, posting eight wins in as many starts while never allowing any of his opponents to stay in the fight for more than five minutes. After blowing through Arthur Lopes last season to earn his place on the roster, the towering Brazilian dispatched Justin Tafa in 35 seconds to win his debut, putting him on the fast track to contention after just one fight. This is a classic “veteran versus prospect” pairing and a position Lewis is exceptionally familiar with, having been stationed opposite promising up-and-comers many times throughout his career. The results in those bouts have been mixed, though he won the last one, and represents a colossal step-up in competition for the 25-year-old Lucas Martins trainee. Additional Main Card Bouts Stephen Thompson vs Gabriel Bonfim Unlock MORE of your inner combat sports fan with UFC Fight Pass! Fighting is what we live for. And no one brings you MORE live fights, new shows, and events across multiple combat sports from around the world. With a never-ending supply of fighting in every discipline, there’s always something new to watch. Leave it to the world’s authority in MMA to bring you the Ultimate 24/7 platform for MORE combat sports, UFC Fight Pass! Upgrade licenceThis video is not available in your country There was a problem while loading content. Please try again. The co-main event features a similar type of pairing, but down a couple divisions as Stephen Thompson steps in opposite Gabriel Bonfim. “Wonderboy” is now 42 and enters Saturday’s contest on a two-fight skid, having dropped four of five overall. Now, each of those setbacks came against divisional standouts, including former champ Belal Muhammad, but it’s hard to overlook that the Top 15 fixture has just one victory since besting Geoff Neal in the final UFC bout of 2020. Order UFC 318: Holloway vs Poirier 3 Bonfim touches down for his second appearance of the year, having posted the opposite results of his opponent to begin his UFC career. The 2022 DWCS grad has gone 4-1 in five appearances, posting two wins on either side of his lone setback, and enters off a second-round technical submission win over Khaos Williams back in February. Will the veteran bounce back and prove to be too much or does Bonfim keep rolling and hand his experienced foe a third consecutive defeat? Calvin Kattar vs Steve Garcia Unlock MORE of your inner combat sports fan with UFC Fight Pass! Fighting is what we live for. And no one brings you MORE live fights, new shows, and events across multiple combat sports from around the world. With a never-ending supply of fighting in every discipline, there’s always something new to watch. Leave it to the world’s authority in MMA to bring you the Ultimate 24/7 platform for MORE combat sports, UFC Fight Pass! Upgrade licenceThis video is not available in your country There was a problem while loading content. Please try again. Featherweight strikers meet in Nashville as Calvin Kattar and Steve Garcia share the Octagon in Nashville. A Top 10 mainstay for a number of years, Kattar has dropped four straight and five of his last six heading into this one. Last time out, the Massachusetts man couldn’t get going against Youssef Zalal until it was too late, leaving him in search of his first win since opening 2022 with a victory over Giga Chikadze. The 33-year-old Garcia has been lights out since returning to featherweight, posting five straight victories overall, with all of them coming inside the distance. After registering a pair of second-round finishes in 2023, “Mean Machine” upped his game last year, stopping both SeungWoo Choi and Kyle Nelson in the opening stanza to advance to 17-5 for his career and land on the doorstep of the Top 15. HALF-YEAR AWARDS: Newcomers | Submissions | Knockouts | Fights | Fighters This is a huge crossroads fight for both men, and how it shakes out will have a significant impact on what the rest of the year looks like for each of them. Kattar is in dire need of a strong effort, while a victory for Garcia would catapult him into the rankings or, at the very least, set up another matchup with a ranked opponent next time out. Given those stakes and the New Mexico native’s recent approach, it should be fireworks from the jump. Nate Landwehr vs Morgan Charriere Tennessee’s own “Nate the Train” chugs his way into the Octagon for a home state showdown with Morgan Charriere in the main card’s first featherweight fixture. Born, raised and fighting out of Clarksville, which is about an hour northwest of Nashville, Landwehr makes his first appearance at home since arriving in the UFC at the outset of 2020. The all-action wild man (said with love) has gone 5-4 over his nine appearances, and looks to rebound from a stoppage loss to DooHo Choi when he makes the walk in this one. The 29-year-old Charriere has been hit-and-miss through his first four trips into the Octagon, alternating wins and losses; registering finishes in his victories, and going the distance in his setbacks. He was ultra-competitive with Chepe Mariscal, who remains unbeaten in the UFC, had moments opposite Nathaniel Wood last year, and should make for an outstanding dance partner for Landwehr in this one. If you’re placing bets for Fight of the Night, this wouldn’t be a bad selection, as these two are likely to meet in the center right out of the chute and not stop throwing until the round or the fight ends. Vitor Petrino vs Austen Lane Unlock MORE of your inner combat sports fan with UFC Fight Pass! Fighting is what we live for. And no one brings you MORE live fights, new shows, and events across multiple combat sports from around the world. With a never-ending supply of fighting in every discipline, there’s always something new to watch. Leave it to the world’s authority in MMA to bring you the Ultimate 24/7 platform for MORE combat sports, UFC Fight Pass! Upgrade licenceThis video is not available in your country There was a problem while loading content. Please try again. The main event isn’t the only heavyweight pairing on the main card as Vitor Petrino ventures up to the big boy ranks for the first time to face off with Austen Lane. After registering wins in each of his first four UFC appearances to advance to 11-0 for his career, Petrino has been stopped in back-to-back outings, prompting him to eschew the 205-pound weight class for heavier surroundings. Still just 27 years old and developing as a fighter, the Cristiano Marcello protege could grow into an intriguing figure in the heavyweight ranks with a little time. READ: The 10 Fights To Tune-In For In July Lane turned his second DWCS appearance into a ticket to the Octagon, but struggled out of the gate, going winless in his first three outings. After claiming his first victory by bouncing Robelis Despaigne from the ranks of the unbeaten, the 37-year-old former NFL defensive lineman was stopped by Portuguese prospect Mario Pinto earlier this year, dropping him to 1-3 with one no contest in five UFC appearances. Junior Tafa vs Tuco Tokkos Light heavyweights open the main card as Junior Tafa and Tuco Tokkos meet in a matchup originally scheduled to take place at the start of May. A move down the 205-pound ranks was always anticipated for the younger half of the UFC’s Tafa Brothers, and comes after “The Juggernaut” salvaged his 2024 campaign with a win over Sean Sharaf last October. It will be interesting to see how Tafa takes to the transition, as he was never overly big at heavyweight, and will now look to shine in his new surroundings. Tokkos makes the walk for the third time, still searching for his first UFC victory. After running afoul of French prospect Oumar Sy in his short notice debut, the Kill Cliff FC representative gave Navajo Stirling a good test last December, landing on the wrong side of the cards nonetheless. This feels like it should be an action-packed fight, with the results telling us a great deal about where each man fits in the light heavyweight division going forward. Preliminary Card Pairings Max Griffin vs Chris Curtis Unlock MORE of your inner combat sports fan with UFC Fight Pass! Fighting is what we live for. And no one brings you MORE live fights, new shows, and events across multiple combat sports from around the world. With a never-ending supply of fighting in every discipline, there’s always something new to watch. Leave it to the world’s authority in MMA to bring you the Ultimate 24/7 platform for MORE combat sports, UFC Fight Pass! Upgrade licenceThis video is not available in your country There was a problem while loading content. Please try again. Veterans clash in the final preliminary card fight as Max Griffin welcomes Chris Curtis back to the welterweight division. READ: Where We Stand In The Lightweight Division | Where We Stand In The Flyweight Division The 39-year-old Griffin has been a steady presence in the “Second 15” over the last several years, posting a 5-3 mark over his last eight starts, with wins over Carlos Condit, Song Kenan, and Ramiz Brahimaj. Curtis has spent his entire UFC run competing at middleweight, going 5-4 with one no contest, and looks to replicate the kind of success enjoyed by former opponent Joaquin Buckley, whom he knocked out, as he now joins him in the welterweight ranks. Jake Matthews vs Chidi Njokuani Australia’s Jake Matthews looks to make it three-in-a-row while Chidi Njokuani searches for a fourth consecutive win in this intriguing welterweight pairing. Hyper-experienced but still just 30 years old, Matthews enters this one off consecutive decision wins over Phil Rowe and Francisco Prado, having posted a 10-4 record since moving up to welterweight several years ago. Njokuani dropped to the 170-pound ranks last year, beating Rhys McKee and Jared Gooden by decision in his first two outings before stopping Elizeu Zaleski dos Santos with a Muay Thai barrage earlier this year in a bout where he unfortunately missed weight. Lauren Murphy vs Eduarda Moura Former title challenger Lauren Murphy returns for the first time since the outset of 2023, squaring off with Brazilian prospect Eduarda Moura. FOLLOW @UFCNEWS: On Facebook | On Instagram | On X | On Threads Murphy, who turns 42 later this month, has gone 7-3 since the introduction of the flyweight division, earning wins over Andrea Lee, Roxanne Modafferi, Joanne Calderwood, and Miesha Tate. Moura got things moving in the right direction again after suffering the first loss of her career midway through last year, earning a unanimous decision win over Veronica Hardy at UFC 309 in November. Kennedy Nzechekwu vs Valter Walker The first of three heavyweight matchups on Saturday’s slate comes early in the evening, as Kennedy Nzechukwu and Valter Walker share the Octagon in a clash of two fighters looking to keep working forward. A member of the DWCS Class of ’18, Nzechukwu has gone 2-0 with a pair of first-round finishes since moving up to heavyweight, settling both Chris Barnett and Lukasz Brzeski with relative ease. The 27-year-old Walker lost his debut to Brzeski, but has since earned back-to-back wins over Tafa and Don’Tale Mayes, beating each by heel hook. Mitch Ramirez vs Mike Davis Mitch Ramirez and Mike Davis meet in a lightweight battle of competitors looking to get things moving in the right direction in Nashville. Ramirez got a short-notice call-up to face Thiago Moises last year, where he was cut down with leg kicks by the Brazilian veteran before having a previous bout from earlier this year cancelled at the last minute. Davis had his six-year, four-fight winning streak halted earlier his year in Riyadh by Fares Ziam, and aims to get right back in the win column in this one. Fatima Kline vs Melissa Martinez Saturday’s action gets underway in the strawweight division as once-beaten prospects Fatima Kline and Melissa Martinez each aim to earn a second straight win. After debuting up a division against Jasmine Jasudavicius, Kline showed why she’s one of the most talked about prospects in the promotion in January, stopping Viktoriia Dudakova with a torrent of elbows on the first event of the year. Martinez rebounded from her first professional setback with a unanimous decision victory over Alice Ardelean in her sophomore trip into the Octagon last October. Don't miss a moment of UFC Fight Night: Lewis vs Teixeira, live from Bridgestone Arena in Nashville, Tennessee on July 12, 2025. Prelims start at 6pm ET/3pm PT, followed by the main card at 9pm ET/6pm PT.",2025-07-07,https://www.ufc.com/news/fight-by-fight-preview-lewis-teixeira-ufc-nashville
"UFC Nashville: Derrick Lewis vs. Tallison Teixeira Start Time, Streaming Details, Fight Card, And More","Following a thrilling night at UFC 317 in Las Vegas, the UFC heads to the Bridgestone Arena in Nashville, Tennessee, for its next Fight Night event. A heavyweight clash will headline the card as 40-year-old veteran Derrick Lewis takes on 25-year-old rising prospect Tallison Teixeira. Known for their devastating knockout power, both fighters promise fireworks in the main event. UFC Nashville will take place on July 12 at the Bridgestone Arena in Nashville, Tennessee. The preliminary bouts will start at 9:00 PM (ET), 6:00 PM (PT), and 12:00 AM (BST), followed by the main card, which will begin at 10:00 PM (ET), 7:00 PM (PT), and 3:00 AM (BST). However, fans should remember that fight times are subject to change depending on how long each bout lasts. Regarding broadcast, U.S. viewers can catch all the action live on ESPN. UK fans can tune in via TNT Sports, while Canadian viewers can watch the entire event on DAZN. Since this is not a pay-per-view event, fans across all regions can enjoy the fights through their basic subscription packages. UFC Nashville: Full Fight Card Main Card - Derrick Lewis vs. Tallison Teixeira - Stephen Thompson vs. Gabriel Bonfim - Vitor Petrino vs. Austen Lane - Calvin Kattar vs. Steve Garcia - Junior Tafa vs. Tuco Tokkos - Nate Landwehr vs. Morgan Charriere Click on ‘Follow Us’ and get notified of the most viral MMA stories via Google! Follow Us Prelims Card - Chris Curtis vs. Max Griffin - Jake Matthews vs. Chidi Njokuani - Lauren Murphy vs. Eduarda Moura - Fatima Kline vs. Melissa Martinez - Kennedy Nzechukwu vs. Valter Walker - Mike Davis vs. Mitch Ramirez Meanwhile, fans will also be treated to an exciting co-main event featuring Stephen Thompson taking on Gabriel Bonfim. Notable names like Calvin Kattar, Steve Garcia, and others will be in action, making the fight card even more thrilling and action-packed. Also Read: UFC Veteran Says Ilia Topuria Should Be Holding Three Belts Right Now",2025-07-03,https://www.totalprosports.com/mma/ufc-nashville-derrick-lewis-vs-tallison-teixeira-start-time-streaming-details-fight-card-and-more/
Derrick Lewis Vs. Tallison Teixeira Preview - Boxing News,"Derrick Lewis Vs. Tallison Teixeira Preview Derrick Lewis faces Tallison Teixeira this weekend in a middleweight clash as we preview this upcoming fight. Lewis arrives into the fight, having not been in the Octagon since May 2024. That is when he secured a third-round knockout win against Nascimento. Lewis was on course to fight last November but withdrew from the fight due to illness. Lewis has secured two wins from his last three fights, which was the perfect response after four losses in his previous five bouts. Meanwhile, Teixeira has stopped all of his MMA opponents inside the distance, with seven coming by way of knockout. He made his UFC debut at UFC 312, stopping Justin Tafa in the first round. Lewis is at the latter end of his career, while Teixeira can propel his career to new heights. Pre-Fight “I stand up right there with him. That’d be good to fight him before everything is said and done with. I have a couple fights left on my contract. I would love to finish out my contract. That would be great if I can. It’d be good. Let him know I need to fight Tom Aspinall for the belt. “I haven’t really fought for the belt. They tried to give me a title fight when it was Stipe (Miocic), and I wasn’t expecting the title fight because I had a knee injury, and I ended up fighting DC’s big ass on short notice. Then they tried to give me an interim title fight with Gane. I haven’t really fought for the title with a proper buildup for a title fight, and that time to train and everything like that mentally,” Lewis Full Card Derrick Lewis vs Tallison Teixeira; Heavyweight Stephen Thompson vs Gabriel Bonfim; Welterweight Calvin Kattar vs Steve Garcia; Featherweight Nate Landwher vs Morgan Charriere; Featherweight Vitor Petrino vs Austen Lane; Heavyweight Junior Tafa vs Tuco Tokkos; Light heavyweight Prelims Max Griffin vs Chris Curtis; Welterweight Jake Matthews vs Chidi Njokuani; Welterweight Lauren Murphy vs Eduarda Moura; Women’s flyweight Kennedy Nzechukwu vs Valter Walker; Heavyweight Mitch Ramirez vs Mike Davis; Lightweight Fatima Kline vs Melissa Martinez; Women’s strawweight Find all the latest boxing news and MMA breaking updates on boxingnews.com.",2025-07-09,https://boxingnews.com/derrick-lewis-vs-tallison-teixeira-preview/
"UFC Nashville odds: Best betting props, parlays and picks | Lewis vs. Teixeira","UFC Nashville goes down this weekend (Sat., July 12, 2025) inside Bridgestone Arena in Nashville, Tennessee. The main event features Heavyweights with Derrick Lewis vs. Tallison Teixeira. Lewis, a divisional stalwart, is hoping to get past the UFC neophyte and secure a fight with new UFC champion, Tom Aspinall. When it comes to the rest of the UFC Nashville card, there’s not too much to write home about. The co-main is Stephen Thompson vs. Gabriel Bonfim. Rounding out the main card is Calvin Kattar vs. Steve Garcia, Nate Landwehr vs. Morgan Charriere, Vitor Petrino vs. Austin Lane and Junior Tafa vs Tuco Tokkos. UFC Nashville’s “Prelims” are headlined by Max Griffin vs. Chris Curtis. The “Prelims” also have Jake Matthews vs. Chidi Njokuani and Lauren Murphy vs. Eduarda Moura. As always, there’s lots to bet on this card and we’ve got odds for all the fights below: UFC Nashville Main Card Money Line Odds Derrick Lewis (+220) vs. Tallison Teixeira (-270) The towering Teixeira is just 8-0 and two fights into his UFC career. He debuted in the Octagon with a Contender Series first round knockout over Arthur Lopes. In his proper debut, he put away Justin Tafa in 35 seconds (see it here). Lewis — who turned 40 this year — is coming off a third round technical knockout win over Rodrigo Nascimento. Before that, he lost a five-round decision to Jailton Almeida. And before that, he scored a 33-second win over Marcos Rogerio Lima (see it here). That win snapped a three fight losing skid (all finishes) where he lost to Serghei Spivac, Sergei Pavlovich and Tai Tuivasa. There’s not much to scout when it comes to Teixeira. He’s very tall and very long and he’s coming into UFC in his athletic prime at only 25 years-old. Lewis is giving up four inches of height and four inches of reach to the young Brazilian. The last time Lewis fought someone with that kind of reach it was Pavlovich and he lasted just 55 seconds. Lewis is capable of the spectacular and shocking in an Octagon. But, it really feels like the odds are stacked against him here, with a fighter so long, so powerful and with so much youth on his side. Lewis’ defense against significant strikes is just 40 percent. That spells a lot of trouble for “The Black Beast” against a man who, so far, has landed 14.61 significant strikes per-minute across his three Octagon appearances. In Heavyweight, it only takes one punch to win, a lot of the times, but I have to favor the man who is going to be landing dozens of them in a round (if it makes it that far). The round total for this fight is set at 1.5. I think the under is most likely, as do many others. The odds are just -210 for that prop. Teixeira by KO/TKO/DQ is a laughable -185. And Teixeira to win by strikes in round one is just -125. Clearly, there’s not much value if you believe Teixeira is going to quickly separate Lewis from his consciousness (as I do). For my best bet, I’m going to go for a winning round and method of victory parlay. I’m taking round one and TKO/KO/DQ. This covers me just in case Lewis does something silly/outstanding in the first round in Nashville. Best bet: Fight to end in Round 1 by KO/TKO/DQ (-150) Stephen Thompson (+320) vs. Gabriel Bonfim (-410) Thompson is coming off a third round knockout loss to Joaquin Buckley (see it here). Before that, he was submitted by Shavkat Rakhmonov (see it here). His last win was over Kevin Holland, when Holland retired at the end of round four. Bonfim, on the other hand, choked out Khaos Williams in his last fight (see it here). Before that, he took a decision over Ange Loosa. Before those fights he lost, as a big favorite, to Nicolas Dalby via technical knockout (see it here). I don’t think Thompson is long for this sport. He turned 42 this year and his fighting style isn’t great for masking your age. He can’t hide behind takedowns and take dangerous finishers out of their comfort zones. He has to stand in front of them and hope he can slip strikes and land enough from range to earn a decision. Bonfim is not a dangerous striker, so I’m not worried about Thompson getting KO’d for the second time in two fights. Bonfim’s submission threat is what I’m worried about, though. Bonfim’s submissions come from all angles and at a scary pace. I don’t think Thompson will be able to fight those off for long enough to stay in the fight and will probably end up tapping from a choke. Thompson has never had elite takedown defense. With age, his 63 percent takedown defense will feel closer to 50 percent. Bonfim lands almost four takedowns per 15 minutes. He’s going to get Thompson down. Bonfim by submission is only +125. I feel strongly that this is what’s going to happen. But those odds are a little stingy. Unfortunately, the Bonfim -3.5 is even stingier at -205. For my best bet I’m going deep into DraftKings props and I’m looking at Bonfim to win in rounds one or two. I really struggle to see Thompson make it to the final bell and this at least covers me if Thompson is shot to the point that Bonfim can get him out of there with ground-and-pound. Best bet: Gabriel Bonfim to win in rounds 1-2 (+120) Calvin Kattar (+102) vs. Steve Garcia (-122) The Featherweight division have a right to be scared of Garcia. He’s one a five-fight finish streak right now, including stoppages over Melquizael Costa (see it here) and Chase Hooper (see it here). Hooper and Costa have looked pretty good since then, so that tells us what kind of level Costa has been operating at lately. Kattar, on the other hand, will lock up a rare five-fight losing streak in UFC if he gets stopped by Garcia. Last time out he was well beaten by Youssef Zalal (who won despite staying in cruise control). Before that, he was beaten by Aljamain Sterling, Arnold Allen (due to an injury) and Josh Emmett (split decision). Kattar’s toughness is the stuff of legend, thanks to the unholy beating he once took from Max Holloway. Kattar has never been stopped in his career (other than that knee injury). At 37, though, with all these wars in his past, is this the time we see that chin fade? I think so. Garcia’s punches land like a sock full of pennies. And I fear he’s going to land something really hard on Kattar. I think we’re going to see a technical knockout from Garcia, probably from ground-and-pound. I’ll take the point spread here on Garcia, believing that if Kattar doesn’t go down, Garcia will still take a dominant decision (also because Garcia by KO was only +165). Best bet: Steve Garcia -3.5 (+110) Nate Landwehr (+220) vs. Morgan Charriere (-270) Landwehr got styled on in his last fight. Doo Ho Choi looked incredible as he out-struck and out-wrestled and eventually finished “The Train” (see it here). Before that, Landwehr scored a comeback technical knockout on Jamall Emmers (see it here). In his early UFC career, Landwehr managed to get wins over Darren Elkins, L’udovit Klein and David Onama. Charriere, meanwhile, is coming off a unanimous decision loss to Nathaniel Wood where he looked good, not great. Before that, he blew away Gabriel Miranda with a left hook (see it here). Landwehr is a hard-nosed brawler who is willing to eat two shot to land one. He’s a bit like Elkins without the grappling (as exposed by how often Choi took and held him down). I think this is a very tough match-up for him, against Charriere who has looked good against opponents who charge at him. Both these guys absorb more significant strikes than they land (which is a big red flag for me), but Charriere’s negative differential is higher. Charriere is also giving up three inches in the reach department. Even so, I think Charriere’s counter punching will be the story of this fight. Landwehr doesn’t exactly fight behind his jab and pick his shots. He’ll be crashing forward trying to overwhelm Charriere. In this situation, I like Charriere to respond with something hard that puts Landwehr down. Charriere reminds me of a striker in football/soccer who misses the goal when he’s given too much time to think about his shot, but who can score on instinct when the ball comes to him and he has to react without thinking. That’s how I see Charriere getting his finish here. Best bet: Morgan Charriere moneyline (-220) Vitor Petrino (-700) vs. Austen Lane (+500) Petrino’s shiny 11-0 record was dulled by Anthony Smith and Dustin Jacoby last year. Smith scored a quick guillotine on the Brazilian (see it here) in Brazil. Then Jacoby scored a late knockout in a very boring fight (see it here). Lane, meanwhile, was KO’d by Mario Pinto last time out (see it here). Before that, he successfully fraud checked Robelis Despaigne. Prior to that fight, he was starched by Jhonata Diniz (see it here). If it wasn’t for Tuco Tokkos, Lane might be the worst fighter on a UFC main card this year. Lane has a terrible 40 percent defense on significant strikes. That’s a death sentence at Heavyweight. For the most part in his career, big shots have been able to find Lane and he’s been stopped more than your average bear (all six of his defeats are by knockout). He’s been stopped so much, that you wonder whether the 37 year old should still get a license. But, this is MMA, right? We’ll let anyone fight. Petrino came to UFC with a reputation for vicious striking, but we’ve not seen much of that in the Octagon. What we have seen has been pretty slow and telegraphed. Is that still too fast and unpredictable for Lane, though? Lane has a decent-size advantage against Petrino and I can actually see him taking Petrino down and laying on him for a round or two. However, whenever they are standing I’m worried that Lane is one punch away from being laid out. This is what we saw in the Diniz fight. Since they start rounds standing, I have to give this to Petrino. I’m not very enthusiastic about the pick, though. The round total is 1.5. I’ll go with the over, thinking Lane will get his early takedown and Petrino will continue to underwhelm, even in a winning effort. Best bet: Over 1.5 rounds (+135) Junior Tafa (-166) vs. Tuco Tokkos (+140) Tafa put away super short notice opponent Sean Sharaf back in Oct. 2024. That was his first fight since being heel hooked by Valter Walker (who fights further down the card). Before that, Tafa was TKO’d by Marcos Rogerio de Lima (see it here). Tokkos, meanwhile, stifled Navajo Stirling last time out, losing just by decision to the super hyped prospect. Before that he was submitted by Oumar Sy, with Sy locking up the rear-naked choke when Tokkos was mugging for the commentary booth. Tokkos, as referenced earlier, is probably the worst main card fighter of the year. He’s not shown us much of anything thus far in his UFC career. He did well to hang in there against Stirling, but he offered very little offensive threat. Stirling’s passivity was mostly to blame for that awful fight going the distance. Tafa isn’t much better. He’s 2-3 in UFC and the two guys he beat are well below UFC quality. I think Tafa wins this, thanks to how hittable Tokkos is (4.99 significant strikes absorbed per minute and just 33 percent significant strike defense). I wouldn’t be surprised if we get another stinker, though, that goes the distance with a decision that could go to either guy. Because I’m not sold on Tafa, over 1.5 rounds looks quite appealing. Best bet: Over 1.5 rounds (+105) UFC Nashville ‘Prelims’ Under Card Odds Max Griffin (+250) vs. Chris Curtis (-310) This is our featured “Prelim”? I guess this slot really is just, “the fight before the main card” now. The 39-year-old Griffin was tapped by Michael Chiesa in Dec. 2024. He’s been win-loss-win-loss for the past few years, with the wins being split decisions over Jeremiah Wells and Tim Means. The 37-year-old Curtis is coming off trying to separate Sean Strickland from some dude in a regional MMA cage. In his last UFC fight, Curtis lost a controversial fight with Roman Kopylov (see it here). That fight was officially ruled a head kick knockout loss at 4:59 of round three. Many felt the fight could have been left for the remaining second and then have the judges decide (I scored it for Kopylov anyways). Griffin is an okay striker and wrestler, but at 39, his potency in either area needs to be questioned. Curtis, who isn’t much younger, seems to still be a reliable and creative volume striker. His very good takedown defense probably holds up to the level needed to stay up against Griffin, too. I think there’s a chance Curtis gets a stoppage in this fight, but it might come late. I’m not going to mess around with any round betting here and instead just go with Curtis on the moneyline. Best bet: Chris Curtis moneyline (-310) Jake Matthews (+124) vs. Chidi Njokuani (-148) Both these guys are on good runs and coming off decisive wins. It’s a little surprising to see them matched up here on the “Prelims.” Matthews beat Francisco Prado by unanimous decision in February. Last year, he defeated Phil Rowe. Prior to that, he managed to make it to a losing decision against the undefeated Michael Morales. Njokuani, meanwhile, lit up Elizeu Zaleski dos Santos on the co-main of an APEX card in March (see it here). He did miss weight for that one, though. Prior to that TKO he beat Jared Gooden and Rhys McKee. Njokuani is very big for the weight class. He’s four inches taller than Matthews and will have a long seven-inch reach advantage. That reach could be significant, as it was in Njokuani’s destruction of Dos Santos. Njokuani’s reach gets even more deadlier when you consider he has the best accuracy rate for sig. strikes in the division at 62 percent. The only reason he isn’t the official leader in that stat at Welterweight is because his last two fights have technically been Catchweights (due to his weigh-in misses). The 62 percent is better than Gunnar Nelson’s official best mark of 60.6 percent and all the other killers in this rejuvenated weight class. Matthews is no slouch, though. He’s an intelligent and well rounded fighter. He probably knows he can’t win a kickboxing match and I think he’s going to try and make this an ugly brawl against the fence. He’ll look to grind on Njokuani and land a few takedowns. That might be tough, though, given Njokuani’s 75 percent takedown defense. Ultimately, I think Njokuani is going to prevent himself getting taken down in this fight. And, if Matthews, won’t let him strike from range, I still think Njokuani has a good shot at landing heavy strikes right inside Matthews’ kitchen. Njokuani’s Muay Thai style is perfect for clinch fighting, so he might find a home for some good elbows and knees. The round total for this one is set at 1.5 for some reason. The over on that is -298, so no value there. And I don’t think there’s a finish in this fight. I’ll just go with the Njokuani moneyline. Best bet: Chidi Njokuani moneyline (-148) Lauren Murphy (+440) vs. Eduarda Moura (-600) Murphy has been out of action since her bruising loss to Jessica Andrade in Jan. 2023. Before that, she dominated the un-retired Miesha Tate. Before those fights, she was TKO’d while trying to get the belt off Valentina Shevchenko. Moura, meanwhile, took a decision over Veronica Hardy in her Flyweight debut last year. That fight came after she misses weight in back-to-back Strawweight bouts. I get that Murphy has been out awhile, and that she’s 42, but Vegas is showing a lot of faith in Moura with these lines. Despite her age and inactivity as of late, I bet Murphy still “has that dog in her” and I think she will bring a lot of pressure to Moura. Moura has managed to package together wins thanks to her takedowns. Murphy’s takedown defense has been solid over her career (69 percent). The big question is whether Murphy still has good takedown defense or not. If she keeps this fight standing I think she has a good chance to take a close decision. If she is taken down, I think Moura should be able to keep her down and get a pretty comfortable decision. Either way, I think we’re going to decision. Best bet: Over 2.5 rounds (-330) Kennedy Nzechukwu (-205) vs. Valter Walker (+170) Nzechukwu is undefeated (2-0) in UFC’s Heavyweight division. In Dec. 2024, he scored a first round technical knockout over Lukasz Brzeski (see it here). Walker, on the other hand, lost to Brzeski, by decision, in his UFC debut. Since then he’s heel hooked both Junior Tafa (who didn’t like it one bit) and Don’Tale Mayes. Nzechukwu’s striking should be too much for Walker to handle. However, Nzechukwu is a little ungainly and I can totally see him getting caught by Walker’s leg locks, perhaps even after scoring a knockdown. This match-up really seems ripe for some Heavyweight nuttiness. I think it’s best to play the under in this situation, especially with the round total set at 2.5 (I was sure it would be 1.5). Best bet: Under 2.5 rounds (-105) Mitch Ramirez (+700) vs. Mike Davis (-1000) Ramirez was stopped by Thiago Moises leg kicks in his last fight (see those here). His only other Octagon appearance was a walloping from Carlos Prates on Contender Series. In the opposite corner, Davis returned from a year long lay-off to fight Fares Ziam in February. He looked out of sorts and was possibly carrying an injury in that fight. He seemed to be trying to minimize damage more so than win a fight. That unanimous decision was his first UFC loss since being submitted by Gilbert Burns in 2019. He’s won four UFC fights between those losses. If the Davis we’re used to seeing shows up, then he should win this without too much trouble (as reflected in those betting lines). I think we’ll see the good version of Davis in this fight and if that happens, then his funky grappling should lead to a convincing win, probably by stoppage. Best bet: Under 2.5 rounds (-180) Fatima Kline (-1200) vs. Melissa Martinez (+750) Kline was fed to the wolves on her UFC debut, coming in on short notice and up a weight class to take on Jasmine Jasudavicius. She got dominated by the bigger fighter in that bout, but rebounded with a technical knockout over Victoria Dudakova (see it here). Prior to joining UFC, Kline was a champ in the CFFC organization. She also has BJJ black belt under Mike Wacker. Martinez, meanwhile, is 1-1 in UFC with a decision win over Alice Ardelean and a decision loss to Elise Reed. She’s a former champ in the Combate organization. Martinez — who is just 5’2” — should be fighting at Atomweight (and UFC should have an Atomweight division). Kline is going to have a lot of size and strength over her (not much reach, though). I think that size difference will be most notable on the ground and I think Kline is going to use that to get a submission. Best bet: Under 2.5 rounds (+114) UFC Nashville Long Shots! Here’s a couple of long shots for Saturday night’s action. Derrick Lewis to Win and Over 3.5 (+1000) Let’s just imagine that Teixeira is being over-hyped and that his best work has all come against tomato cans. And let’s imagine that Lewis is going to rewind the clock and survive a lot of early punishment. Maybe Teixeira punches himself out? And then, maybe Lewis uncorks one of his classic right hooks that knocks him out cold? It’s not impossible, right? It’s Heavyweight after all. Three-fight parlay: Tallison Teixeira, Steve Garcia, Valter Walker (+568) Despite that first long shot bet, I’m reasonably confident that Teixeira is legit enough to be better than a 40-year-old Lewis. I’m also pretty confident that Steve Garcia will add to his impressive winning streak when he meets Kattar. Walker is my wild card in this parlay and he’s here to add some value. Nzechukwu has looked good at Heavyweight so far, but he’s not faced anyone like Walker. Morgan Charriere to win by KO/TKO/DQ and over 1.5 rounds (+550) I used DraftKings to make my own same game parlay here. It kind of kills me to do it, since I really like Landwehr. Unfortunately, I just think he will fight right into Charriere’s strengths and walk into something nasty. Remember that MMAmania.com will deliver LIVE round-by-round, blow-by-blow coverage of the entire UFC Nashville fight card right here, starting with the ESPN/ESPN+ “Prelims” matches online, which are scheduled to begin at 6 p.m. ET, before the main card start time at 9 p.m. ET (also on ESPN/ESPN+). To checkout the latest and greatest UFC Nashville: “Lewis vs. Teixeira” news and notes be sure to hit up our comprehensive event archive right here. Loading comments...",2025-07-10,https://www.mmamania.com/2025/7/10/24461091/ufc-nashville-odds-best-betting-props-parlays-picks-derrick-lewis-vs-tallison-teixeira
"Derrick Lewis vs. Tallison Teixeira prediction, pick: Who gets KO'd at UFC Nashville?","MMA Junkie analyst Dan Tom goes in-depth to break down the biggest fights in the UFC. Today, he takes a closer look at the UFC on ESPN 70 main event between Derrick Lewis and Tallison Teixeira. Derrick Lewis UFC on ESPN 70 preview Staple info: Record: 28-12 MMA, 19-10 UFC Height: 6'3"" Age: 40 Weight: 261 lbs. Reach: 79"" Last fight: TKO win over Rodrigo Nascimento (May 11, 2024) Camp: Main Street Boxing and Muay Thai (Texas) Stance/striking style: Orthodox/kickboxing Risk management: Fair Supplemental info: + Legacy FC heavyweight title + Regional MMA accolades + 23 KO victories + 1 submission win + 9 first-round finishes + KO power + Dangerous overhands and uppercuts + Underrated kicks and knees + Strong inside the clinch ^ Strikes well off the breaks + Shows improved wrestling + Deceptive scrambling/getup ability + Devastating ground striker Tallison Teixeira UFC on ESPN 70 preview Staple info: Record: 8-0 MMA, 1-0 UFC Height: 6'7"" Age: 25 Weight: 259 lbs. Reach: 83"" Last fight: TKO win over Justin Tafa (Feb. 8, 2025) Camp: Team Lucas Mineiro (Brazil) Stance/striking style: Orthodox/kickboxing Risk management: Fair Supplemental info: + Brazilian jiu-jitsu black belt + Multiple grappling accolades + Muay Thai red kruang + 7 KO victories + 1 submission win + 8 first-round finishes + KO power + Dangerous right hand + Dynamic kicks ^ Variates looks and levels + Servicable takedown game ^ Favors doubles along the fence + Competent submission skills Derrick Lewis vs. Tallison Teixeira point of interest: Heavyweight hands The main event in Nashville features a heavyweight showdown between Derrick Lewis and Tallison Teixeira. Stepping onto the scene as an unabashed brawler, Lewis has shown some signs of improvement underneath the scary destructions that often take place in his fights. An athletic mover for his size, Lewis can throw accurate knees and head kicks with little signs of struggle. A downright scary distance closer when he chooses to be, Lewis can force his opponents into the fence whether or not he lands on them, almost in a juggernaut-like fashion. With a frame that is hard to control in close, the 40-year-old slugger does his best work when striking off the breaks, maintaining a dangerous potency in small spaces that go deep into the fight. Lewis also has an appetite for the counter, showing that he’s not beyond setting traps and playing possum in order to draw his opponents into his uncanny power. That said, Lewis will still need to respect what is coming his way this Saturday. Enter Teixiera. Although Teixiera is clearly lacking in the experience department, I can see why many are high on the prospects of this young heavyweight. Despite Teixeira's insane height, he actually moves quite well for a big man and is not afraid to utilize tools like a long jab. The Brazilian also packs wicked power in his rear hand, but kicks, particularly to the body, may serve Teixeira well in this spot. Teixeira may not go to the body as much as I'd like, but he has shown some decent change-ups from front teeps to Thai kicks that help exentuate his length. Teixeira will blitz forward in combination when he's feeling in stride, but he'll need to be careful about crowding his work into the clinch – an area where Lewis can stage comebacks. Derrick Lewis vs. Tallison Teixeira breakdown: Potential grappling threats Considering the high potential for chaos on the feet, no one should be shocked if this party hits the floor. Despite Lewis showing improved offensive wrestling and a surprising ability to hit inside trips in recent years, Teixeira is the more dangerous grappler on paper. Although we've seen very little of Teixeira's ground game, the 25-year-old owns a Brazilian jiu-jitsu black belt and has apparently been grappling since childhood. Teixeira only has one submission win on his resume, but between that win being an inverted triangle-armbar to his history training with Antonio Rodrigo Nogueira, I suspect that the lengthy heavyweight has solid dexterity to boot. When it comes to wrestling, Teixeira has shown a servicable double leg he can go to when his opponents find their back against the fence. That said, effectively taking down and grounding someone like Lewis is easier said than done. Traditionally dealing with fighters who are trying to grapple him, Lewis wields deceptively effective counter-grappling tactics. Whether he’s hoisting his opponent up with a whizzer or shucking someone off with an underhook, Lewis has been hard to take down along the fence, as single legs or outside trips in open space seem to be what gets him grounded most. Even when successfully taken down, Lewis still offers a lot of sneaky static in regard to stymying submission attempts and strikes. Like a sand shark lying in wait, Lewis plays a conservative game when put on his back, keeping his arms in tight for safety while waiting for the right moment to explode (usually timing his opposition when they’re in transition). Once allowed the smallest of space for momentum, Lewis will force his way to his base, turtling to a tripod position to stand. As someone who is a fan of this style of get-up, I can tell you that it can be a nightmare to encounter when executed properly. For example, Lewis – while keeping his base firmly beneath him – will maintain an angle on his back that resembles a steep ski slope. Although this tripod position invites back-takes to the naked eye, the downward slope Lewis keeps serves as a trap, making eager back takers ultimately slide forward and lose position (all while allowing the Texas native to stand back up). And if Lewis is able to end up on top via swimming for underhooks and shucking, then we could see a drastic shift in this matchup’s momentum given the hellfire of ground-and-pound he provides. Derrick Lewis vs. Tallison Teixeira odds The oddsmakers and the public are favoring the undefeated fighter, listing Teixeira -245 and Lewis +186 via FanDuel. Derrick Lewis vs. Tallison Teixeira prediction, pick Considering how high the MMA gambling world gets over youthful, undefeated products, I can't say that I'm surprised to see Teixeira installed as the betting favorite despite being relatively unproven. Should Teixeira come out and light Lewis up with some body kicks, then no one should be shocked if the Brazilian can find a finish soon after. That said, Lewis has had a penchant for both countering and coming back from effective body kicks – particularly against taller opponents. In fact, whenever facing fighters of a similar height to Teixeira, Lewis has traditionally done fairly well (going 3-0 in the UFC opposite the likes of Travis Browne, Alexander Volkov and Jack May). And if Teixeira decides to revert to his base of grappling, then he could find himself in a frying pan-to-frier situation. Despite logic saying that Lewis should be beatable on the ground, only a select few fighters (Daniel Cormier, Serghei Spivac and Jailton Almeida) have been able to truly out-grapple the American, as anyone who tries to grapple Lewis has traditionally done poorly. Should Teixeira fall into this classic trap, then he'll need to be careful not to end up underneath Lewis, which is almost a death sentence given his lethal ground striking. I ultimately suspect that it's a strike off the break that sparks things off for Lewis, likely after having to survive some scares first. The pick is Lewis by knockout in Round 2. Prediction: Lewis inside the distance Derrick Lewis vs. Tallison Teixeira start time, how to watch As the main event, Lewis and Teixeira are expected to make their walks to the octagon at approximately 11:45 p.m. ET. The fight airs on ESPN and streams on ESPN+. This article originally appeared on MMA Junkie: Derrick Lewis vs. Tallison Teixeira pick, odds, time: UFC Nashville",2025-07-11,https://ca.sports.yahoo.com/news/derrick-lewis-vs-tallison-teixeira-161906720.html
"UFC op ESPN 70: Lewis vs Teixeira - Datum, Starttijd, Vechtkaart, Locatie","Derrick Lewis, de ervaren Amerikaanse vechter bekend als ""The Black Beast,"" neemt het op tegen Brazilië's opkomende ster Tallison Teixeira in de Bridgestone Arena in Nashville, Tennessee. Lewis heeft 28 overwinningen met 23 knockouts, wat zijn neiging voor kracht illustreert. Zijn laatste overwinning kwam via TKO op Rodrigo Nascimento in mei 2024. Tallison Teixeira, onverslagen met zeven knockout-overwinningen uit acht overwinningen, versloeg recentelijk Justin Tafa via TKO. Hoe laat is de wedstrijd Derrick Lewis vs Tallison Teixeira Liveverslaggeving voor de hoofdkaart van Derrick Lewis vs Tallison Teixeira start om 18:00 EST op ESPN+. Raadpleeg de onderstaande tabel om je lokale tijd te vinden. | Regio | Datum | Begin uitzending | Derrick Lewis vs Tallison Teixeira Ring Walks (approx.) | | België | zondag, 13 juli 2025 | 12:00 AM | 03:40 AM | | Nederland | zondag, 13 juli 2025 | 12:00 AM | 03:40 AM | Het UFC op ESPN 70 evenement vindt plaats op 12 juli 2025 in de Bridgestone Arena in Nashville, Tennessee. Het hoofdonderdeel bevat een zware wedstrijd tussen Derrick Lewis en Glover Teixeira. Het evenement begint om 21:40 EST. Dit is een vijf-rondige wedstrijd in de zwaargewichtklasse. De timing van het hoofdevenement kan variëren afhankelijk van hoe lang de eerdere wedstrijden duren. Fans moeten zich ervan bewust zijn dat deze tijden kunnen veranderen op basis van de prestaties van de onderkaart. Voor kijkers buiten Eastern Standard Time, controleer alstublieft uw lokale lijsten of tijdsconversietabellen om ervoor te zorgen dat u geen deel van de actie mist. Details van de Vechtsters Derrick Lewis neemt het op tegen Tallison Teixeira in een zwaargewichtwedstrijd voor de kampioenschapsbanden. Derrick Lewis - Nationaliteit: Verenigde Staten - Lengte: 190 cm - Gewicht: 120,7 kg - Totaal Aantal Gevechten: 40 - Record: 28 / 12 / 0 Derrick Lewis, bekend als ""The Black Beast,"" heeft een vechtrecord van 28 overwinningen, waarvan 23 door knockout. Hij heeft recentelijk een TKO-overwinning behaald op Rodrigo Nascimento. Nascimento had een solide record, maar viel kort tegen de kracht van Lewis. Lewis' ervaring en knockoutvermogen maken hem een geduchte tegenstander in dit gevecht. Tallison Teixeira - Nationaliteit: Brazilië - Lengte: 203 cm - Gewicht: 118,8 kg - Totaal Aantal Gevechten: 8 - Record: 8 / 0 / 0 Tallison Teixeira, bijgenaamd ""Xicao,"" is nog steeds onverslagen met 8 overwinningen en 7 knockouts. Hij versloeg onlangs Justin Tafa via TKO. Teixeira's jeugd en agressieve stijl zijn voordelen terwijl hij Lewis's dominantie uitdaagt in deze zwaargewicht clash. Hoe en waar de wedstrijd Derrick Lewis vs Tallison Teixeira te bekijken Je kunt Derrick Lewis vs Tallison Teixeira bekijken via ESPN+. | Regio | Live-streaming | | VS | ESPN | Als je land wordt geblokkeerd door de streamingdiensten of er gewoon geen levensvatbare opties voor jouw land zijn, kunnen we alleen één oplossing aanbevelen: gebruik maken van een VPN-software om de beperkingen te omzeilen. Het stelt je in staat je IP-adres te veranderen en te lijken alsof je het evenement vanuit een ander land bekijkt. Dus als je in het VK, Canada, Australië, Nieuw-Zeeland, India, VAE, Mexico, Spanje of een ander land woont en geen werkende provider kunt vinden om de wedstrijd Derrick Lewis vs Tallison Teixeira te bekijken, gebruik dan onze aanbevolen (en geteste) VPN en wijzig naar een locatie naar keuze. Vechtkaart Derrick Lewis vs Tallison Teixeira - Derrick Lewis vs Tallison Teixeira - Stephen Thompson vs Gabriel Bonfim - Calvin Kattar vs Steve Garcia - Nate Landwehr vs Morgan Charriere - Vitor Petrino vs Austen Lane - Junior Tafa vs George Tokkos - Max Griffin vs Chris Curtis - Jake Matthews vs Chidi Njokuani - Lauren Murphy vs Eduarda Moura - Kennedy Nzechukwu vs Valter Walker - Mitch Ramirez vs Mike Davis - Fatima Kline vs Melissa Martinez",2025-07-10,https://ringside24.com/nl/news/mma/231591-ufc-op-espn-70-lewis-vs-teixeira-datum-starttijd-vechtkaart-locatie
UFC on ESPN 70: Derrick Lewis vs. Tallison Teixeira Prediction,"UFC on ESPN 70: Derrick Lewis vs. Tallison Teixeira Prediction for Today, 07/12/25 UFC on ESPN 70: Derrick Lewis vs. Tallison Teixeira Pickswise Expert Predictions The Main Event at UFC on ESPN 70 will see Derrick Lewis take on Tallison Teixeira. This will be a fight in the UFC Heavyweight division. Lewis enters this fight with an MMA record of 28-12, and he is 19-10 in the UFC. He averages 2.48 significant strikes per minute and has a striking accuracy of 50%. Lewis absorbs 2.48 strikes and has a striking defense of 40%. His grappling is not nearly as strong, averaging 0.57 takedowns every 15 minutes. He has a takedown accuracy of 26% and a takedown defense of 52%. Teixeira enters this fight with an MMA record of 8-0 and 2-0 in the UFC. He is averaging 14.61 significant strikes per minute and has a striking accuracy of 59%. Teixeira absorbs 7.50 strikes and has a striking defense of 59%. Teixeira is the overwhelming favorite; therefore, we will be targeting a round prop. Teixeira has won both of his UFC fights in round one. Further, Teixeira has the superior striking volume, plus he has never lost a fight in his MMA career. As for Lewis, he has seen 3 of his last 5 UFC fights end in round one; therefore, backing the same here will be our best bet. UFC Analysis See All UFC NewsUFC on ESPN 70: Derrick Lewis vs. Tallison Teixeira picks, predictions and best bets: Teixeira Remains Unbeaten UFC on ESPN 70 takes place on Saturday at the Bridgestone Arena in Nashville, Tennessee. This card features a UFC Heavyweight fight between Derrick Lewis and Tallison Teixeira as the Main Event. H...",2025-07-09,https://www.pickswise.com/ufc/predictions/ufc-on-espn-70-derrick-lewis-vs-tallison-teixeira-predictions-picks/
