title,text,publish_date,url
"Martin Buday vs. Marcus Buchecha, UFC Fight Night | MMA Bout | Tapology","Fighter Comparison | Buday | Buchecha | ||| | #24 HeavyW (Worldwide) | Ranking | #50 HeavyW (Worldwide) | || | 15-2-0 MMA | Pro Record | 5-1-0 MMA | || | 2025 2023 | Last 5 Fights | 2024 2021 | || | +250 (Moderate Underdog) | Betting Odds | -300 (Moderate Favorite) | || | | Nation | | || | Trnava Trnava Region | Fights out of | Long Beach California | || | 33 +8 mos, 2 wks, 1 day | Age at Fight | 35 +6 mos, 2 wks, 4 days | || | 266.0 lbs (120.7 kgs) | Weigh-In Result | 254.0 lbs (115.2 kgs) | || | 6'4"" (193cm) | Height | 6'3"" (191cm) | || | 77.0"" (196cm) | Reach | 80.0"" (203cm) | || | Ground System Gym Nitra | Gym | N/A | Buday vs. Buchecha Fight Predictions Fight Predictions Tapology Community Picks: 3,627 Bout Information Event Poster Fight Details - Event: UFC Fight Night: Whittaker vs. de Ridder - Date: Saturday 07.26.2025 at 12:00 PM ET - Referee: - Venue: Etihad Arena - Enclosure: Octagon - Location: Abu Dhabi, United Arab Emirates - Bout Billing: Preliminary Card (fight 1 of 12) - Pro/Am: Professional - Weight: 265 lbs (120.2 kg) - Event Links:",2025-03-20,https://www.tapology.com/fightcenter/bouts/1019953-ufc-fight-night-martin-badys-buday-vs-marcus-buchecha
"Martin Buday vs. Marcus Buchecha prediction, odds, pick for UFC Abu Dhabi","UFC Abu Dhabi: Robert Whittaker versus Marcus Buchecha kicks off the prelims with a fight between Martin Buday and Marcus Buchecha in the heavyweight division on Saturday. Check out our UFC odds series for our Buday-Buchecha prediction and pick. Martin Buday (15-2) has won back-to-back decisions, most recently outmuscling Uran Satybaldiev with his size for a unanimous nod after edging out veteran Andrei Arlovski by split decision. Now, Buday will attempt to extend his streak and spoil Marcus “Buchecha” Almeida’s rise at UFC Fight Night this weekend. Marcus “Buchecha” Almeida (5-1) rebounded from his first career loss, a grueling decision against Oumar Kane, by submitting Amir Aliakbari with a decisive first-round rear-naked choke at ONE 169. Buchecha now looks to impose his world-class grappling and halt Martin Buday’s UFC momentum in their heavyweight showdown this weekend. Here are the UFC Abu Dhabi Odds, courtesy of DraftKings. UFC Abu Dhabi odds: Martin Buday-Marcus Buchecha odds Martin Buday: +250 Marcus Buchecha: -310 Over 1.5 rounds: -130 Under 1.5 rounds: +100 *Watch sports LIVE with fuboTV (Get Access | Save $30)* Why Martin Buday will win - Last Fight: (W) Uran Satybaldiev – DEC - Last 5: 4-1 - Finishes: 9 (6 KO/TKO/3 SUB) Martin Buday’s vast UFC experience gives him a critical advantage over Marcus “Buchecha” Almeida as they head into their heavyweight clash in Abu Dhabi. Buday has already tested himself against some of the division’s most durable and skilled competitors, collecting victories with a blend of methodical striking, clinch pressure, and top-tier fight IQ. That maturity under the brightest lights is something Buchecha, a submission legend but MMA novice, cannot replicate yet. Another key is Buday’s remarkable takedown defense, he boasts a perfect 100% takedown defense throughout his UFC tenure, consistently thwarting opponents who specialize in grappling. While Buchecha’s jiu-jitsu is world-class, he’s yet to prove he can adapt that style for MMA takedowns against cage-seasoned heavyweights, especially when his ability to initiate shots under fire is unexplored territory in the UFC. On the feet, Buday employs sharp, efficient boxing and a 54% significant striking accuracy, punishing opponents for closing distance and forcing hesitant strikers to second-guess entry attempts. Buchecha, by contrast, enters this fight with no proven striking credentials, making him a major target for Buday’s straight punches and clinch offense, especially in the opening rounds. If Buchecha cannot get this fight to the canvas, expect Buday’s composure, physicality, and experience edge to break down the jiu-jitsu ace and secure a statement UFC victory. Why Marcus Buchecha will win - Last Fight: (W) Amir Aliakbari – SUB R1 - Last 5: 4-1 - Finishes: 5 (1 KO/TKO/4 SUB) Marcus “Buchecha” Almeida enters this matchup with a grappling pedigree unparalleled in MMA history. His 17 BJJ world championships and multiple ADCC titles reflect an ability to impose his will on even the most experienced opponents, and if he secures a takedown against Martin Buday, the fight will almost certainly become a one-sided affair on the mat. No heavyweight can match Buchecha’s submission arsenal; his back takes, choke variations, and relentless ground pressure are second to none. Buchecha’s transition to MMA has been marked by explosive first-round finishes, leveraging his Brazilian Jiu-Jitsu mastery into quick submissions against a host of dangerous heavyweights. Against Buday, a fighter who prefers clinch battles and methodical striking—Buchecha’s superior athleticism and scramble ability present a nightmare stylistic matchup. Even though Buday boasts impressive takedown defense, he has never faced a grappler with the speed, creativity, and chaining of attacks that Buchecha brings. On the feet, Buchecha’s relentless forward pressure and willingness to close distance without fear of counters will stress Buday’s striking and cardio, forcing mistakes and desperate defenses. The moment Buday overcommits or gets trapped along the cage, Buchecha’s world-class jiu-jitsu will take over and decide the outcome. This weekend in Abu Dhabi, expect Buchecha’s legendary grappling acumen to make the difference and set the stage for a statement UFC debut. Final Martin Buday-Marcus Buchecha prediction & pick Marcus “Buchecha” Almeida enters as the favorite in this highly anticipated heavyweight clash, with oddsmakers and analysts clearly valuing his world-class submission game and undefeated record in MMA competition outside the UFC. His unparalleled grappling résumé, highlighted by multiple BJJ world titles, gives him the edge if he can secure an early takedown. Buchecha’s ability to dominate on the ground and finish fights quickly remains his clearest path to victory. Martin Buday’s strengths lie with his well-rounded striking, veteran composure, and exceptional takedown defense, which has thus far remained perfect in his UFC tenure. If Buday can weather Buchecha’s early grappling storm and keep the fight standing, he has a real chance to frustrate the newcomer with volume striking and cage control. This matchup boils down to whether Buchecha can implement his grappling before Buday’s experience and striking begin to take over. The edge goes to Buchecha, likely via early submission, but Buday’s toughness ensures it won’t come easy. Final Martin Buday-Marcus Buchecha Prediction & Pick: Marcus Buchecha (-310), Under 1.5 Rounds (+100)",2025-07-24,https://clutchpoints.com/betting/martin-buday-vs-marcus-buchecha-prediction-odds-pick-for-ufc-abu-dhabi
Fight: Buday vs. Buchecha,"15-2 #1 Heavyweight Odds 2.62 1.44 5-1 Fight: Buday vs. Buchecha 26 JUL SAT '25 4:00 PM prelim • 3 rounds Top News Main Info nickname Badys - Forms W W L W W W L W W W Nationality Slovakia Brazil Age (1991-11-11) 33 35 (1990-01-08) Weight (102+ kg) 225+ lbs 225+ lbs (102+ kg) Height (193 cm) 6′4″ 6′3″ (191 cm) Reach (196 cm) 6′5″ 6′8″ (203 cm) Gym Win-Loss Records Wins 15 6 KO/TKO - 35% 3 submission - 18% 6 decision - 35% 5 17% - 1 KO/TKO 67% - 4 submission 0% - 0 decision Losses 2 1 KO/TKO - 6% 0 submission - 0% 1 decision - 6% 1 0% - 0 KO/TKO 0% - 0 submission 17% - 1 decision Past Opponents Show Cancelled Fights Frequently Asked Questions About Buday vs. Buchecha Which event are Marcus Buchecha and Martin Buday fighting in? They are set to face each other in UFC Fight Night: Whittaker vs. de Ridder. How many rounds is the Marcus Buchecha vs. Martin Buday? The bout is scheduled for a standard 3-round UFC fight. Which organization is hosting the Marcus Buchecha vs. Martin Buday? The fight is organized by the Ultimate Fighting Championship (UFC). When is the Marcus Buchecha vs. Martin Buday fight? The fight is scheduled to take place on July 26, 2025 Go Top",2024-12-07,https://mmatown.com/fights/marcus-buchecha-vs-martin-buday-641183
Martin Buday vs Marcus Buchecha Live Score & Stream - UFC,"--:-- -- UTC Martin Buday vs Marcus Buchecha Live Score & Stream UFC - MMA Match Status scheduled Martin Buday VS Match starts soon Sat, Jul 26, 2025 - 4:00 PM (UTC) Marcus Buchecha Streaming & Broadcast Event Details League: UFC Teams: Martin Buday vs Marcus Buchecha Date: Saturday, July 26, 2025 Time: 4:00 PM (UTC) Venue: Etihad Arena About This Match on Sportsurge Find details, and Sportsurge streaming information for Martin Buday vs Marcus Buchecha. This UFC MMA match features Martin Buday facing off against Marcus Buchecha at Etihad Arena on Saturday, July 26, 2025 at 4:00 PM. Check Sportsurge for live updates and post-match analysis.",2025-07-26,https://www.sportsurge1.com/events/martin-buday-vs-marcus-buchecha-600053545_401800977
Martin Buday vs Marcus Buchecha: Odds & Analysis,"Martin Buday vs Marcus Buchecha Fight Analysis Introduction On Saturday, July 26, 2025, fight fans will be treated to a compelling heavyweight clash on the Preliminary Card of UFC Fight Night: Whittaker vs de Ridder. The bout is slated to begin at 4:00 PM UTC (local time in Abu Dhabi) inside the state-of-the-art Etihad Arena. As the main event pits two former champions against each other, this undercard showdown between seasoned contender Martin Buday and BJJ legend Marcus “Buchecha” Almeida carries its own intrigue, pitting a ranked UFC heavyweight against one of the greatest grapplers in history making his Octagon debut. Setting the Stage - Event: UFC Fight Night: Whittaker vs de Ridder - Date: July 26, 2025 - Time: Preliminary Card kicks off at 4:00 PM UTC - Venue: Etihad Arena, Abu Dhabi, United Arab Emirates The Favorite and the Underdog Bookmakers have installed Marcus Buchecha as the clear favorite in this matchup. Across top sportsbooks like Caesars and DraftKings, Buchecha sits at roughly -205 in the moneyline, reflecting the high expectations on his submission pedigree and world-class grappling résumé. Despite having no professional MMA fights to date (0-0-0 record), his decorated background—11-time IBJJF World Champion and multiple ADCC titleholder—positions him as the man to beat. On the flip side, Martin Buday enters as the underdog at around +170. The #14-ranked heavyweight carries a 15-2 professional record into this contest, showcasing a well-rounded skill set that mixes 7 knockouts, 2 submissions, and a penchant for late-round resilience. A proven veteran of three UFC appearances, Buday offers a reliable blend of 54% significant strike accuracy, 55% strike defense, and a spotless 100% takedown defense in the Octagon. Why This Fight Matters - Experience vs. Hype: Buday’s UFC tenure and durable frame counterbalance Buchecha’s all-time grappling legend status but MMA-novice tag. - Stylistic Contrast: Will Buchecha dictate the fight on the ground, or can Buday keep it standing and exploit striking gaps? - Ranking Implications: A win propels Buchecha into immediate heavyweight title contention chatter, while Buday stakes his claim to climb closer to a top-10 ranking. With both fighters boasting unique strengths—Buchecha’s unparalleled submission arsenal and Buday’s well-rounded, battle-tested approach—this heavyweight showdown promises fireworks. In the following sections, we’ll break down their complete fight histories, statistical matchups, and key betting angles to help you make the most informed pick. Live odds Live and historic odds as well as more fighter statistics and insights for Martin Buday vs Marcus Buchecha can be found on the fighter matchup page. All the fighter matchups and live odds for Whittaker vs de Ridder can be found on the Whittaker vs de Ridder event page. Matchup and Fighter Profiles Martin Buday Profile Age: 33 Country: Slovakia (Nitra) Fighting Style: Brazilian Jiu-Jitsu, well-rounded striker Recent Form (Last 5 Fights) - Win vs. Uran Satybaldiev (Decision – Unanimous) – Apr. 5, 2025 - Win vs. Andrei Arlovski (Decision – Split) – Jun. 29, 2024 - Loss vs. Shamil Gaziev (KO/TKO – Round 2) – Dec. 16, 2023 - Win vs. Josh Parisian (Submission – Round 1) – Aug. 12, 2023 - Win vs. Jake Collier (Decision – Unanimous) – Apr. 29, 2023 Buday enters this bout on a 4–1 run, showcasing resilience and finishing ability. His only setback—a knockout loss to Gaziev—came against a heavy hitter, but he rebounded quickly and secured a first-round submission over Parisian just four months later. Strengths - Striking Precision: 54% significant strike accuracy, demonstrating efficient output against durable opponents. - Strike Defense: 55% significant strike defense, enabling him to absorb and evade incoming shots. - Takedown Defense: A perfect 100% takedown defense in UFC competition; he rarely relinquishes top position. - Finishing Instinct: 7 knockout wins and 2 submissions on his 15–2 résumé, with 6 first-round finishes. Weaknesses - Takedown Offense: 20% takedown accuracy suggests limited wrestling initiation; if Buchecha keeps it upright, Buday may struggle to impose grappling dominance. - Cardio in Late Rounds: Average fight time of 10:50 hints at potential gas tank concerns in extended battles, especially if he overcommits early. - Durability Question Mark: The loss to Gaziev exposed vulnerability to heavy strikers; Buchecha’s power generation in close range remains untested but poses a risk. Marcus “Buchecha” Almeida Profile Age: 35 Country: Brazil (State of São Paulo) Fighting Style: Elite Brazilian Jiu-Jitsu, submission specialist Recent Form - Professional MMA: 0–0–0 (UFC debut) - Grappling Pedigree: 11× IBJJF World Champion, multiple ADCC gold medals Buchecha arrives in the Octagon as one of the most decorated grapplers in history but with no pro MMA fights to gauge his striking, wrestling, or cardio. His debut will test whether world-class BJJ seamlessly translates under MMA rule sets against a durable, UFC-seasoned foe. Strengths - Submission Arsenal: Unparalleled guard passing, chokes, and joint locks—he can end the fight instantly on the mat. - Experience Under Pressure: Years of tournament competition against the globe’s best, honing his composure in high-stakes moments. - Grappling Transitions: Elite ability to chain submissions and scramble back to dominant positions when threatened. Weaknesses - Striking Volume & Defense: Unknown. Without professional bouts, his stand-up skills — both offense and counter-strikes — remain entirely speculative. - Wrestling & Takedown Defense: Transitioning from gi and no-gi grappling to MMA wrestling requires adapting to underhooks, pummeling, and takedown sprawls. - Cardio Under MMA Pace: Tournament jiu-jitsu matches are short bursts compared to three-round MMA fights; endurance in clinch battles and striking exchanges will be tested for the first time. Head-to-Head Dynamics This fight represents a classic experience vs. pedigree matchup. Buday’s proven UFC durability and striking chops will be pitted against Buchecha’s historic BJJ excellence. Buday must keep the fight upright and avoid Buchecha’s dangerous guard and clinch submissions, while Buchecha needs to survive early striking onslaughts and take Buday to the canvas. Ultimately, the clash of styles—Buday’s balanced offense and Buchecha’s submission mastery—makes this heavyweight showdown one of the most intriguing Preliminary Card bouts of the UFC Fight Night. Betting Odds and Line Movement Current Odds Overview As of the latest update on July 14, 2025, the moneyline for this heavyweight clash shows a clear favorite and underdog: - Marcus Buchecha: –205 (DraftKings, Caesars) | –200 (BetOnline.ag) - Martin Buday: +170 (all major books) Buchecha enters as the favorite, while Buday is the underdog. The gap of roughly 370 points (-205 vs. +170) underlines bettors’ confidence in Buchecha’s submission pedigree against an MMA newcomer. Line Movement History Tracking the odds over the past two weeks reveals modest shifts rather than dramatic swings: - Buchecha - July 12: –212 (BetOnline.ag) - July 14: –200 (BetOnline.ag) - Stable at –205 on Caesars & DraftKings - Buday - July 12: +182 (BetOnline.ag) - July 14: +170 (BetOnline.ag, Caesars & DraftKings) These movements (Buchecha easing from –212 to –200, Buday firming from +182 to +170) suggest balanced action—some backing for the underdog, but still a lean toward Buchecha. Best Sportsbook to Bet On For favorites, smaller juice is ideal. - Buchecha’s best line: –200 at BetOnline.ag (vs. –205 elsewhere). For underdogs, bigger odds maximize profit. - Buday’s line is identical (+170) across all tracked books, making DraftKings or Caesars equally suitable given liquidity and promotional offers. Payout Scenarios & Implied Probabilities If you wager $1,000: - On Marcus Buchecha (–200) at BetOnline.ag: - Profit: ~$500 - Total Return: ~$1,500 - Implied Win Chance: ~67% - On Martin Buday (+170) at DraftKings/Caesars: - Profit: $1,700 - Total Return: $2,700 - Implied Win Chance: ~37% Key Takeaways - Underdog Appeal: Buday’s odds firming (from +182 to +170) show growing confidence among bettors who value his UFC experience and durable skill set. - Sharp Money on Favorite: Buchecha’s line easing slightly hints at professional action on the favorite, signaling respect for his elite grappling translating to MMA. - Best Value Plays: - Buchecha backers secure the best price at –200 with BetOnline.ag. - Buday supporters enjoy uniform +170 odds but should consider DraftKings or Caesars for user experience and deposit bonuses. Whether you favor the grappling legend or the battle-tested Slovak contender, understanding these odds dynamics and line histories empowers smarter wagers on this intriguing heavyweight showdown. AI Pick: Martin Buday Click the buttons below to read more about why the AI picked Martin Buday, or see all the AI picks for Whittaker vs de Ridder. Our AI is trained on our fight data and picks winners for every fight. You can track all the picks, accuracy, and profit for free on our ai-picks page.",2025-07-14,https://www.ufcbetcompanion.com/event-fighter/3955-Martin%20Buday%20vs%20Marcus%20Buchecha/fight-analysis/2400
UFC Fight Night: Whittaker vs. De Ridder,"""Badys"" | Martin Buday | Marcus Buchecha | | |---|---|---| | Tale of the tape | || | Wins/Losses/Draws | 15-2-0 | 5-1-0 | | Average Fight Time | 10:50 | | | Height | 6' 4"" | 5' 4"" | | Weight | 265 lbs. | 255 lbs. | | Reach | 77"" | 77"" | | Stance | Orthodox | Orthodox | | DOB | Nov 11, 1991 | Jan 08, 1990 | | Striking (Significant Strikes) | || | Strikes Landed per Min. (SLpM) | 4.67 | 0.00 | | Striking Accuracy | 53% | 0% | | Strikes Absorbed per Min. (SApM) | 5.00 | 0.00 | | Defense | 55% | 0% | | Grappling | || | Takedowns Average/15 min. | 0.17 | 0.00 | | Takedown Accuracy | 20% | 0% | | Takedown Defense | 100% | 0% | | Submission Average/15 min. | 0.2 | 0.0 | | Most recent fights (Newest First) | || | Win - Satybaldiev | | | | Win - Arlovski | | | | Loss - Gaziev | | | | Win - Parisian | | | | Win - Collier | |",No date found,http://ufcstats.com/fight-details/0a598768f5c8d540
"Marcus Buchecha Scheduled for UFC Debut, Gets Martin Buday at UFC Abu Dhabi","Former ONE Championship heavyweight Marcus Buchecha (properly Marcus Almeida) has signed with the UFC. Almeida (5-1), a highly decorated BJJ champion, will make his promotional debut at UFC Abu Dhabi later this month, where he will take on Martin Buday (15-2). Robert Tellez (Bert MMA) was first to report news of the match-up. Marcus Buchecha claimed gold medals at multiple Brazilian Jiu-Jitsu World Championships between 2012 and 2019, and took gold at the ADCC World Championship in 2013 and 2017. He signed with ONE Championship in 2020, making his MMA debut the following year and winning his first four fights with the promotion. He then ran into Oumar Kane, a.k.a. “Reug Reug,” losing a decision (Kane would go on to claim the heavyweight title). Almeida bounced back with a win over Amir Aliakbari in November 2024 but has struggled to find a fight since. For Buday, who is 6-1 under the UFC banner, it’s a chance to extend a two-fight win streak. The Slovakian heavyweight’s lone loss in the promotion came against Shamil Gaziev in 2023. UFC Abu Dhabi takes place on July 26, 2025 at the Etihad Arena in Abu Dhabi, UAE, and is headlined by another former ONE Championship star, Reinier de Ridder. He faces ex-UFC champ Robert Whittaker, with the main card airing on ABC. The following match-ups have been reported for the event: - Robert Whittaker vs. Reinier de Ridder - Movsar Evloev vs. Aaron Pico - Petr Yan vs. Marcus McGhee - Bryce Mitchell vs. Said Nurmagomedov - Sharabutdin Magomedov vs. Marc-André Barriault - Nikita Krylov vs. Bogdan Guskov - Asu Almabayev vs. Ramazan Temirov - İbo Aslan vs. Billy Elekana - Amanda Ribas vs. Tabatha Ricci - Muslim Salikhov vs. Carlos Leal Miranda - Da’Mon Blackshear vs. Davey Grant - Mohammad Yahya vs. Steven Nguyen - Marcus Almeida vs. Martin Buday",2025-07-08,https://cagesidepress.com/2025/07/08/marcus-buchecha-scheduled-ufc-debut-gets-martin-buday-ufc-abu-dhabi/
"Martin Buday vs Marcus Buchecha Odds & Betting Lines - Jul 26, 2025","Latest Martin Buday vs Marcus Buchecha Odds Buday Days Hours Minutes Seconds Buchecha Total rounds odds Buday vs Buchecha odds explained Two of the most common ways to bet on the UFC is to bet the moneyline or who will win the fight, and the Over/Under for the number of rounds the fight will last. Almost all sportsbooks and betting sites offer UFC odds. Get in the game with the best UFC betting sites! UFC Moneyline odds The moneyline represents the odds for who will win the fight outright. These odds are listed in American format and the best odds are identified in green. When betting a favorite — identified by the minus sign in front of the odds number — in American odds, you need to wager the amount of the odds to win $100. For example, a -250 favorite would need a $250 wager to profit $100. When betting an underdog — identified by the plus sign in front of the odds number — in American odds, you can win the amount of the odds listed with a $100 wager. For example, a +180 underdog would profit $180 on a $100 bet. UFC Total rounds odds When making a wager on the total rounds odds, you’re betting as to how long the fight will last. For example, by taking the Under 2.5 rounds, you’re betting that the fight will end before the midway point of the third round. So, you're hoping the fight ends in Round 1, Round 2, or before the clock ticks below 2:30 in the third round. Again, the odds are listed in American format and the best odds are highlighted in green. You can convert American odds to other formats using our odds converter. Buday vs Buchecha FAQs Almost all sportsbooks and betting sites will offer UFC odds. Check out the best online sportsbooks in your area. No one can accurately predict who will win each UFC fight, but the favorite to win the fight is identified by the negative odds (i.e. -150). The underdog is identified by the positive odds (i.e. +200). Check out our UFC picks and predictions for betting advice on UFC events.",2025-07-26,https://www.covers.com/sport/mma/ufc/matchup-buday-vs-buchecha-odds-12971
UFC on ABC 9: Make your predictions for Robert Whittaker vs. Reinier de Ridder,"UFC UFC on ABC 9: Make your predictions for Robert Whittaker vs. Reinier de Ridder Matt Erickson MMA Junkie We want your predictions for UFC on ABC 9. Our staff picks feature includes the consensus picks from MMA Junkie readers. Simply cast your vote for each bout below, and we'll use the official tallies that are registered by Friday at noon ET (9 a.m. PT). Those reader consensus picks will be part of the main card staff predictions we release ahead of UFC on ABC 9 (ABC, ESPN, ESPN+), which takes place Saturday at Etihad Arena in Abu Dhabi. Make your picks below. Marcus Buchecha vs. Martin Buday - Records: Buchecha (5-1 MMA, 0-0 UFC), Buday (15-2 MMA, 6-1 UFC) - Past five: Buchecha 4-1, Buday 4-1 - Division: Heavyweight - Rankings: None - Odds (as of 07.21.25): Buchecha -310, Buday +245 Steven Nguyen vs. Mohammad Yahya - Records: Nguyen (9-2 MMA, 0-1 UFC), Yahya (12-5 MMA, 0-2 UFC) - Past five: Nguyen 3-2, Yahya 3-2 - Division: Featherweight - Rankings: None - Odds (as of 07.21.25): Nguyen -350, Yahya +270 Ibo Aslan vs. Billy Elekana - Records: Aslan (14-2 MMA, 2-1 UFC), Elekana (7-2 MMA, 0-1 UFC) - Past five: Aslan 4-1, Elekana 3-2 - Division: Light heavyweight - Rankings: None - Odds (as of 07.21.25): Aslan -265, Elekana +215 Amanda Ribas vs. Tabatha Ricci - Records: Ribas (12-6 MMA, 7-5 UFC), Ricci (11-3 MMA, 6-3 UFC) - Past five: Ribas 2-3, Ricci 3-2 - Division: Women’s strawweight - Rankings: Ricci No. 10, Ribas honorable mention - Odds (as of 07.21.25): Ribas -175, Ricci +145 Da'Mon Blackshear vs. Davey Grant - Records: Blackshear (17-7-1 MMA, 5-3-1 UFC), Grant (14-7 MMA, 7-6 UFC) - Past five: Blackshear 3-2, Grant 3-2 - Division: Bantamweight - Rankings: None - Odds (as of 07.21.25): Blackshear -330, Grant +260 Carlos Leal vs. Muslim Salikhov - Records: Leal (22-6 MMA, 1-1 UFC), Salikhov (21-5 MMA, 8-4 UFC) - Past five: Leal 3-2, Salikhov 3-2 - Division: Welterweight - Rankings: None - Odds (as of 07.21.25): Leal -475, Salikhov +340 Bryce Mitchell vs. Said Nurmagomedov - Records: Mitchell (17-3 MMA, 8-3 UFC), Nurmagomedov (18-4 MMA, 7-3 UFC) - Past five: Mitchell 2-3, Nurmagomedov 3-2 - Division: Bantamweight - Rankings: Mitchell No. 10 (featherweight) - Odds (as of 07.21.25): Mitchell -115, Nurmagomedov -105 Bogdan Guskov vs. Nikita Krylov - Records: Guskov (17-3 MMA, 3-1 UFC), Krylov (30-10 MMA, 11-8 UFC) - Past five: Guskov 17-3, Krylov 3-2 - Division: Light heavyweight - Rankings: Krylov No. 10, Guskov honorable mention - Odds (as of 07.21.25): Guskov +160, Krylov -190 Asu Almabayev vs. Jose Ochoa - Records: Almabayev (21-3 MMA, 4-1 UFC), Ochoa (8-1 MMA, 1-1 UFC) - Past five: Almabayev 4-1, Ochoa 4-1 - Division: Flyweight - Rankings: Almabayev honorable mention - Odds (as of 07.21.25): Almabayev -105, Ochoa -115 Marc-Andre Barriault vs. Shara Magomedov - Records: Barriault (17-9 MMA, 6-8 UFC), Magomedov (15-1 MMA, 4-1 UFC) - Past five: Barriault 2-3, Magomedov 4-1 - Division: Middleweight - Rankings: None - Odds (as of 07.21.25): Barriault +450, Magomedov -700 Marcus McGhee vs. Petr Yan - Records: McGhee (10-1 MMA, 4-0 UFC), Yan (18-5 MMA, 10-4 UFC) - Past five: McGhee 5-0, Yan 2-3 - Division: Bantamweight - Rankings: Yan No. 3, McGhee honorable mention - Odds (as of 07.21.25): McGhee +300, Yan -400 Robert Whittaker vs. Reinier de Ridder - Records: Whittaker (26-8 MMA, 17-6 UFC), de Ridder (20-2 MMA, 3-0 UFC) - Past five: Whittaker 3-2, de Ridder 4-1 - Division: Middleweight - Rankings: Whittaker No. 6, de Ridder No. 12 - Odds (as of 07.21.25): Whittaker -150, de Ridder +125 UFC on ABC 9 fight card (as of July 21, 3 p.m. ET) MAIN CARD (ABC/ESPN+, noon ET) - Robert Whittaker vs. Reinier de Ridder/li> - Marcus McGhee vs. Petr Yan/li> - Marc-Andre Barriault vs. Shara Magomedov/li> - Asu Almabayev vs. Jose Ochoa/li> - Bogdan Guskov vs. Nikita Krylov/li> PRELIMINARY CARD (ESPN/ESPN+, 9 a.m. ET) - Bryce Mitchell vs. Said Nurmagomedov - Carlos Leal vs. Muslim Salikhov - Da'Mon Blackshear vs. Davey Grant - Amanda Ribas vs. Tabatha Ricci - Ibo Aslan vs. Billy Elekana - Steven Nguyen vs. Mohammad Yahya - Marcus Buchecha vs. Martin Buday",2025-07-22,https://mmajunkie.usatoday.com/story/sports/ufc/2025/07/22/ufc-abu-dhabi-robert-whittaker-vs-reinier-de-ridder-reader-predictions-picks/85314657007/
Marcus Almeida vs. Martin Buday headed to UFC on ABC 9 in Abu Dhabi,"Marcus Almeida vs. Martin Buday headed to UFC on ABC 9 in Abu Dhabi ""Buchecha"" is UFC-bound. A standout ONE Championship fighter and decorated BJJ star, Marcus Almeida, is aligned for a three-round heavyweight bout vs. Martin Buday at UFC on ABC 9, which takes place July 26 at Etihad Arena in Abu Dhabi. Two people with knowledge of the matchup confirmed it to MMA Junkie but asked to remain anonymous as the promotion has yet to make an official announcement. Robert Tellez first reported the fight was in the works. In each victory, Almeida (5-1 MMA, 0-0 UFC) has finished his opponents in the opening round; four came by submission, and one by ground-and-pound TKO. ""Buchecha"" is a multiple-time ADCC and IBJJF grappling champion, and has proven since his MMA debut in 2021, that his skills translate well in the heavyweight division of MMA competition. Almeida, 35, was last in action at ONE 169 in November, where he submitted Amir Aliakbari with a rear-naked choke in the opening round. That fight was the last on his contract, and he opted not to re-sign with the promotion. Prior to the fight, ""Buchecha"" told MMA Junkie he was frustrated with inactivity. After he completed his first four MMA fights in 11 months, Almeida hoped he could maintain the same level of activity, but the promotion did not meet his expectations. After he submitted Kirill Grishenko at ONE Fight Night 1, Almeida only had two more fights in 26 months. Buday (15-2 MMA, 6-1 UFC) aims to extend his winning streak to three after consecutive victories over Andrei Arlovski and Uran Satybaldiev. His lone UFC loss came against Shamil Gaziev in December 2023. With the addition, the UFC on ABC 9 lineup includes: - Robert Whittaker vs. Reinier de Ridder - Movsar Evloev vs. Aaron Pico - Bogdan Guskov vs. Nikita Krylov - Marc-Andre Barriault vs. Shara Magomedov - Marcus McGhee vs. Petr Yan - Bryce Mitchell vs. Said Nurmagomedov - Marcus Almeida vs. Martin Buday - Asu Almabayev vs. Ramazan Temirov - Ibo Aslan vs. Billy Elekana - Amanda Ribas vs. Tabatha Ricci - Carlos Leal vs. Muslim Salikhov - Da'Mon Blackshear vs. Davey Grant - Steve Nguyen vs. Mohammad Yahya",2025-07-07,https://mmajunkie.usatoday.com/story/sports/ufc/2025/07/07/ufc-news-marcus-buchecha-almeida-one-championship-debut-abu-dhabi/84499057007/
Martin Buday vs Marcus Buchecha at UFC Abu Dhabi 26.07.25 - Bout Stats MMA Fighter,Martin Buday - Marcus Buchecha Martin Buday Buday UFC #13 HW - Age 33 - Reach 76 cm 193 cm - Height 76 cm 193 cm - Leg Reach 43 cm 109 cm - Last Weigh-In 266 lbs 121 kg Marcus Buchecha Buchecha - Age 35 - Reach 75.2 cm 191 cm - Height 75.2 cm 191 cm - Leg Reach n/a - Last Weigh-In 255 lbs 116 kg Other Bouts UFC Abu Dhabi - Robert Whittaker26 - 8 - 05:00 PM ET • 5 x 5Middleweight Bout 185 lbsReinier de Ridder20 - 2 - 0 - Petr Yan18 - 5 - 04:30 PM ET • 3 x 5Bantamweight Bout 135 lbsMarcus McGhee10 - 1 - 0 - Sharaputdin Magomedov15 - 1 - 04:00 PM ET • 3 x 5Middleweight Bout 185 lbsMarc-Andre Barriault17 - 9 - 0 1 NC - Asu Almabaev21 - 3 - 03:30 PM ET • 3 x 5Flyweight Bout 125 lbsJose Ochoa8 - 1 - 0 1 NC - Nikita Krylov30 - 10 - 03:00 PM ET • 3 x 5Light Heavyweight Bout 205 lbsBogdan Guskov17 - 3 - 0 - Bryce Mitchell17 - 3 - 02:30 PM ET • 3 x 5Bantamweight Bout 135 lbsSaid Nurmagomedov18 - 4 - 0 - Muslim Salikhov21 - 5 - 02:05 PM ET • 3 x 5Welterweight Bout 170 lbsCarlos Leal22 - 6 - 0 - Da'Mon Blackshear17 - 7 - 11:40 PM ET • 3 x 5Bantamweight Bout 135 lbsDavey Grant14 - 7 - 0 - Amanda Ribas12 - 6 - 01:15 PM ET • 3 x 5Strawweight Bout 115 lbsTabatha Ricci11 - 3 - 0 - Ibo Aslan14 - 2 - 012:50 PM ET • 3 x 5Light Heavyweight Bout 205 lbsBilly Elekana7 - 2 - 0 - Mohammad Yahya12 - 5 - 012:25 PM ET • 3 x 5Featherweight Bout 145 lbsSteven Nguyen9 - 2 - 0,2025-07-26,https://gidstats.com/events/ufc_fight_night-2458/martin_buday_vs_marcus_buchecha.html
BJJ Legend Buchecha: Opponent Under Pressure for UFC Abu Dhabi Debut | MMA Scene,"Marcus Buchecha, a decorated jiu-jitsu champion, is set to make his UFC debut against Martin Buday, who is favored despite Buchecha’s confidence and extensive grappling accolades, as he aims to adapt and prove himself in MMA. Martin Buday has been a force in the UFC, winning six of his seven fights since 2022. Remarkably, he’s never been submitted in 17 professional bouts. Yet, newcomer Marcus “Buchecha” is the favorite in their upcoming UFC Abu Dhabi clash. Buchecha, however, isn’t buying into the hype. “I’m anxious to feel all that, but I’m not feeling pressured,” he told MMA Fighting. He believes the pressure lies with Buday. “If we were to fight in the gi, I’d be the favorite,” Buchecha mused. “But in MMA, I don’t feel that. I’m new to the sport, but I’m coming hungry.” A legend in grappling, Buchecha boasts 13 IBJJF world championships and two ADCC gold medals. Since joining MMA in 2021, he’s amassed a 5-1 record, all victories via first-round finishes. Despite a recent layoff that had him contemplating retirement, Buchecha is eager to make up for lost time. He’s eyeing another fight in 2025, though the allure of UFC Rio de Janeiro could tempt him sooner. “The focus is on the 26th,” he said. “I’m excited for this debut, ready to carry the jiu-jitsu flag to the octagon.” Buday, meanwhile, has rebounded from a loss with decision wins over Andrei Arlovski and Uran Satybaldiev. The pressure, Buchecha says, is on Buday due to his experience. Training with elite heavyweights at American Top Team, Buchecha is grateful for the opportunity. His team includes the likes of Renan Ferreira and Junior dos Santos, along with top coaches. “Buday’s a black belt,” Buchecha acknowledged. “But I’ve faced black belts my entire life. It doesn’t change anything for me.” Prepared for any scenario, Buchecha knows the unpredictability of MMA. “The plan doesn’t always work,” he noted. “The fighter has to adapt, has to figure it out.”",2025-07-25,https://www.mmascene.com/news/bjj-legend-buchecha-opponent-under-pressure-for-ufc-abu-dhabi-debut/
UFC Abu Dhabi star holds 5 wins over one of the most highly regarded grapplers in UFC history before MMA career,"A new force is set to debut in the UFC’s heavyweight division on July 26 in Abu Dhabi. The promotion’s return to the Etihad Arena on Saturday night sees Robert Whittaker face Reinier de Ridder in a middleweight main event. While de Ridder may have advised other fighters to not sign with ONE Championship since departing the promotion, he was one of their top stars during his reign as a two-weight titleholder. However, ‘The Dutch Knight’ isn’t the only former ONE star who is one of the sport’s top submission specialists who will be in action this weekend. Marcus ‘Buchecha’ Almeida is considered to be MMA’s best heavyweight grappler having already achieved incredible success before changing the direction of his career. - READ MORE: Best BJJ grapplers in UFC history ranked from Charles Oliveira and Demian Maia to Rodolfo Vieira Marcus ‘Buchecha’ Almeida avenged his losses to Rodolfo Vieira with a dominant run of wins Before Marcus ‘Buchecha’ Almeida made the decision to pursue a career in MMA, he had already established himself as one of the greatest jiu-jitsu competitors of all time. The Brazilian needed a new challenge after already achieving so much in the grappling world as an IBJJF Hall of Famer. During his career, Almeida competed multiple times against another highly-credentialed jiu-jitsu specialist who is also on the UFC roster. Rodolfo Vieira has gone 5-3 inside the Octagon, with ‘The Black Belt Hunter’ having 17 gold medals to his name in grappling. Almeida and Vieira have competed against each other eight times during their grappling careers, where ‘Buchecha’ got the better of his opponent on five occasions. After losing his first three meetings with Vieira via submission, Almeida avenged his losses with a dominant run of points victories. Vieira last competed in grappling in 2018, one year after he made his MMA debut before going on to sign with the UFC the following year. | Buchecha vs Vieira grappling matches | Date | Result | | World Championship | 2014 | Buchecha via points | | World Cup | 2014 | Buchecha via points | | World Championships | 2013 | Buchecha via points | | World Cup | 2013 | Buchecha via points | | World Championships | 2012 | Buchecha via points | | World Cup | 2012 | Vieira via choke | | World Championship | 2011 | Vieira via armbar submission | | Pan Championship | 2011 | Vieira via choke | Marcus ‘Buchecha’ Almeida faces a ranked opponent on his UFC debut After making the switch to MMA, Marcus ‘Buchecha’ Almeida has produced a pro record of 5-1, with his only loss coming to ONE’s current heavyweight champion, Oumar ‘Reug Reug’ Kane. His opponent for his UFC debut on July 26 will be the #13-ranked Martin Buday, who has gone 6-1 inside the Octagon. With an overall record of 15-2, he’s never been submitted in his career, with his only UFC loss coming to Shamil Gaziev in December of 2023. It’s a fairly strong test for Almeida on his UFC debut but as is the case in any matchup he’s in, the fight could end very quickly if it hits the ground.",2025-07-24,https://bloodyelbow.com/2025/07/24/marcus-buchecha-almeida-holds-5-wins-over-one-of-the-most-highly-regarded-grapplers-in-ufc-history-before-mma-career/
Marcus Buchecha,"SB Nation Login Sign Up Home UFC Videos The MMA Hour Photos Schedule Fight Results News Store Sections Results Podcasts BKFC Video Booth Bellator Full Archive About Masthead Community Guidelines More SB Nation All 245 blogs 🔎 Search Search Videos Latest News Marcus Buchecha Fighter Stats Previous Fight UFC Abu Dhabi: Whittaker vs. De Ridder July 26, 2025 Martin Buday vs. Marcus Buchecha Buchecha news from MMA Fighting: UFC Abu Dhabi Results: Whittaker vs. De Ridder from MMA Fighting: Reinier de Ridder admits it’s ‘not looking good for ONE Championship,’ thankful UFC is keeping him busy from MMAmania.com: Live: UFC Abu Dhabi ceremonial weigh ins video | Whittaker vs. De Ridder from MMA Fighting: UFC Abu Dhabi weigh-in results: Robert Whittaker, Reinier de Ridder hit the mark to make main event official from MMAmania.com: Live: UFC Abu Dhabi early weigh ins results | Whittaker vs. De Ridder from MMAmania.com: Who is UFC Abu Dhabi’s Marcus Buchecha, and can he become instant title contender? from MMA Fighting: BJJ legend Marcus Buchecha believes ‘pressure’ is on opponent ahead of debut at UFC Abu Dhabi from MMAmania.com: UFC Abu Dhabi odds: Best betting props, parlays and picks | Whittaker vs. de Ridder from MMAmania.com: Latest UFC Abu Dhabi fight card, ABC start time, date and location | Whittaker vs. De Ridder from MMA Fighting: Morning Report: Chael Sonnen theorizes early stoppage in UFC Nashville main event was accidental from MMA Fighting: Morning Report: Alexander Volkanovski calls concussion from Islam Makhachev worse than Ilia Topuria knockout from MMA Fighting: Marcus Buchecha signs with UFC, will debut in Abu Dhabi More Marcus Buchecha News",2025-07-26,https://www.mmafighting.com/fighter/6767/marcus-buchecha
Marcus Buchecha Record: 5-1-0,"SLpM - Significant Strikes Landed per Minute Str. Acc. - Significant Striking Accuracy SApM - Significant Strikes Absorbed per Minute Str. Def. - Significant Strike Defence (the % of opponents strikes that did not land) TD Avg. - Average Takedowns Landed per 15 minutes TD Acc. - Takedown Accuracy TD Def. - Takedown Defense (the % of opponents TD attempts that did not land) Sub. Avg. - Average Submissions Attempted per 15 minutes | W/L | Fighter | Kd | Str | Td | Sub | Event | Method | Round | Time | |---|---|---|---|---|---|---|---|---|---| | UFC Fight Night: Whittaker vs. De Ridder Jul. 26, 2025 |",2025-07-26,http://ufcstats.com/fighter-details/095854a135e6db55
Marcus Buchecha - Wikipedia,"Marcus Buchecha | Marcus Almeida | | |---|---| | Born | Marcus Vinícius Oliveira de Almeida January 8, 1990 Santos, São Paulo, Brazil | | Other names | Buchecha | | Height | 6 ft 3 in (191 cm) | | Weight | 254 lb (115 kg; 18 st 2 lb) | | Division | Heavyweight | | Reach | 80 in (203 cm) | | Style | Brazilian Jiu-Jitsu | | Team | Checkmat American Kickboxing Academy (2014–present)[1] American Top Team (2020–present)[2] | | Rank | 4th deg. BJJ black belt[3] | | Years active | 2011–present | | Mixed martial arts record | | | Total | 6 | | Wins | 5 | | By knockout | 1 | | By submission | 4 | | Losses | 1 | | By decision | 1 | | Other information | | | Mixed martial arts record from Sherdog | | Medal record | Marcus Vinícius Oliveira de Almeida, also known as Buchecha (born January 8, 1990) is a Brazilian professional mixed martial artist and 4th-degree black belt Brazilian jiu-jitsu (BJJ) practitioner.[a] A professional since 2020, He currently competes in the Heavyweight division of the Ultimate Fighting Championship (UFC). He formerly competed in the heavyweight division of ONE Championship. A multiple-time World jiu-jitsu and ADCC submission fighting champion, Buchecha is a member of the IBJJF Hall of Fame and widely considered as one of the greatest Brazilian jiu-jitsu competitors of all time. Early life [edit]Almeida was born and grew up in Santos, São Paulo. His sister started training Brazilian jiu-jitsu when Marcus was 14 years old, forcing him to come along to the gym so their father Clayton could keep an eye on her.[5] Subsequently, Marcus and Clayton started training jiu-jitsu also, leading both to become black belts and the latter winning IBJJF Masters World Championship.[6] Almeida is a black belt under Rodrigo Cavaca, who gave Almeida his nickname Buchecha, which means cheek and is a reference to him having chubby cheeks when he was overweight.[7] Almeida competes under the Checkmat team.[8] Mixed martial arts career [edit]ONE Championship [edit]Despite talking about transitioning to mixed martial arts since 2015, news surfaced four years later on July 30, 2020, that Almeida had signed a multi-year contract with ONE Championship.[9][10] He has been training mixed martial arts at the American Kickboxing Academy and has competed in the heavyweight division.[10] In August 2020, Almeida had to withdraw from an upcoming BJJ match with Fabrício Werdum due to a knee injury that has also delayed his MMA debut for ONE FC.[11] Almeida was scheduled to make his MMA debut against Oumar Kane at ONE Championship.[12] Unfortunately, Almeida was removed from the card and replaced with Alain Ngalani on 13 January 2021, reportedly due to suffering an injury in training.[13] After recovering from his injury, he was booked to make his MMA debut against Kang Ji-Won at ONE on TNT 1.[14] Kang later withdrew from the bout for undisclosed reasons.[15] Almeida was scheduled to face Thomas Narmo at ONE Championship: Revolution on September 24, 2021.[16] Narmo later withdrew for undisclosed reasons, and was replaced by Anderson “Braddock” Silva.[17] He won the bout in the first round via north-south choke.[18] Almeida faced Kang Ji Won at ONE: Winter Warriors on December 3, 2021.[19] He won the bout via rear-naked choke in the first round.[20] Almeida was scheduled to face Oumar ""Reug Reug"" Kane on April 22, 2022 at ONE 156.[21] However, the week of the event, it was announced that the bout would be moved to May 20.[22] Yet, Kane withdrew from the bout citing injury and was replaced by Hugo Cunha who in turn tested positive for COVID-19 and the bout was scrapped.[23][24] Almeida was later rescheduled to face Simon Carson at ONE 158 on June 3, 2022.[25] He won the fight by a first-round technical knockout, stopping Carson with ground and pound midway through the opening round.[26] Almeida faced Kirill Grishenko at ONE on Prime Video 1 on August 27, 2022.[27] He won the bout early in the first round after submmiting Kirill with a heel hook.[28] This win earned him the Performance of the Night award.[29] Almeida faced Oumar Kane on August 5, 2023, at ONE Fight Night 13.[30][31] He lost the fight by unanimous decision.[32] A biopic entitled Buchecha: Far Beyond World Records was released in 2023.[33] Almeida faced Amir Aliakbari on November 9, 2024, at ONE 169.[34] He won the fight by submission in the first round and earned a $50,000 ‘Performance of the Night’ bonus.[35] This was the final fight of Almeida’s contract, and he became a free agent after it.[36] Ultimate Fighting Championship [edit]On July 7, 2025, it was reported that Almeida had signed with Ultimate Fighting Championship and he is scheduled to make his promotional debut against Martin Buday on July 26, 2025, at UFC on ABC 9.[37] Championships and accomplishments [edit]Brazilian jiu-jitsu / Submission wrestling [edit]Main Achievements (Black Belt):[5] - ADCC Submission Fighting World Champion (2013 / 2017) - IBJJF World Champion (2012[b] / 2013[b] / 2014[b] / 2016[b] / 2017[b] / 2018 / 2019[b]) - IBJJF World No-Gi Champion (2010[b] / 2011[b]) - IBJJF Pan Champion (2012**) - IBJJF Pro League Grand Prix Champion (2016) - UAEJJF Abu Dhabi Pro Champion (2012[c] / 2013[c] / 2014[b] / 2015[b]) - 2nd Place ADCC World Championship (2019[c]) - 3rd Place IBJJF World Championship (2011[c]) - 3rd Place ADCC World Championship (2017[c]) Mixed martial arts [edit]- ONE Championship - Performance of the Night (Two times) vs. Kirill Grishenko and Amir Aliakbari[29] - MMAjunkie.com - 2022 August Submission of the Month vs. Kirill Grishenko[38] Brazilian jiu-jitsu / submission wrestling record [edit]| 142 Matches, 128 Wins (67 Submissions), 13 Losses (6 Submissions), 1 draw | |||||||| | Rec. | Result | Opponent | Method | Event | Division | Type | Date | Location | |---|---|---|---|---|---|---|---|---| | Loss | 128–13–1 | Gordon Ryan | Negative Points (1–0) | ADCC World Championship | Absolute | Nogi | September 29, 2019 | Anaheim, CA | | Win | 128–12–1 | Mahamed Aly | Submission (rear naked choke) | ||||| | Win | 127–12–1 | Aaron Johnson | Points (3–0) | ||||| | Win | 126–12–1 | Keith Krikorian | Submission (armbar) | ||||| | Loss | 125–12–1 | Kaynan Duarte | Referee Decision | +99 kg | |||| | Win | 125–11–1 | Victor Hugo | Points (3–0) | September 28, 2019 | |||| | Win | 124–11–1 | Antonio Braga Neto | Points (2–0) | ||||| | Win | 123–11–1 | Ricardo Evangelista | Submission (bow & arrow choke) | IBJJF World Championship | +100 kg | Gi | June 2, 2018 | Long Beach, CA | | Win | 122–11–1 | Max Gimenis | Submission (choke) | ||||| | Win | 121–11–1 | Thomas McMahon | Points (11–0) | ||||| | Win | 120–11–1 | Felipe Andrew | Submission (armbar) | Absolute | June 1, 2018 | ||| | Win | 119–11–1 | Felipe Pena | Referee Decision | ||||| | Win | 118–11–1 | Otavio Nalati | Points (13–0) | ||||| | Loss | 117–11–1 | João Gabriel Rocha | Advantages | BJJ Stars | Superfight | Gi | February 23, 2019 | São Paulo | | Win | 117–10–1 | João Gabriel Rocha | Referee Decision | IBJJF World Championship | +100 kg | Gi | June 3, 2018 | Long Beach, CA | | Win | 116–10–1 | Victor Honório | Submission (kimura) | ||||| | Win | 115–10–1 | Otavio Nalati | Points (2–0) | ||||| | Win | 114–10–1 | Max Gimenis | Submission (choke) | June 2, 2018 | |||| | Win | 113–10–1 | Nicholas Meregali | Points (5–2) | Absolute | |||| | Win | 112–10–1 | Felipe Andrews | Submission (choke) | ||||| | Win | 111–10–1 | Rodrigo Martins | Points (2–0) | ||||| | Win | 110–10–1 | Mahamed Aly | Points | ACBJJ | Superfight | Gi | May 5, 2018 | Long Beach, CA | | Win | 109–10–1 | Mahamed Aly | Submission (heel hook) | ADCC World Championship | Absolute | Nogi | September 24, 2017 | Espoo | | Loss | 108–10–1 | Felipe Pena | Submission (rear naked choke) | ||||| | Win | 108–9–1 | Alexandre Ribeiro | Referee Decision | ||||| | Win | 107–9–1 | Mike Perez | Negative Points (0–1) | ||||| | Win | 106–9–1 | Orlando Sanchez | Points (6–0) | +99 kg | |||| | Win | 105–9–1 | Roberto Abreu | Points (4–0) | ||||| | Win | 104–9–1 | Tim Spriggs | Submission (rear naked choke) | September 23, 2017 | |||| | Win | 103–9–1 | Arman Zhanpeisov | Submission (rear naked choke) | ||||| | Win | 102–9–1 | Leandro Lo | Referee Decision | IBJJF Pro Grand Prix | Absolute | Gi | August 26, 2017 | Long Beach, CA | | Win | 101–9–1 | João Gabriel Rocha | Submission (choke) | ||||| | Win | 100–9–1 | Dimitrius Souza | Advantages (2–0) | ||||| | Loss | 99–9–1 | Roger Gracie | Submission (choke) | Gracie Pro | Superfight | Gi | July 23, 2017 | Rio de Janeiro | | Win | 99–8–1 | Leandro Lo | Advantages | IBJJF World Championship | Absolute | Gi | June 4, 2017 | Long Beach, CA | | Win | 98–8–1 | Gustavo Elias | Submission (brabo choke) | +100 kg | |||| | Win | 97–8–1 | João Gabriel Rocha | Submission (ezekiel choke) | ||||| | Win | 96–8–1 | Igor Schneider | Points (13–7) | ||||| | Win | 95–8–1 | Erberth Santos | Points (2–0) | Absolute | June 3, 2017 | ||| | Win | 94–8–1 | Mahamad Aly | Submission (choke) | ||||| | Win | 93–8–1 | Igor Schneider | Submission (armbar) | ||||| | Win | 92–8–1 | Rafael Lovato Jr. | Points (5–0) | ADCC North American Trials | Superfight | Nogi | April 15, 2017 | Los Angeles, CA | | Win | 91–8–1 | Eliot Marshall | Submission (inverted triangle) | Fight 2 Win | Superfight | Nogi | August 13, 2016 | Denver, CO | | Win | 90–8–1 | Leo Nogueira | Advantages | IBJJF Pro Grand Prix | Absolute | Gi | July 10, 2016 | Long Beach, CA | | Win | 89–8–1 | João Gabriel Rocha | Points (7–0) | ||||| | Win | 88–8–1 | Bruno Bastos | Submission (bow & arrow choke) | ||||| | Win | 87–8–1 | Erberth Santos | Points (4–2) | IBJJF World Championship | Absolute | Gi | Long Beach, CA | | | Win | 86–8–1 | James Puepolo | Submission (armbar) | +100 kg | |||| | Win | 85–8–1 | João Gabriel Rocha | Submission (armbar) | ||||| | Win | 84–8–1 | Felipe Pena | Submission (armbar) | Absolute | |||| | Win | 83–8–1 | Pedro Moura | Submission (armbar) | ||||| | Win | 82–8–1 | Elliot Kelly | Points (6–0) | ||||| | Loss | 81–8–1 | Ricardo Evangelista | Advantages | IBJJF World Championship | Absolute | Gi | 2015 | Long Beach, CA | | Win | 81–7–1 | Alan Regis | Submission (armbar) | ||||| | Win | 80–7–1 | Gabriel Checco | Submission (estima lock) | JJ World League | Superfight | Gi | || | Win | 79–7–1 | Alexander Trans | Advantages | World Cup | Absolute | Gi | Abu Dhabi | | | Win | 78–7–1 | Leandro Lo | Advantages | ||||| | Win | 77–7–1 | Erberth Santos | Submission (estima lock) | ||||| | Win | 76–7–1 | Helcio Pinto | Submission (guillotine choke) | ||||| | Win | 75–7–1 | Alexander Trans | Points (2–0) | +95 kg | |||| | Win | 74–7–1 | Ricardo Evangelista | Submission (guillotine choke) | ||||| | Win | 73–7–1 | Rodrigo Perriera | Submission (choke) | ||||| | Win | 72–7–1 | Rodolfo Vieira | Points (2–0) | IBJJF World Championship | Absolute | Gi | 2014 | Long Beach, CA | | Win | 71–7–1 | Alexander Trans | Submission (choke) | +100 kg | |||| | Win | 70–7–1 | Ricardo Evangelista | Submission (choke) | ||||| | Win | 69–7–1 | Helton Nogueira | Submission (armbar) | ||||| | Win | 68–7–1 | Keenan Cornelius | Points (10–4) | Absolute | |||| | Win | 67–7–1 | Felipe Pena | Submission (armbar) | ||||| | Win | 66–7–1 | Ricardo Evangelista | Advantages | ||||| | Win | 65–7–1 | James Nunes | Submission (armbar) | ||||| | Win | 64–7–1 | Alexander Trans | Points (2–0) | World Cup | +95 kg | Gi | Abu Dhabi | | | Win | 63–7–1 | Ricardo Evangelista | Advantages | ||||| | Win | 62–7–1 | Allan Ferreira | Points (7–0) | ||||| | Win | 61–7–1 | Rodolfo Vieira | Points (2–0) | Absolute | |||| | Win | 60–7–1 | Keenan Cornelius | Advantages | ||||| | Win | 59–7–1 | Victor Estima | Submission (choke) | ||||| | Win | 58–7–1 | Claudio Calasans | Submission (choke) | ||||| | Win | 57–7–1 | Luca Anacoreta | Submission (katagatame) | ||||| | Loss | 56–7–1 | Roberto Abreu | Points (0–10) | ADCC World Championship | Absolute | Nogi | 2013 | Beijing | | Win | 56–6–1 | Dean Lister | Points (5–0) | ADCC 2013 | Absolute | Nogi | 2013 | | | Win | 55–6–1 | Garry Tonon | Points | ADCC 2013 | Absolute | Nogi | 2013 | | | Win | 54–6–1 | João Gabriel Rocha | Submission (heel hook) | ADCC 2013 | +99 kg | Nogi | 2013 | | | Win | 53–6–1 | Roberto Abreu | Points | ADCC 2013 | +99 kg | Nogi | 2013 | | | Win | 52–6–1 | Hideki Sekine | Submission (kimura) | ADCC 2013 | +99 kg | Nogi | 2013 | | | Win | 51–6–1 | Jimmy Friedrich | Submission (toe hold) | ADCC 2013 | +99 kg | Nogi | 2013 | | | Win | 50–6–1 | Rodolfo Vieira | Points (10–0) | World Championship | Absolute | Gi | 2013 | Long Beach, CA | | Win | 49–6–1 | Alexander Trans | Referee Decision | World Championship | +100 kg | Gi | 2013 | | | Win | 48–6–1 | Igor Silva | Referee Decision | World Championship | +100 kg | Gi | 2013 | | | Win | 47–6–1 | Bernardo Faria | Points (7–4) | World Championship | Absolute | Gi | 2013 | | | Win | 46–6–1 | Ricardo Evangelista | Submission (ezekiel choke) | World Championship | Absolute | Gi | 2013 | | | Win | 45–6–1 | Bruno Bastos | Submission (triangle choke) | World Championship | Absolute | Gi | 2013 | | | Win | 44–6–1 | Flavius Luis | Submission (kimura) | World Championship | Absolute | Gi | 2013 | | | Win | 43–6–1 | Rodolfo Vieira | Points (4–2) | World Cup | Absolute | Gi | 2013 | Abu Dhabi | | Win | 42–6–1 | Tarsis Humphreys | Points | World Cup | Absolute | Gi | 2013 | | | Win | 41–6–1 | Roberto Abreu | Points (4–3) | World Cup | Absolute | Gi | 2013 | | | Loss | 40–6–1 | Rodrigo Cavaca | Points (2=7) | World Cup | +100 kg | Gi | 2013 | | | Win | 40–5–1 | Ricardo Evangelista | Points (2–0) | World Cup | +100 kg | Gi | 2013 | | | Win | 39–5–1 | André Galvão | Points (4–2) | Pan American Championship | Absolute | Gi | 2013 | Long Beach, CA | | Win | 38–5–1 | Bernardo Faria | Points (9–2) | ||||| | Win | 37–5–1 | Gustavo Campos | Points (19–2) | ||||| | Win | 36–5–1 | Marcel Goulart | Submission (inverted triangle) | Absolute | |||| | Draw | 35–5–1 | Roger Gracie | Decision | Metamoris | Superfight | Gi | 2012 | | | Win | 35–5 | Leo Nogueira | Points (8–4) | World Championship | Absolute | Gi | 2012 | Long Beach, CA | | Win | 34–5 | Márcio Cruz | Points (4–2) | World Championship | +100 kg | Gi | 2012 | | | Win | 33–5 | Igor Silva | Submission (kneebar) | World Championship | +100 kg | Gi | 2012 | | | Win | 32–5 | Alex Soares | Submission (choke) | World Championship | +100 kg | Gi | 2012 | | | Win | 31–5 | Bernardo Faria | Submission (Choke) | World Championship | Absolute | Gi | 2012 | | | Win | 30–5 | Rodolfo Vieira | Points (8–7) | World Championship | Absolute | Gi | 2012 | | | Win | 29–5 | Roberto Alencar | Submission (triangle choke) | World Championship | Absolute | Gi | 2012 | | | Win | 28–5 | Raymond Warren | Submission (armbar) | World Championship | Absolute | Gi | 2012 | | | Win | 27–5 | Antonio Braga Neto | Submission (footlock) | World Cup | +99 kg | Gi | 2012 | Abu Dhabi | | Win | 26–5 | José Junior | Submission (armbar) | World Cup | +99 kg | Gi | 2012 | | | Win | 25–5 | Thiago Souza | Points (2–0) | World Cup | +99 kg | Gi | 2012 | | | Win | 24–5 | Mike Wilson | Points (15–0) | World Cup | +99 kg | Gi | 2012 | | | Win | 23–5 | Adrian Nalito | Submission (toe hoke) | Gramado Trials | +94 kg | Gi | 2012 | | | Win | 22–5 | Alexander Trans | Points (2–0) | Pan American Championship | +99 kg | Gi | 2012 | Long Beach, CA | | Win | 21–5 | Kitner Moura | Submission (omoplata) | Pan American Championship | +99 kg | Gi | 2012 | | | Win | 20–5 | Kron Gracie | Submission (kneebar) | Pan American Championship | Absolute | Gi | 2012 | | | Win | 19–5 | Murilo Santana | Points (10–0) | Pan American Championship | Absolute | Gi | 2012 | | | Win | 18–5 | Matt Jubera | Submission (choke) | Pan American Championship | Absolute | Gi | 2012 | | | Win | 17–5 | Marcus Alentari | Submission (armbar) | Pan American Championship | Absolute | Gi | 2012 | | | Win | 16–5 | Leandro Lo | Points | CBJJE Pan Ams | Absolute | Gi | 2012 | | | Win | 15–5 | Claudio Calasans | Points | CBJJE Pan Ams | Absolute | Gi | 2012 | | | Win | 14–5 | Antonio Peinado | Submission (darce choke) | Nogi World Championship | +97.5 kg | Nogi | 2011 | Long Beach, CA | | Win | 13–5 | Joackim Hallum | Submission | Nogi World Championship | +97.5 kg | Nogi | 2011 | | | Win | 12–5 | Alberto Vilanova | Submission (triangle choke) | Nogi World Championship | +97.5 kg | Nogi | 2011 | | | Win | 11–5 | James Harbison | Submission (toe hold) | Nogi World Championship | Absolute | Nogi | 2011 | | | Win | 10–5 | Marcelo Goncalves | Points (4–0) | Nogi World Championship | Absolute | Nogi | 2011 | | | Win | 9–5 | Joackim Hallum | Points (24–2) | Nogi World Championship | Absolute | Nogi | 2011 | | | Loss | 8–5 | André Galvão | Submission | World Cup Trials | Superfight | Gi | 2011 | | | Loss | 8–4 | Vinny Magalhães | Submission (toe hold) | Ultimate Absolute NYC | Absolute | Nogi | July 30, 2011 | New York City, NY | | Loss | 8–3 | Leo Nogueira | Referee Decision | IBJJF World Championship | –100 kg | Gi | 2011 | Long Beach, CA | | Win | 8–2 | Antonio Peinado | Submission (toe hold) | World Championship | –100 kg | Gi | 2011 | | | Win | 7–2 | Charles Dantas | Submission (wrist lock) | World Championship | –100 kg | Gi | 2011 | | | Loss | 6–2 | Rodolfo Vieira | Submission (armbar) | World Championship | Absolute | Gi | 2011 | | | Win | 6–1 | Antonio Braga Neto | Submission (bow & arrow choke) | World Championship | –100 kg | Gi | 2011 | | | Win | 5–1 | Antonio Pega Leve | Submission (toe hold) | World Championship | –100 kg | Gi | 2011 | | | Win | 4–1 | Charles Dantas | Submission | World Championship | –100 kg | Gi | 2011 | | | Loss | 3–1 | Lúcio Rodrigues | Points (0–5) | World Cup | –92 kg | Gi | 2011 | Abu Dhabi | | Win | 3–0 | Caio Alencar | Submission | World Cup | –92 kg | Gi | 2011 | | | Win | 2–0 | Antonio Braga Neto | Submission (toe hold) | World Cup | –92 kg | Gi | 2011 | | | Win | 1–0 | Bruno Bastos | Submission (cross choke) | Pan American Championship | –100 kg | Gi | 2011 | Long Beach, CA | Mixed martial arts record [edit]| 6 matches | 5 wins | 1 loss | | By knockout | 1 | 0 | | By submission | 4 | 0 | | By decision | 0 | 1 | | Res. | Record | Opponent | Method | Event | Date | Round | Time | Location | Notes | |---|---|---|---|---|---|---|---|---|---| | Win | 5–1 | Amir Aliakbari | Submission (rear-naked choke) | ONE 169 | November 9, 2024 | 1 | 3:15 | Bangkok, Thailand | Performance of the Night. | | Loss | 4–1 | Oumar Kane | Decision (unanimous) | ONE Fight Night 13 | August 5, 2023 | 3 | 5:00 | Bangkok, Thailand | | | Win | 4–0 | Kirill Grishenko | Submission (heel hook) | ONE on Prime Video 1 | August 27, 2022 | 1 | 1:04 | Kallang, Singapore | Performance of the Night. | | Win | 3–0 | Simon Carson | TKO (punches) | ONE 158 | June 3, 2022 | 1 | 2:24 | Kallang, Singapore | | | Win | 2–0 | Kang Ji-won | Submission (rear-naked choke) | ONE: Winter Warriors | December 3, 2021 | 1 | 2:27 | Kallang, Singapore | | | Win | 1–0 | Anderson Silva | Submission (north-south choke) | ONE: Revolution | September 24, 2021 | 1 | 2:55 | Kallang, Singapore | Heavyweight debut. | Instructor lineage [edit]Carlos Gracie Sr. > Carlson Gracie > Élcio Figueiredo > Rodrigo Cavaca > Marcus Almeida Notes [edit]References [edit]- ^ Nolan Vest (July 30, 2020). ""Marcus Buchecha training at AKA with Daniel Cormier, Luke Rockhold head of MMA debut"". fansided.com. - ^ Marcelo Alonso (December 22, 2020). ""Jiu-Jitsu Champion Marcus Almeida to Face Oumar Kane at One's Feb. 24 Event"". sherdog.com. - ^ Jones, Phil. ""Marcus 'Buchecha' Almeida Promoted To 4th Degree BJJ Black Belt"". Jits Magazine. Retrieved 7 September 2024. - ^ ""Buchecha to receive his first degree in the black belt from Cavaca"". Graciemag. 12 December 2013. Archived from the original on 2 June 2022. Retrieved 8 July 2019. - ^ a b ""Marcus Almeida ""Buchecha"""". BJJ Heroes. 2011-01-16. - ^ ""Megaton, Mário Sperry, Titi and more winners from day 2 of the World Master Championship"". graciemag.com. 26 August 2017. Archived from the original on 14 April 2021. Retrieved September 23, 2020. - ^ Jones, Phil (3 July 2023). ""The 20 Best BJJ Nicknames"". Jitsmagazine. Retrieved 3 July 2023. - ^ Smith, Chase (4 June 2018). ""Road To Gold: Marcus 'Buchecha' Almeida (Checkmat)"". Flograppling. Retrieved 8 July 2019. - ^ Guilherme Cruz (January 2, 2015). ""BJJ star Marcus 'Buchecha' discusses MMA plans, training with Cain Velasquez and Daniel Cormier"". mmafighting.com. - ^ a b Damon Martin (July 30, 2020). ""Grappling legend Marcus 'Buchecha' Almeida inks contract with ONE Championship"". mmafighting.com. - ^ Alex Lindsey (August 12, 2020). ""Buchecha Knee Injury Leads To Cancellation Of Fabricio Werdum Match"". jitsmagazine.com. - ^ ""ONE doveo senegalsku zvijer Reug Reuga, već u prvoj borbi ide na ikonu borilačkog sporta"". fightsite.hr. 22 December 2020. Retrieved 22 December 2020. - ^ ""Marcus 'Buchecha' Almeida MMA Debut Delayed Again"". 13 January 2021. - ^ Alonso, Marcelo. ""Marcus Almeida Set for MMA Debut Against Ji Won Kang at One on TNT 1 on April 7"". sherdog.com. Retrieved 2 March 2021. - ^ Cruz, Guilherme (12 March 2021). ""Marcus 'Buchecha' Almeida vs. Ji Won Kang off ONE on TNT 2"". mmafighting.com. Retrieved 13 March 2021. - ^ ""Christian Lee, Victoria Lee share card at ONE Championship: Revolution"". MMA Junkie. 2021-08-18. Retrieved 2021-08-18. - ^ Martin, Damon (8 September 2021). ""Marcus 'Buchecha' Almeida gets new opponent for ONE Championship debut"". mmafighting.com. Retrieved 8 September 2021. - ^ ""Anderson Silva gets submitted in the opening round at ONE: 'Revolution' | Asian MMA"". AsianMMA. 2021-09-24. Retrieved 2021-09-24. - ^ Taylor, Tom (12 November 2021). ""ONE Championship: Heavyweights Kang Ji-won and ""Buchecha"" to Battle on December 3"". scmp.com. Retrieved 2 December 2021. - ^ ""ONE Championship 'Winter Warriors' Results: Stamp Wins Grand Prix, Eersel Defends"". Combat Press. Retrieved 2021-12-03. - ^ Martin, Damon (2022-03-30). ""Marcus Buchecha set to face 'Reug Reug' at ONE: Reloaded on April 22"". MMA Fighting. Retrieved 2022-03-31. - ^ Cruz, Guilherme (2022-04-18). ""Marcus Buchecha vs. 'Reug Reug' off again, removed from Friday's ONE: Reloaded card"". MMA Fighting. Retrieved 2022-04-18. - ^ Guilherme Cruz (April 29, 2022). ""Marcus Buchecha vs. Hugo Cunha official for ONE 157 with 'Reug Reug' injured"". mmafighting.com. - ^ Jay Anderson (May 19, 2022). ""ONE 157 Loses Buchecha Fight Due to COVID-19 Protocols"". cagesidepress.com. - ^ Kerman, Garrett (26 May 2022). ""'Buchecha' putting in work at Phuket Fight Club ahead of next MMA bout"". sportskeeda.com. Retrieved 26 May 2022. - ^ Coate, Ben (3 June 2022). ""Video: Marcus 'Buchecha' Almeida secures first-round TKO at ONE 158"". grapplinginsider.com. Retrieved 3 June 2022. - ^ Kumar, Deepak (19 August 2022). ""Marcus 'Buchecha' Almeida Views Kirill Grishenko Bout at ONE on Prime Video 1 as 'A Huge Step Up'"". essentiallysports.com. Retrieved 26 August 2022.[permanent dead link] - ^ Anderson, Jay (2022-08-26). ""ONE on Prime Video: Marcus Almeida Taps Kirill Grishenko with Heel Hook"". Cageside Press. Retrieved 2022-08-27. - ^ a b Bear Frazer (2022-08-27). ""Chatri Sityodtong Awards 5 Performance Bonuses At ONE On Prime Video 1"". ONE Championship – The Home of Martial Arts. Retrieved 2022-08-27. - ^ Rogers, Kian (11 April 2023). ""Marcus 'Buchecha' Almeida Booked Against Oumar 'Reug Reug' Kane For Third Time"". JitsMagazine. Retrieved 11 April 2023. - ^ Anderson, Jay (2023-05-22). ""Reug Reug vs. Buchecha Announced for ONE Fight Night 13"". Cageside Press. Retrieved 2023-05-23. - ^ ""Marcus 'Buchecha' Almeida Handed First MMA Loss At One Fight Night 13"". Jitsmagazine. 5 August 2023. Retrieved 5 August 2023. - ^ Blackett, Todd (11 April 2023). ""Trailer Released For Film About The Life Of Marcus 'Buchecha' Almeida"". JitsMagazine. Retrieved 11 April 2023. - ^ Rogers, Kian. ""Marcus 'Buchecha' Almeida Set For MMA Return Against Amir Aliakbari At ONE 169"". Jits Magazine. Retrieved 14 September 2024. - ^ ""Marcus 'Buchecha' Almeida Rebounds With First-Round Finish At ONE 169"". Jits Magazine. Retrieved 9 November 2024. - ^ Rogers, Kian. ""Marcus 'Buchecha' Almeida To Become A Free Agent After ONE 169"". Jits Magazine. Retrieved 9 November 2024. - ^ Sherdog.com. ""Marcus 'Buchecha' Booked for UFC Debut in Abu Dhabi"". Sherdog. Retrieved 2025-07-07. - ^ Mike Bohn and Staff (2022-08-29). ""MMA Junkie's Submission of the Month for August: A 64-second heel hook"". mmajunkie.usatoday.com. Retrieved 2022-08-30. External links [edit]- Marcus Almeida in BJJ Heroes - Marcus Almeida on Martial Arts Ranking - Marcus ""Buchecha"" Almeida on BJJ Stars - Professional MMA record for Marcus Buchecha from Sherdog - Brazilian practitioners of Brazilian jiu-jitsu - Brazilian male mixed martial artists - Mixed martial artists utilizing Brazilian jiu-jitsu - People awarded a black belt in Brazilian jiu-jitsu - Living people - 1990 births - World Brazilian Jiu-Jitsu Championship medalists - World No-Gi Brazilian Jiu-Jitsu Championship medalists - IBJJF Hall of Fame inductees - Sportspeople from Santos, São Paulo - Martial artists from São Paulo (state) - Brazilian jiu-jitsu practitioners who have competed in MMA (men) - ONE Championship mixed martial artists - 21st-century Brazilian sportsmen",2012-06-12,https://en.wikipedia.org/wiki/Marcus_Buchecha
Martin Buday vs. Marcus Buchecha,"I wish Buday had fought a nasty wrestler before, this way I could gauge his takedown defense in an appropriate manner because thats all he will really need here. The problem is, while he is listed as having a 100% takedown defense, he hasn't fought anyone who attempted anything meaningful. Martin is going to be the better and more well rounded fighter in this matchup, but Marcus is so good at his one thing, that he might only need his one thing to get it done. I have to pick Martin here but I hate that he isn't dangerous or aggressive. Martin Buday Martin Buday is a powerful striker with heavy hands and 11 stoppage wins. He has solid footwork and throws everything with intent. He averages almost 5 significant strikes landed per minute but is a hittable himself and can be a slow starter. He is coming off the decision win over short notice Uran Satybaldiev Marcus Buchecha Marcus Buchecha is a BJJ nightmare. He is a heavyweight who can grapple like someone much smaller both off his back and on top. His striking isn't very good but he is big and carries some power. Being that he needs fights to get to the ground to win, he does shoot a lot of takedowns. Some are better than others, but he is pretty relentless with the attempts. He has a solid chin and a willingness to engage, but he is closer to a one dimensional BJJ nerd than he is a complete MMA fighter.",2021-05-01,https://wewantpicks.com/martin-buday-vs-marcus-buchecha/
Martin Buday - Marcus Buchecha,"Martin Buday 🏆 15 ❌ 2 ➖ 0 Age: 33 years Height: 6′4″ / 195 cm Reach: 77″ / 196 cm Stance: Orthodox July 26, 2025 | Martin Buday | Stat | Marcus Buchecha | |---|---|---| | 15-0-2 (7 KO) | Record | 4-0-1 (1 KO) | | 33 years | Age | 35 years | | 6′4″ / 195 cm | Height | 6′2″ / 190 cm | | 6′5″ / 196 cm | Reach | | | Orthodox | Stance | | | 47% | KO Ratio | 25% | Abu Dhabi, Etihad Arena, United Arab Emirates July 26, 2025 * Tickets are subject to availability Martin Buday 0% Marcus Buchecha 100% Martin Buday 0% Marcus Buchecha 100%",2025-07-26,https://ringside24.com/en/bout/12672/
UFC: Buday vs Buchecha už tento víkend. Kto je favoritom a aké sú kurzy?,"Kurzy na UFC zápas Buday vs. Buchecha: čo tipovať? Martina Buday čaká tento víkend v UFC mimoriadne ťažký zápas. Nastúpi síce proti debutantovi, ale nie je to žiadny začiatočník. Práve naopak. Marcus Buchecha je svetová legenda bojových športov. Aké šance dávajú stávkové kancelárie Slovákovi? Pozrite si kurzy, stavte si a sledujte zápas naživo. Kurzy Odvodené stávky Kompletná karta zápasov Foto: PxImages, Px Images / Alamy / Profimedia UFC on ABC 9: Buday vs. Buchecha – info, termín, miesto Turnaj UFC on ABC 9 s hlavným zápasom v strednej váhe medzi Robertom Whittakerom a Reinierom de Ridderom sa koná už túto sobotu 26. júla 2025 o 18:00 h pod strechou Etihad Arény v saudsko-arabskom Abu Dhabi. V otváracom zápase celého galavečera nastúpi slovenský bojovník Martin Buday, ktorý bude čeliť debutantovi, ale mimoriadne silnému, legendárnemu šampiónovi v jiu-jitsu Marcusovi ""Buchechovi"" Almeidovi. Registrujte sa, stavte si a sledujte UFC na Tipsport TV | UFC on ABC 9: BUDAY vs. BUCHECHA | | | 🗓️ Termín: | sobota, 26. júl 2025, 18:00 h | | 🌍 Miesto: | Etihad Arena, Abu Dhabi, SAE | | ✅ Kurzy: | Tipsport a všetky ďalšie stávkové kancelárie | | ▶️ Naživo: | Tipsport TV | Nova Sport 6 | Voyo | UFC Fight Pass | UFC: Martin Buday vs. Marcus ""Buchecha"" Almeida – kurzy, porovnanie, stávkové kancelárie Ponúkame vám prehľad šiestich najväčších stávkových kancelárií na Slovensku. Platí, že Buchecha je pomerne vysokým favoritom úplne všade. Martina Budaya čaká veľmi ťažký zápas. Bude sa musieť vysporiadať s najväčšou legendou a 13-násobným majstrom sveta v brazílskom jiu-jitsu, ktorý síce v profi MMA ešte nemá na konte veľa zápasov, no rozhodne má silné zbrane. Slovák má v UFC zatiaľ bilanciu 6 – 1, celkovo v profesionálnej kariére 15 – 2. Buchecha zatiaľ iba šesť zápasov, ale dobré štatistiky 5 – 1. Na zemi bude Brazílčan určite dominovať. V postoji si Buday verí, no bookmakeri aj odborníci to až tak ružovo nevidia. | KURZY | BUDAY | X | BUCHECHA | | Tipsport » | 2,89 | 45,00 | 1,36 | | Doxxbet » | 3,10 | 26,00 | 1,30 | | Synottip » | 3,28 | 26,00 | 1,31 | | Fortuna » | 3,30 | 50,00 | 1,31 | | Tipos » | 3,28 | 26,00 | 1,31 | | Niké » | 3,30 | 26,00 | 1,31 | Vybrať si môžete z viacerých stávkových kancelárií, podľa kurzov alebo iných vašich preferencií. Využiť môžete aj rôzne vstupné bonusy, ak sa zaregistrujete teraz ako nový zákazník. Získať môžete prvú stávku bez rizika či bonusové kredit zadarmo. Tipsport teraz každému novému hráčovi za registráciu daruje 20 € na prvé stávky úplne zadarmo. A k tomu možnosť uplatniť si vkladový bonus až do výšky 4 000 €. Ďalším darčekom je okamžitý bezpodmienečný 7-dňový prístup ku všetkým športovým live streamom na Tipsport TV, kde práve môžete v sobotu večer sledovať zadarmo aj zápas Budaya s Buchechom a celý tento turnaj. | TIPSPORT online stávková kancelária | |||| |---|---|---|---|---| | TIPSPORT BONUS 4 000 € + 20 € ZADARMO Vytvorte si účet v Tipsporte, kde na vás čaká 20 € zadarmo a bonus až 4 000 € na prvé stávky. | Martin Buday vs Marcus Buchecha – Tipsport odvodené stávky Stávková kancelária Tipsport ponúka na tento zápas okrem základných stávok na výsledok aj 13 odvodených stávkových príležitostí. Niekoľko zaujímavých sme vybrali aj do tabuľky nižšie. Môžete si staviť prakticky na všetko, čo vás v MMA zápase napadne. Spôsob ukončenia, počet kôl, čas predčasného ukončenia a potom rôzne kombinácie na víťaza a spôsob ukončenia, na počet kôl a spôsob ukonečnia a pod. Odporúčame dobre preskúmať kurzovú ponuku Tipsportu. | TIPSPORT | KURZY NA ODVODENÉ STÁVKY | | | KO/TKO/diskval. | Áno (4,26) | Nie (1,18) | | SUB | Áno (1,89) | Nie (1,81) | | DEC | Áno (3,00) | Nie (1,33) | | Počet kôl | Menej ako 1,5 (2,32) | Viac ako 1,5 (1,53) | | Menej ako 2,5 (1,61) | Viac ako 2,5 (2,16) | | | Víťaz a spôsob | Buday KO/TKO (6,20) | Buchecha KO/TKO (8,74) | | Buday SUB (19,50) | Buchecha SUB (1,97) | | | Buday DEC (7,13) | Buchecha DEC (4,68) | Aj keď to nebude znieť príliš optimisticky pre slovenských fanúšikov, Buday má v tomto zápase reálne malé šance na úspech. Od toho sa odvíjajú aj tieto kurzy, ktoré vidíte nižšie. Bookmakeri tak nejak predpovedajú a očakávajú, že zápas sa rozhodne na zemi a teda v prospech Buchechu. Prognóza z mojej strany je rovnaká. Brazílčan tento zápas s najväčšou pravdepodobnosťou dotiahne do víťazného konca práve skvelou technikou boja na zemi. Uvidíme zrejme vysokú školu brazílskeho jiu-jitsu. Ak by to malo byť inak, Buday by akosi musel na zemi získať prevahu alebo sa dobre brániť takedownom a vyriešiť to v postoji. V takomto prípade sa rád budem mýliť. ✅ TIP: Buchecha na submisiu (kurz 1,97) Stavte si v Tipsporte UFC on ABC: Whittaker vs. de Ridder: kompletná karta zápasov (fight card) a kurzy Turnaj v Abu Dhabi je veľmi kvalitne obsadený, čo pri takýchto podujatiach z kategórie Fight Night nebýva vždy zvykom. Najväčším ťahákom je, samozrejme, hlavný zápas v strednej váhe medzi Robertom Whittakerom (27-8) a Reinierom de Ridderom (20-2). No a potom uvidme niekoľko ruských borcov ako Petr Yan, Shara Magomedov, Nikita Krylov, Said Nurmagomedov či Muslim Salikhov. Zo známych mien sa predstavia aj Kazach Asu Almabayev, Uzbek Bogdan Guskov či Američan Bryce Mitchell. Na programe je aj kvalitné ženské brazílske derby medzi hviezdnou Amandou Ribas a Tabathou Ricci. Na všetky zápasy si môžete staviť s bonusom v Tipsporte | UFC on ABC 9 FIGHT CARD, ZÁPASY, KURZY | ||| | Main card | ||| | Robert Whittaker 1,68 | vs. | Reinier de Ridder 2,10 | Middleweight | | Petr Yan 1,25 | vs. | Marcus McGhee 3,65 | Bantamweight | | Shara Magomedov 1,12 | vs. | Marc-André Barriault 5,24 | Middleweight | | Asu Almabayev 1,82 | vs. | Jose Ochoa 1,94 | Flyweight | | Nikita Krylov 1,49 | vs. | Bogdan Guskov 2,43 | Light Heavyweight | | Preliminary card | ||| | Bryce Mitchell 1,72 | vs. | Said Nurmagomedov 2,02 | Bantamweight | | Muslim Salikhov 4,10 | vs. | Carlos Leal 1,19 | Welterweight | | Davey Grant 3,31 | Da'Mon Blackshear 1,27 | Bantamweight | | | Amanda Ribas 1,51 | vs. | Tabatha Ricci 2,38 | Straweight (w) | | Ibo Aslan 1,34 | vs. | Billy Elekana 2,92 | Light Heavyweight | | Mohammad Yahya 3,40 | vs. | Steven Nguyen 1,26 | Featherweight | | Martin Buday 2,89 | vs. | Marcus Buchecha 1,36 | Heavyweight | | TIPSPORT online stávková kancelária | |||| |---|---|---|---|---| | TIPSPORT BONUS 4 000 € + 20 € ZADARMO Vytvorte si účet v Tipsporte, kde na vás čaká 20 € zadarmo a bonus až 4 000 € na prvé stávky. | 18+ Hazardné hry predstavujú riziko finančných strát a vzniku závislosti. Hrajte zodpovedne a pre zábavu! Využitie bonusov je podmienené registráciou - informácie tu. SÚVISIACE ČLÁNKY Ľudovít Klein – profil a zápasy MMA bojovníka Ľudovít Klein je zápasník MMA a prvý Slovák v histórii, ktorý podpísal zmluvu so slávnou UFC. Ako sledovať UFC livestream, priamy prenos a PPV S účasťou slovenských a českých bojovníkov v tejto organizácii, stúpa záujem o turnaje UFC aj u nás. Ako a kde ich môžete sledovať naživo? Ako tipovať UFC: kurzy, tipy a live stávky vo Fortune UFC v roku 2025 môžete stále tipovať aj vo Fortune✌ Zaregistrujte sa a stavte si prvý tiket za 30 eur bez rizika.",2025-07-25,https://www.betarena.sk/rubriky/mma/kurzy-na-ufc-zapas-buday-vs-buchecha-co-tipovat_9430.html
MARCUS BUCHECHA HAS ARRIVED,"Marcus Buchecha is the most decorated Brazilian jiu jitsu competitor of all time; a 13-time world champion in the gi, as well as a two-time world champion in no-gi with multiple wins in the Pan-Am Championships and ADCC Submission Fighting World Championship as well. He’s a fourth-degree black belt under Rodrigo Cavaca who closed out his career on the mats with well over 100 career wins and victories over many of the biggest names to compete over the last decade plus. But this week, he’s a newcomer, set to make his first appearance inside the UFC Octagon in an intriguing matchup against Martin Buday on Saturday evening at Etihad Arena. GET YOUR TICKETS: UFC Abu Dhabi | UFC 319 | UFC Shanghai | UFC Paris “I feel like a white belt, starting at the beginning,” Buchecha said on Tuesday from his hotel room in Abu Dhabi. “I’ve got a couple (promotions) already in my MMA career, but I’m far away from being a real MMA black belt, but I’m enjoying the ride so much.” The 35-year-old Brazilian moved away from competing in BJJ in the fall of 2019, shifting his focus to mixed martial arts. Less than a year later, he signed with ONE Championship and after injuries delayed his debut, he finally stepped into the cage for the first time just shy of two years after his final match at the 2019 ADCC World Championship, defeating Brazilian kickboxer Anderson “Braddock” Silva by first-round submission. Over the next three years, Buchecha would compete five more times, amassing a 5-1 record and cementing his standing as an intriguing prospect on the heavyweight landscape; a legitimate world-class specialist in a division where dominant grapplers are a rare breed. So with a handful of fights already behind him and training with an elite squad at American Top Team, where would the debuting heavyweight and BJJ legend say he ranks in terms of MMA belts at the moment? “I think I’m gonna leave that for people to (decide) after a couple of fights; I’m not gonna rank myself,” he said with a smile and a laugh, deftly side-stepping the question. “I’m gonna leave that for the people who are gonna be watching, all the media, to do this. You guys will have this job.” Time will tell where Buchecha stacks up in the heavyweight division, but he’s hopeful to follow in the footsteps of several other standout Brazilian jiu jitsu practitioners that have ventured into the world of MMA and amassed a tremendous amount of success. “Demian Maia, for sure, number one,” he said when asked which athletes he’s looked at for inspiration as he’s embarked on this new adventure, quickly citing the highly respected two-time title challenger. “Gilbert Burns, Charles “Do Bronxs,” Rodolfo Vieira — all these guys that I watched doing jiu jitsu and they did the transition so well to MMA. “We have, of course, Fabricio Werdum, who won pretty much everything in jiu jitsu and was UFC world champ, so I always watch these guys, and now I’m following in their steps. It’s been great to now follow in their steps and having them support me, too. I got messages from all of them, support from them, and it’s amazing. FOLLOW @UFCNEWS: On Facebook | On Instagram | On X | On Threads “(Alexandre) Pantoja uses his jiu jitsu well, as well; that’s my training partner, too,” he added, making sure to shout out the UFC flyweight champion. “I watch all these guys and try to do the same as they’re doing inside the Octagon.” For the Brazilian jiu jitsu legend, the transition to mixed martial arts and seeking to follow in the footsteps of the standouts that blazed the trail before him rekindled a fire for training and competing that had all but burnt out towards the end of his grappling career. “I didn’t have this will to train, this will to compete, with jiu jitsu anymore because I accomplished pretty much everything in my career,” began Buchecha, who has earned first-round stoppages — four by submission — in each of his five career wins. “So I have this will, this desire to train again; to go there and test myself, and that is what I’m doing. I test myself in the gi, I test myself in no-gi, and now I’m testing my jiu jitsu in the cage, in the UFC. “It’s a new sport: the jiu jitsu is totally different for MMA than for competition. It took me a while to learn, to understand the game, how to perfect my jiu jitsu for MMA because of course we have a lot of different factors — the cage, the punches, the ground; it changes everything. READ: The 10 Fights To Tune-In For In July “It took me a while to adapt, but after I did, after I started realizing, everything started making more sense, I think my jiu jitsu got much better,” he added. “I never had my jiu jitsu so sharp as I have it right now. I still train in jiu jitsu every day, so if I go to competitions, I think I would have my jiu jitsu the best I’ve had my whole career because I’m training so much.” That’s a scary proposition considering he’s already widely regarded as one of the greatest competitors to ever grace the mats, and should be a concerning thought for the athletes in the UFC heavyweight division. But, as he said, MMA is a different sport than jiu jitsu, and there have been plenty of world champions that faltered upon making their way into the Octagon, which is why Saturday’s matchup with Buday feels like such a perfect introductory assignment for Buchecha. A member of the Dana White’s Contender Series (DWCS) Class of ’21, the 33-year-old Buday is a behemoth of a man, standing six-foot-four and needing to cut down to make the heavyweight limit. He’s also been an effective and successful competitor since graduating tothe UFC roster, posting a 6-1 record through his first seven appearances. Saturday's Fight By Fight Preview While not always the most aesthetically pleasing at times, wins are wins, and beating someone with as much experience and success at this level would be a major statement for the debuting Brazilian, not that those things factored into his decision to accept the fight at all. “Martin is a really experienced fighter; he has seven fights already in the UFC, six wins,” began Buchecha, offering his thoughts on the hulking Slovakian. “I watched all of his fights, I know how he uses his game. “He’s a great opponent, really experienced — he’s used to fighting three rounds — but to be honest with you, when my manager told me ‘You’re gonna fight in the UFC,’ it didn’t really matter the opponent because that was a dream come true,” he continued, a smile stretching across his face. “When he gave me the name, I said, ‘Let’s do it!’ He’s an experienced fighter, so let’s do it. “I’m excited,” he added. “It’s going to be the biggest challenge of my career so far, but my career was full of challenges the whole time, so it’s gonna be another big one, for sure.” Just as he’s not assigning himself a belt rank in MMA, Buchecha also isn’t setting any hard and fast targets for himself as he takes this next step forward in his career. Instead, he’s simply enjoying the moment and focused on making the absolute most of it. “It’s a dream come true, but it’s just the beginning; it’s just the first step. I know there is a lot to go, a lot ahead, and I hope I have a really good and successful career here in the UFC. This is something that I dreamed of for so long, fought for for so long, and it’s finally happening. It took me a while to get here, but finally I made it, and I’m gonna make it count. “I’m gonna give my best and I’m not gonna count the days, I’m gonna make the days count here.” And as always, he’s going to represent for his sport. “After the UFC news, everyone starts supporting me, everybody’s got my back,” offered Buchecha. “That made me really happy because I wasn’t expecting that. It’s one more reason to carry the jiu jitsu flag in the Octagon, in the UFC, and that’s what I’m always gonna do — I’m always gonna bring the jiu jitsu flag with me, represent jiu jitsu.”",2025-07-23,https://www.ufc.com/news/marcus-buchecha-has-arrived-ufc-abu-dhabi
BJJ legend Marcus Buchecha believes ‘pressure’ is on opponent ahead of debut at UFC Abu Dhabi,"Martin Buday has won six of his seven UFC fights since joining the company in 2022 and has never been submitted in 17 professional bouts, but promotional newcomer Marcus Buchecha is still heavily favored to win their UFC Abu Dhabi clash. Ahead of their fight this Saturday, Buchecha disagrees with that sentiment. “I’m anxious to feel all that, but I’m not feeling pressured,” Buchecha told MMA Fighting ahead of his UFC debut. “I think the pressure is on the other side. Sure, I have my titles, I have my career, my history in jiu-jitsu, and I’ll take all that experience with me to the UFC, but I’m not the favorite. “If we were to fight on the gi, then I would be the favorite and pressured to win. With that obligation to win, let’s put it this way. But in MMA, I don’t feel that. I never did [in ONE Championship], and also not in the UFC. I’m new to the sport, but I’m coming hungry for this.” The Brazilian is nothing short of a legend in the grappling circuit with a record 13 IBJJF world championships as a black belt and a pair of ADCC gold medals won, plus a long list of major achievements in the sport. Buchecha joined MMA in 2021 and currently owns a record of 5-1, with all of his wins coming by way of first-round finish. Despite the hype, Buchecha isn’t feeling pressure on his shoulders to deliver. Having not fought in a while, a forced layoff had Buchecha considering retirement. He wants to make up for lost time and fight again in 2025 after UFC Abu Dhabi, but a dream chance to be part of UFC Rio de Janeiro on Oct. 11 could be too early. “The focus is on the 26th. I live one step at a time,” Buchecha said. “I want to keep my feet on the ground, go there and fight, and then make that type of plan. But I’m super excited for this debut. I’m happy to be fighting. I’ll carry the jiu-jitsu flag to the world’s greatest and most famous octagon.” Buday scored decision victories over Andrei Arlovski and Uran Satybaldiev in his most recent octagon appearances, rebounding from his lone octagon defeat, a second-round TKO to Shamil Gaziev. Buchecha gives Buday the “pressure” to win given his experience, and is grateful to have the opportunity to train with a long list of experienced heavyweights over at American Top Team in Florida, from Renan Ferreira to Junior dos Santos to Rodrigo Nascimento, plus a coaching staff that includes Katel Kubis, Steve Mocco, “King Mo” Lawal, Marcos Parumpa, Conan Silveira and Mike Brown. “He’s a [jiu-jitsu] black belt,” Buchecha said of Buday. “There’s a lot of heavyweights that are monsters on the feet but know nothing when they hit the ground. That’s not his case. He’s a black belt and trains jiu-jitsu for quite a while, but I’ve fought against black belts my entire life. World championships, all black belts there, so my opponent being a black belt or not doesn’t change anything for me because I’ll always believe in my jiu-jitsu against anyone.” “But I have to be prepared for any situation, right?” he continued. “If the fight doesn’t go to the ground we have to stay on the feet, so we have to feel comfortable there. I’ll be prepared for all areas, like it happened to me when I wasn’t able to take the fight to the ground and had to fight on the feet, taking longer for me to get it to the ground. This is the magic about MMA. The plan doesn’t always work, but the fighter has to adapt, has to figure it out.” Loading comments...",2025-07-24,https://www.mmafighting.com/2025/7/24/24471751/bjj-legend-marcus-buchecha-believes-pressure-is-on-opponent-ahead-of-debut-at-ufc-abu-dhabi
Marcus Buchecha,"SB Nation Login Sign Up Home UFC Videos The MMA Hour Photos Schedule Fight Results News Store Sections Results Podcasts BKFC Video Booth Bellator Full Archive About Masthead Community Guidelines More SB Nation All 245 blogs 🔎 Search Search Videos Latest News Marcus Buchecha Fighter Stats Previous Fight UFC Abu Dhabi: Whittaker vs. De Ridder July 26, 2025 Martin Buday vs. Marcus Buchecha Buchecha news from MMA Fighting: UFC Abu Dhabi Results: Whittaker vs. De Ridder from MMA Fighting: Reinier de Ridder admits it’s ‘not looking good for ONE Championship,’ thankful UFC is keeping him busy from MMAmania.com: Live: UFC Abu Dhabi ceremonial weigh ins video | Whittaker vs. De Ridder from MMA Fighting: UFC Abu Dhabi weigh-in results: Robert Whittaker, Reinier de Ridder hit the mark to make main event official from MMAmania.com: Live: UFC Abu Dhabi early weigh ins results | Whittaker vs. De Ridder from MMAmania.com: Who is UFC Abu Dhabi’s Marcus Buchecha, and can he become instant title contender? from MMA Fighting: BJJ legend Marcus Buchecha believes ‘pressure’ is on opponent ahead of debut at UFC Abu Dhabi from MMAmania.com: UFC Abu Dhabi odds: Best betting props, parlays and picks | Whittaker vs. de Ridder from MMAmania.com: Latest UFC Abu Dhabi fight card, ABC start time, date and location | Whittaker vs. De Ridder from MMA Fighting: Morning Report: Chael Sonnen theorizes early stoppage in UFC Nashville main event was accidental from MMA Fighting: Morning Report: Alexander Volkanovski calls concussion from Islam Makhachev worse than Ilia Topuria knockout from MMA Fighting: Marcus Buchecha signs with UFC, will debut in Abu Dhabi More Marcus Buchecha News",2025-07-26,https://www.mmafighting.com/fighter/6767/marcus-buchecha
Marcus Buchecha Record: 5-1-0,"SLpM - Significant Strikes Landed per Minute Str. Acc. - Significant Striking Accuracy SApM - Significant Strikes Absorbed per Minute Str. Def. - Significant Strike Defence (the % of opponents strikes that did not land) TD Avg. - Average Takedowns Landed per 15 minutes TD Acc. - Takedown Accuracy TD Def. - Takedown Defense (the % of opponents TD attempts that did not land) Sub. Avg. - Average Submissions Attempted per 15 minutes | W/L | Fighter | Kd | Str | Td | Sub | Event | Method | Round | Time | |---|---|---|---|---|---|---|---|---|---| | UFC Fight Night: Whittaker vs. De Ridder Jul. 26, 2025 |",2025-07-26,http://ufcstats.com/fighter-details/095854a135e6db55
Marcus Buchecha - Wikipedia,"Marcus Buchecha | Marcus Almeida | | |---|---| | Born | Marcus Vinícius Oliveira de Almeida January 8, 1990 Santos, São Paulo, Brazil | | Other names | Buchecha | | Height | 6 ft 3 in (191 cm) | | Weight | 254 lb (115 kg; 18 st 2 lb) | | Division | Heavyweight | | Reach | 80 in (203 cm) | | Style | Brazilian Jiu-Jitsu | | Team | Checkmat American Kickboxing Academy (2014–present)[1] American Top Team (2020–present)[2] | | Rank | 4th deg. BJJ black belt[3] | | Years active | 2011–present | | Mixed martial arts record | | | Total | 6 | | Wins | 5 | | By knockout | 1 | | By submission | 4 | | Losses | 1 | | By decision | 1 | | Other information | | | Mixed martial arts record from Sherdog | | Medal record | Marcus Vinícius Oliveira de Almeida, also known as Buchecha (born January 8, 1990) is a Brazilian professional mixed martial artist and 4th-degree black belt Brazilian jiu-jitsu (BJJ) practitioner.[a] A professional since 2020, He currently competes in the Heavyweight division of the Ultimate Fighting Championship (UFC). He formerly competed in the heavyweight division of ONE Championship. A multiple-time World jiu-jitsu and ADCC submission fighting champion, Buchecha is a member of the IBJJF Hall of Fame and widely considered as one of the greatest Brazilian jiu-jitsu competitors of all time. Early life [edit]Almeida was born and grew up in Santos, São Paulo. His sister started training Brazilian jiu-jitsu when Marcus was 14 years old, forcing him to come along to the gym so their father Clayton could keep an eye on her.[5] Subsequently, Marcus and Clayton started training jiu-jitsu also, leading both to become black belts and the latter winning IBJJF Masters World Championship.[6] Almeida is a black belt under Rodrigo Cavaca, who gave Almeida his nickname Buchecha, which means cheek and is a reference to him having chubby cheeks when he was overweight.[7] Almeida competes under the Checkmat team.[8] Mixed martial arts career [edit]ONE Championship [edit]Despite talking about transitioning to mixed martial arts since 2015, news surfaced four years later on July 30, 2020, that Almeida had signed a multi-year contract with ONE Championship.[9][10] He has been training mixed martial arts at the American Kickboxing Academy and has competed in the heavyweight division.[10] In August 2020, Almeida had to withdraw from an upcoming BJJ match with Fabrício Werdum due to a knee injury that has also delayed his MMA debut for ONE FC.[11] Almeida was scheduled to make his MMA debut against Oumar Kane at ONE Championship.[12] Unfortunately, Almeida was removed from the card and replaced with Alain Ngalani on 13 January 2021, reportedly due to suffering an injury in training.[13] After recovering from his injury, he was booked to make his MMA debut against Kang Ji-Won at ONE on TNT 1.[14] Kang later withdrew from the bout for undisclosed reasons.[15] Almeida was scheduled to face Thomas Narmo at ONE Championship: Revolution on September 24, 2021.[16] Narmo later withdrew for undisclosed reasons, and was replaced by Anderson “Braddock” Silva.[17] He won the bout in the first round via north-south choke.[18] Almeida faced Kang Ji Won at ONE: Winter Warriors on December 3, 2021.[19] He won the bout via rear-naked choke in the first round.[20] Almeida was scheduled to face Oumar ""Reug Reug"" Kane on April 22, 2022 at ONE 156.[21] However, the week of the event, it was announced that the bout would be moved to May 20.[22] Yet, Kane withdrew from the bout citing injury and was replaced by Hugo Cunha who in turn tested positive for COVID-19 and the bout was scrapped.[23][24] Almeida was later rescheduled to face Simon Carson at ONE 158 on June 3, 2022.[25] He won the fight by a first-round technical knockout, stopping Carson with ground and pound midway through the opening round.[26] Almeida faced Kirill Grishenko at ONE on Prime Video 1 on August 27, 2022.[27] He won the bout early in the first round after submmiting Kirill with a heel hook.[28] This win earned him the Performance of the Night award.[29] Almeida faced Oumar Kane on August 5, 2023, at ONE Fight Night 13.[30][31] He lost the fight by unanimous decision.[32] A biopic entitled Buchecha: Far Beyond World Records was released in 2023.[33] Almeida faced Amir Aliakbari on November 9, 2024, at ONE 169.[34] He won the fight by submission in the first round and earned a $50,000 ‘Performance of the Night’ bonus.[35] This was the final fight of Almeida’s contract, and he became a free agent after it.[36] Ultimate Fighting Championship [edit]On July 7, 2025, it was reported that Almeida had signed with Ultimate Fighting Championship and he is scheduled to make his promotional debut against Martin Buday on July 26, 2025, at UFC on ABC 9.[37] Championships and accomplishments [edit]Brazilian jiu-jitsu / Submission wrestling [edit]Main Achievements (Black Belt):[5] - ADCC Submission Fighting World Champion (2013 / 2017) - IBJJF World Champion (2012[b] / 2013[b] / 2014[b] / 2016[b] / 2017[b] / 2018 / 2019[b]) - IBJJF World No-Gi Champion (2010[b] / 2011[b]) - IBJJF Pan Champion (2012**) - IBJJF Pro League Grand Prix Champion (2016) - UAEJJF Abu Dhabi Pro Champion (2012[c] / 2013[c] / 2014[b] / 2015[b]) - 2nd Place ADCC World Championship (2019[c]) - 3rd Place IBJJF World Championship (2011[c]) - 3rd Place ADCC World Championship (2017[c]) Mixed martial arts [edit]- ONE Championship - Performance of the Night (Two times) vs. Kirill Grishenko and Amir Aliakbari[29] - MMAjunkie.com - 2022 August Submission of the Month vs. Kirill Grishenko[38] Brazilian jiu-jitsu / submission wrestling record [edit]| 142 Matches, 128 Wins (67 Submissions), 13 Losses (6 Submissions), 1 draw | |||||||| | Rec. | Result | Opponent | Method | Event | Division | Type | Date | Location | |---|---|---|---|---|---|---|---|---| | Loss | 128–13–1 | Gordon Ryan | Negative Points (1–0) | ADCC World Championship | Absolute | Nogi | September 29, 2019 | Anaheim, CA | | Win | 128–12–1 | Mahamed Aly | Submission (rear naked choke) | ||||| | Win | 127–12–1 | Aaron Johnson | Points (3–0) | ||||| | Win | 126–12–1 | Keith Krikorian | Submission (armbar) | ||||| | Loss | 125–12–1 | Kaynan Duarte | Referee Decision | +99 kg | |||| | Win | 125–11–1 | Victor Hugo | Points (3–0) | September 28, 2019 | |||| | Win | 124–11–1 | Antonio Braga Neto | Points (2–0) | ||||| | Win | 123–11–1 | Ricardo Evangelista | Submission (bow & arrow choke) | IBJJF World Championship | +100 kg | Gi | June 2, 2018 | Long Beach, CA | | Win | 122–11–1 | Max Gimenis | Submission (choke) | ||||| | Win | 121–11–1 | Thomas McMahon | Points (11–0) | ||||| | Win | 120–11–1 | Felipe Andrew | Submission (armbar) | Absolute | June 1, 2018 | ||| | Win | 119–11–1 | Felipe Pena | Referee Decision | ||||| | Win | 118–11–1 | Otavio Nalati | Points (13–0) | ||||| | Loss | 117–11–1 | João Gabriel Rocha | Advantages | BJJ Stars | Superfight | Gi | February 23, 2019 | São Paulo | | Win | 117–10–1 | João Gabriel Rocha | Referee Decision | IBJJF World Championship | +100 kg | Gi | June 3, 2018 | Long Beach, CA | | Win | 116–10–1 | Victor Honório | Submission (kimura) | ||||| | Win | 115–10–1 | Otavio Nalati | Points (2–0) | ||||| | Win | 114–10–1 | Max Gimenis | Submission (choke) | June 2, 2018 | |||| | Win | 113–10–1 | Nicholas Meregali | Points (5–2) | Absolute | |||| | Win | 112–10–1 | Felipe Andrews | Submission (choke) | ||||| | Win | 111–10–1 | Rodrigo Martins | Points (2–0) | ||||| | Win | 110–10–1 | Mahamed Aly | Points | ACBJJ | Superfight | Gi | May 5, 2018 | Long Beach, CA | | Win | 109–10–1 | Mahamed Aly | Submission (heel hook) | ADCC World Championship | Absolute | Nogi | September 24, 2017 | Espoo | | Loss | 108–10–1 | Felipe Pena | Submission (rear naked choke) | ||||| | Win | 108–9–1 | Alexandre Ribeiro | Referee Decision | ||||| | Win | 107–9–1 | Mike Perez | Negative Points (0–1) | ||||| | Win | 106–9–1 | Orlando Sanchez | Points (6–0) | +99 kg | |||| | Win | 105–9–1 | Roberto Abreu | Points (4–0) | ||||| | Win | 104–9–1 | Tim Spriggs | Submission (rear naked choke) | September 23, 2017 | |||| | Win | 103–9–1 | Arman Zhanpeisov | Submission (rear naked choke) | ||||| | Win | 102–9–1 | Leandro Lo | Referee Decision | IBJJF Pro Grand Prix | Absolute | Gi | August 26, 2017 | Long Beach, CA | | Win | 101–9–1 | João Gabriel Rocha | Submission (choke) | ||||| | Win | 100–9–1 | Dimitrius Souza | Advantages (2–0) | ||||| | Loss | 99–9–1 | Roger Gracie | Submission (choke) | Gracie Pro | Superfight | Gi | July 23, 2017 | Rio de Janeiro | | Win | 99–8–1 | Leandro Lo | Advantages | IBJJF World Championship | Absolute | Gi | June 4, 2017 | Long Beach, CA | | Win | 98–8–1 | Gustavo Elias | Submission (brabo choke) | +100 kg | |||| | Win | 97–8–1 | João Gabriel Rocha | Submission (ezekiel choke) | ||||| | Win | 96–8–1 | Igor Schneider | Points (13–7) | ||||| | Win | 95–8–1 | Erberth Santos | Points (2–0) | Absolute | June 3, 2017 | ||| | Win | 94–8–1 | Mahamad Aly | Submission (choke) | ||||| | Win | 93–8–1 | Igor Schneider | Submission (armbar) | ||||| | Win | 92–8–1 | Rafael Lovato Jr. | Points (5–0) | ADCC North American Trials | Superfight | Nogi | April 15, 2017 | Los Angeles, CA | | Win | 91–8–1 | Eliot Marshall | Submission (inverted triangle) | Fight 2 Win | Superfight | Nogi | August 13, 2016 | Denver, CO | | Win | 90–8–1 | Leo Nogueira | Advantages | IBJJF Pro Grand Prix | Absolute | Gi | July 10, 2016 | Long Beach, CA | | Win | 89–8–1 | João Gabriel Rocha | Points (7–0) | ||||| | Win | 88–8–1 | Bruno Bastos | Submission (bow & arrow choke) | ||||| | Win | 87–8–1 | Erberth Santos | Points (4–2) | IBJJF World Championship | Absolute | Gi | Long Beach, CA | | | Win | 86–8–1 | James Puepolo | Submission (armbar) | +100 kg | |||| | Win | 85–8–1 | João Gabriel Rocha | Submission (armbar) | ||||| | Win | 84–8–1 | Felipe Pena | Submission (armbar) | Absolute | |||| | Win | 83–8–1 | Pedro Moura | Submission (armbar) | ||||| | Win | 82–8–1 | Elliot Kelly | Points (6–0) | ||||| | Loss | 81–8–1 | Ricardo Evangelista | Advantages | IBJJF World Championship | Absolute | Gi | 2015 | Long Beach, CA | | Win | 81–7–1 | Alan Regis | Submission (armbar) | ||||| | Win | 80–7–1 | Gabriel Checco | Submission (estima lock) | JJ World League | Superfight | Gi | || | Win | 79–7–1 | Alexander Trans | Advantages | World Cup | Absolute | Gi | Abu Dhabi | | | Win | 78–7–1 | Leandro Lo | Advantages | ||||| | Win | 77–7–1 | Erberth Santos | Submission (estima lock) | ||||| | Win | 76–7–1 | Helcio Pinto | Submission (guillotine choke) | ||||| | Win | 75–7–1 | Alexander Trans | Points (2–0) | +95 kg | |||| | Win | 74–7–1 | Ricardo Evangelista | Submission (guillotine choke) | ||||| | Win | 73–7–1 | Rodrigo Perriera | Submission (choke) | ||||| | Win | 72–7–1 | Rodolfo Vieira | Points (2–0) | IBJJF World Championship | Absolute | Gi | 2014 | Long Beach, CA | | Win | 71–7–1 | Alexander Trans | Submission (choke) | +100 kg | |||| | Win | 70–7–1 | Ricardo Evangelista | Submission (choke) | ||||| | Win | 69–7–1 | Helton Nogueira | Submission (armbar) | ||||| | Win | 68–7–1 | Keenan Cornelius | Points (10–4) | Absolute | |||| | Win | 67–7–1 | Felipe Pena | Submission (armbar) | ||||| | Win | 66–7–1 | Ricardo Evangelista | Advantages | ||||| | Win | 65–7–1 | James Nunes | Submission (armbar) | ||||| | Win | 64–7–1 | Alexander Trans | Points (2–0) | World Cup | +95 kg | Gi | Abu Dhabi | | | Win | 63–7–1 | Ricardo Evangelista | Advantages | ||||| | Win | 62–7–1 | Allan Ferreira | Points (7–0) | ||||| | Win | 61–7–1 | Rodolfo Vieira | Points (2–0) | Absolute | |||| | Win | 60–7–1 | Keenan Cornelius | Advantages | ||||| | Win | 59–7–1 | Victor Estima | Submission (choke) | ||||| | Win | 58–7–1 | Claudio Calasans | Submission (choke) | ||||| | Win | 57–7–1 | Luca Anacoreta | Submission (katagatame) | ||||| | Loss | 56–7–1 | Roberto Abreu | Points (0–10) | ADCC World Championship | Absolute | Nogi | 2013 | Beijing | | Win | 56–6–1 | Dean Lister | Points (5–0) | ADCC 2013 | Absolute | Nogi | 2013 | | | Win | 55–6–1 | Garry Tonon | Points | ADCC 2013 | Absolute | Nogi | 2013 | | | Win | 54–6–1 | João Gabriel Rocha | Submission (heel hook) | ADCC 2013 | +99 kg | Nogi | 2013 | | | Win | 53–6–1 | Roberto Abreu | Points | ADCC 2013 | +99 kg | Nogi | 2013 | | | Win | 52–6–1 | Hideki Sekine | Submission (kimura) | ADCC 2013 | +99 kg | Nogi | 2013 | | | Win | 51–6–1 | Jimmy Friedrich | Submission (toe hold) | ADCC 2013 | +99 kg | Nogi | 2013 | | | Win | 50–6–1 | Rodolfo Vieira | Points (10–0) | World Championship | Absolute | Gi | 2013 | Long Beach, CA | | Win | 49–6–1 | Alexander Trans | Referee Decision | World Championship | +100 kg | Gi | 2013 | | | Win | 48–6–1 | Igor Silva | Referee Decision | World Championship | +100 kg | Gi | 2013 | | | Win | 47–6–1 | Bernardo Faria | Points (7–4) | World Championship | Absolute | Gi | 2013 | | | Win | 46–6–1 | Ricardo Evangelista | Submission (ezekiel choke) | World Championship | Absolute | Gi | 2013 | | | Win | 45–6–1 | Bruno Bastos | Submission (triangle choke) | World Championship | Absolute | Gi | 2013 | | | Win | 44–6–1 | Flavius Luis | Submission (kimura) | World Championship | Absolute | Gi | 2013 | | | Win | 43–6–1 | Rodolfo Vieira | Points (4–2) | World Cup | Absolute | Gi | 2013 | Abu Dhabi | | Win | 42–6–1 | Tarsis Humphreys | Points | World Cup | Absolute | Gi | 2013 | | | Win | 41–6–1 | Roberto Abreu | Points (4–3) | World Cup | Absolute | Gi | 2013 | | | Loss | 40–6–1 | Rodrigo Cavaca | Points (2=7) | World Cup | +100 kg | Gi | 2013 | | | Win | 40–5–1 | Ricardo Evangelista | Points (2–0) | World Cup | +100 kg | Gi | 2013 | | | Win | 39–5–1 | André Galvão | Points (4–2) | Pan American Championship | Absolute | Gi | 2013 | Long Beach, CA | | Win | 38–5–1 | Bernardo Faria | Points (9–2) | ||||| | Win | 37–5–1 | Gustavo Campos | Points (19–2) | ||||| | Win | 36–5–1 | Marcel Goulart | Submission (inverted triangle) | Absolute | |||| | Draw | 35–5–1 | Roger Gracie | Decision | Metamoris | Superfight | Gi | 2012 | | | Win | 35–5 | Leo Nogueira | Points (8–4) | World Championship | Absolute | Gi | 2012 | Long Beach, CA | | Win | 34–5 | Márcio Cruz | Points (4–2) | World Championship | +100 kg | Gi | 2012 | | | Win | 33–5 | Igor Silva | Submission (kneebar) | World Championship | +100 kg | Gi | 2012 | | | Win | 32–5 | Alex Soares | Submission (choke) | World Championship | +100 kg | Gi | 2012 | | | Win | 31–5 | Bernardo Faria | Submission (Choke) | World Championship | Absolute | Gi | 2012 | | | Win | 30–5 | Rodolfo Vieira | Points (8–7) | World Championship | Absolute | Gi | 2012 | | | Win | 29–5 | Roberto Alencar | Submission (triangle choke) | World Championship | Absolute | Gi | 2012 | | | Win | 28–5 | Raymond Warren | Submission (armbar) | World Championship | Absolute | Gi | 2012 | | | Win | 27–5 | Antonio Braga Neto | Submission (footlock) | World Cup | +99 kg | Gi | 2012 | Abu Dhabi | | Win | 26–5 | José Junior | Submission (armbar) | World Cup | +99 kg | Gi | 2012 | | | Win | 25–5 | Thiago Souza | Points (2–0) | World Cup | +99 kg | Gi | 2012 | | | Win | 24–5 | Mike Wilson | Points (15–0) | World Cup | +99 kg | Gi | 2012 | | | Win | 23–5 | Adrian Nalito | Submission (toe hoke) | Gramado Trials | +94 kg | Gi | 2012 | | | Win | 22–5 | Alexander Trans | Points (2–0) | Pan American Championship | +99 kg | Gi | 2012 | Long Beach, CA | | Win | 21–5 | Kitner Moura | Submission (omoplata) | Pan American Championship | +99 kg | Gi | 2012 | | | Win | 20–5 | Kron Gracie | Submission (kneebar) | Pan American Championship | Absolute | Gi | 2012 | | | Win | 19–5 | Murilo Santana | Points (10–0) | Pan American Championship | Absolute | Gi | 2012 | | | Win | 18–5 | Matt Jubera | Submission (choke) | Pan American Championship | Absolute | Gi | 2012 | | | Win | 17–5 | Marcus Alentari | Submission (armbar) | Pan American Championship | Absolute | Gi | 2012 | | | Win | 16–5 | Leandro Lo | Points | CBJJE Pan Ams | Absolute | Gi | 2012 | | | Win | 15–5 | Claudio Calasans | Points | CBJJE Pan Ams | Absolute | Gi | 2012 | | | Win | 14–5 | Antonio Peinado | Submission (darce choke) | Nogi World Championship | +97.5 kg | Nogi | 2011 | Long Beach, CA | | Win | 13–5 | Joackim Hallum | Submission | Nogi World Championship | +97.5 kg | Nogi | 2011 | | | Win | 12–5 | Alberto Vilanova | Submission (triangle choke) | Nogi World Championship | +97.5 kg | Nogi | 2011 | | | Win | 11–5 | James Harbison | Submission (toe hold) | Nogi World Championship | Absolute | Nogi | 2011 | | | Win | 10–5 | Marcelo Goncalves | Points (4–0) | Nogi World Championship | Absolute | Nogi | 2011 | | | Win | 9–5 | Joackim Hallum | Points (24–2) | Nogi World Championship | Absolute | Nogi | 2011 | | | Loss | 8–5 | André Galvão | Submission | World Cup Trials | Superfight | Gi | 2011 | | | Loss | 8–4 | Vinny Magalhães | Submission (toe hold) | Ultimate Absolute NYC | Absolute | Nogi | July 30, 2011 | New York City, NY | | Loss | 8–3 | Leo Nogueira | Referee Decision | IBJJF World Championship | –100 kg | Gi | 2011 | Long Beach, CA | | Win | 8–2 | Antonio Peinado | Submission (toe hold) | World Championship | –100 kg | Gi | 2011 | | | Win | 7–2 | Charles Dantas | Submission (wrist lock) | World Championship | –100 kg | Gi | 2011 | | | Loss | 6–2 | Rodolfo Vieira | Submission (armbar) | World Championship | Absolute | Gi | 2011 | | | Win | 6–1 | Antonio Braga Neto | Submission (bow & arrow choke) | World Championship | –100 kg | Gi | 2011 | | | Win | 5–1 | Antonio Pega Leve | Submission (toe hold) | World Championship | –100 kg | Gi | 2011 | | | Win | 4–1 | Charles Dantas | Submission | World Championship | –100 kg | Gi | 2011 | | | Loss | 3–1 | Lúcio Rodrigues | Points (0–5) | World Cup | –92 kg | Gi | 2011 | Abu Dhabi | | Win | 3–0 | Caio Alencar | Submission | World Cup | –92 kg | Gi | 2011 | | | Win | 2–0 | Antonio Braga Neto | Submission (toe hold) | World Cup | –92 kg | Gi | 2011 | | | Win | 1–0 | Bruno Bastos | Submission (cross choke) | Pan American Championship | –100 kg | Gi | 2011 | Long Beach, CA | Mixed martial arts record [edit]| 6 matches | 5 wins | 1 loss | | By knockout | 1 | 0 | | By submission | 4 | 0 | | By decision | 0 | 1 | | Res. | Record | Opponent | Method | Event | Date | Round | Time | Location | Notes | |---|---|---|---|---|---|---|---|---|---| | Win | 5–1 | Amir Aliakbari | Submission (rear-naked choke) | ONE 169 | November 9, 2024 | 1 | 3:15 | Bangkok, Thailand | Performance of the Night. | | Loss | 4–1 | Oumar Kane | Decision (unanimous) | ONE Fight Night 13 | August 5, 2023 | 3 | 5:00 | Bangkok, Thailand | | | Win | 4–0 | Kirill Grishenko | Submission (heel hook) | ONE on Prime Video 1 | August 27, 2022 | 1 | 1:04 | Kallang, Singapore | Performance of the Night. | | Win | 3–0 | Simon Carson | TKO (punches) | ONE 158 | June 3, 2022 | 1 | 2:24 | Kallang, Singapore | | | Win | 2–0 | Kang Ji-won | Submission (rear-naked choke) | ONE: Winter Warriors | December 3, 2021 | 1 | 2:27 | Kallang, Singapore | | | Win | 1–0 | Anderson Silva | Submission (north-south choke) | ONE: Revolution | September 24, 2021 | 1 | 2:55 | Kallang, Singapore | Heavyweight debut. | Instructor lineage [edit]Carlos Gracie Sr. > Carlson Gracie > Élcio Figueiredo > Rodrigo Cavaca > Marcus Almeida Notes [edit]References [edit]- ^ Nolan Vest (July 30, 2020). ""Marcus Buchecha training at AKA with Daniel Cormier, Luke Rockhold head of MMA debut"". fansided.com. - ^ Marcelo Alonso (December 22, 2020). ""Jiu-Jitsu Champion Marcus Almeida to Face Oumar Kane at One's Feb. 24 Event"". sherdog.com. - ^ Jones, Phil. ""Marcus 'Buchecha' Almeida Promoted To 4th Degree BJJ Black Belt"". Jits Magazine. Retrieved 7 September 2024. - ^ ""Buchecha to receive his first degree in the black belt from Cavaca"". Graciemag. 12 December 2013. Archived from the original on 2 June 2022. Retrieved 8 July 2019. - ^ a b ""Marcus Almeida ""Buchecha"""". BJJ Heroes. 2011-01-16. - ^ ""Megaton, Mário Sperry, Titi and more winners from day 2 of the World Master Championship"". graciemag.com. 26 August 2017. Archived from the original on 14 April 2021. Retrieved September 23, 2020. - ^ Jones, Phil (3 July 2023). ""The 20 Best BJJ Nicknames"". Jitsmagazine. Retrieved 3 July 2023. - ^ Smith, Chase (4 June 2018). ""Road To Gold: Marcus 'Buchecha' Almeida (Checkmat)"". Flograppling. Retrieved 8 July 2019. - ^ Guilherme Cruz (January 2, 2015). ""BJJ star Marcus 'Buchecha' discusses MMA plans, training with Cain Velasquez and Daniel Cormier"". mmafighting.com. - ^ a b Damon Martin (July 30, 2020). ""Grappling legend Marcus 'Buchecha' Almeida inks contract with ONE Championship"". mmafighting.com. - ^ Alex Lindsey (August 12, 2020). ""Buchecha Knee Injury Leads To Cancellation Of Fabricio Werdum Match"". jitsmagazine.com. - ^ ""ONE doveo senegalsku zvijer Reug Reuga, već u prvoj borbi ide na ikonu borilačkog sporta"". fightsite.hr. 22 December 2020. Retrieved 22 December 2020. - ^ ""Marcus 'Buchecha' Almeida MMA Debut Delayed Again"". 13 January 2021. - ^ Alonso, Marcelo. ""Marcus Almeida Set for MMA Debut Against Ji Won Kang at One on TNT 1 on April 7"". sherdog.com. Retrieved 2 March 2021. - ^ Cruz, Guilherme (12 March 2021). ""Marcus 'Buchecha' Almeida vs. Ji Won Kang off ONE on TNT 2"". mmafighting.com. Retrieved 13 March 2021. - ^ ""Christian Lee, Victoria Lee share card at ONE Championship: Revolution"". MMA Junkie. 2021-08-18. Retrieved 2021-08-18. - ^ Martin, Damon (8 September 2021). ""Marcus 'Buchecha' Almeida gets new opponent for ONE Championship debut"". mmafighting.com. Retrieved 8 September 2021. - ^ ""Anderson Silva gets submitted in the opening round at ONE: 'Revolution' | Asian MMA"". AsianMMA. 2021-09-24. Retrieved 2021-09-24. - ^ Taylor, Tom (12 November 2021). ""ONE Championship: Heavyweights Kang Ji-won and ""Buchecha"" to Battle on December 3"". scmp.com. Retrieved 2 December 2021. - ^ ""ONE Championship 'Winter Warriors' Results: Stamp Wins Grand Prix, Eersel Defends"". Combat Press. Retrieved 2021-12-03. - ^ Martin, Damon (2022-03-30). ""Marcus Buchecha set to face 'Reug Reug' at ONE: Reloaded on April 22"". MMA Fighting. Retrieved 2022-03-31. - ^ Cruz, Guilherme (2022-04-18). ""Marcus Buchecha vs. 'Reug Reug' off again, removed from Friday's ONE: Reloaded card"". MMA Fighting. Retrieved 2022-04-18. - ^ Guilherme Cruz (April 29, 2022). ""Marcus Buchecha vs. Hugo Cunha official for ONE 157 with 'Reug Reug' injured"". mmafighting.com. - ^ Jay Anderson (May 19, 2022). ""ONE 157 Loses Buchecha Fight Due to COVID-19 Protocols"". cagesidepress.com. - ^ Kerman, Garrett (26 May 2022). ""'Buchecha' putting in work at Phuket Fight Club ahead of next MMA bout"". sportskeeda.com. Retrieved 26 May 2022. - ^ Coate, Ben (3 June 2022). ""Video: Marcus 'Buchecha' Almeida secures first-round TKO at ONE 158"". grapplinginsider.com. Retrieved 3 June 2022. - ^ Kumar, Deepak (19 August 2022). ""Marcus 'Buchecha' Almeida Views Kirill Grishenko Bout at ONE on Prime Video 1 as 'A Huge Step Up'"". essentiallysports.com. Retrieved 26 August 2022.[permanent dead link] - ^ Anderson, Jay (2022-08-26). ""ONE on Prime Video: Marcus Almeida Taps Kirill Grishenko with Heel Hook"". Cageside Press. Retrieved 2022-08-27. - ^ a b Bear Frazer (2022-08-27). ""Chatri Sityodtong Awards 5 Performance Bonuses At ONE On Prime Video 1"". ONE Championship – The Home of Martial Arts. Retrieved 2022-08-27. - ^ Rogers, Kian (11 April 2023). ""Marcus 'Buchecha' Almeida Booked Against Oumar 'Reug Reug' Kane For Third Time"". JitsMagazine. Retrieved 11 April 2023. - ^ Anderson, Jay (2023-05-22). ""Reug Reug vs. Buchecha Announced for ONE Fight Night 13"". Cageside Press. Retrieved 2023-05-23. - ^ ""Marcus 'Buchecha' Almeida Handed First MMA Loss At One Fight Night 13"". Jitsmagazine. 5 August 2023. Retrieved 5 August 2023. - ^ Blackett, Todd (11 April 2023). ""Trailer Released For Film About The Life Of Marcus 'Buchecha' Almeida"". JitsMagazine. Retrieved 11 April 2023. - ^ Rogers, Kian. ""Marcus 'Buchecha' Almeida Set For MMA Return Against Amir Aliakbari At ONE 169"". Jits Magazine. Retrieved 14 September 2024. - ^ ""Marcus 'Buchecha' Almeida Rebounds With First-Round Finish At ONE 169"". Jits Magazine. Retrieved 9 November 2024. - ^ Rogers, Kian. ""Marcus 'Buchecha' Almeida To Become A Free Agent After ONE 169"". Jits Magazine. Retrieved 9 November 2024. - ^ Sherdog.com. ""Marcus 'Buchecha' Booked for UFC Debut in Abu Dhabi"". Sherdog. Retrieved 2025-07-07. - ^ Mike Bohn and Staff (2022-08-29). ""MMA Junkie's Submission of the Month for August: A 64-second heel hook"". mmajunkie.usatoday.com. Retrieved 2022-08-30. External links [edit]- Marcus Almeida in BJJ Heroes - Marcus Almeida on Martial Arts Ranking - Marcus ""Buchecha"" Almeida on BJJ Stars - Professional MMA record for Marcus Buchecha from Sherdog - Brazilian practitioners of Brazilian jiu-jitsu - Brazilian male mixed martial artists - Mixed martial artists utilizing Brazilian jiu-jitsu - People awarded a black belt in Brazilian jiu-jitsu - Living people - 1990 births - World Brazilian Jiu-Jitsu Championship medalists - World No-Gi Brazilian Jiu-Jitsu Championship medalists - IBJJF Hall of Fame inductees - Sportspeople from Santos, São Paulo - Martial artists from São Paulo (state) - Brazilian jiu-jitsu practitioners who have competed in MMA (men) - ONE Championship mixed martial artists - 21st-century Brazilian sportsmen",2012-06-12,https://en.wikipedia.org/wiki/Marcus_Buchecha
Martin Buday vs. Marcus Buchecha,"I wish Buday had fought a nasty wrestler before, this way I could gauge his takedown defense in an appropriate manner because thats all he will really need here. The problem is, while he is listed as having a 100% takedown defense, he hasn't fought anyone who attempted anything meaningful. Martin is going to be the better and more well rounded fighter in this matchup, but Marcus is so good at his one thing, that he might only need his one thing to get it done. I have to pick Martin here but I hate that he isn't dangerous or aggressive. Martin Buday Martin Buday is a powerful striker with heavy hands and 11 stoppage wins. He has solid footwork and throws everything with intent. He averages almost 5 significant strikes landed per minute but is a hittable himself and can be a slow starter. He is coming off the decision win over short notice Uran Satybaldiev Marcus Buchecha Marcus Buchecha is a BJJ nightmare. He is a heavyweight who can grapple like someone much smaller both off his back and on top. His striking isn't very good but he is big and carries some power. Being that he needs fights to get to the ground to win, he does shoot a lot of takedowns. Some are better than others, but he is pretty relentless with the attempts. He has a solid chin and a willingness to engage, but he is closer to a one dimensional BJJ nerd than he is a complete MMA fighter.",2021-05-01,https://wewantpicks.com/martin-buday-vs-marcus-buchecha/
Martin Buday - Marcus Buchecha,"Martin Buday 🏆 15 ❌ 2 ➖ 0 Age: 33 years Height: 6′4″ / 195 cm Reach: 77″ / 196 cm Stance: Orthodox July 26, 2025 | Martin Buday | Stat | Marcus Buchecha | |---|---|---| | 15-0-2 (7 KO) | Record | 4-0-1 (1 KO) | | 33 years | Age | 35 years | | 6′4″ / 195 cm | Height | 6′2″ / 190 cm | | 6′5″ / 196 cm | Reach | | | Orthodox | Stance | | | 47% | KO Ratio | 25% | Abu Dhabi, Etihad Arena, United Arab Emirates July 26, 2025 * Tickets are subject to availability Martin Buday 0% Marcus Buchecha 100% Martin Buday 0% Marcus Buchecha 100%",2025-07-26,https://ringside24.com/en/bout/12672/
UFC: Buday vs Buchecha už tento víkend. Kto je favoritom a aké sú kurzy?,"Kurzy na UFC zápas Buday vs. Buchecha: čo tipovať? Martina Buday čaká tento víkend v UFC mimoriadne ťažký zápas. Nastúpi síce proti debutantovi, ale nie je to žiadny začiatočník. Práve naopak. Marcus Buchecha je svetová legenda bojových športov. Aké šance dávajú stávkové kancelárie Slovákovi? Pozrite si kurzy, stavte si a sledujte zápas naživo. Kurzy Odvodené stávky Kompletná karta zápasov Foto: PxImages, Px Images / Alamy / Profimedia UFC on ABC 9: Buday vs. Buchecha – info, termín, miesto Turnaj UFC on ABC 9 s hlavným zápasom v strednej váhe medzi Robertom Whittakerom a Reinierom de Ridderom sa koná už túto sobotu 26. júla 2025 o 18:00 h pod strechou Etihad Arény v saudsko-arabskom Abu Dhabi. V otváracom zápase celého galavečera nastúpi slovenský bojovník Martin Buday, ktorý bude čeliť debutantovi, ale mimoriadne silnému, legendárnemu šampiónovi v jiu-jitsu Marcusovi ""Buchechovi"" Almeidovi. Registrujte sa, stavte si a sledujte UFC na Tipsport TV | UFC on ABC 9: BUDAY vs. BUCHECHA | | | 🗓️ Termín: | sobota, 26. júl 2025, 18:00 h | | 🌍 Miesto: | Etihad Arena, Abu Dhabi, SAE | | ✅ Kurzy: | Tipsport a všetky ďalšie stávkové kancelárie | | ▶️ Naživo: | Tipsport TV | Nova Sport 6 | Voyo | UFC Fight Pass | UFC: Martin Buday vs. Marcus ""Buchecha"" Almeida – kurzy, porovnanie, stávkové kancelárie Ponúkame vám prehľad šiestich najväčších stávkových kancelárií na Slovensku. Platí, že Buchecha je pomerne vysokým favoritom úplne všade. Martina Budaya čaká veľmi ťažký zápas. Bude sa musieť vysporiadať s najväčšou legendou a 13-násobným majstrom sveta v brazílskom jiu-jitsu, ktorý síce v profi MMA ešte nemá na konte veľa zápasov, no rozhodne má silné zbrane. Slovák má v UFC zatiaľ bilanciu 6 – 1, celkovo v profesionálnej kariére 15 – 2. Buchecha zatiaľ iba šesť zápasov, ale dobré štatistiky 5 – 1. Na zemi bude Brazílčan určite dominovať. V postoji si Buday verí, no bookmakeri aj odborníci to až tak ružovo nevidia. | KURZY | BUDAY | X | BUCHECHA | | Tipsport » | 2,89 | 45,00 | 1,36 | | Doxxbet » | 3,10 | 26,00 | 1,30 | | Synottip » | 3,28 | 26,00 | 1,31 | | Fortuna » | 3,30 | 50,00 | 1,31 | | Tipos » | 3,28 | 26,00 | 1,31 | | Niké » | 3,30 | 26,00 | 1,31 | Vybrať si môžete z viacerých stávkových kancelárií, podľa kurzov alebo iných vašich preferencií. Využiť môžete aj rôzne vstupné bonusy, ak sa zaregistrujete teraz ako nový zákazník. Získať môžete prvú stávku bez rizika či bonusové kredit zadarmo. Tipsport teraz každému novému hráčovi za registráciu daruje 20 € na prvé stávky úplne zadarmo. A k tomu možnosť uplatniť si vkladový bonus až do výšky 4 000 €. Ďalším darčekom je okamžitý bezpodmienečný 7-dňový prístup ku všetkým športovým live streamom na Tipsport TV, kde práve môžete v sobotu večer sledovať zadarmo aj zápas Budaya s Buchechom a celý tento turnaj. | TIPSPORT online stávková kancelária | |||| |---|---|---|---|---| | TIPSPORT BONUS 4 000 € + 20 € ZADARMO Vytvorte si účet v Tipsporte, kde na vás čaká 20 € zadarmo a bonus až 4 000 € na prvé stávky. | Martin Buday vs Marcus Buchecha – Tipsport odvodené stávky Stávková kancelária Tipsport ponúka na tento zápas okrem základných stávok na výsledok aj 13 odvodených stávkových príležitostí. Niekoľko zaujímavých sme vybrali aj do tabuľky nižšie. Môžete si staviť prakticky na všetko, čo vás v MMA zápase napadne. Spôsob ukončenia, počet kôl, čas predčasného ukončenia a potom rôzne kombinácie na víťaza a spôsob ukončenia, na počet kôl a spôsob ukonečnia a pod. Odporúčame dobre preskúmať kurzovú ponuku Tipsportu. | TIPSPORT | KURZY NA ODVODENÉ STÁVKY | | | KO/TKO/diskval. | Áno (4,26) | Nie (1,18) | | SUB | Áno (1,89) | Nie (1,81) | | DEC | Áno (3,00) | Nie (1,33) | | Počet kôl | Menej ako 1,5 (2,32) | Viac ako 1,5 (1,53) | | Menej ako 2,5 (1,61) | Viac ako 2,5 (2,16) | | | Víťaz a spôsob | Buday KO/TKO (6,20) | Buchecha KO/TKO (8,74) | | Buday SUB (19,50) | Buchecha SUB (1,97) | | | Buday DEC (7,13) | Buchecha DEC (4,68) | Aj keď to nebude znieť príliš optimisticky pre slovenských fanúšikov, Buday má v tomto zápase reálne malé šance na úspech. Od toho sa odvíjajú aj tieto kurzy, ktoré vidíte nižšie. Bookmakeri tak nejak predpovedajú a očakávajú, že zápas sa rozhodne na zemi a teda v prospech Buchechu. Prognóza z mojej strany je rovnaká. Brazílčan tento zápas s najväčšou pravdepodobnosťou dotiahne do víťazného konca práve skvelou technikou boja na zemi. Uvidíme zrejme vysokú školu brazílskeho jiu-jitsu. Ak by to malo byť inak, Buday by akosi musel na zemi získať prevahu alebo sa dobre brániť takedownom a vyriešiť to v postoji. V takomto prípade sa rád budem mýliť. ✅ TIP: Buchecha na submisiu (kurz 1,97) Stavte si v Tipsporte UFC on ABC: Whittaker vs. de Ridder: kompletná karta zápasov (fight card) a kurzy Turnaj v Abu Dhabi je veľmi kvalitne obsadený, čo pri takýchto podujatiach z kategórie Fight Night nebýva vždy zvykom. Najväčším ťahákom je, samozrejme, hlavný zápas v strednej váhe medzi Robertom Whittakerom (27-8) a Reinierom de Ridderom (20-2). No a potom uvidme niekoľko ruských borcov ako Petr Yan, Shara Magomedov, Nikita Krylov, Said Nurmagomedov či Muslim Salikhov. Zo známych mien sa predstavia aj Kazach Asu Almabayev, Uzbek Bogdan Guskov či Američan Bryce Mitchell. Na programe je aj kvalitné ženské brazílske derby medzi hviezdnou Amandou Ribas a Tabathou Ricci. Na všetky zápasy si môžete staviť s bonusom v Tipsporte | UFC on ABC 9 FIGHT CARD, ZÁPASY, KURZY | ||| | Main card | ||| | Robert Whittaker 1,68 | vs. | Reinier de Ridder 2,10 | Middleweight | | Petr Yan 1,25 | vs. | Marcus McGhee 3,65 | Bantamweight | | Shara Magomedov 1,12 | vs. | Marc-André Barriault 5,24 | Middleweight | | Asu Almabayev 1,82 | vs. | Jose Ochoa 1,94 | Flyweight | | Nikita Krylov 1,49 | vs. | Bogdan Guskov 2,43 | Light Heavyweight | | Preliminary card | ||| | Bryce Mitchell 1,72 | vs. | Said Nurmagomedov 2,02 | Bantamweight | | Muslim Salikhov 4,10 | vs. | Carlos Leal 1,19 | Welterweight | | Davey Grant 3,31 | Da'Mon Blackshear 1,27 | Bantamweight | | | Amanda Ribas 1,51 | vs. | Tabatha Ricci 2,38 | Straweight (w) | | Ibo Aslan 1,34 | vs. | Billy Elekana 2,92 | Light Heavyweight | | Mohammad Yahya 3,40 | vs. | Steven Nguyen 1,26 | Featherweight | | Martin Buday 2,89 | vs. | Marcus Buchecha 1,36 | Heavyweight | | TIPSPORT online stávková kancelária | |||| |---|---|---|---|---| | TIPSPORT BONUS 4 000 € + 20 € ZADARMO Vytvorte si účet v Tipsporte, kde na vás čaká 20 € zadarmo a bonus až 4 000 € na prvé stávky. | 18+ Hazardné hry predstavujú riziko finančných strát a vzniku závislosti. Hrajte zodpovedne a pre zábavu! Využitie bonusov je podmienené registráciou - informácie tu. SÚVISIACE ČLÁNKY Ľudovít Klein – profil a zápasy MMA bojovníka Ľudovít Klein je zápasník MMA a prvý Slovák v histórii, ktorý podpísal zmluvu so slávnou UFC. Ako sledovať UFC livestream, priamy prenos a PPV S účasťou slovenských a českých bojovníkov v tejto organizácii, stúpa záujem o turnaje UFC aj u nás. Ako a kde ich môžete sledovať naživo? Ako tipovať UFC: kurzy, tipy a live stávky vo Fortune UFC v roku 2025 môžete stále tipovať aj vo Fortune✌ Zaregistrujte sa a stavte si prvý tiket za 30 eur bez rizika.",2025-07-25,https://www.betarena.sk/rubriky/mma/kurzy-na-ufc-zapas-buday-vs-buchecha-co-tipovat_9430.html
MARCUS BUCHECHA HAS ARRIVED,"Marcus Buchecha is the most decorated Brazilian jiu jitsu competitor of all time; a 13-time world champion in the gi, as well as a two-time world champion in no-gi with multiple wins in the Pan-Am Championships and ADCC Submission Fighting World Championship as well. He’s a fourth-degree black belt under Rodrigo Cavaca who closed out his career on the mats with well over 100 career wins and victories over many of the biggest names to compete over the last decade plus. But this week, he’s a newcomer, set to make his first appearance inside the UFC Octagon in an intriguing matchup against Martin Buday on Saturday evening at Etihad Arena. GET YOUR TICKETS: UFC Abu Dhabi | UFC 319 | UFC Shanghai | UFC Paris “I feel like a white belt, starting at the beginning,” Buchecha said on Tuesday from his hotel room in Abu Dhabi. “I’ve got a couple (promotions) already in my MMA career, but I’m far away from being a real MMA black belt, but I’m enjoying the ride so much.” The 35-year-old Brazilian moved away from competing in BJJ in the fall of 2019, shifting his focus to mixed martial arts. Less than a year later, he signed with ONE Championship and after injuries delayed his debut, he finally stepped into the cage for the first time just shy of two years after his final match at the 2019 ADCC World Championship, defeating Brazilian kickboxer Anderson “Braddock” Silva by first-round submission. Over the next three years, Buchecha would compete five more times, amassing a 5-1 record and cementing his standing as an intriguing prospect on the heavyweight landscape; a legitimate world-class specialist in a division where dominant grapplers are a rare breed. So with a handful of fights already behind him and training with an elite squad at American Top Team, where would the debuting heavyweight and BJJ legend say he ranks in terms of MMA belts at the moment? “I think I’m gonna leave that for people to (decide) after a couple of fights; I’m not gonna rank myself,” he said with a smile and a laugh, deftly side-stepping the question. “I’m gonna leave that for the people who are gonna be watching, all the media, to do this. You guys will have this job.” Time will tell where Buchecha stacks up in the heavyweight division, but he’s hopeful to follow in the footsteps of several other standout Brazilian jiu jitsu practitioners that have ventured into the world of MMA and amassed a tremendous amount of success. “Demian Maia, for sure, number one,” he said when asked which athletes he’s looked at for inspiration as he’s embarked on this new adventure, quickly citing the highly respected two-time title challenger. “Gilbert Burns, Charles “Do Bronxs,” Rodolfo Vieira — all these guys that I watched doing jiu jitsu and they did the transition so well to MMA. “We have, of course, Fabricio Werdum, who won pretty much everything in jiu jitsu and was UFC world champ, so I always watch these guys, and now I’m following in their steps. It’s been great to now follow in their steps and having them support me, too. I got messages from all of them, support from them, and it’s amazing. FOLLOW @UFCNEWS: On Facebook | On Instagram | On X | On Threads “(Alexandre) Pantoja uses his jiu jitsu well, as well; that’s my training partner, too,” he added, making sure to shout out the UFC flyweight champion. “I watch all these guys and try to do the same as they’re doing inside the Octagon.” For the Brazilian jiu jitsu legend, the transition to mixed martial arts and seeking to follow in the footsteps of the standouts that blazed the trail before him rekindled a fire for training and competing that had all but burnt out towards the end of his grappling career. “I didn’t have this will to train, this will to compete, with jiu jitsu anymore because I accomplished pretty much everything in my career,” began Buchecha, who has earned first-round stoppages — four by submission — in each of his five career wins. “So I have this will, this desire to train again; to go there and test myself, and that is what I’m doing. I test myself in the gi, I test myself in no-gi, and now I’m testing my jiu jitsu in the cage, in the UFC. “It’s a new sport: the jiu jitsu is totally different for MMA than for competition. It took me a while to learn, to understand the game, how to perfect my jiu jitsu for MMA because of course we have a lot of different factors — the cage, the punches, the ground; it changes everything. READ: The 10 Fights To Tune-In For In July “It took me a while to adapt, but after I did, after I started realizing, everything started making more sense, I think my jiu jitsu got much better,” he added. “I never had my jiu jitsu so sharp as I have it right now. I still train in jiu jitsu every day, so if I go to competitions, I think I would have my jiu jitsu the best I’ve had my whole career because I’m training so much.” That’s a scary proposition considering he’s already widely regarded as one of the greatest competitors to ever grace the mats, and should be a concerning thought for the athletes in the UFC heavyweight division. But, as he said, MMA is a different sport than jiu jitsu, and there have been plenty of world champions that faltered upon making their way into the Octagon, which is why Saturday’s matchup with Buday feels like such a perfect introductory assignment for Buchecha. A member of the Dana White’s Contender Series (DWCS) Class of ’21, the 33-year-old Buday is a behemoth of a man, standing six-foot-four and needing to cut down to make the heavyweight limit. He’s also been an effective and successful competitor since graduating tothe UFC roster, posting a 6-1 record through his first seven appearances. Saturday's Fight By Fight Preview While not always the most aesthetically pleasing at times, wins are wins, and beating someone with as much experience and success at this level would be a major statement for the debuting Brazilian, not that those things factored into his decision to accept the fight at all. “Martin is a really experienced fighter; he has seven fights already in the UFC, six wins,” began Buchecha, offering his thoughts on the hulking Slovakian. “I watched all of his fights, I know how he uses his game. “He’s a great opponent, really experienced — he’s used to fighting three rounds — but to be honest with you, when my manager told me ‘You’re gonna fight in the UFC,’ it didn’t really matter the opponent because that was a dream come true,” he continued, a smile stretching across his face. “When he gave me the name, I said, ‘Let’s do it!’ He’s an experienced fighter, so let’s do it. “I’m excited,” he added. “It’s going to be the biggest challenge of my career so far, but my career was full of challenges the whole time, so it’s gonna be another big one, for sure.” Just as he’s not assigning himself a belt rank in MMA, Buchecha also isn’t setting any hard and fast targets for himself as he takes this next step forward in his career. Instead, he’s simply enjoying the moment and focused on making the absolute most of it. “It’s a dream come true, but it’s just the beginning; it’s just the first step. I know there is a lot to go, a lot ahead, and I hope I have a really good and successful career here in the UFC. This is something that I dreamed of for so long, fought for for so long, and it’s finally happening. It took me a while to get here, but finally I made it, and I’m gonna make it count. “I’m gonna give my best and I’m not gonna count the days, I’m gonna make the days count here.” And as always, he’s going to represent for his sport. “After the UFC news, everyone starts supporting me, everybody’s got my back,” offered Buchecha. “That made me really happy because I wasn’t expecting that. It’s one more reason to carry the jiu jitsu flag in the Octagon, in the UFC, and that’s what I’m always gonna do — I’m always gonna bring the jiu jitsu flag with me, represent jiu jitsu.”",2025-07-23,https://www.ufc.com/news/marcus-buchecha-has-arrived-ufc-abu-dhabi
BJJ legend Marcus Buchecha believes ‘pressure’ is on opponent ahead of debut at UFC Abu Dhabi,"Martin Buday has won six of his seven UFC fights since joining the company in 2022 and has never been submitted in 17 professional bouts, but promotional newcomer Marcus Buchecha is still heavily favored to win their UFC Abu Dhabi clash. Ahead of their fight this Saturday, Buchecha disagrees with that sentiment. “I’m anxious to feel all that, but I’m not feeling pressured,” Buchecha told MMA Fighting ahead of his UFC debut. “I think the pressure is on the other side. Sure, I have my titles, I have my career, my history in jiu-jitsu, and I’ll take all that experience with me to the UFC, but I’m not the favorite. “If we were to fight on the gi, then I would be the favorite and pressured to win. With that obligation to win, let’s put it this way. But in MMA, I don’t feel that. I never did [in ONE Championship], and also not in the UFC. I’m new to the sport, but I’m coming hungry for this.” The Brazilian is nothing short of a legend in the grappling circuit with a record 13 IBJJF world championships as a black belt and a pair of ADCC gold medals won, plus a long list of major achievements in the sport. Buchecha joined MMA in 2021 and currently owns a record of 5-1, with all of his wins coming by way of first-round finish. Despite the hype, Buchecha isn’t feeling pressure on his shoulders to deliver. Having not fought in a while, a forced layoff had Buchecha considering retirement. He wants to make up for lost time and fight again in 2025 after UFC Abu Dhabi, but a dream chance to be part of UFC Rio de Janeiro on Oct. 11 could be too early. “The focus is on the 26th. I live one step at a time,” Buchecha said. “I want to keep my feet on the ground, go there and fight, and then make that type of plan. But I’m super excited for this debut. I’m happy to be fighting. I’ll carry the jiu-jitsu flag to the world’s greatest and most famous octagon.” Buday scored decision victories over Andrei Arlovski and Uran Satybaldiev in his most recent octagon appearances, rebounding from his lone octagon defeat, a second-round TKO to Shamil Gaziev. Buchecha gives Buday the “pressure” to win given his experience, and is grateful to have the opportunity to train with a long list of experienced heavyweights over at American Top Team in Florida, from Renan Ferreira to Junior dos Santos to Rodrigo Nascimento, plus a coaching staff that includes Katel Kubis, Steve Mocco, “King Mo” Lawal, Marcos Parumpa, Conan Silveira and Mike Brown. “He’s a [jiu-jitsu] black belt,” Buchecha said of Buday. “There’s a lot of heavyweights that are monsters on the feet but know nothing when they hit the ground. That’s not his case. He’s a black belt and trains jiu-jitsu for quite a while, but I’ve fought against black belts my entire life. World championships, all black belts there, so my opponent being a black belt or not doesn’t change anything for me because I’ll always believe in my jiu-jitsu against anyone.” “But I have to be prepared for any situation, right?” he continued. “If the fight doesn’t go to the ground we have to stay on the feet, so we have to feel comfortable there. I’ll be prepared for all areas, like it happened to me when I wasn’t able to take the fight to the ground and had to fight on the feet, taking longer for me to get it to the ground. This is the magic about MMA. The plan doesn’t always work, but the fighter has to adapt, has to figure it out.” Loading comments...",2025-07-24,https://www.mmafighting.com/2025/7/24/24471751/bjj-legend-marcus-buchecha-believes-pressure-is-on-opponent-ahead-of-debut-at-ufc-abu-dhabi
FanDuel Sportsbook,You need to enable JavaScript to run this app.,2022-12-07,https://sportsbook.fanduel.com/mma/ufc-matches/martin-buday-v-marcus-buchecha-34527781?tab=method-of-victory
"Marcus ""Buchecha"" Almeida Signs With UFC – Set For Debut Against Martin Buday","One of the most decorated grapplers in Brazilian Jiu-Jitsu history, Marcus “Buchecha” Almeida, is officially heading to the UFC! The 13-time IBJJF World Champion will make his highly anticipated promotional debut on July 26th, 2025, at UFC on ABC 9, where he’s scheduled to face off against No. 13-ranked heavyweight Martin Buday. Rumors about Buchecha’s move to the UFC had been circulating for months, and now that the deal is done, it marks a major coup for the promotion. As Buchecha was arguably the most sought-after free agent in MMA, and landing him adds a powerful new force to the UFC’s heavyweight division. His grappling resume speaks for itself – no other athlete has claimed more IBJJF world titles. After leaving Jiu-Jitsu behind in 2019 to pursue MMA full-time, Buchecha joined ONE Championship and made an immediate impact. He racked up four straight first-round finishes, quickly establishing himself as a legitimate prospect in the division. That momentum hit a roadblock in 2023, when Buchecha suffered his first professional MMA loss to Oumar “Reug Reug” Kane. Rather than rush back into the cage, he took time off to refine his skills and returned stronger – earning another first-round finish over top contender Amir Aliakbari. That win marked the final fight of his ONE Championship contract, and rather than re-sign, Buchecha opted to test free agency. The gamble paid off. Now with the UFC, Buchecha will debut against a ranked opponent right out of the gate – something rarely seen in a fighter’s first match with the promotion. Martin Buday, with a 6-1 UFC record and an overall MMA record of 15-2, presents a serious challenge. View this post on Instagram Sloth Jiu-Jitsu: The Ultimate Guide for Calmly Beating Bigger, Younger Opponents 💥 What if slowing down was the fastest way to win? 💭 Tired of Getting Smashed by Younger, Stronger Grapplers? It’s not your age. It’s your strategy. If you’re a passionate grappler over 35 who’s sick of getting outpaced, outmuscled, or out-cardio’d by opponents half your age — this 120 page e-book was made for you. 🔓 Unlock the Power of Sloth Jiu-Jitsu: Build Sustainable Strength—Without Wrecking Your Joints, Energy, or Jiu-Jitsu Tired of waking up sore and burnt out after lifting? Sloth Strength is a proven blueprint for grapplers over 35 who want to get stronger—without the pain, burnout, or injuries. Developed from 25 years on the mats, this no-burnout approach is made specifically for BJJ athletes in their 30s, 40s, and beyond.",2025-07-08,https://www.bjjee.com/bjj-news/marcus-buchecha-almeida-signs-with-ufc-set-for-debut-against-martin-buday/
Palpite Martin Buday X Marcus Buchecha - UFC Abu Dhabi: Whittaker vs De Ridder,"UFC - UFC Abu Dhabi: Whittaker vs De Ridder Jogue com responsabilidade | 18+ | Patrocidado por LucasG | em Palpite UFC No primeiro combate do UFC Abu Dhabi: Whittaker vs De Ridder, já teremos a presença de um representante do nosso país, o paulista Marcus Buchecha fará sua estreia na organização enfrentando o eslovaco Martin Buday, na categoria Peso Pesado. O evento deste final de semana volta a belíssima Etihad Arena, em Abu Dhabi, nos Emirados Árabes Unidos. O confronto de abertura deverá ter início por volta das 13 horas (horário de Brasília) deste sábado (26/07) e você poderá assistir não só essa, mas, como todas as outras lutas do card, através do UFC Fight Pass. Apesar de estrear no UFC, o atleta Marcus Buchecha é um lenda no mundo do jiu-jitsu, foi diversas vezes medalhista de ouro, em diferentes ocasiões representando o Brasil. Com 35 anos, Marcus tem um cartel de cinco vitórias e uma derrota no MMA profissional e seu adversário, o eslovaco Martin Buday, chega com trinta e três anos e um cartel de respeito, de quinze vitórias e apenas duas derrotas. Mesmo com menor experiência no MMA, o brasileiro é o grande favorito pelas casas e nos concordamos com esse favoritismo e aproveitando a boa odd disponível na Bet365 a nossa sugestão de aposta será: Método de Vitória - Dupla Hipótese: Marcus Buchecha por KO, TKO, DQ ou Submissão. Atualmente em Stake. Oferta por tempo limitado Os pontos-chave do palpite Martin Buday - Marcus Buchecha - Martin Buday tem 1 derrota em seus últimos 3 combates. - Marcus Buchecha tem 20 medalhas de ouro no jiu-jitsu. - Em 17 lutas como profissional, Martin Buday teve apenas 2 vitórias por submissão. - Nos 5 duelos no MMA profissional, Marcus Buchecha venceu 4 no primeiro round. Atualmente em Stake. Oferta por tempo limitado Nosso palpite Martin Buday vs Marcus Buchecha Certamente estratégia do paulista Marcus Buchecha para esse desafio, será levar a luta para o solo todo o tempo, afinal, o atleta brasileiro tem um jiu-jitsu que poucos no mundo tem, Marcus vem melhorando também na trocação, mas se a luta for para o chão, é muito provável que o brasileiro finalize, talvez até mesmo no primeiro round, como tem sido a maioria dos seus embates. O nosso palpite para Martin Buday vs Marcus Buchecha é o de Dupla Hipótese na vitória de Marcus Buchecha, que será por KO, TKO, DQ ou Submissão. O palpite : Marcus Buchecha vence por KO, TKO, DQ ou Submissão. Bet365 - Acumulador Aumentado Martin Buday - Marcus Buchecha! Está pretendendo apostar em Martin Buday e Marcus Buchecha? Não perca tempo! Para marcar esse grande confronto, a Bet365 está oferecendo uma promoção de acumulador aumentado 100%. Corra para fazer seu cadastro na Bet365 e faça suas apostas entre Martin Buday e Marcus Buchecha! Todos os nossos palpites resultam de uma análise aprofundada. No entanto, nenhum ganho ou lucro são garantidos. Atualmente em Stake. Oferta por tempo limitado",2025-07-24,https://www.sportytrader.com/pt-br/palpites/martin-buday-marcus-buchecha-279190/
Early UFC Abu Dhabi Predictions & Odds: Whittaker vs de Ridder,"Early UFC Abu Dhabi Predictions & Odds: Whittaker vs de Ridder By Brady Trettenero in Mixed Martial Arts News Updated: July 23, 2025 at 3:52 am EDTPublished: - UFC Abu Dhabi takes place Saturday, July 26th, at the Etihad Arena on Fight Island - Robert Whittaker meets surging contender Reinier de Ridder in a pivotal middleweight main event - Check out our UFC Abu Dhabi predictions and betting analysis below The UFC returns to Abu Dhabi for another afternoon of fights, with former middleweight champion Robert Whittaker looking to turn back the challenge of red-hot submission specialist Reinier de Ridder this Saturday, July 26th. The card kicks off with early prelims at noon ET on ESPN+ and the main card starting at 3 pm ET on ABC. Here are my UFC Abu Dhabi predictions for the biggest fights on the card. Whittaker vs de Ridder Prediction Reinier de Ridder might be the best free agent signing the UFC has made in years. The former ONE Championship double champ has run through three straight UFC opponents, finishing every single one. That includes an upset submission of wrestling phenom Bo Nickal. Now, de Ridder faces his biggest challenge in Robert Whittaker. The former middleweight champion is still one of the best in the division, but this matchup appears all wrong for him. Tale of the Tape The size gap is enormous. De Ridder stands 4 inches taller with a 4.5-inch reach advantage. That matters at middleweight, especially when you factor in de Ridder’s world-class grappling. Whittaker’s had trouble with big, strong grapplers. Both Dricus du Plessis and Khamzat Chimaev pushed him around with their size. De Ridder brings the same problems but with even slicker submissions. De Ridder’s game plan writes itself: use his reach to get inside, take Whittaker down, and look for the finish. His gas tank is great for a big middleweight, and he’s proven he can submit guys late after grinding them down. Whittaker has to keep it on the feet and box. But that’s tough when you’re giving up that much size. De Ridder should survive the early going and take control down the stretch. - Whittaker vs de Ridder Pick: Reinier de Ridder (+130) Yan vs McGhee Prediction Petr Yan badly needs a win after losing four of his last six, but he caught a break with Marcus McGhee. The former bantamweight champ is still top-notch everywhere, while McGhee hasn’t proven himself against elite competition. McGhee brings scary power and athleticism, but he’s never dealt with anyone like Yan. The Russian’s footwork, defense, and body shots should take over once McGhee slows down. Yan just needs to avoid eating bombs early. McGhee comes out swinging in round one, but he runs out of gas quickly. If Yan uses his slick defense to survive that, he should coast to a decision. - Yan vs McGhee Pick: Petr Yan via Decision Other UFC Abu Dhabi Predictions Bryce Mitchell vs Said Nurmagomedov: This line feels off. Nurmagomedov has never been finished and is comfortable at bantamweight. Mitchell is coming off two bad knockout losses and is cutting to 135 for the first time. The market has this backwards. - Pick: Said Nurmagomedov (+105) Sharabutdin Magomedov vs Marc-Andre Barriault: The UFC handed Shara Bullet a gift here. Barriault is game, but he’s been stopped twice recently and can’t keep up with Magomedov’s wild kicks and movement. This bout won’t last long. - Pick: Shara Magomedov by KO Carlos Leal vs Muslim Salikhov: Time waits for no one, and Salikhov is 41 years old against a younger bull. Leal specializes in breaking down older fighters with pressure, dirty boxing, and body work. Salikhov’s fancy kicks won’t matter when he’s getting mauled. - Pick: Carlos Leal (-455) Marcus Buchecha vs Martin Buday: This is a total mismatch. Buchecha is one of the best grapplers to ever step in the cage, while Buday has never faced anyone close to that level. The second this goes to the ground, it’ll be a wrap. - Pick: Marcus Buchecha by Submission Best Bet UFC Parlay: Carlos Leal + Shara Magomedov + Petr Yan (-110) We are parlaying big favorites who should take care of business against overmatched opponents. Sometimes you just need to ride with the chalk. UFC Abu Dhabi Odds 2025 Odds as of July 22nd at DraftKings. Check out the best UFC betting apps for UFC Abu Dhabi on Saturday. The early UFC Abu Dhabi betting lines have some head-scratchers. De Ridder at +130 against Whittaker is a steal considering the size gap and grappling threat. Said Nurmagomedov getting plus money makes even less sense given Mitchell’s recent knockouts and first-time weight cut. On the favorite side, oddsmakers are heavily juicing Leal, Magomedov, and Yan for good reason. All three are fighting guys who are either washed or completely outgunned. Your best UFC Abu Dhabi plays are de Ridder straight up and that heavy favorite parlay. - BETMGM SPORTSBOOK USE CODE SBD1500 & GET $1,500 BACK IN BONUS BETS - BET365 SPORTSBOOK BET $5 & GET $150 IN BONUS BETS WITH CODE DIME365 - FANATICS SPORTSBOOK BET & GET UP TO $1,000 IN BONUS BETS! - DRAFTKINGS SPORTSBOOK BET $5 & GET $150 IN BONUS BETS INSTANTLY! - FANDUEL SPORTSBOOK BET $5 & GET $150 IF YOUR BET WINS - CAESARS SPORTSBOOK USE CODE SBD2DYW & BET $1 TO DOUBLE THE WINNINGS ON YOUR FIRST 10 BETS! Must be 21+. GAMBLING PROBLEM? Call 1-800-GAMBLER (CO, IL, KS, KY, MD, MI, NC, NJ, OH, PA, TN, VA, VT, WV, WY); (800) 327-5050 or gamblinghelplinema.org (MA); (877) 8-HOPENY (NY); 1-800-NEXT-STEP (AZ); (888) 789-7777 (CT); 1-800-BETS-OFF (IA); 1-800-9-WITH-IT (IN); mdgamblinghelp.org (MD); morethanagame.nc.gov (NC); 1800gambler.net (WV) Lead NHL & NCAAF Editor Brady is the lead NHL and College Football editor at Sports Betting Dime, where he specializes in betting odds and data-driven analysis. Brady has over 10 years experience working in sports media, with work published by outlets such as ESPN, CBS Sports, Yahoo! Sports and Fox Sports.",2025-07-22,https://www.sportsbettingdime.com/news/mma/early-ufc-abu-dhabi-predictions-odds-whittaker-vs-de-ridder/
Best Odds for Marcus Buchecha,"Best Odds for Marcus Buchecha Upcoming events Returns No odds for selected options. Featured Insight Marcus 'Buchecha' Almeida, a Brazilian Jiu-Jitsu legend, faces Martin Buday in an anticipated UFC heavyweight clash. Buchecha, known for his grappling prowess, aims to leverage his submission skills against Buday's striking ability. Buday, with a significant reach advantage, will likely keep the fight standing to maximize his striking power. Bettors should consider Buchecha's potential for quick submissions against Buday's striking resilience. An exciting matchup, the outcome may hinge on whether Buchecha can close the distance to grapple or Buday can maintain range and strike.",2025-07-11,https://wizardofodds.com/sport/ufc/marcus-buchecha
FanDuel Sportsbook,You need to enable JavaScript to run this app.,2022-12-07,https://sportsbook.fanduel.com/mma/ufc-matches/martin-buday-v-marcus-buchecha-34527781?tab=round-props
Marcus Buchecha vs Martin Buday,"Prediction: Marcus Buchecha via Decision (I’m Betting Buday) When the line opened, it made sense why people rushed to Buchecha. World-class jiu jitsu, freak athlete, massive guy who can fold you like laundry on the mat. You have to respect what Buchecha brings, especially in the first five minutes. If he gets you down early, it might be over. No one’s denying that. But after that? This fight can get real close, real fast. Buchecha hasn’t been in deep waters with someone like Buday yet. His record looks clean, but it’s all been against guys that either folded or got taken down without much of a fight. Buday isn’t that. He’s not flashy, he’s not fast, but he’s big, stubborn, and built for ugly fights. He walks you down, gets chest to chest, and leans on you forcing you to carry his weight. It’s not fun to deal with, and it’s even worse when you realize he’s not going away. That cage pressure, the clinch game, the constant weight—it’s a nightmare for someone like Buchecha who hasn’t proven he can swim when the tide turns. If this gets out of the first, and Buchecha hasn’t found the neck or a dominant position, things can start to tilt. He’s made a career out of turning fights into grind fests and winning decisions just by making guys hate life in the clinch. And yeah, he’s not elite, but he’s a legit UFC vet who’s used to fighting guys with multiple weapons. Buchecha? He’s got one weapon. It’s a lethal one, no doubt—but at this level, being one-dimensional is a dangerous game. That’s the whole point here. Buchecha probably wins, and I’m not mad at anyone picking him. But to be a 2 to 1 favorite over a big, durable, pressure-heavy heavyweight who’s not even near washed? That’s too much. The line has swung too far off potential. Buday at +170 is a live dog because he’s not easy to take down, not easy to control, and he’s not afraid of making this ugly.",2025-07-22,https://capmma.com/cms/?p=402
FanDuel Sportsbook,You need to enable JavaScript to run this app.,2022-12-07,https://sportsbook.fanduel.com/mma/ufc-matches/martin-buday-v-marcus-buchecha-34527781?tab=method-of-victory
"Marcus ""Buchecha"" Almeida Signs With UFC – Set For Debut Against Martin Buday","One of the most decorated grapplers in Brazilian Jiu-Jitsu history, Marcus “Buchecha” Almeida, is officially heading to the UFC! The 13-time IBJJF World Champion will make his highly anticipated promotional debut on July 26th, 2025, at UFC on ABC 9, where he’s scheduled to face off against No. 13-ranked heavyweight Martin Buday. Rumors about Buchecha’s move to the UFC had been circulating for months, and now that the deal is done, it marks a major coup for the promotion. As Buchecha was arguably the most sought-after free agent in MMA, and landing him adds a powerful new force to the UFC’s heavyweight division. His grappling resume speaks for itself – no other athlete has claimed more IBJJF world titles. After leaving Jiu-Jitsu behind in 2019 to pursue MMA full-time, Buchecha joined ONE Championship and made an immediate impact. He racked up four straight first-round finishes, quickly establishing himself as a legitimate prospect in the division. That momentum hit a roadblock in 2023, when Buchecha suffered his first professional MMA loss to Oumar “Reug Reug” Kane. Rather than rush back into the cage, he took time off to refine his skills and returned stronger – earning another first-round finish over top contender Amir Aliakbari. That win marked the final fight of his ONE Championship contract, and rather than re-sign, Buchecha opted to test free agency. The gamble paid off. Now with the UFC, Buchecha will debut against a ranked opponent right out of the gate – something rarely seen in a fighter’s first match with the promotion. Martin Buday, with a 6-1 UFC record and an overall MMA record of 15-2, presents a serious challenge. View this post on Instagram Sloth Jiu-Jitsu: The Ultimate Guide for Calmly Beating Bigger, Younger Opponents 💥 What if slowing down was the fastest way to win? 💭 Tired of Getting Smashed by Younger, Stronger Grapplers? It’s not your age. It’s your strategy. If you’re a passionate grappler over 35 who’s sick of getting outpaced, outmuscled, or out-cardio’d by opponents half your age — this 120 page e-book was made for you. 🔓 Unlock the Power of Sloth Jiu-Jitsu: Build Sustainable Strength—Without Wrecking Your Joints, Energy, or Jiu-Jitsu Tired of waking up sore and burnt out after lifting? Sloth Strength is a proven blueprint for grapplers over 35 who want to get stronger—without the pain, burnout, or injuries. Developed from 25 years on the mats, this no-burnout approach is made specifically for BJJ athletes in their 30s, 40s, and beyond.",2025-07-08,https://www.bjjee.com/bjj-news/marcus-buchecha-almeida-signs-with-ufc-set-for-debut-against-martin-buday/
Palpite Martin Buday X Marcus Buchecha - UFC Abu Dhabi: Whittaker vs De Ridder,"UFC - UFC Abu Dhabi: Whittaker vs De Ridder Jogue com responsabilidade | 18+ | Patrocidado por LucasG | em Palpite UFC No primeiro combate do UFC Abu Dhabi: Whittaker vs De Ridder, já teremos a presença de um representante do nosso país, o paulista Marcus Buchecha fará sua estreia na organização enfrentando o eslovaco Martin Buday, na categoria Peso Pesado. O evento deste final de semana volta a belíssima Etihad Arena, em Abu Dhabi, nos Emirados Árabes Unidos. O confronto de abertura deverá ter início por volta das 13 horas (horário de Brasília) deste sábado (26/07) e você poderá assistir não só essa, mas, como todas as outras lutas do card, através do UFC Fight Pass. Apesar de estrear no UFC, o atleta Marcus Buchecha é um lenda no mundo do jiu-jitsu, foi diversas vezes medalhista de ouro, em diferentes ocasiões representando o Brasil. Com 35 anos, Marcus tem um cartel de cinco vitórias e uma derrota no MMA profissional e seu adversário, o eslovaco Martin Buday, chega com trinta e três anos e um cartel de respeito, de quinze vitórias e apenas duas derrotas. Mesmo com menor experiência no MMA, o brasileiro é o grande favorito pelas casas e nos concordamos com esse favoritismo e aproveitando a boa odd disponível na Bet365 a nossa sugestão de aposta será: Método de Vitória - Dupla Hipótese: Marcus Buchecha por KO, TKO, DQ ou Submissão. Atualmente em Stake. Oferta por tempo limitado Os pontos-chave do palpite Martin Buday - Marcus Buchecha - Martin Buday tem 1 derrota em seus últimos 3 combates. - Marcus Buchecha tem 20 medalhas de ouro no jiu-jitsu. - Em 17 lutas como profissional, Martin Buday teve apenas 2 vitórias por submissão. - Nos 5 duelos no MMA profissional, Marcus Buchecha venceu 4 no primeiro round. Atualmente em Stake. Oferta por tempo limitado Nosso palpite Martin Buday vs Marcus Buchecha Certamente estratégia do paulista Marcus Buchecha para esse desafio, será levar a luta para o solo todo o tempo, afinal, o atleta brasileiro tem um jiu-jitsu que poucos no mundo tem, Marcus vem melhorando também na trocação, mas se a luta for para o chão, é muito provável que o brasileiro finalize, talvez até mesmo no primeiro round, como tem sido a maioria dos seus embates. O nosso palpite para Martin Buday vs Marcus Buchecha é o de Dupla Hipótese na vitória de Marcus Buchecha, que será por KO, TKO, DQ ou Submissão. O palpite : Marcus Buchecha vence por KO, TKO, DQ ou Submissão. Bet365 - Acumulador Aumentado Martin Buday - Marcus Buchecha! Está pretendendo apostar em Martin Buday e Marcus Buchecha? Não perca tempo! Para marcar esse grande confronto, a Bet365 está oferecendo uma promoção de acumulador aumentado 100%. Corra para fazer seu cadastro na Bet365 e faça suas apostas entre Martin Buday e Marcus Buchecha! Todos os nossos palpites resultam de uma análise aprofundada. No entanto, nenhum ganho ou lucro são garantidos. Atualmente em Stake. Oferta por tempo limitado",2025-07-24,https://www.sportytrader.com/pt-br/palpites/martin-buday-marcus-buchecha-279190/
Early UFC Abu Dhabi Predictions & Odds: Whittaker vs de Ridder,"Early UFC Abu Dhabi Predictions & Odds: Whittaker vs de Ridder By Brady Trettenero in Mixed Martial Arts News Updated: July 23, 2025 at 3:52 am EDTPublished: - UFC Abu Dhabi takes place Saturday, July 26th, at the Etihad Arena on Fight Island - Robert Whittaker meets surging contender Reinier de Ridder in a pivotal middleweight main event - Check out our UFC Abu Dhabi predictions and betting analysis below The UFC returns to Abu Dhabi for another afternoon of fights, with former middleweight champion Robert Whittaker looking to turn back the challenge of red-hot submission specialist Reinier de Ridder this Saturday, July 26th. The card kicks off with early prelims at noon ET on ESPN+ and the main card starting at 3 pm ET on ABC. Here are my UFC Abu Dhabi predictions for the biggest fights on the card. Whittaker vs de Ridder Prediction Reinier de Ridder might be the best free agent signing the UFC has made in years. The former ONE Championship double champ has run through three straight UFC opponents, finishing every single one. That includes an upset submission of wrestling phenom Bo Nickal. Now, de Ridder faces his biggest challenge in Robert Whittaker. The former middleweight champion is still one of the best in the division, but this matchup appears all wrong for him. Tale of the Tape The size gap is enormous. De Ridder stands 4 inches taller with a 4.5-inch reach advantage. That matters at middleweight, especially when you factor in de Ridder’s world-class grappling. Whittaker’s had trouble with big, strong grapplers. Both Dricus du Plessis and Khamzat Chimaev pushed him around with their size. De Ridder brings the same problems but with even slicker submissions. De Ridder’s game plan writes itself: use his reach to get inside, take Whittaker down, and look for the finish. His gas tank is great for a big middleweight, and he’s proven he can submit guys late after grinding them down. Whittaker has to keep it on the feet and box. But that’s tough when you’re giving up that much size. De Ridder should survive the early going and take control down the stretch. - Whittaker vs de Ridder Pick: Reinier de Ridder (+130) Yan vs McGhee Prediction Petr Yan badly needs a win after losing four of his last six, but he caught a break with Marcus McGhee. The former bantamweight champ is still top-notch everywhere, while McGhee hasn’t proven himself against elite competition. McGhee brings scary power and athleticism, but he’s never dealt with anyone like Yan. The Russian’s footwork, defense, and body shots should take over once McGhee slows down. Yan just needs to avoid eating bombs early. McGhee comes out swinging in round one, but he runs out of gas quickly. If Yan uses his slick defense to survive that, he should coast to a decision. - Yan vs McGhee Pick: Petr Yan via Decision Other UFC Abu Dhabi Predictions Bryce Mitchell vs Said Nurmagomedov: This line feels off. Nurmagomedov has never been finished and is comfortable at bantamweight. Mitchell is coming off two bad knockout losses and is cutting to 135 for the first time. The market has this backwards. - Pick: Said Nurmagomedov (+105) Sharabutdin Magomedov vs Marc-Andre Barriault: The UFC handed Shara Bullet a gift here. Barriault is game, but he’s been stopped twice recently and can’t keep up with Magomedov’s wild kicks and movement. This bout won’t last long. - Pick: Shara Magomedov by KO Carlos Leal vs Muslim Salikhov: Time waits for no one, and Salikhov is 41 years old against a younger bull. Leal specializes in breaking down older fighters with pressure, dirty boxing, and body work. Salikhov’s fancy kicks won’t matter when he’s getting mauled. - Pick: Carlos Leal (-455) Marcus Buchecha vs Martin Buday: This is a total mismatch. Buchecha is one of the best grapplers to ever step in the cage, while Buday has never faced anyone close to that level. The second this goes to the ground, it’ll be a wrap. - Pick: Marcus Buchecha by Submission Best Bet UFC Parlay: Carlos Leal + Shara Magomedov + Petr Yan (-110) We are parlaying big favorites who should take care of business against overmatched opponents. Sometimes you just need to ride with the chalk. UFC Abu Dhabi Odds 2025 Odds as of July 22nd at DraftKings. Check out the best UFC betting apps for UFC Abu Dhabi on Saturday. The early UFC Abu Dhabi betting lines have some head-scratchers. De Ridder at +130 against Whittaker is a steal considering the size gap and grappling threat. Said Nurmagomedov getting plus money makes even less sense given Mitchell’s recent knockouts and first-time weight cut. On the favorite side, oddsmakers are heavily juicing Leal, Magomedov, and Yan for good reason. All three are fighting guys who are either washed or completely outgunned. Your best UFC Abu Dhabi plays are de Ridder straight up and that heavy favorite parlay. - BETMGM SPORTSBOOK USE CODE SBD1500 & GET $1,500 BACK IN BONUS BETS - BET365 SPORTSBOOK BET $5 & GET $150 IN BONUS BETS WITH CODE DIME365 - FANATICS SPORTSBOOK BET & GET UP TO $1,000 IN BONUS BETS! - DRAFTKINGS SPORTSBOOK BET $5 & GET $150 IN BONUS BETS INSTANTLY! - FANDUEL SPORTSBOOK BET $5 & GET $150 IF YOUR BET WINS - CAESARS SPORTSBOOK USE CODE SBD2DYW & BET $1 TO DOUBLE THE WINNINGS ON YOUR FIRST 10 BETS! Must be 21+. GAMBLING PROBLEM? Call 1-800-GAMBLER (CO, IL, KS, KY, MD, MI, NC, NJ, OH, PA, TN, VA, VT, WV, WY); (800) 327-5050 or gamblinghelplinema.org (MA); (877) 8-HOPENY (NY); 1-800-NEXT-STEP (AZ); (888) 789-7777 (CT); 1-800-BETS-OFF (IA); 1-800-9-WITH-IT (IN); mdgamblinghelp.org (MD); morethanagame.nc.gov (NC); 1800gambler.net (WV) Lead NHL & NCAAF Editor Brady is the lead NHL and College Football editor at Sports Betting Dime, where he specializes in betting odds and data-driven analysis. Brady has over 10 years experience working in sports media, with work published by outlets such as ESPN, CBS Sports, Yahoo! Sports and Fox Sports.",2025-07-22,https://www.sportsbettingdime.com/news/mma/early-ufc-abu-dhabi-predictions-odds-whittaker-vs-de-ridder/
Best Odds for Marcus Buchecha,"Best Odds for Marcus Buchecha Upcoming events Returns No odds for selected options. Featured Insight Marcus 'Buchecha' Almeida, a Brazilian Jiu-Jitsu legend, faces Martin Buday in an anticipated UFC heavyweight clash. Buchecha, known for his grappling prowess, aims to leverage his submission skills against Buday's striking ability. Buday, with a significant reach advantage, will likely keep the fight standing to maximize his striking power. Bettors should consider Buchecha's potential for quick submissions against Buday's striking resilience. An exciting matchup, the outcome may hinge on whether Buchecha can close the distance to grapple or Buday can maintain range and strike.",2025-07-11,https://wizardofodds.com/sport/ufc/marcus-buchecha
FanDuel Sportsbook,You need to enable JavaScript to run this app.,2022-12-07,https://sportsbook.fanduel.com/mma/ufc-matches/martin-buday-v-marcus-buchecha-34527781?tab=round-props
Marcus Buchecha vs Martin Buday,"Prediction: Marcus Buchecha via Decision (I’m Betting Buday) When the line opened, it made sense why people rushed to Buchecha. World-class jiu jitsu, freak athlete, massive guy who can fold you like laundry on the mat. You have to respect what Buchecha brings, especially in the first five minutes. If he gets you down early, it might be over. No one’s denying that. But after that? This fight can get real close, real fast. Buchecha hasn’t been in deep waters with someone like Buday yet. His record looks clean, but it’s all been against guys that either folded or got taken down without much of a fight. Buday isn’t that. He’s not flashy, he’s not fast, but he’s big, stubborn, and built for ugly fights. He walks you down, gets chest to chest, and leans on you forcing you to carry his weight. It’s not fun to deal with, and it’s even worse when you realize he’s not going away. That cage pressure, the clinch game, the constant weight—it’s a nightmare for someone like Buchecha who hasn’t proven he can swim when the tide turns. If this gets out of the first, and Buchecha hasn’t found the neck or a dominant position, things can start to tilt. He’s made a career out of turning fights into grind fests and winning decisions just by making guys hate life in the clinch. And yeah, he’s not elite, but he’s a legit UFC vet who’s used to fighting guys with multiple weapons. Buchecha? He’s got one weapon. It’s a lethal one, no doubt—but at this level, being one-dimensional is a dangerous game. That’s the whole point here. Buchecha probably wins, and I’m not mad at anyone picking him. But to be a 2 to 1 favorite over a big, durable, pressure-heavy heavyweight who’s not even near washed? That’s too much. The line has swung too far off potential. Buday at +170 is a live dog because he’s not easy to take down, not easy to control, and he’s not afraid of making this ugly.",2025-07-22,https://capmma.com/cms/?p=402
