title,text,publish_date,url
"Marvin Vettori vs. Brendan Allen, UFC 318 | MMA Bout | Tapology","Fighter Comparison | Vettori | Allen | ||| | #13 MiddleW (Worldwide) | Ranking | #11 MiddleW (Worldwide) | || | 19-7-1 MMA | Pro Record | 24-7-0 MMA | || | 2025 2021 | Last 5 Fights | 2025 2023 | || | +185 (Slight Underdog) | Betting Odds | -230 (Moderate Favorite) | || | | Nation | | || | Las Vegas Nevada | Fights out of | Covington Louisiana | || | 31 +9 mos, 4 wks, 1 day | Age at Fight | 29 +6 mos, 3 wks | || | 186.0 lbs (84.4 kgs) | Latest Weight | 186.0 lbs (84.4 kgs) | || | 6'0"" (183cm) | Height | 6'2"" (188cm) | || | 74.0"" (188cm) | Reach | 75.0"" (191cm) | || | Kings MMA | Gym | Kill Cliff FC | Vettori vs. Allen Fight Predictions Fight Predictions Tapology Community Picks: 2,290 Bout Information Event Poster Fight Details - Event: UFC 318: Holloway vs. Poirier 3 - Date: Saturday 07.19.2025 at 06:00 PM ET - Referee: N/A - Venue: Smoothie King Center - Enclosure: Octagon - Location: New Orleans, Louisiana, United States - Bout Billing: Preliminary Card (fight 8 of 14) - Pro/Am: Professional - Weight: 185 lbs (83.9 kg) - Event Links:",2025-04-25,https://www.tapology.com/fightcenter/bouts/996189-ufc-318-marvin-the-italian-dream-vettori-vs-brendan-all-in-allen
UFC 318 – Marvin Vettori vs. Brendan Allen: Preview & Betting Tips,"When Marvin Vettori and Brendan Allen were originally slated to headline UFC Fight Night 240 in April 2024, fans expected a brawl between two top level middleweights. But with Vettori forced out due to injury, tensions between the two only escalated and resulted in punches being thrown at the Hard Rock Live in Florida when they met at the PFL Playoffs in 2024. That rivalry finally boils over this weekend at UFC 318. Vettori (19-8-1) is taking this fight so soon after the tragic death of his brother earlier this year, but reports suggest the Italian middleweight is channeling that grief into training and will fight in honour of his brother. Vettori is physically and mentally tough having never been finished in the UFC, and he remains one of the division’s most frustrating puzzles. Allen (24-7) looked like a dark horse title contender heading into 2024 but has since stumbled badly, dropping back-to-back fights. This is his first real skid since joining the UFC, and he needs a win to get back on track. Fortunately for Allen, UFC 318 takes place in his home state, and that could play a role. Marvin Vettori – Odds 3.05 (Bet MGM) Record: 19-8-1 Age: 31 Height: 6ft Reach: 74” Weight: Middleweight Stance: Southpaw Brendan Allen – Odds 1.38 (Bet MGM) Record: 24-7 Age: 29 Height: 6ft2 Reach: 75” Weight: Middleweight Stance: Orthodox Vettori is known for his durability, cardio, and pressure-heavy style, and as mentioned earlier, he’s never been finished in the UFC, which is some feat considering some of the high level strikers he’s faced. Even if Allen gets early success, Vettori’s ability to walk through fire and make it a war could be the difference. Allen has never lacked grit or finishing ability, especially on the mat, and if he can force this fight to the ground, he could get Vettori in trouble. The issue is, the Italian is such a compact fighter that he’s difficult to hurt or even take down. On top of that, his chin and cardio are top notch. This one should be an absolute banger though due to the recent beef they’ve had with each other. And with the emotions running high outside of the feud, I think both men will leave everything in the cage on Saturday night. This is a must-win fight for both men, albeit for different reasons. Allen needs to stop the bleeding and avoid a three-fight skid. Meanwhile, Vettori is fighting through tragedy and motivated by something much deeper than the sport. The bookies are favouring the American in this one, probably due to his finishing ability, but Vettori is definitely a live dog. I expect a high-paced scrap, fueled by emotion. Allen will have his moments early, but Vettori’s experience, cardio, and pressure might just see him stop a two-fight losing streak for himself. I’m going with the underdog in this one. Marvin Vettori moneyline at odds of 3.05. More must-reads: Get the latest news and rumors, customized to your favorite sports and teams. Emailed daily. Always free!",2025-07-14,https://www.yardbarker.com/mma/articles/ufc_318_marvin_vettori_vs_brendan_allen_preview_betting_tips/s1_17349_42451605
"Marvin Vettori vs Brendan Allen: Odds, Analysis & AI Pick","Marvin Vettori vs Brendan Allen fight analysis Fight Overview Get ready for an explosive Middleweight showdown as Marvin Vettori and Brendan Allen lock horns on the Preliminary Card of UFC 318 at the Smoothie King Center in New Orleans, Louisiana. This pivotal bout is slated to kick off on Sunday, July 20, 2025, with the fighters expected to hit the Octagon at approximately 2:00 AM ET. Both competitors sit near the top of the division: Vettori is ranked #10 and Allen holds the #11 spot, making this clash a true crossroads battle with significant implications for a future title push. Vettori, the Italian warrior known for his relentless pace and cardio, brings a 19-8-1 professional record into this contest. A veteran of big-time wars—most recently dropping a unanimous decision to Roman Dolidze in March—Marvin prides himself on suffocating pressure and top-level takedown defense. His stats speak volumes: a 70% takedown defense, 57% significant strike defense, and a career average fight time of 17:25. At 31 years old, “The Italian Dream” combines seasoned ringcraft with world-class durability, making him a formidable underdog against anyone in the Top 15. On the other side stands Brendan Allen, a 29-year-old American submission specialist who has amassed a glowing 24-7-0 record since debuting in 2019. Boasting 14 submission victories—including stunning first-round finishes—Allen is one of the most dangerous grapplers in the division. His key metrics include a 38% takedown accuracy, 46% significant strike defense, and an average fight duration of just 10:22, thanks largely to his ability to end fights early. Despite back-to-back decision losses to Anthony Hernandez and Nassourdine Imavov, Allen remains a heavy favorite due to his dynamic ground game and evolving stand-up. Betting Odds Snapshot Oddsmakers have made Allen the clear favorite, with his moneyline ranging from -265 (FanDuel) to -298 (DraftKings). In contrast, Vettori is the underdog, trading anywhere between +200 (FanDuel) and +240 (DraftKings). Those odds reflect the market’s faith in Allen’s finishing prowess and younger age advantage, while recognizing Vettori’s gritty resilience and championship-caliber experience. Whether you’re a seasoned bettor or a fight-night enthusiast, this matchup offers compelling storylines: Can Vettori weather Allen’s submission onslaught and drag this fight into deep waters? Or will Allen continue his ascent by breaking through a top-10 opponent and staking his claim as a title contender? Tune in on July 20 to find out. Live odds Live and historic odds as well as more fighter statistics and insights for Marvin Vettori vs Brendan Allen can be found on the fighter matchup page. All the fighter matchups and live odds for Holloway vs Poirier 3 can be found on the Holloway vs Poirier 3 event page. Matchup Preview and Fighter Profiles Brendan Allen Profile Age & Background - Age: 29 - Hometown: Beaufort, United States - Fighting Style: MMA with a heavy emphasis on Brazilian Jiu-Jitsu - UFC Record: 24-7-0 Recent Form - Loss vs Anthony Hernandez (Unanimous Decision) – Feb. 2025 - Loss vs Nassourdine Imavov (Unanimous Decision) – Sept. 2024 - Win vs Chris Curtis (Split Decision) – Apr. 2024 - Win vs Paul Craig (Submission, R3 0:38) – Nov. 2023 - Win vs Bruno Silva Blindado (Submission, R1 4:39) – June 2023 Allen has won 3 of his last 5 bouts, all by his hallmark submission prowess or narrow decisions. Two recent unanimous decision losses suggest vulnerability against elite strikers and wrestlers who can neutralize his ground attack. Strengths - Submission Specialist: 14 of 24 wins by submission, showcasing elite grappling transitions and late-round attacks. - First-Round Finisher: 11 pro fights ended in Round 1, reflecting explosive offense early. - Striking Accuracy: 54% significant strike accuracy, above division average, indicating clean, effective stand-up. - Average Fight Time: 10:22, the shortest of both fighters, underscoring his aggressiveness. Weaknesses - Significant Strike Defense: 46%, suggesting he absorbs a high volume of clean shots when pressured. - Takedown Defense: 57%, lower than division elite; vulnerable if opponent chains strikes and takedowns. - Cardio in Deep Waters: Lower average fight time may point to fading late; has yet to prove five-round gas tank. Marvin Vettori Profile Age & Background - Age: 31 - Hometown: Trento, Italy - Fighting Style: Well-rounded MMA blending wrestling, Muay Thai, and relentless pressure - UFC Record: 19-8-1 Recent Form - Loss vs Roman Dolidze (Unanimous Decision) – Mar. 2025 - Loss vs Jared Cannonier (Unanimous Decision) – June 2023 - Win vs Roman Dolidze (Unanimous Decision) – Mar. 2023 - Loss vs Robert Whittaker (Unanimous Decision) – Sept. 2022 - Win vs Paulo Costa (Unanimous Decision) – Oct. 2021 Vettori has alternated wins and losses against top-15 opponents, demonstrating elite durability but inconsistency against high-caliber strikers and southpaw power. Strengths - Takedown Defense: 70%, one of the best in the division, able to shrug off takedown attempts and keep fights standing on his terms. - Significant Strike Defense: 57%, absorbing fewer strikes than most middleweights, leveraging head movement and footwork. - Cardio & Durability: Average fight time of 17:25 and no stoppage losses in UFC, thrives in deep rounds and five-round wars. - Experience: Debuted in 2016, five-round veteran with championship-caliber conditioning and fight IQ. Weaknesses - Finishing Rate: Only 2 knockout wins in 19 victories; lacking one-punch power to deter aggressive opponents. - Striking Accuracy: 46%, trailing Allen, may struggle to land meaningful counters against high-volume strikers. - Submission Offense: While possessing 9 submissions, he is less explosive off his back compared to Allen’s relentless grappling. Head-to-Head Dynamics This bout will pit Allen’s submission arsenal and striking efficiency against Vettori’s elite takedown defense and cardio. Allen must pressure Vettori early, mix level changes, and avoid deep waters where Vettori’s endurance and top-tier defense shine. Conversely, Vettori will look to frustrate Allen’s grappling with sprawls, clinch striking, and drag the fight into championship rounds. The outcome hinges on whether Allen can secure early takedowns or finish on the feet before Vettori’s gas tank advantage emerges. Betting Odds and Line Movement Current Odds Snapshot Heading into UFC 318’s preliminary card, Brendan Allen is the clear favorite across major sportsbooks, while Marvin Vettori slots in as the underdog. Here’s a look at the current moneylines: - Brendan Allen (Favorite) - FanDuel: -265 - Caesars: -290 - DraftKings: -298 - BetOnline.ag: -270 - BetRivers: -278 - Marvin Vettori (Underdog) - FanDuel: +200 - Caesars: +235 - DraftKings: +240 - BetOnline.ag: +230 - BetRivers: +210 The gap between Allen’s most generous line (-265 at FanDuel) and Vettori’s best price (+240 at DraftKings) underscores where the market’s confidence lies. If you’re backing the underdog, DraftKings currently offers the juiciest payday; for the favorite, FanDuel presents the highest profit potential. Line Movement Analysis A look at the odds history reveals some noteworthy swings in the weeks leading up to fight night: - Brendan Allen - BetOnline.ag shifted from -260 (Jun. 29) to -290 (Jul. 1), before settling around -280 (Jul. 6). - Caesars mirrored this move, opening around -290 (Jul. 7). - DraftKings slid further to -298 by Jul. 7, indicating heavy action on Allen. - Marvin Vettori - BetOnline.ag opened at +220 (Jun. 29) then ticked up to +250 (Jul. 1), ultimately resting at +240 (Jul. 6). - Caesars moved from +235 (Jul. 7) consistent with moderate backing. - BetRivers holds firm at +210 since Jul. 2, suggesting less volatility on Vettori bets. These swings show Allen’s line drifting downward—a sign of increased money or sharp interest on the favorite—while Vettori briefly saw better value (+250) before bookmakers adjusted. Payout Scenarios & Implied Odds If you had $1,000 to wager: - Backing Brendan Allen at -265 (FanDuel): - Return: $1,377 (including your $1,000 stake) - Implied Probability: ~73% - Backing Marvin Vettori at +240 (DraftKings): - Return: $3,400 (including your $1,000 stake) - Implied Probability: ~29% Those figures illustrate how the market heavily favors Allen. Yet, if you believe “The Italian Dream” can defy the odds—especially with his elite cardio and takedown defense—locking in +240 at DraftKings offers the most attractive underdog payout. Conversely, for a tighter margin on the favorite, FanDuel’s -265 provides the best bang per buck. Whether you lean into Allen’s finishing upside or Vettori’s championship-caliber experience, understanding these odds and their movement is crucial to finding value before the first bell rings. AI Pick: Marvin Vettori Click the buttons below to read more about why the AI picked Marvin Vettori, or see all the AI picks for Holloway vs Poirier 3. Our AI is trained on our fight data and picks winners for every fight. You can track all the picks, accuracy, and profit for free on our ai-picks page.",2025-07-07,https://www.ufcbetcompanion.com/event-fighter/3692-Marvin%20Vettori%20vs%20Brendan%20Allen/fight-analysis/2380
Marvin Vettori Vs. Brendan Allen - UFC Odds And Fight Preview,"Marvin Vettori vs. Brendan Allen – UFC Odds and Fight Preview Marvin Vettori is set to face Brendan Allen in a heated middleweight showdown at UFC 318, held at the Smoothie King Center in New Orleans. The fight is highly anticipated not just for its potential rankings implications, but also because of the personal bad blood between the two, which boiled over into an infamous casino brawl last year. Originally scheduled to face each other in April 2024, the bout was delayed due to injury but the animosity has only intensified, providing extra spice for this grudge match. Marvin Vettori vs. Brendan Allen – Odds Brendan Allen enters UFC 318 as the clear betting favorite, with his odds consistently around -200 to -270 depending on the online sportsbook platform. Marvin Vettori, meanwhile, is generally considered a sizable underdog with odds in the +175 to +240 range. For example, Allen is -205 at some books, while Vettori can be found at +175 or even +240 for those hoping to maximize a potential underdog payout. In plain terms, betting markets heavily back Allen to win. Traditionally, Vettori’s fights almost always go to decision – he has never been finished in the UFC, and his last eight fights all went the distance. Allen’s recent fights also tend to end in a decision, though his submission game is always a threat. Still, some analysts are predicting there might be a finish in this one, but the dominant betting lines, used alongside football betting software, still lean toward the fight going all the way. The odds started with Allen as a modest favorite (around -200), and as UFC fight night approached, his odds shifted slightly in his favor – reaching as high as -270 at some points – before settling a bit just above -200. This means that most of the betting action and money has been on Allen, driving his odds even further into favorite territory. By contrast, Vettori opened around +170 and his underdog odds grew slightly (up to +240 in some markets) as more people backed Allen. There was a brief period in early July where Vettori’s odds were at their longest, but they settled as bookmakers adjusted to the flow of bets. Allen is favored to win, either by decision or possibly a late submission, and the fight is expected by many to go the distance. The odds moved steadily toward Allen as interest in him as a favorite grew, but Vettori’s toughness means bettors aren’t ruling out a gritty upset or a full three-round war.",2025-07-15,https://www.lowkickmma.com/marvin-vettori-vs-brendan-allen-ufc-odds-and-fight-preview/
UFC 318: Holloway vs. Poirier 3,"""The Italian Dream"" ""All In"" | Marvin Vettori | Brendan Allen | | |---|---|---| | Tale of the tape | || | Wins/Losses/Draws | 19-8-1 | 24-7-0 | | Average Fight Time | 17:25 | 10:22 | | Height | 6' 0"" | 6' 2"" | | Weight | 185 lbs. | 185 lbs. | | Reach | 74"" | 75"" | | Stance | Southpaw | Orthodox | | DOB | Sep 20, 1993 | Dec 28, 1995 | | Striking (Significant Strikes) | || | Strikes Landed per Min. (SLpM) | 4.54 | 3.55 | | Striking Accuracy | 46% | 53% | | Strikes Absorbed per Min. (SApM) | 4.37 | 3.67 | | Defense | 56% | 45% | | Grappling | || | Takedowns Average/15 min. | 1.51 | 1.53 | | Takedown Accuracy | 45% | 38% | | Takedown Defense | 69% | 56% | | Submission Average/15 min. | 0.4 | 1.3 | | Most recent fights (Newest First) | || | Loss - Dolidze | Loss - Hernandez | | | Loss - Cannonier | Loss - Imavov | | | Win - Dolidze | Win - Curtis | | | Loss - Whittaker | Win - Craig | | | Win - Costa | Win - Silva |",1995-12-28,http://ufcstats.com/fight-details/8e1feda9141602f1
Video: Marvin Vettori and Brendan Allen filmed engaging in a brawl following PFL event,"Footage has emerged of Marvin Vettori and Brendan Allen engaging in a tear-up in the aftermath of PFL 8: 2024 Playoffs. The pair had attended the major event at the Hard Rock Live, a venue inside the Seminole Hard Rock Hotel & Casino in Hollywood, Florida, USA, with the intention of just watching the fights, but that all changed when they crossed paths on the casino floor. Marvin Vettori and Brendan Allen clash at PFL 8: 2024 Playoffs With the eyes of the world on the UFC 305 main event between Dricus Du Plessis and Israel Adesanya, Marvin Vettori and Brendan Allen, chose to remind everybody that the PPV headliners aren’t the only ones in the middleweight division that can throw down. Following the PFL show, the rivals met face-to-face and seemingly couldn’t withhold their anger. Multiple videos of the shocking incident have appeared online. It seems that Allen sprints over to his rival and punches him in the face. Unsurprisingly, the footage quickly went viral, with fans desperately trying to figure out exactly what happened. WOW: Israel Adesanya reveals the craziest story from his kickboxing career ahead of UFC 305 MMA Mania’s Alex Behunin took to Twitter to reveal what he’s heard. He tweeted: “Okay, here’s an update to the Brendan Allen/Marvin Verttori brawl at PFL, per numerous sources. After PFL, Vettori tried to swing at Tuco Tokkos and missed Michael Johnson then moved everyone out of the way and then Brendan Allen stepped in and hit Vettori with a 1-2, which made him fall into a roulette table.” In an attempt to tell his side of the story, Vettori posted a clip to his Instagram Stories, showing that his face had not sustained any damage from the incident. He also tweeted: “One armed with seven guys on the other side, but show your face because I may have clipped u couple time before the recording, lol.” Dana White gives his stance on the Marvin Vettori and Brendan Allen scrap Taking the opportunity to fire shots at the rival promotion, Dana White posted: “Had to be fight of the night if it was at PFL.” Ultimately, the chaos will only whet the appetite of fans who want to see the pair of sporting titans square off in the cage. They were previously scheduled to battle it out at UFC Fight Night 240 in April. Alas, Vettori pulled out due to injury. However, while the bout has failed to materialize in the past, now could be the perfect time to get the rivals in the octagon, with the opportunity to settle their differences once and for all. Sheesh: Footage emerges of Merab Dvalishvili confronting a heckler at Craig Jones Invitational",2024-08-17,https://bloodyelbow.com/2024/08/17/video-marvin-vettori-and-brendan-allen-filmed-engaging-in-a-brawl-following-pfl-event/
Bad Blood! Brendan Allen vs. Marvin Vettori (re)booked for UFC 318 in New Orleans,"Top 15-ranked Middleweights will finally clash this summer. MMAmania.com confirmed with multiple sources today that No. 10-ranked Marvin Vettori will collide with No. 11-seeded Brendan Allen at UFC 318 on July 19, 2025, inside Smoothie King Center in New Orleans, Louisiana. The Middleweight contenders were slated to meet at UFC Vegas 90, but Vettori pulled out weeks before the bout. Tensions boiled over four months later when their heated trash talk erupted into a brawl at a Florida casino (details here). This fight carries serious bad blood. Vettori (19-8-1) faces a formidable challenge while grappling with personal tragedy, having recently lost his younger brother in a devastating house fire. The 31-year-old Italian is riding the first two-fight losing streak of his career, losing to Roman Dolidze in his most recent outing, and getting destroyed by Jared Cannonier before that. Allen (24-7) gets his long-awaited homecoming, fighting in front of a Louisiana crowd. Like Vettori, the Louisiana native is also on a two-fight losing streak. “All-In” fell short in a competitive decision against Anthony Hernandez at UFC Seattle in February and struggled in a lackluster defeat to current No. 1-ranked Nassourdine Imavov. With this grudge match added, checkout the current UFC 318 card: Max Holloway vs. Dustin Poirier 3 Marvin Vettori vs. Brendan Allen Amanda Ribas vs. Tabatha Ricci Islam Dulatov vs. Adam Fugitt Remember that MMAmania.com will deliver LIVE round-by-round, blow-by-blow coverage of the entire UFC 318 fight card right here, starting with the ESPN/ESPN+ “Prelims” matches online, which are scheduled to begin at 6:15 p.m. ET, before the main card start time at 10 p.m. ET (also on ESPN+). To check out the latest and greatest UFC 318: “Holloway vs. Poirier 3” news and notes be sure to hit up our comprehensive event archive right here. Loading comments...",2025-05-07,https://www.mmamania.com/2025/5/7/24425877/bad-blood-brendan-allen-vs-marvin-vettori-re-booked-for-ufc-318-in-new-orleans
"Marvin Vettori vs Brendan Allen Pick, 07/19/2025 Predictions UFC 318 Odds","Marvin Vettori vs Brendan Allen Pick, 07/19/2025 Predictions UFC 318 Odds Marvin Vettori vs Brendan Allen UFC 318 Smoothie King Center in New Orleans Saturday, July 19, 2025 Marvin Vettori will enter the Octagon against Brendan Allen at UFC 318 on Saturday, July 19, 2025. The moneyline has Vettori priced at +157 while Allen is at -206. Marvin ""The Italian Dream"" Vettori walks into the Octagon with a record of 19-8-1. The 31-year-old records a weight of 185 lbs and stands 6'0"". The southpaw fighter stretches 74"". Brendan ""All In"" Allen stands in at 6'2"" and weighs 185 lbs. The orthodox fighter holds a mark of 24-7-0. The 29-year-old reaches 75"". Regarding significant strikes, Marvin Vettori is landing 4.54 per min while Brendan Allen is landing 3.55 significant strikes per minute. Vettori lands 46% of the significant strikes he throws and Allen connects on 53%. Concerning their defense in the cage, ""The Italian Dream"" absorbs 4.37 significant strikes per minute and ""All In"" takes 3.67. Vettori also defends against 56% of the significant strikes his opponents throw his way and Allen thwarts 45% of the strikes thrown his way. | UFC 318 | Marvin Vettori | Brendan Allen | |---|---|---| | Opening Odds | +157 | -206 | | Record | 19-8-1 | 24-7-0 | | Average Fight Time | 17:25 | 10:22 | | Height | 6'0"" | 6'2"" | | Weight | 185 lbs | 185 lbs | | Reach | 74"" | 75"" | | Strikes Landed Per Minute | 4.54 | 3.55 | | Striking Accuracy | 46% | 53% | In the grappling category, Marvin Vettori is the lesser skilled wrestler as he takes his opponents to the canvas 1.51 times per 3 rounds. Vettori is taking his opponents to the canvas on 45% of his attempts and stuffing 69% of takedowns his opponents have attempted. Allen is finishing his takedown tries on 38% of his takedown attempts and stopping 56% of all takedowns attempted by his opposition. In terms of submission attempts, Vettori is the lesser skilled fighter by going for 0.4 finishes per 3 rds while Allen tries 1.3 finishes per 15 minutes. Get all of our Free UFC Picks In his last appearance in the Octagon, Marvin Vettori fought Roman Dolidze and took a loss on the night by unanimous decision in round 5. Dolidze ended up landing 141 of 340 total strikes attempted in that fight. Vettori walked away from this fight having landed 112 of 221 total strikes. When it comes to significant strikes, Dolidze ended up landing 141 of 338, which gave him a rate of 41%. He landed 85 of 253 significant strikes directed at the head. On the other side, Vettori landed 50% of his significant strikes by landing 111 of 220. Of all the significant strikes, he landed 72 of 173 aimed at the head. 97% of the significant strikes landed by Dolidze and 99% of them connected on by Vettori were tallied at a distance. In the last fight for Brendan Allen, he faced off with Anthony Hernandez and wound up walking away in defeat by way of unanimous decision in round 3. Hernandez ended up connecting on 40% of his significant strikes at distance while Allen connected on 71% of the significant strikes he attempted from distance. Allen ended up connecting on 53% of the significant strikes he attempted by landing 14 of 26. He connected on 8 of 19 significant strikes aimed at the head. Hernandez landed 30 of 42 significant strikes in that contest. In terms of accuracy for the significant strikes, he landed 30 of 42 aimed at the head. In regard to total strikes attempted in that fight, Hernandez ended up landing 72 of 91 and Allen landed 53 of 71 of all the strikes he attempted. Other bouts to watch out for Another fight to keep an eye on is when Francisco Prado encounters Nikolay Veretennikov. Prado comes into this bout with a mark of 12-3-0. The 23-year-old records a weight of 170 lbs and stands in at 5'10"". The orthodox fighter reaches 69"". Veretennikov stands 6'1"" and weighs in at 170 lbs. The orthodox fighter will be looking to add a win to his career total of 12-6-0. The 35-year-old reaches 74"". Regarding grappling, Francisco Prado is averaging a takedown 0.31 times per 3 rounds and Nikolay Veretennikov is averaging a takedown 0.50 times per 3 rounds. When talking about striking, Prado lands 4.38 strikes/minute and is landing 41% of the strikes that he throws. The other fighter in this bout is Nikolay Veretennikov, who is connecting on 56% of the strikes he has tried and lands 2.73 per min. If you're going to be watching the fights, don't miss when Robert Valentin is set to enter the Octagon against Ateba Gautier. Gautier comes into this fight holding a mark of 7-1-0. The 23-year-old weighs in at 185 lbs and comes in at 6'4"". The switch fighter has an arm span of 81"". Valentin comes in at 6'2"" and weighs in at 185 lbs. The orthodox fighter steps into the Octagon holding a mark of 11-5-0 (1 NC). The 30-year-old stretches 77"". Regarding wrestling, Ateba Gautier is able to defend against 90% of the takedowns fighters have gone for and is taking his opponents down on 10% of his tries. Valentin is taking his opponents to the mat on 10% of the tries he takes and is able to deflect 55% of all takedown tries against him. Concerning striking, Gautier is taking 2.23 strikes/minute while he connects on 6.06 strikes per min. Valentin, moreover, is absorbing 2.11 strikes per min and is connecting on 1.10 per minute. Who will win tonight's UFC match against the spread? Guy Bruhn's Pick: Take Marvin Vettori (+157) Get $60 worth of FREE premium member picks. No Obligation. No Salesman. No Credit Card. Fast Sign up with Instant Access Click Here Get all of Today's Free UFC Picks Get all of Today's Expert UFC Picks Most Recent UFC Picks - Dan Ige vs Patricio Freire Pick, 07/19/2025 Predictions UFC 318 Odds - Jimmy Crute vs Marcin Prachnio Pick, 07/19/2025 Predictions UFC 318 Odds - Kevin Holland vs Daniel Rodriguez Pick, 07/19/2025 Predictions UFC 318 Odds - Kyler Phillips vs Vinicius Oliveira Pick, 07/19/2025 Predictions UFC 318 Odds - Michael Johnson vs Daniel Zellhuber Pick, 07/19/2025 Predictions UFC 318 Odds - Francisco Prado vs Nikolay Veretennikov Pick, 07/19/2025 Predictions UFC 318 Odds - Carli Judice vs Nicolle Caliari Pick, 07/19/2025 Predictions UFC 318 Odds - Max Holloway vs Dustin Poirier Pick, 07/19/2025 Predictions UFC 318 Odds - Ryan Spann vs Lukasz Brzeski Pick, 07/19/2025 Predictions UFC 318 Odds - Adam Fugitt vs Islam Dulatov Pick, 07/19/2025 Predictions UFC 318 Odds",2025-07-15,https://www.docsports.com/free-picks/ufc/2025/marvin-vettori-vs-brendan-allen-pick-07-19-2025-predictions-ufc-318-odds.html
Marvin Vettori vs Brendan Allen,"UFC 318 is live this weekend (Sat., July 19, 2025), featuring a pay-per-view (PPV) main event of Max Holloway vs. Dustin Poirier 3 for the BMF belt. Checkout the odds for that title fight (and the... UFC 318 media day video, live stream interviews for the Max Holloway vs. Dustin Poirier 3-led pay-per-view (PPV) event on Sat. night (July 19, 2025) inside Smoothie King Center in New Orleans,... Get UFC 318 fight card, start time for Saturday’s big event in New Orleans. Date: July 19, 2025 | Marvin Vettori | Brendan Allen | | |---|---|---| | 31 | age | 29 | | 6'0 | height | 6'2 | | 170lbs | weight | 185lbs |",2025-07-15,https://www.mmafighting.com/fight/15648/marvin-vettori-vs-brendan-allen
Marvin Vettori vs. Brendan Allen – Preview & Fight Analysis,"UFC Fight Night: Vettori vs. Allen is scheduled to take place on Saturday, April 6, 2024, in Las Vegas, Nevada, USA. In this matchup on the fight card, Lauren “The Italian Dream” Murphy will take on Karine “All In” Silva in the Middleweight bout. You can view the complete UFC Fight Night card. Murphy brings a unique southpaw fighting stance with an 74″ reach. In contrast, Silva, an orthodox fighter, stands with a 75″ reach. These variations in their styles can have a significant impact inside the Octagon. With a 45% striking accuracy, Murphy has shown his precision in landing significant strikes, averaging around 4.56 per minute. On the other hand, Silva boasts a 54% striking accuracy, landing approximately 3.87 significant strikes per minute. In this post, we will break down Marvin Vettori vs. Brendan Allen matchup. Let’s take a look at the fighter’s ages, their height, records, reach, fight stats, and more below ⤵ The 31-year-old, Marvin Vettori is coming in with a 19-7-1 record. Murphy will be fighting for the first time since a loss via unanimous decision against Jared Cannonier at UFC Fight Night: Vettori vs. Cannonier in June. Silva, meanwhile, is coming off a submission win against Marvin Vettori on June 17, 2023, at UFC Fight Night: Allen vs. Craig and holds a 23-5-0 record. | Marvin Vettori | vs. | Brendan Allen | | 31 | Age | 29 | | 6′ 0″ | Height | 6′ 2″ | | 185 lbs. | Weight | 185 lbs. | | 74″ | Reach | 75″ | | 19-7-1 | Record | 23-5-0 | | Southpaw | Stance | Orthodox | Marvin Vettori has a southpaw fighting stance with an 74″ reach. The 29-year-old Brendan Allen is an orthodox fighter with a 75″ reach. An orthodox fighter stands with their left side forward and jabs with their left hand. The southpaw fighter is the opposite. Southpaw stands with their right side forward and jabs with their right hand. In most cases, orthodox fighters are right-handed; if you are left-handed, you fight southpaw. Marvin Vettori stats → Murphy’s striking accuracy is 45%. → Murphy lands 4.56 significant strikes per minute. → Murphy’s takedown accuracy is 45%. → Murphy’s takedown average is 1.66 per 15 minutes. → Murphy’s takedown defense is 69%. Murphy comes in with 45% striking accuracy, typically landing about 4.56 significant strikes every minute. Conversely, Silva fires at 54% accuracy, landing about 3.87 significant strikes per minute. Marvin Vettori also has a 45% takedown accuracy and, on average, gets around 1.66 takedowns every 15 minutes, compared to Silva’s 1.36 takedowns and 58% takedown accuracy. Brendan Allen stats → Silva’s striking accuracy is 54%. → Silva lands 3.87 significant strikes per minute. → Silva’s takedown accuracy is 47%. → Silva’s takedown average is 1.36 per 15 minutes. → Silva’s takedown defense is 58%. Karine spent, on average, 8:40 minutes in the Octagon, and Lauren has an average fight time of 16:55 minutes. Considering their records, fighting styles, and recent performances, this matchup looks to be an interesting clash of skills and strategies. Who will come out victorious, Lauren or Karine? Sound off in the comments. Event Name | UFC Fight Night: Vettori vs. Allen | Date | April 6, 2024 | Location | Las Vegas, Nevada, USA | Matchup | Marvin Vettori vs. Brendan Allen | You can view the scheduled UFC Fight Night fight card, upcoming UFC schedule 2023, and latest MMA news.",2024-01-06,https://www.mmascene.com/news/marvin-vettori-vs-brendan-allen-fight/
Marvin Vettori vs Brendan Allen MMA Betting Odds & Lines | DraftKings Sportsbook,Responsible Gaming Want to start placing bets? LOG IN | SIGN UP Want to start placing bets? LOG IN | SIGN UP A-Z Sports The Open Championship MLB NBA Summer League UFC ATP - Los Cabos MLS TT Elite Series Boxing ATP - Bastad Euro '25 (W) ATP - Gstaad South Korean KBO Brazil - Serie A Mexico - Liga MX WTA - Hamburg Academy Awards Aussie Rules Baseball Basketball Cricket Cycling Darts Emmy Awards Football Futsal Golf Hockey Lacrosse MMA Motorsports Rodeo Rugby League Rugby Union Snooker Soccer Table Tennis Tennis Volleyball Water Polo A-Z Sports POPULAR The Open Championship MLB NBA Summer League UFC ATP - Los Cabos MLS TT Elite Series Boxing ATP - Bastad Euro '25 (W) ATP - Gstaad South Korean KBO Brazil - Serie A Mexico - Liga MX WTA - Hamburg Sports Teams A-Z SPORTS ACADEMY AWARDS Academy Awards AUSSIE RULES AFL BASEBALL MLB Japan NPB South Korean KBO Mexican League World Baseball Classic BASKETBALL WNBA WNBA - All Stars NBA Summer League NBA View All (15) BOXING Boxing CRICKET IPL Twenty20 International Vitality T20 Blast One Day Internationals (W) View All (15) CYCLING Tour de France DARTS World Matchplay Modus Super Series PDC World Championship EMMY AWARDS Emmy Awards FOOTBALL NFL College Football NFL Preseason Indoor Football League CFL FUTSAL Japan League GOLF The Open Championship Barracuda Championship Ryder Cup US Open View All (7) HOCKEY NHL College Hockey World Championship Finnish SM Liiga View All (16) LACROSSE Premier Lacrosse League MMA UFC PFL MOTORSPORTS Formula 1 NASCAR Cup Races NASCAR Xfinity IndyCar Series View All (9) RODEO Professional Bull Riders - Teams RUGBY LEAGUE NRL Super League NRL Women RUGBY UNION Prem Rugby United Rugby Championship France - Top 14 Six Nations View All (9) SNOOKER World Championship The Masters UK Championship Championship League SOCCER Euro '25 (W) Copa Sudamericana Brazil - Serie A Copa America (W) View All (99) TABLE TENNIS TT Elite Series Czech Republic TT Star Series TENNIS ATP - Los Cabos ATP - Bastad ATP - Gstaad WTA - Hamburg View All (66) VOLLEYBALL FIVB Nations League WATER POLO World Championship NFL WEEKLY ODDS NFL Odds Week 1 NFL Odds Week 2 NFL Odds Week 3 NFL Odds Week 4 NFL Odds Week 5 NFL Odds Week 6 NFL Odds Week 7 NFL Odds Week 8 NFL Odds Week 9 NFL Odds Week 10 NFL Odds Week 11 NFL Odds Week 12 NFL Odds Week 13 NFL Odds Week 14 NFL Odds Week 15 NFL Odds Week 16 NFL Odds Week 17 NFL Odds Week 18 PRIMETIME GAMES Monday Night Football Sunday Night Football Thursday Night Football PROP BETS MLB Player Props NBA Player Props NFL Player Props NFL TD Scorers Super Bowl Prop Bets FUTURES MLB Futures NBA Futures NFL Futures PLAYOFF PAGES College Football Playoffs March Madness NBA Playoffs NFL Playoffs CHAMPIONSHIP PAGES Final Four NBA Finals Ryder Cup Stanley Cup Super Bowl The Masters World Series Sportsbook / MMA Odds / UFC Odds / Marvin Vettori vs Brendan Allen Odds,2025-07-18,https://sportsbook.draftkings.com/event/marvin-vettori-vs-brendan-allen/32485625?sgpmode=true
"Marvin Vettori issues ice-cold preview for Brendan Allen fight at UFC 318: ""He’s just unlikable""","Marvin Vettori recently opened up about his upcoming fight with Brendan Allen at UFC 318. Vettori targeted Allen with harsh words and promised to teach him a lesson. Vettori and Allen are ready to settle their differences inside the cage in the prelims of UFC 318, which will take place in front of the American's home audience at the Smoothie King Center in New Orleans, Louisiana. The two were originally scheduled to face each other at UFC Vegas 90 last year. However, the former title challenger pulled out of the fight due to an injury, resulting in bad blood between the two. During a recent interview with TMZ Sports, Vettori slammed Allen, saying: ''It’s a long story. But I’m gonna tell you this, just by the look of his face, I don’t like [Allen]. Doesn’t take much. Fu*k man, this guy, he’s just unlikable. But I mean there is reason but I don’t want to say it here… The way he carries himself, he’s just a whiny little guy… It’s not gonna go the distance, I’m just gonna tell you that. I’m gonna go all out, it’s gonna be like now or never, it’s gonna be kill or die… I’m looking to run through him, completely fu*king dismantle this guy.'' Get the latest updates on One Championship Rankings at Sportskeeda and more Check out Marvin Vettori's comments below (0:29): Notably, after their fight didn't materialize, Vettori and Allen confronted each other in August last year and got into a furious argument at the Seminole Hard Rock Hotel & Casino in Hollywood, Florida. As for the MMA scene, both middleweights are on a two-fight losing skid. Vettori lost the Roman Dolidze rematch earlier this year after a unanimous decision defeat against Jared Cannonier in 2023. Meanwhile, Allen went the distance in his last two UFC outings against Anthony Hernandez and Nassourdine Imavov, losing both via unanimous decision. Brendan Allen vows to defeat Marvin Vettori at UFC 318 No.11-ranked middleweight Brendan Allen recently spoke to TMZ Sports and discussed his bout with Marvin Vettori at UFC 318 this weekend 'All In' said: ''That's probably what I'm most excited for is just to get back in there and write the wrongs, rewrite them, like show that it's just bad nights... now I need to go out there and show it. And if I go out there and finish [Vettori] in a great fashion, then everything's rewritten... I want to beat him everywhere, man. The goal is to beat him everywhere.'' Check out Brendan Allen's comments below (0:15):",2025-07-15,https://www.sportskeeda.com/mma/news-marvin-vettori-issues-ice-cold-preview-brendan-allen-fight-ufc-318-he-s-just-unlikable
"Video! White Reacts To Wild Casino Brawl Between Allen, Vettori","Brendan Allen and Marvin Vettori got into an all-out fist fight last night (Fri., Aug. 16, 2024) while in attendance for PFL Hollywood from inside Hard Rock Casino in Hollywood, Casino. Friday night also saw UFC bantamweight contender Merab Dvalishvili confront a heckler in the stands at the Craig Jones Invitational in Las Vegas, Nevada, and nearly take his head off. All the way across the country, UFC middleweights were locking horns on a casino floor outside of PFL Hollywood. Allen and Vettori were scheduled to fight at UFC Vegas 90 back in April, but Vettori withdrew due to injury and was replaced by Chris Curtis. That didn’t stop Allen from capturing a dominant decision over Curtis to extend his current UFC win streak to seven, but the bad blood with Vettori did not go away. Outside of PFL Hollywood, Vettori reportedly approached Allen’s teammate, Tuco Tokkos, and tried to swing on him. That’s when Allen stepped in, decided to take matters into his own hands, and rushed Vettori into a roulette table. The two quickly started to throw heavy punches as the crowded casino floor broke out in commotion. It was a wild scene to say the last and an exchange that seemed to favor Allen. Check out the melee below: The best angle of Allen & Vettori pic.twitter.com/kQEHOQeAdi — Alex Behunin (@AlexBehunin) August 17, 2024 After the incident, UFC CEO, Dana White, took to social media to throw some shade at PFL. White suggested that the brawl between Allen and Vettori must have been Fight of the Night since it was at a PFL event. Check it out below: Had to be fight of the night if it was at PFL. — danawhite (@danawhite) August 17, 2024 “Had to be fight of the night if it was at PFL.” Loading comments...",2024-08-17,https://www.mmamania.com/2024/8/17/24222352/video-dana-white-reacts-wild-casino-brawl-between-brendan-allen-and-marvin-vettori-at-pfl-hollywood
"Brendan Allen tells Marvin Vettori to 'grow up,' recalls casino brawl ahead of UFC 318","Brendan Allen tells Marvin Vettori to 'grow up,' recalls casino brawl ahead of UFC 318 Brendan Allen shares his side of the story. NEW ORLEANS – Brendan Allen and Marvin Vettori are set to run things back this Saturday, although officially it will be the first time they meet. The two UFC middleweight contenders clash on the preliminary card of UFC 318 (pay-per-view, ESPN, ESPN+), which takes place at Smoothie King Center in New Orleans. The two men have plenty of history – a failed booking in April 2024 and a brawl after a PFL event last August. Speaking to reporters just days away from their bad-blood bout, Allen (24-7 MMA, 12-4 UFC) recalled his viral fight with Vettori (19-7-1 MMA, 9-6-1 UFC) on the casino floor of the Hard Rock in Hollywood, Fla. ""Basically I was there with my wife and some friends and teammates. We were supporting teammates for PFL, and it was time to go,"" Allen said on Wednesday at UFC 318 media day. ""I was leaving, and I heard people the whole night say he was looking for me, and my response was always, 'I'm not hard to find. I'm pretty easy to find.'"" Allen exited the Hard Rock Live venue and into the hotel's casino, and that's when he first saw Vettori, who was getting aggressive with UFC light heavyweight Tuco Tokkos – Allen's friend and teammate. ""On the way out of the door of the arena and into the Hard Rock (casino), I look and my friend Tucco is getting swung on by Marvin,"" Allen said. ""At first he's telling him, like you could see him do this (putting up his hands) like, 'Calm down, chill. We're not doing that.'"" According to Allen, one of his teammates pushed back Vettori, and that's when Allen rushed his rival. However, there were plenty of people present, and he was held back before he could get to Vettori ""He ends up somehow creeping around the crowd and coming back behind me, and obviously there's 40, 50 people, and I lose track of him, and people are grabbing me,"" Allen said. ""Lucky, he goes to swing around me and my boy Tuco smacks his hand as he's swinging at me, and my boy Tuco ends up hitting me because of the force and everything."" Allen claims Vettori circled back around for a second shot, and that's when the most viral angle of the brawl began. In the video, you could see UFC lightweight Michael Johnson, who also competes at UFC 318, get the crowd to make space, setting up an impromptu arena for Allen and Vettori, who were left standing across each other. ""He's looking at me dead in my eyes, as you can see from the camera angles,"" Allen explained. ""... He's looking at me in my eyes, he puts his hands up, and what do you do? You walk away, and you're a b*tch, or you walk over there and hit him? I walked over there and hit him."" Allen is not looking to extend his beef with Vettori beyond Saturday. He'd be more than willing to squash their differences as he sees the feud as childish. ""It's like grow up, man,"" Allen said. ""I'm almost 30 years old, and I have all those kids over there. I'm not trying to act stupid, and that was the whole point. Apparently he got mad at me because I said one of his fights was sh*t. It was like, 'Man, it takes two to fight. So if I called your fight sh*t, it's both of you guys. It's not just one.' I've had sh*t fights. If I'm saying it to me as a fighter, imagine how many other people you're going to hear it from. If that's what you got mad at, alright, bro.""",2025-07-16,https://mmajunkie.usatoday.com/story/sports/ufc/2025/07/16/ufc-318-brendan-allen-recalls-brawl-marvin-vettori/85244225007/
UFC Fight Night: Allen vs. Curtis 2,"""The Italian Dream"" ""All In"" | Marvin Vettori | Brendan Allen | | |---|---|---| | Tale of the tape | || | Wins/Losses/Draws | 19-8-1 | 24-7-0 | | Average Fight Time | 17:25 | 10:22 | | Height | 6' 0"" | 6' 2"" | | Weight | 185 lbs. | 185 lbs. | | Reach | 74"" | 75"" | | Stance | Southpaw | Orthodox | | DOB | Sep 20, 1993 | Dec 28, 1995 | | Striking (Significant Strikes) | || | Strikes Landed per Min. (SLpM) | 4.54 | 3.55 | | Striking Accuracy | 46% | 53% | | Strikes Absorbed per Min. (SApM) | 4.37 | 3.67 | | Defense | 56% | 45% | | Grappling | || | Takedowns Average/15 min. | 1.51 | 1.53 | | Takedown Accuracy | 45% | 38% | | Takedown Defense | 69% | 56% | | Submission Average/15 min. | 0.4 | 1.3 | | Most recent fights (Newest First) | || | Loss - Dolidze | Loss - Hernandez | | | Loss - Cannonier | Loss - Imavov | | | Win - Dolidze | Win - Curtis | | | Loss - Whittaker | Win - Craig | | | Win - Costa | Win - Silva |",1995-12-28,http://ufcstats.com/fight-details/15ebcdabab53d2f7
Marvin Vettori vs Brendan Allen - 07/19/25 - DRatings.com,"Marvin Vettori Brendan Allen Last 5 Fights Money Line Analysis Implied Margin Using the best lines from multiple sportsbooks, this would be the % take from the consensus sportsbook if bets were even on each side. More on Implied MarginImplied Margin Using the best lines from multiple sportsbooks, this would be the % take from the consensus sportsbook if bets were even on each side. More on Implied Margin| Open Line | Heritage | Bovada | BetOnline | YouWager | SportsBetting | Best Line | No-Vig OddsUsing a market maker sportsbook, this is what the line would be if there was no vigorish (sportsbook fee) in the price. More on No-Vig Odds | | |---|---|---|---|---|---|---|---|---| | Marvin Vettori | +205 | - | - | +173 | +173 | +173 | +173 | +182.9 | | Brendan Allen | -240 | - | - | -203 | -203 | -203 | -203 | -182.9 | | Open Line | South Point | Circa | Wynn | Stations | Westgate | Best Line | No-Vig OddsUsing a market maker sportsbook, this is what the line would be if there was no vigorish (sportsbook fee) in the price. More on No-Vig Odds | | |---|---|---|---|---|---|---|---|---| | Marvin Vettori | +220 | - | +185 | +175 | +165 | +165 | +185 | +182.9 | | Brendan Allen | -300 | - | -215 | -210 | -210 | -190 | -190 | -182.9 | Overall Base Rating Our analytical projection of the match in relation to the implied probability to win from the sportsbooks. More on Base Rating Base Rating Our analytical projection of the match in relation to the implied probability to win from the sportsbooks. More on Base RatingBet Trends Doing an analysis on the betting data, we project which team has which team has an edge. More on Bet Trends Bet Trends Doing an analysis on the betting data, we project which team has which team has an edge. More on Bet TrendsLatest ML Steam Move A quick and uniform line move across every sportsbook. Usually caused by an injury or deep-pocketed sharp bettor. More on Steam Move Steam Move A quick and uniform line move across every sportsbook. Usually caused by an injury or deep-pocketed sharp bettor. More on Steam MoveOverall Base Rating Our analytical projection of the match in relation to the implied probability to win from the sportsbooks. More on Base Rating Base Rating Our analytical projection of the match in relation to the implied probability to win from the sportsbooks. More on Base RatingBet Trends Doing an analysis on the betting data, we project which team has which team has an edge. More on Bet Trends Bet Trends Doing an analysis on the betting data, we project which team has which team has an edge. More on Bet TrendsLatest ML Steam Move A quick and uniform line move across every sportsbook. Usually caused by an injury or deep-pocketed sharp bettor. More on Steam Move Steam Move A quick and uniform line move across every sportsbook. Usually caused by an injury or deep-pocketed sharp bettor. More on Steam Move",2025-03-16,https://www.dratings.com/predictor/ufc-mma-predictions/db2b1c9d-d32b-58bd-aa51-4ea2e2327e26
Marvin Vettori vs Brendan Allen,"MMAmania.com confirmed with multiple sources today that No. 10-ranked Marvin Vettori will collide with No. 11-seeded Brendan Allen at UFC 318 on July 19, 2025, inside Smoothie King Center in New... Marvin Vettori is already on the hunt for his next bout after losing to Roman Dolidze at UFC Vegas 104 and hopes to rebook his fizzled fight against middleweight rival Brendan Allen. UFC middleweight contender Marvin Vettori issues first statement on ""freak accident"" that torpedoed his UFC Vegas 90 fight against Brendan Allen in Las Vegas. Date: April 6, 2024 | Marvin Vettori | Brendan Allen | | |---|---|---| | 31 | age | 29 | | 6'0 | height | 6'2 | | 170lbs | weight | 185lbs |",2024-03-15,https://www.mmafighting.com/fight/14506/marvin-vettori-vs-brendan-allen
"Video: Brendan Allen, Marvin Vettori brawl after PFL event; Dana White reacts","Video: Brendan Allen, Marvin Vettori brawl after PFL event; Dana White reacts Following 2024 PFL Playoffs 2, UFC fighters Brendan Allen and Marvin Vettori had a brawl of their own on a casino floor, which prompted a social media response from UFC CEO Dana White. The PFL event took place Friday at Hard Rock Live, a venue inside the Seminole Hard Rock Hotel & Casino in Hollywood, Fla. After the event, the bad blood between the UFC middleweights boiled over when they crossed paths on the casino floor, and punches were thrown in front of a crowd of onlookers. Multiple videos of the incident have been posted on social media, which show Allen (24-5 MMA, 12-2 UFC) and Vettori (19-6-1 MMA, 9-5-1 UFC) getting physical: According to a report from MMA Mania's Alex Behunin, Vettori threw a punch at UFC light heavyweight Tuco Tokkos, but missed. Allen then stepped up and began throwing punches at Vettori. Shortly after, Vettori posted a selfie video to his Instagram Stories, showing off his face with no damage from the brawl. He also posted a quote that read, ""One armed Vettori is unbeaten. Ain't never missing sh*t."" Word of the incident got around to UFC CEO White, who quipped a reply on X. ""had to be fight of the night if it was at PFL,"" White wrote. Allen and Vettori have had multiple interactions in the past, and were scheduled to fight at UFC Fight Night 240 in April, but Vettori withdrew due to injury. Allen would go on to defeat Chris Curtis who stepped up on short notice. After the fight, Allen went off on Vettori, who criticized the performance. Allen also revealed he previously confronted his once-scheduled opponent in person over statements made on social media, but said Vettori ""stepped behind someone."" UPDATE: Vettori reacted to what happened in an X post Saturday.",2024-08-17,https://mmajunkie.usatoday.com/story/sports/ufc/2024/08/17/video-brendan-allen-marvin-vettori-brawl-after-pfl-event-dana-white-reacts/74839729007/
Marvin Vettori vs Brendan Allen MMA Betting Odds & Lines | DraftKings Sportsbook,Responsible Gaming Want to start placing bets? LOG IN | SIGN UP Want to start placing bets? LOG IN | SIGN UP A-Z Sports The Open Championship MLB NBA Summer League UFC ATP - Los Cabos MLS TT Elite Series Boxing ATP - Bastad Euro '25 (W) ATP - Gstaad South Korean KBO Brazil - Serie A Mexico - Liga MX WTA - Hamburg Academy Awards Aussie Rules Baseball Basketball Cricket Cycling Darts Emmy Awards Football Futsal Golf Hockey Lacrosse MMA Motorsports Rodeo Rugby League Rugby Union Snooker Soccer Table Tennis Tennis Volleyball Water Polo A-Z Sports POPULAR The Open Championship MLB NBA Summer League UFC ATP - Los Cabos MLS TT Elite Series Boxing ATP - Bastad Euro '25 (W) ATP - Gstaad South Korean KBO Brazil - Serie A Mexico - Liga MX WTA - Hamburg Sports Teams A-Z SPORTS ACADEMY AWARDS Academy Awards AUSSIE RULES AFL BASEBALL MLB Japan NPB South Korean KBO Mexican League World Baseball Classic BASKETBALL WNBA WNBA - All Stars NBA Summer League NBA View All (15) BOXING Boxing CRICKET IPL Twenty20 International Vitality T20 Blast One Day Internationals (W) View All (15) CYCLING Tour de France DARTS World Matchplay Modus Super Series PDC World Championship EMMY AWARDS Emmy Awards FOOTBALL NFL College Football NFL Preseason Indoor Football League CFL FUTSAL Japan League GOLF The Open Championship Barracuda Championship Ryder Cup US Open View All (7) HOCKEY NHL College Hockey World Championship Finnish SM Liiga View All (16) LACROSSE Premier Lacrosse League MMA UFC PFL MOTORSPORTS Formula 1 NASCAR Cup Races NASCAR Xfinity IndyCar Series View All (9) RODEO Professional Bull Riders - Teams RUGBY LEAGUE NRL Super League NRL Women RUGBY UNION Prem Rugby United Rugby Championship France - Top 14 Six Nations View All (9) SNOOKER World Championship The Masters UK Championship Championship League SOCCER Euro '25 (W) Copa Sudamericana Brazil - Serie A Copa America (W) View All (99) TABLE TENNIS TT Elite Series Czech Republic TT Star Series TENNIS ATP - Los Cabos ATP - Bastad ATP - Gstaad WTA - Hamburg View All (66) VOLLEYBALL FIVB Nations League WATER POLO World Championship NFL WEEKLY ODDS NFL Odds Week 1 NFL Odds Week 2 NFL Odds Week 3 NFL Odds Week 4 NFL Odds Week 5 NFL Odds Week 6 NFL Odds Week 7 NFL Odds Week 8 NFL Odds Week 9 NFL Odds Week 10 NFL Odds Week 11 NFL Odds Week 12 NFL Odds Week 13 NFL Odds Week 14 NFL Odds Week 15 NFL Odds Week 16 NFL Odds Week 17 NFL Odds Week 18 PRIMETIME GAMES Monday Night Football Sunday Night Football Thursday Night Football PROP BETS MLB Player Props NBA Player Props NFL Player Props NFL TD Scorers Super Bowl Prop Bets FUTURES MLB Futures NBA Futures NFL Futures PLAYOFF PAGES College Football Playoffs March Madness NBA Playoffs NFL Playoffs CHAMPIONSHIP PAGES Final Four NBA Finals Ryder Cup Stanley Cup Super Bowl The Masters World Series Sportsbook / MMA Odds / UFC Odds / Marvin Vettori vs Brendan Allen Odds,2025-07-18,https://sportsbook.draftkings.com/event/marvin-vettori-vs-brendan-allen/32485625?sgpmode=true
"Marvin Vettori issues ice-cold preview for Brendan Allen fight at UFC 318: ""He’s just unlikable""","Marvin Vettori recently opened up about his upcoming fight with Brendan Allen at UFC 318. Vettori targeted Allen with harsh words and promised to teach him a lesson. Vettori and Allen are ready to settle their differences inside the cage in the prelims of UFC 318, which will take place in front of the American's home audience at the Smoothie King Center in New Orleans, Louisiana. The two were originally scheduled to face each other at UFC Vegas 90 last year. However, the former title challenger pulled out of the fight due to an injury, resulting in bad blood between the two. During a recent interview with TMZ Sports, Vettori slammed Allen, saying: ''It’s a long story. But I’m gonna tell you this, just by the look of his face, I don’t like [Allen]. Doesn’t take much. Fu*k man, this guy, he’s just unlikable. But I mean there is reason but I don’t want to say it here… The way he carries himself, he’s just a whiny little guy… It’s not gonna go the distance, I’m just gonna tell you that. I’m gonna go all out, it’s gonna be like now or never, it’s gonna be kill or die… I’m looking to run through him, completely fu*king dismantle this guy.'' Get the latest updates on One Championship Rankings at Sportskeeda and more Check out Marvin Vettori's comments below (0:29): Notably, after their fight didn't materialize, Vettori and Allen confronted each other in August last year and got into a furious argument at the Seminole Hard Rock Hotel & Casino in Hollywood, Florida. As for the MMA scene, both middleweights are on a two-fight losing skid. Vettori lost the Roman Dolidze rematch earlier this year after a unanimous decision defeat against Jared Cannonier in 2023. Meanwhile, Allen went the distance in his last two UFC outings against Anthony Hernandez and Nassourdine Imavov, losing both via unanimous decision. Brendan Allen vows to defeat Marvin Vettori at UFC 318 No.11-ranked middleweight Brendan Allen recently spoke to TMZ Sports and discussed his bout with Marvin Vettori at UFC 318 this weekend 'All In' said: ''That's probably what I'm most excited for is just to get back in there and write the wrongs, rewrite them, like show that it's just bad nights... now I need to go out there and show it. And if I go out there and finish [Vettori] in a great fashion, then everything's rewritten... I want to beat him everywhere, man. The goal is to beat him everywhere.'' Check out Brendan Allen's comments below (0:15):",2025-07-15,https://www.sportskeeda.com/mma/news-marvin-vettori-issues-ice-cold-preview-brendan-allen-fight-ufc-318-he-s-just-unlikable
"Video! White Reacts To Wild Casino Brawl Between Allen, Vettori","Brendan Allen and Marvin Vettori got into an all-out fist fight last night (Fri., Aug. 16, 2024) while in attendance for PFL Hollywood from inside Hard Rock Casino in Hollywood, Casino. Friday night also saw UFC bantamweight contender Merab Dvalishvili confront a heckler in the stands at the Craig Jones Invitational in Las Vegas, Nevada, and nearly take his head off. All the way across the country, UFC middleweights were locking horns on a casino floor outside of PFL Hollywood. Allen and Vettori were scheduled to fight at UFC Vegas 90 back in April, but Vettori withdrew due to injury and was replaced by Chris Curtis. That didn’t stop Allen from capturing a dominant decision over Curtis to extend his current UFC win streak to seven, but the bad blood with Vettori did not go away. Outside of PFL Hollywood, Vettori reportedly approached Allen’s teammate, Tuco Tokkos, and tried to swing on him. That’s when Allen stepped in, decided to take matters into his own hands, and rushed Vettori into a roulette table. The two quickly started to throw heavy punches as the crowded casino floor broke out in commotion. It was a wild scene to say the last and an exchange that seemed to favor Allen. Check out the melee below: The best angle of Allen & Vettori pic.twitter.com/kQEHOQeAdi — Alex Behunin (@AlexBehunin) August 17, 2024 After the incident, UFC CEO, Dana White, took to social media to throw some shade at PFL. White suggested that the brawl between Allen and Vettori must have been Fight of the Night since it was at a PFL event. Check it out below: Had to be fight of the night if it was at PFL. — danawhite (@danawhite) August 17, 2024 “Had to be fight of the night if it was at PFL.” Loading comments...",2024-08-17,https://www.mmamania.com/2024/8/17/24222352/video-dana-white-reacts-wild-casino-brawl-between-brendan-allen-and-marvin-vettori-at-pfl-hollywood
"Brendan Allen tells Marvin Vettori to 'grow up,' recalls casino brawl ahead of UFC 318","Brendan Allen tells Marvin Vettori to 'grow up,' recalls casino brawl ahead of UFC 318 Brendan Allen shares his side of the story. NEW ORLEANS – Brendan Allen and Marvin Vettori are set to run things back this Saturday, although officially it will be the first time they meet. The two UFC middleweight contenders clash on the preliminary card of UFC 318 (pay-per-view, ESPN, ESPN+), which takes place at Smoothie King Center in New Orleans. The two men have plenty of history – a failed booking in April 2024 and a brawl after a PFL event last August. Speaking to reporters just days away from their bad-blood bout, Allen (24-7 MMA, 12-4 UFC) recalled his viral fight with Vettori (19-7-1 MMA, 9-6-1 UFC) on the casino floor of the Hard Rock in Hollywood, Fla. ""Basically I was there with my wife and some friends and teammates. We were supporting teammates for PFL, and it was time to go,"" Allen said on Wednesday at UFC 318 media day. ""I was leaving, and I heard people the whole night say he was looking for me, and my response was always, 'I'm not hard to find. I'm pretty easy to find.'"" Allen exited the Hard Rock Live venue and into the hotel's casino, and that's when he first saw Vettori, who was getting aggressive with UFC light heavyweight Tuco Tokkos – Allen's friend and teammate. ""On the way out of the door of the arena and into the Hard Rock (casino), I look and my friend Tucco is getting swung on by Marvin,"" Allen said. ""At first he's telling him, like you could see him do this (putting up his hands) like, 'Calm down, chill. We're not doing that.'"" According to Allen, one of his teammates pushed back Vettori, and that's when Allen rushed his rival. However, there were plenty of people present, and he was held back before he could get to Vettori ""He ends up somehow creeping around the crowd and coming back behind me, and obviously there's 40, 50 people, and I lose track of him, and people are grabbing me,"" Allen said. ""Lucky, he goes to swing around me and my boy Tuco smacks his hand as he's swinging at me, and my boy Tuco ends up hitting me because of the force and everything."" Allen claims Vettori circled back around for a second shot, and that's when the most viral angle of the brawl began. In the video, you could see UFC lightweight Michael Johnson, who also competes at UFC 318, get the crowd to make space, setting up an impromptu arena for Allen and Vettori, who were left standing across each other. ""He's looking at me dead in my eyes, as you can see from the camera angles,"" Allen explained. ""... He's looking at me in my eyes, he puts his hands up, and what do you do? You walk away, and you're a b*tch, or you walk over there and hit him? I walked over there and hit him."" Allen is not looking to extend his beef with Vettori beyond Saturday. He'd be more than willing to squash their differences as he sees the feud as childish. ""It's like grow up, man,"" Allen said. ""I'm almost 30 years old, and I have all those kids over there. I'm not trying to act stupid, and that was the whole point. Apparently he got mad at me because I said one of his fights was sh*t. It was like, 'Man, it takes two to fight. So if I called your fight sh*t, it's both of you guys. It's not just one.' I've had sh*t fights. If I'm saying it to me as a fighter, imagine how many other people you're going to hear it from. If that's what you got mad at, alright, bro.""",2025-07-16,https://mmajunkie.usatoday.com/story/sports/ufc/2025/07/16/ufc-318-brendan-allen-recalls-brawl-marvin-vettori/85244225007/
UFC Fight Night: Allen vs. Curtis 2,"""The Italian Dream"" ""All In"" | Marvin Vettori | Brendan Allen | | |---|---|---| | Tale of the tape | || | Wins/Losses/Draws | 19-8-1 | 24-7-0 | | Average Fight Time | 17:25 | 10:22 | | Height | 6' 0"" | 6' 2"" | | Weight | 185 lbs. | 185 lbs. | | Reach | 74"" | 75"" | | Stance | Southpaw | Orthodox | | DOB | Sep 20, 1993 | Dec 28, 1995 | | Striking (Significant Strikes) | || | Strikes Landed per Min. (SLpM) | 4.54 | 3.55 | | Striking Accuracy | 46% | 53% | | Strikes Absorbed per Min. (SApM) | 4.37 | 3.67 | | Defense | 56% | 45% | | Grappling | || | Takedowns Average/15 min. | 1.51 | 1.53 | | Takedown Accuracy | 45% | 38% | | Takedown Defense | 69% | 56% | | Submission Average/15 min. | 0.4 | 1.3 | | Most recent fights (Newest First) | || | Loss - Dolidze | Loss - Hernandez | | | Loss - Cannonier | Loss - Imavov | | | Win - Dolidze | Win - Curtis | | | Loss - Whittaker | Win - Craig | | | Win - Costa | Win - Silva |",1995-12-28,http://ufcstats.com/fight-details/15ebcdabab53d2f7
Marvin Vettori vs Brendan Allen - 07/19/25 - DRatings.com,"Marvin Vettori Brendan Allen Last 5 Fights Money Line Analysis Implied Margin Using the best lines from multiple sportsbooks, this would be the % take from the consensus sportsbook if bets were even on each side. More on Implied MarginImplied Margin Using the best lines from multiple sportsbooks, this would be the % take from the consensus sportsbook if bets were even on each side. More on Implied Margin| Open Line | Heritage | Bovada | BetOnline | YouWager | SportsBetting | Best Line | No-Vig OddsUsing a market maker sportsbook, this is what the line would be if there was no vigorish (sportsbook fee) in the price. More on No-Vig Odds | | |---|---|---|---|---|---|---|---|---| | Marvin Vettori | +205 | - | - | +173 | +173 | +173 | +173 | +182.9 | | Brendan Allen | -240 | - | - | -203 | -203 | -203 | -203 | -182.9 | | Open Line | South Point | Circa | Wynn | Stations | Westgate | Best Line | No-Vig OddsUsing a market maker sportsbook, this is what the line would be if there was no vigorish (sportsbook fee) in the price. More on No-Vig Odds | | |---|---|---|---|---|---|---|---|---| | Marvin Vettori | +220 | - | +185 | +175 | +165 | +165 | +185 | +182.9 | | Brendan Allen | -300 | - | -215 | -210 | -210 | -190 | -190 | -182.9 | Overall Base Rating Our analytical projection of the match in relation to the implied probability to win from the sportsbooks. More on Base Rating Base Rating Our analytical projection of the match in relation to the implied probability to win from the sportsbooks. More on Base RatingBet Trends Doing an analysis on the betting data, we project which team has which team has an edge. More on Bet Trends Bet Trends Doing an analysis on the betting data, we project which team has which team has an edge. More on Bet TrendsLatest ML Steam Move A quick and uniform line move across every sportsbook. Usually caused by an injury or deep-pocketed sharp bettor. More on Steam Move Steam Move A quick and uniform line move across every sportsbook. Usually caused by an injury or deep-pocketed sharp bettor. More on Steam MoveOverall Base Rating Our analytical projection of the match in relation to the implied probability to win from the sportsbooks. More on Base Rating Base Rating Our analytical projection of the match in relation to the implied probability to win from the sportsbooks. More on Base RatingBet Trends Doing an analysis on the betting data, we project which team has which team has an edge. More on Bet Trends Bet Trends Doing an analysis on the betting data, we project which team has which team has an edge. More on Bet TrendsLatest ML Steam Move A quick and uniform line move across every sportsbook. Usually caused by an injury or deep-pocketed sharp bettor. More on Steam Move Steam Move A quick and uniform line move across every sportsbook. Usually caused by an injury or deep-pocketed sharp bettor. More on Steam Move",2025-03-16,https://www.dratings.com/predictor/ufc-mma-predictions/db2b1c9d-d32b-58bd-aa51-4ea2e2327e26
Marvin Vettori vs Brendan Allen,"MMAmania.com confirmed with multiple sources today that No. 10-ranked Marvin Vettori will collide with No. 11-seeded Brendan Allen at UFC 318 on July 19, 2025, inside Smoothie King Center in New... Marvin Vettori is already on the hunt for his next bout after losing to Roman Dolidze at UFC Vegas 104 and hopes to rebook his fizzled fight against middleweight rival Brendan Allen. UFC middleweight contender Marvin Vettori issues first statement on ""freak accident"" that torpedoed his UFC Vegas 90 fight against Brendan Allen in Las Vegas. Date: April 6, 2024 | Marvin Vettori | Brendan Allen | | |---|---|---| | 31 | age | 29 | | 6'0 | height | 6'2 | | 170lbs | weight | 185lbs |",2024-03-15,https://www.mmafighting.com/fight/14506/marvin-vettori-vs-brendan-allen
"Video: Brendan Allen, Marvin Vettori brawl after PFL event; Dana White reacts","Video: Brendan Allen, Marvin Vettori brawl after PFL event; Dana White reacts Following 2024 PFL Playoffs 2, UFC fighters Brendan Allen and Marvin Vettori had a brawl of their own on a casino floor, which prompted a social media response from UFC CEO Dana White. The PFL event took place Friday at Hard Rock Live, a venue inside the Seminole Hard Rock Hotel & Casino in Hollywood, Fla. After the event, the bad blood between the UFC middleweights boiled over when they crossed paths on the casino floor, and punches were thrown in front of a crowd of onlookers. Multiple videos of the incident have been posted on social media, which show Allen (24-5 MMA, 12-2 UFC) and Vettori (19-6-1 MMA, 9-5-1 UFC) getting physical: According to a report from MMA Mania's Alex Behunin, Vettori threw a punch at UFC light heavyweight Tuco Tokkos, but missed. Allen then stepped up and began throwing punches at Vettori. Shortly after, Vettori posted a selfie video to his Instagram Stories, showing off his face with no damage from the brawl. He also posted a quote that read, ""One armed Vettori is unbeaten. Ain't never missing sh*t."" Word of the incident got around to UFC CEO White, who quipped a reply on X. ""had to be fight of the night if it was at PFL,"" White wrote. Allen and Vettori have had multiple interactions in the past, and were scheduled to fight at UFC Fight Night 240 in April, but Vettori withdrew due to injury. Allen would go on to defeat Chris Curtis who stepped up on short notice. After the fight, Allen went off on Vettori, who criticized the performance. Allen also revealed he previously confronted his once-scheduled opponent in person over statements made on social media, but said Vettori ""stepped behind someone."" UPDATE: Vettori reacted to what happened in an X post Saturday.",2024-08-17,https://mmajunkie.usatoday.com/story/sports/ufc/2024/08/17/video-brendan-allen-marvin-vettori-brawl-after-pfl-event-dana-white-reacts/74839729007/
Vettori vs Allen - la presentazione del match di UFC 318,"Marvin Vettori vs Brendan Allen - la presentazione del match di UFC 318: cosa aspettarsi dalla sfida tra Top 15 dei pesi medi UFC, MMA - Una notte importante attende gli appassionati italiani delle Arti Marziali Miste: Marvin Vettori torna nell'Ottagono a UFC 318 per affrontare Brendan Allen. Tra i due non scorre buon sangue e la vittoria è fondamentale per entrambi poiché arrivano da un momento negativo: chi vince rimane nella lista di nomi che contano, chi perde rischia di scivolare nelle retrovie dei pesi medi. Dopo più di un anno, la sfida tra Marvin Vettori e Brendan Allen è finalmente realtà. L’incontro era stato programmato inizialmente per il 6 aprile 2024, ma l’infortunio alla spalla occorso a ""The Italian Dream"" ha portato alla cancellazione di quell’appuntamento, che verrà recuperato a UFC 318 nella notte tra il 19 e il 20 luglio 2025 (diretta su Discovery+ e su Eurosport 1). Questo scontro offre più motivi di interesse: è una sfida tra Top 15 della divisione pesi medi (Vettori n.10, Allen n.11) e tra i due c’è una forte animosità che si protrae ormai da un anno e mezzo. Ma ora entriamo nel vivo del confronto, presentando i due protagonisti. Marvin Vettori, un ritorno molto delicato Per il 31enne Marvin Vettori (19-8-1) è un momento davvero particolare della carriera. Per la prima volta da quando è professionista l’ex contendente al titolo arriva da due sconfitte di fila, arrivate contro Jared Cannonier e Roman Dolidze, ed è quindi obbligato a vincere per mantenersi rilevante nella gerarchia dei pesi medi. Questo ritorno in azione a quattro mesi dal match precedente è dunque molto delicato, anche per motivi personali: Vettori ha dovuto affrontare il lutto della prematura scomparsa di suo fratello, al quale ""The Italian Dream"" vuole dedicare una vittoria. Un avvenimento che potrebbe essere una grandissima motivazione per il fighter italiano, ma che allo stesso tempo potrebbe impattare negativamente sulla prestazione sportiva. Detto questo, per Vettori il match-up con Brendan Allen potrebbe essere positivo sulla carta. Il fighter di Mezzocorona è un atleta solido e completo, che ultimamente utilizza soprattutto il suo striking di elevato volume nei combattimenti. Potrebbe essere proprio questa la chiave di lettura per ""The Italian Dream"", dato che Allen si espone molto ai colpi e secondo le statistiche UFC subisce 3.67 colpi significativi al minuto (più di quelli che mette a segno). Potrebbe essere rischioso, invece, avventurarsi in azioni lottatorie con Allen: è quello l’ambito preferito dall’americano. Brendan Allen, di nuovo davanti al suo pubblico Uno dei fighters di casa in questo UFC 318 sarà proprio Brendan Allen (24-7), che è nato in South Carolina ma è cresciuto in Louisiana. Allen potrà dunque contare sul supporto del pubblico e secondo i bookmakers è lui il favorito del combattimento. Allen si è costruito una buona reputazione grazie alla striscia vincente accumulata tra il 2022 e il 2024, in cui era arrivato a ottenere ben 7 vittorie consecutive. Tuttavia l’ultimo anno non è stato positivo per ""All-In"", dato che ha perso gli importanti match con Nassourdine Imavov e Anthony Hernandez ai punti. Le aspettative nei confronti di Allen, che in passato aveva sfiorato la Top 5 della categoria, sono state dunque ridimensionate. L’americano è particolarmente abile nel grappling: ben 14 delle sue 24 vittorie sono arrivate tramite submission e in particolare è uno specialista delle ""Rear Naked Choke"", cioè il classico strangolamento che avviene dopo aver preso il controllo della schiena. Per quanto riguarda lo striking, Allen è cresciuto su questo ambito nel corso degli anni ma permangono alcune lacune difensive. In questa sfida potrà contare sul vantaggio fisico: è alto 1,88 cm e ha un allungo di 191 cm, cifre di poco superiori a quelle dell’Italian Dream. Più di 3 milioni di utenti stanno già utilizzando l'app Scaricala Scannerizzala Condividi questo articolo",2025-07-17,https://www.eurosport.it/mma/ufc/2025/marvin-vettori-vs-brendan-allen-la-presentazione-del-match-di-ufc-318-cosa-aspettarsi-dalla-sfida-tra-top-15-dei-pesi-medi_sto23202846/story.shtml
FanDuel Sportsbook,You need to enable JavaScript to run this app.,2022-12-07,https://sportsbook.fanduel.com/mma/ufc-matches/marvin-vettori-v-brendan-allen-34344786?tab=round-props
FanDuel Sportsbook,You need to enable JavaScript to run this app.,2022-12-07,https://sportsbook.fanduel.com/mma/ufc-matches/marvin-vettori-v-brendan-allen-34344786?tab=time-props
Marvin Vettori vs. Brendan Allen headed to UFC card on April 6,"Ultimate Fighting Championship (UFC) recently announced the middleweight matchup between Top 10 title contenders Marvin Vettori and Brendan Allen, who will collide on Sat., April 6, 2024 in a city and venue to be determined. This marks the first appearance for Vettori (19-7-1) since his unanimous decision loss to Jared Cannonier last June, a five-round drubbing that kept the rough-and-tumble “Italian Dream” stuck at No. 5 in the official 185-pound rankings. That’s three places above the No. 8-ranked Allen (23-5), who’s been nothing short of electric over the last two years. “All In” is the winner of six straight, including last November’s submission victory over Paul Craig at APEX. The UFC fight card on April 6 — held just one week before the UFC 300 mega-event — does not yet have a main event, but you can expect more fight announcements to start trickling in over the next few weeks, if not sooner. Stay tuned. Loading comments...",2024-01-03,https://www.mmamania.com/2024/1/3/24023981/marvin-vettori-vs-brendan-allen-headed-ufc-card-april-6
Marvin Vettori vs. Brendan Allen,"This is a fun grudge match. if you didn't know these two fought each other in a hotel casino a few years back. It was quick so no real indication of who would've won that fight to use as a bar for who wins this fight. To me though, this is one of the tougher fights to break down on this card. Marvin isn't in his prime, but he certainly still has a brick head and the ability to get and defend takedowns. I don't think Brendan Allen wins this fight, let alone be a -240 favorite. I think Vettori is exactly who he has been for a few years while Brendan is on the downswing. Guy went from a dorky country kid to cornrows and swag. Too much, too soon, Vettori is the pick here but to hedge the outright pick, a +3.5 bet is probably solid here. Marvin Vettori Marvin Vettori is a grappler at his core but has devolped striking over time. He has a good set of diverse takedowns from body locks to nice hit and run doubles. His striking continues to improve and he's gotten very comfortable on his feet. Even when he isn't comfortable, he's fine, because his head is made of the same thing they make crowbars out of. He has a positive striking differential, averages almost 2 takedowns per fight and has a 69% takedown defense. He is coming off th close striking loss to Roman Dolidze. Brendan Allen Brendan Allen is a BJJ black belt with solid low kicks, solid takedowns and solid striking overall. He has had a nice evolution in the octagon where he evolved from primarily a grappler to a well rounded MMA fighter. When Brendan is on, he looks fantastic. He has incredible cardio, nice striking or nice grappling. The or in that sentence is intentionally because while he can do all the things, we don't see him do both at once. He is coming off the decision loss to Anthony Hernandez where he was taken down 4 times.",2025-07-09,https://wewantpicks.com/marvin-vettori-vs-brendan-allen/
Marvin Vettori vs Brendan Allen - Fight Date: July 19,"19 Jul Marvin Vettori and Brendan Allen are set to meet on Saturday, July 19. The fight is expected to draw massive attention, with both fighters eager to prove themselves. The full fight night schedule, including local start times for various countries, is listed below. Check the schedule to see when the event begins in your region. The fight night will start on Saturday, July 19 at 6:00 PM ET (New York time). The fight night will start on Saturday, July 19 at 3:00 PM PT (Los Angeles time). The fight night will start on Saturday, July 19 at 6:00 PM ET (Toronto time). The fight night will start on Saturday, July 19 at 11:00 PM BST (London time). The fight night will start on Sunday, July 20 at 12:00 AM SAST (Johannesburg time). The fight night will start on Sunday, July 20 at 6:00 AM PHT (Manila time). The fight night will start on Sunday, July 20 at 8:00 AM AEST (Sydney time). The fight night will start on Sunday, July 20 at 10:00 AM NZST (Wellington time). Note that the main event ring walk typically takes place about 1 to 1.5 hours after the main card begins. If you're mainly interested in the headline bout, there’s still some time — but it’s always worth watching the full card. You can stream the Vettori vs Allen fight via ESPN PPV. Disclaimer: Some links to streaming or pay-per-view on this page may be affiliate links. If you make a purchase through them, we may earn a commission — at no extra cost to you. The fight will be held at the Smoothie King Center in New Orleans, Louisiana, USA. The Tale of the Tape data is compiled from publicly available information on Sherdog | Marvin Vettori | Brendan Allen | |---|---| | Italy | USA | | 19 - 8 - 1 (2 KOs) | 24 - 7 - 0 (5 KOs) | | middleweight (185 lbs / 83,9 kg) | middleweight (185 lbs / 83,9 kg) | | Age | | | Wins | | | Losses | | | Anthropometry | | Full Fight card for Marvin Vettori vs Brendan Allen: Fight card subject to change | Division | Fighter #1 | Fighter #2 | Notes | |---|---|---|---| | lightweight (155 lbs) | Max Holloway (26 - 8 - 0) | Dustin Poirier (30 - 9 - 0) | UFC 'BMF' (vacant) | | middleweight (185 lbs) | Paulo Costa (14 - 4 - 0) | Roman Kopylov (14 - 3 - 0) | | | welterweight (170 lbs) | Kevin Holland (28 - 13 - 0) | Daniel Rodriguez (19 - 5 - 0) | | | featherweight (145 lbs) | Dan Ige (19 - 9 - 0) | Patricio Freire (36 - 8 - 0) | | | lightweight (155 lbs) | Michael Johnson (23 - 19 - 0) | Daniel Zellhuber (15 - 2 - 0) | | | bantamweight (135 lbs) | Kyler Phillips (12 - 3 - 0) | Vinicius Oliveira (22 - 3 - 0) | | | middleweight (185 lbs) | Marvin Vettori (19 - 8 - 1) | Brendan Allen (24 - 7 - 0) | | | welterweight (170 lbs) | Francisco Prado (12 - 3 - 0) | Nikolay Veretennikov (12 - 6 - 0) | | | middleweight (185 lbs) | Ateba Abega Gautier (7 - 1 - 0) | Robert Valentin (10 - 5 - 0) | | | welterweight (170 lbs) | Adam Fugitt (10 - 4 - 0) | Islam Dulatov (11 - 1 - 0) | | | light heavyweight (205 lbs) | Jimmy Crute (12 - 4 - 2) | Marcin Prachnio (17 - 8 - 0) | | | heavyweight (265 lbs) | Ryan Spann (22 - 11 - 0) | Lukasz Brzeski (9 - 6 - 1) | | | middleweight (185 lbs) | Brunno Ferreira (13 - 2 - 0) | Jackson Mc Vey (6 - 0 - 0) | | | flyweight (125 lbs) | Carli Judice (4 - 2 - 0) | Nicolle Caliari (8 - 3 - 0) | On July 19, 2025, UFC 318 at Smoothie King Center in New Orleans features a middleweight showdown between Marvin Vettori and Brendan Allen. Marvin Vettori, known as ""The Italian Dream,"" comes with a solid record and a reputation for toughness and grappling. His last fight ended in a unanimous decision loss to Roman Dolidze in March 2025, but Vettori remains a respected contender in the division. Fighting out of a southpaw stance, Vettori relies on pressure and wrestling to control his opponents. Brendan Allen, nicknamed ""All In,"" brings a versatile skill set with a background in submissions and striking. He has a slight height and reach advantage, standing 6’2” with a 75-inch reach. Allen’s last fight was also a unanimous decision loss, falling to Caio Borralho in February 2025. Known for his grappling, Allen looks to regain momentum with a strong performance here. This bout offers a tactical battle between two grapplers aiming to climb back into title contention. The matchup is an important test for both fighters and worth watching for fans of technical MMA battles.",2012-04-02,https://boxing-schedule.com/mma/vettori-vs-allen/date/
Why Azealia Banks Can’t Let Go Of Her Hatred Of Ireland - From Aer Lingus To Conor McGregor,"Why Azealia Banks Can’t Let Go of Her Hatred of Ireland – From Aer Lingus to Conor McGregor Why does Azealia Banks hate Ireland? The online maelstrom whipped up by Azealia Banks’ recent spat with Conor McGregor has reignited old conversations about the rapper’s long-standing quarrel with Ireland. Watching Banks drop allegations against Conor McGregor is almost business as usual in the chaos of public feuds, but when Ireland enters the chat, things tend to snowball. Why does Azealia Banks hate Ireland? Azealia Banks, never one to take the scenic route to controversy, has managed over the years to develop a fiercely antagonistic relationship with Ireland and its people. It all began with an Aer Lingus incident in 2019 that saw her remove herself from a flight bound for Dublin and then take to social media to describe Irish women as “ugly” and claim she was being “treated like a wild animal” by airline staff. As Banks trudged ashore by ferry, she further serenaded Irish onlookers with backhanded quips about Oompa Loompas and the supposedly questionable dietary habits of the island’s women. One might have expected Azealia Banks to quietly slip into obscurity after such a fiery episode, but instead, she doubled down. The rapper continued her online broadside, branding Irish people “inbred leprechauns” and referencing the Great Famine in messages to social media followers. “Don’t you have a famine to go die in?” she wrote, in a tone more designed to spark outrage than reflection. If Banks was hoping for diplomatic immunity, she didn’t get it – instead, her remarks were swiftly called out as hateful and, in some cases, threatened with legal action under Irish communications law. Despite these pointed attacks, Banks still managed to take the stage in Dublin, dedicating her performance to “all the beautiful Irish women” in the crowd. But as quickly as she attempted this PR handbrake-turn, her social feeds reverted to the tone of a standoffish tabloid. “I’ve had enough of y’all Oompa-Loompa-looking, spray-tanned, crazy-looking [expletive] tonight,” she posted, adding that locals needed calcium tablets and soap. By this stage, it was clear: whatever nascent bridges might have been built during her concert were swiftly set ablaze before the encore. On July 14, 2025, rapper Azealia Banks publicly accused former UFC champion Conor McGregor of sending her unsolicited nude photos and threatening messages via social media direct messages. Banks shared explicit screenshots on her official X (formerly Twitter) account, which she claimed were messages and nude selfies sent by McGregor. One of the images was captioned “Lifting weights,” while another included a warning: “Don’t be a rat cos all rats get caught”. The singer’s combative history with Ireland creates a bizarre backdrop to her latest accusations against Conor McGregor, a figure as polarizing in Ireland as she is herself. Banks’ feelings towards Ireland seem somewhere between performative mischief and genuine disdain.",2025-07-15,https://www.lowkickmma.com/why-azealia-banks-cant-let-go-of-her-hatred-of-ireland-from-aer-lingus-to-conor-mcgregor/
Marvin Vettori can't wait to hurt Brendan Allen at UFC 318: 'I don't like the guy',"NEW ORLEANS – UFC 318 is not just any regular bout for Marvin Vettori. It's personal. ""The Italian Dream"" takes on bitter rival Brendan Allen on the preliminary card of Saturday's UFC pay-per-view event at Smoothie King Center in New Orleans. Vettori (19-7-1 MMA, 9-6-1 UFC) and Allen (24-7 MMA, 12-4 UFC) have plenty of history, more infamously getting into a brawl on the casino floor of the Hard Rock Hotel in South Florida. ""It is what it is. It's nothing,"" Vettori said at the UFC 318 media day on Wednesday, recalling his run-in with Allen. ""I was kind of pissed because nothing really happened, and I haven't seen him since. He lives around there, but I don't see him. It's alright at the end of the day. It is what it is. But when you run your mouth, some people think nothing is going to happen. But if you run your mouth, you have to move differently because if I see you, it's on sight."" Vettori didn't elaborate exactly elaborate on the root of their feud, but Allen claims it is because he was critical of one of his performances – comments he doesn't think warrant fighting each other outside a professional context. Yet, Vettori assures its personal between the two. ""For sure, (it's personal),"" Vettori said. ""I definitely don't like the guy. I don't like the guy."" Vettori enters UFC 318 on the back of a personal tragedy. In April, Vettori's brother passed in a house fire. Understandably so, it's not something the former UFC title challenger expects to ever get over, but he wanted to return to UFC 318 to honor his brother and be an example for others. ""You're never going to get over something like that, but you have to do something purposeful and meaningful and something that gets you going in the morning, and you know, be an example of resilience for him and for everybody around me,"" Vettori said. ""I feel like at this time, this is what I was put to do, so I'm going to keep doing for that. Physically, I'm good, and I just can't' wait to get into the cage and hurt him."" This article originally appeared on MMA Junkie: UFC 318: Marvin Vettori can't wait to hurt Brendan Allen",2025-07-16,https://sports.yahoo.com/article/marvin-vettori-cant-wait-hurt-230015628.html?fr=sycsrp_catchall
UFC 318 Predictions: Best Bets for Holloway vs Poirier 3,"Coming off a solid card in Nashville, TN, we have an amazing card, headlined by Dustin Poirier vs Max Holloway, going down in New Orleans. The card is stacked with everything from exciting prospects to Dustin Poirier’s retirement fight in his home state. We have a great night in store for us this Saturday. Today, I will break down my 3 favorite bets for this weekend’s fight card. Let’s get into it! The fact that this one is on the prelims is a treat for all of us. Marvin Vettori is a former title challenger who has had a bit of a tough go since he lost his shot at the belt to Israel Adesanya. He has since fought former champ Rob Whittaker, Paulo Costa, Jared Cannonier, and Roman Dolidze twice. He is 2-3 in those 5 fights against some of the top challengers at 185. Now he takes on Brendan Allen, who, until his last 2 fights, was one of the hottest fighters in the UFC. Before back-to-back losses, Allen had won 7 straight fights. Now, both of these contenders are desperate for a win. Allen is extremely dangerous when he gets your back. He won 5 of his 7 straight wins by rear naked choke and seemingly ends up on everyone's back, no matter how good their grappling is. This fight also has some real beef between the two fighters. They have had multiple run-ins with each other, including a brawl in a Florida Casino. Now they will take to the octagon to settle the beef. I think this fight is going to be a brawl, with both guys coming out hot. I think that type of fight favors Vettori, who is known for his iron jaw and constant pressure. I also love his odds i this one as a pretty big underdog. MY PICK: Marvin Vettori +170 Kopylov has quickly become one of the most exciting strikers in the UFC. 5 of his 8 UFC wins have come by KO/TKO, and most of them have been pretty brutal. He now takes on the former title challenger Paulo Costa, who, much like Vettori, has had a rough go since his loss to Adesanya. He is 1-3 since his title fight in 2020, and his lone win was against a very old Luke Rockhold, who hadn’t fought in about 3 years. Costa was once one of the scariest contenders in the division, but he seemingly lost his fire to fight. Since his title fight loss, he hasn’t looked the same and, as I mentioned before, has won just 1 fight in the last 5 years. He now faces an extremely dangerous striker in Roman Kopylov, who I think is going to have his way with an uninspired Costa. I’m not sure this fight will be particularly close with how Costa has looked over the last few years. Taking Kopylov with the points since I think he could take a 10-8 round with a big knockdown. MY PICK: Roman Kopylov -3.5 +110 Here. We. Go. Dustin Poirier’s retirement fight couldn’t be a better matchup. Both of these fighters are as tough as they come, and it is guaranteed to be a brawl as the Diamond makes his last appearance in the octagon in his home state of Louisiana. Poirier’s last fight was a submission loss to Islam Makhachev for the belt, so he will look to avoid going 0-2 at the end of his career. Holloway is coming off his first career KO loss at the hands of Ilia Topuria, so we will see if he can bounce back. Both of these guys are brawlers and very high-level boxers, so I think this one is just going to come down to who is better on this particular night. Poirier has beaten Max twice already throughout the years, in 2019 and all the way back in 2012 in Holloway’s UFC debut. These guys have obviously evolved since their last meeting in 2019, so I can’t wait to see how this will play out. I don’t have the stats or analytics for this one, but it is hard to bet against Poirier in his last-ever fight in the UFC with the entire state of Louisiana behind him. I think he will get Max for the 3rd time in an instant classic. MY PICK: Dustin Poirier +114",2025-07-17,https://www.bettorsinsider.com/mma/2025/07/17/ufc-318-predictions-best-bets-for-holloway-vs-poirier-3
Marvin Vettori can't wait to hurt Brendan Allen at UFC 318: 'I don't like the guy',"Marvin Vettori can't wait to hurt Brendan Allen at UFC 318: 'I don't like the guy' UFC 318 is personal for Marvin Vettori. NEW ORLEANS – UFC 318 is not just any regular bout for Marvin Vettori. It's personal. ""The Italian Dream"" takes on bitter rival Brendan Allen on the preliminary card of Saturday's UFC pay-per-view event at Smoothie King Center in New Orleans. Vettori (19-7-1 MMA, 9-6-1 UFC) and Allen (24-7 MMA, 12-4 UFC) have plenty of history, more infamously getting into a brawl on the casino floor of the Hard Rock Hotel in South Florida. ""It is what it is. It's nothing,"" Vettori said at the UFC 318 media day on Wednesday, recalling his run-in with Allen. ""I was kind of pissed because nothing really happened, and I haven't seen him since. He lives around there, but I don't see him. It's alright at the end of the day. It is what it is. But when you run your mouth, some people think nothing is going to happen. But if you run your mouth, you have to move differently because if I see you, it's on sight."" Vettori didn't elaborate exactly elaborate on the root of their feud, but Allen claims it is because he was critical of one of his performances – comments he doesn't think warrant fighting each other outside a professional context. Yet, Vettori assures its personal between the two. ""For sure, (it's personal),"" Vettori said. ""I definitely don't like the guy. I don't like the guy."" Vettori enters UFC 318 on the back of a personal tragedy. In April, Vettori's brother passed in a house fire. Understandably so, it's not something the former UFC title challenger expects to ever get over, but he wanted to return to UFC 318 to honor his brother and be an example for others. ""You're never going to get over something like that, but you have to do something purposeful and meaningful and something that gets you going in the morning, and you know, be an example of resilience for him and for everybody around me,"" Vettori said. ""I feel like at this time, this is what I was put to do, so I'm going to keep doing for that. Physically, I'm good, and I just can't' wait to get into the cage and hurt him.""",2025-07-16,https://mmajunkie.usatoday.com/story/sports/ufc/2025/07/16/ufc-318-marvin-vettori-cant-wait-hurt-brendan-allen/85246238007/
Vettori vs Allen - la presentazione del match di UFC 318,"Marvin Vettori vs Brendan Allen - la presentazione del match di UFC 318: cosa aspettarsi dalla sfida tra Top 15 dei pesi medi UFC, MMA - Una notte importante attende gli appassionati italiani delle Arti Marziali Miste: Marvin Vettori torna nell'Ottagono a UFC 318 per affrontare Brendan Allen. Tra i due non scorre buon sangue e la vittoria è fondamentale per entrambi poiché arrivano da un momento negativo: chi vince rimane nella lista di nomi che contano, chi perde rischia di scivolare nelle retrovie dei pesi medi. Dopo più di un anno, la sfida tra Marvin Vettori e Brendan Allen è finalmente realtà. L’incontro era stato programmato inizialmente per il 6 aprile 2024, ma l’infortunio alla spalla occorso a ""The Italian Dream"" ha portato alla cancellazione di quell’appuntamento, che verrà recuperato a UFC 318 nella notte tra il 19 e il 20 luglio 2025 (diretta su Discovery+ e su Eurosport 1). Questo scontro offre più motivi di interesse: è una sfida tra Top 15 della divisione pesi medi (Vettori n.10, Allen n.11) e tra i due c’è una forte animosità che si protrae ormai da un anno e mezzo. Ma ora entriamo nel vivo del confronto, presentando i due protagonisti. Marvin Vettori, un ritorno molto delicato Per il 31enne Marvin Vettori (19-8-1) è un momento davvero particolare della carriera. Per la prima volta da quando è professionista l’ex contendente al titolo arriva da due sconfitte di fila, arrivate contro Jared Cannonier e Roman Dolidze, ed è quindi obbligato a vincere per mantenersi rilevante nella gerarchia dei pesi medi. Questo ritorno in azione a quattro mesi dal match precedente è dunque molto delicato, anche per motivi personali: Vettori ha dovuto affrontare il lutto della prematura scomparsa di suo fratello, al quale ""The Italian Dream"" vuole dedicare una vittoria. Un avvenimento che potrebbe essere una grandissima motivazione per il fighter italiano, ma che allo stesso tempo potrebbe impattare negativamente sulla prestazione sportiva. Detto questo, per Vettori il match-up con Brendan Allen potrebbe essere positivo sulla carta. Il fighter di Mezzocorona è un atleta solido e completo, che ultimamente utilizza soprattutto il suo striking di elevato volume nei combattimenti. Potrebbe essere proprio questa la chiave di lettura per ""The Italian Dream"", dato che Allen si espone molto ai colpi e secondo le statistiche UFC subisce 3.67 colpi significativi al minuto (più di quelli che mette a segno). Potrebbe essere rischioso, invece, avventurarsi in azioni lottatorie con Allen: è quello l’ambito preferito dall’americano. Brendan Allen, di nuovo davanti al suo pubblico Uno dei fighters di casa in questo UFC 318 sarà proprio Brendan Allen (24-7), che è nato in South Carolina ma è cresciuto in Louisiana. Allen potrà dunque contare sul supporto del pubblico e secondo i bookmakers è lui il favorito del combattimento. Allen si è costruito una buona reputazione grazie alla striscia vincente accumulata tra il 2022 e il 2024, in cui era arrivato a ottenere ben 7 vittorie consecutive. Tuttavia l’ultimo anno non è stato positivo per ""All-In"", dato che ha perso gli importanti match con Nassourdine Imavov e Anthony Hernandez ai punti. Le aspettative nei confronti di Allen, che in passato aveva sfiorato la Top 5 della categoria, sono state dunque ridimensionate. L’americano è particolarmente abile nel grappling: ben 14 delle sue 24 vittorie sono arrivate tramite submission e in particolare è uno specialista delle ""Rear Naked Choke"", cioè il classico strangolamento che avviene dopo aver preso il controllo della schiena. Per quanto riguarda lo striking, Allen è cresciuto su questo ambito nel corso degli anni ma permangono alcune lacune difensive. In questa sfida potrà contare sul vantaggio fisico: è alto 1,88 cm e ha un allungo di 191 cm, cifre di poco superiori a quelle dell’Italian Dream. Più di 3 milioni di utenti stanno già utilizzando l'app Scaricala Scannerizzala Condividi questo articolo",2025-07-17,https://www.eurosport.it/mma/ufc/2025/marvin-vettori-vs-brendan-allen-la-presentazione-del-match-di-ufc-318-cosa-aspettarsi-dalla-sfida-tra-top-15-dei-pesi-medi_sto23202846/story.shtml
FanDuel Sportsbook,You need to enable JavaScript to run this app.,2022-12-07,https://sportsbook.fanduel.com/mma/ufc-matches/marvin-vettori-v-brendan-allen-34344786?tab=round-props
FanDuel Sportsbook,You need to enable JavaScript to run this app.,2022-12-07,https://sportsbook.fanduel.com/mma/ufc-matches/marvin-vettori-v-brendan-allen-34344786?tab=time-props
Marvin Vettori vs. Brendan Allen headed to UFC card on April 6,"Ultimate Fighting Championship (UFC) recently announced the middleweight matchup between Top 10 title contenders Marvin Vettori and Brendan Allen, who will collide on Sat., April 6, 2024 in a city and venue to be determined. This marks the first appearance for Vettori (19-7-1) since his unanimous decision loss to Jared Cannonier last June, a five-round drubbing that kept the rough-and-tumble “Italian Dream” stuck at No. 5 in the official 185-pound rankings. That’s three places above the No. 8-ranked Allen (23-5), who’s been nothing short of electric over the last two years. “All In” is the winner of six straight, including last November’s submission victory over Paul Craig at APEX. The UFC fight card on April 6 — held just one week before the UFC 300 mega-event — does not yet have a main event, but you can expect more fight announcements to start trickling in over the next few weeks, if not sooner. Stay tuned. Loading comments...",2024-01-03,https://www.mmamania.com/2024/1/3/24023981/marvin-vettori-vs-brendan-allen-headed-ufc-card-april-6
Marvin Vettori vs. Brendan Allen,"This is a fun grudge match. if you didn't know these two fought each other in a hotel casino a few years back. It was quick so no real indication of who would've won that fight to use as a bar for who wins this fight. To me though, this is one of the tougher fights to break down on this card. Marvin isn't in his prime, but he certainly still has a brick head and the ability to get and defend takedowns. I don't think Brendan Allen wins this fight, let alone be a -240 favorite. I think Vettori is exactly who he has been for a few years while Brendan is on the downswing. Guy went from a dorky country kid to cornrows and swag. Too much, too soon, Vettori is the pick here but to hedge the outright pick, a +3.5 bet is probably solid here. Marvin Vettori Marvin Vettori is a grappler at his core but has devolped striking over time. He has a good set of diverse takedowns from body locks to nice hit and run doubles. His striking continues to improve and he's gotten very comfortable on his feet. Even when he isn't comfortable, he's fine, because his head is made of the same thing they make crowbars out of. He has a positive striking differential, averages almost 2 takedowns per fight and has a 69% takedown defense. He is coming off th close striking loss to Roman Dolidze. Brendan Allen Brendan Allen is a BJJ black belt with solid low kicks, solid takedowns and solid striking overall. He has had a nice evolution in the octagon where he evolved from primarily a grappler to a well rounded MMA fighter. When Brendan is on, he looks fantastic. He has incredible cardio, nice striking or nice grappling. The or in that sentence is intentionally because while he can do all the things, we don't see him do both at once. He is coming off the decision loss to Anthony Hernandez where he was taken down 4 times.",2025-07-09,https://wewantpicks.com/marvin-vettori-vs-brendan-allen/
Marvin Vettori vs Brendan Allen - Fight Date: July 19,"19 Jul Marvin Vettori and Brendan Allen are set to meet on Saturday, July 19. The fight is expected to draw massive attention, with both fighters eager to prove themselves. The full fight night schedule, including local start times for various countries, is listed below. Check the schedule to see when the event begins in your region. The fight night will start on Saturday, July 19 at 6:00 PM ET (New York time). The fight night will start on Saturday, July 19 at 3:00 PM PT (Los Angeles time). The fight night will start on Saturday, July 19 at 6:00 PM ET (Toronto time). The fight night will start on Saturday, July 19 at 11:00 PM BST (London time). The fight night will start on Sunday, July 20 at 12:00 AM SAST (Johannesburg time). The fight night will start on Sunday, July 20 at 6:00 AM PHT (Manila time). The fight night will start on Sunday, July 20 at 8:00 AM AEST (Sydney time). The fight night will start on Sunday, July 20 at 10:00 AM NZST (Wellington time). Note that the main event ring walk typically takes place about 1 to 1.5 hours after the main card begins. If you're mainly interested in the headline bout, there’s still some time — but it’s always worth watching the full card. You can stream the Vettori vs Allen fight via ESPN PPV. Disclaimer: Some links to streaming or pay-per-view on this page may be affiliate links. If you make a purchase through them, we may earn a commission — at no extra cost to you. The fight will be held at the Smoothie King Center in New Orleans, Louisiana, USA. The Tale of the Tape data is compiled from publicly available information on Sherdog | Marvin Vettori | Brendan Allen | |---|---| | Italy | USA | | 19 - 8 - 1 (2 KOs) | 24 - 7 - 0 (5 KOs) | | middleweight (185 lbs / 83,9 kg) | middleweight (185 lbs / 83,9 kg) | | Age | | | Wins | | | Losses | | | Anthropometry | | Full Fight card for Marvin Vettori vs Brendan Allen: Fight card subject to change | Division | Fighter #1 | Fighter #2 | Notes | |---|---|---|---| | lightweight (155 lbs) | Max Holloway (26 - 8 - 0) | Dustin Poirier (30 - 9 - 0) | UFC 'BMF' (vacant) | | middleweight (185 lbs) | Paulo Costa (14 - 4 - 0) | Roman Kopylov (14 - 3 - 0) | | | welterweight (170 lbs) | Kevin Holland (28 - 13 - 0) | Daniel Rodriguez (19 - 5 - 0) | | | featherweight (145 lbs) | Dan Ige (19 - 9 - 0) | Patricio Freire (36 - 8 - 0) | | | lightweight (155 lbs) | Michael Johnson (23 - 19 - 0) | Daniel Zellhuber (15 - 2 - 0) | | | bantamweight (135 lbs) | Kyler Phillips (12 - 3 - 0) | Vinicius Oliveira (22 - 3 - 0) | | | middleweight (185 lbs) | Marvin Vettori (19 - 8 - 1) | Brendan Allen (24 - 7 - 0) | | | welterweight (170 lbs) | Francisco Prado (12 - 3 - 0) | Nikolay Veretennikov (12 - 6 - 0) | | | middleweight (185 lbs) | Ateba Abega Gautier (7 - 1 - 0) | Robert Valentin (10 - 5 - 0) | | | welterweight (170 lbs) | Adam Fugitt (10 - 4 - 0) | Islam Dulatov (11 - 1 - 0) | | | light heavyweight (205 lbs) | Jimmy Crute (12 - 4 - 2) | Marcin Prachnio (17 - 8 - 0) | | | heavyweight (265 lbs) | Ryan Spann (22 - 11 - 0) | Lukasz Brzeski (9 - 6 - 1) | | | middleweight (185 lbs) | Brunno Ferreira (13 - 2 - 0) | Jackson Mc Vey (6 - 0 - 0) | | | flyweight (125 lbs) | Carli Judice (4 - 2 - 0) | Nicolle Caliari (8 - 3 - 0) | On July 19, 2025, UFC 318 at Smoothie King Center in New Orleans features a middleweight showdown between Marvin Vettori and Brendan Allen. Marvin Vettori, known as ""The Italian Dream,"" comes with a solid record and a reputation for toughness and grappling. His last fight ended in a unanimous decision loss to Roman Dolidze in March 2025, but Vettori remains a respected contender in the division. Fighting out of a southpaw stance, Vettori relies on pressure and wrestling to control his opponents. Brendan Allen, nicknamed ""All In,"" brings a versatile skill set with a background in submissions and striking. He has a slight height and reach advantage, standing 6’2” with a 75-inch reach. Allen’s last fight was also a unanimous decision loss, falling to Caio Borralho in February 2025. Known for his grappling, Allen looks to regain momentum with a strong performance here. This bout offers a tactical battle between two grapplers aiming to climb back into title contention. The matchup is an important test for both fighters and worth watching for fans of technical MMA battles.",2012-04-02,https://boxing-schedule.com/mma/vettori-vs-allen/date/
Why Azealia Banks Can’t Let Go Of Her Hatred Of Ireland - From Aer Lingus To Conor McGregor,"Why Azealia Banks Can’t Let Go of Her Hatred of Ireland – From Aer Lingus to Conor McGregor Why does Azealia Banks hate Ireland? The online maelstrom whipped up by Azealia Banks’ recent spat with Conor McGregor has reignited old conversations about the rapper’s long-standing quarrel with Ireland. Watching Banks drop allegations against Conor McGregor is almost business as usual in the chaos of public feuds, but when Ireland enters the chat, things tend to snowball. Why does Azealia Banks hate Ireland? Azealia Banks, never one to take the scenic route to controversy, has managed over the years to develop a fiercely antagonistic relationship with Ireland and its people. It all began with an Aer Lingus incident in 2019 that saw her remove herself from a flight bound for Dublin and then take to social media to describe Irish women as “ugly” and claim she was being “treated like a wild animal” by airline staff. As Banks trudged ashore by ferry, she further serenaded Irish onlookers with backhanded quips about Oompa Loompas and the supposedly questionable dietary habits of the island’s women. One might have expected Azealia Banks to quietly slip into obscurity after such a fiery episode, but instead, she doubled down. The rapper continued her online broadside, branding Irish people “inbred leprechauns” and referencing the Great Famine in messages to social media followers. “Don’t you have a famine to go die in?” she wrote, in a tone more designed to spark outrage than reflection. If Banks was hoping for diplomatic immunity, she didn’t get it – instead, her remarks were swiftly called out as hateful and, in some cases, threatened with legal action under Irish communications law. Despite these pointed attacks, Banks still managed to take the stage in Dublin, dedicating her performance to “all the beautiful Irish women” in the crowd. But as quickly as she attempted this PR handbrake-turn, her social feeds reverted to the tone of a standoffish tabloid. “I’ve had enough of y’all Oompa-Loompa-looking, spray-tanned, crazy-looking [expletive] tonight,” she posted, adding that locals needed calcium tablets and soap. By this stage, it was clear: whatever nascent bridges might have been built during her concert were swiftly set ablaze before the encore. On July 14, 2025, rapper Azealia Banks publicly accused former UFC champion Conor McGregor of sending her unsolicited nude photos and threatening messages via social media direct messages. Banks shared explicit screenshots on her official X (formerly Twitter) account, which she claimed were messages and nude selfies sent by McGregor. One of the images was captioned “Lifting weights,” while another included a warning: “Don’t be a rat cos all rats get caught”. The singer’s combative history with Ireland creates a bizarre backdrop to her latest accusations against Conor McGregor, a figure as polarizing in Ireland as she is herself. Banks’ feelings towards Ireland seem somewhere between performative mischief and genuine disdain.",2025-07-15,https://www.lowkickmma.com/why-azealia-banks-cant-let-go-of-her-hatred-of-ireland-from-aer-lingus-to-conor-mcgregor/
Marvin Vettori can't wait to hurt Brendan Allen at UFC 318: 'I don't like the guy',"NEW ORLEANS – UFC 318 is not just any regular bout for Marvin Vettori. It's personal. ""The Italian Dream"" takes on bitter rival Brendan Allen on the preliminary card of Saturday's UFC pay-per-view event at Smoothie King Center in New Orleans. Vettori (19-7-1 MMA, 9-6-1 UFC) and Allen (24-7 MMA, 12-4 UFC) have plenty of history, more infamously getting into a brawl on the casino floor of the Hard Rock Hotel in South Florida. ""It is what it is. It's nothing,"" Vettori said at the UFC 318 media day on Wednesday, recalling his run-in with Allen. ""I was kind of pissed because nothing really happened, and I haven't seen him since. He lives around there, but I don't see him. It's alright at the end of the day. It is what it is. But when you run your mouth, some people think nothing is going to happen. But if you run your mouth, you have to move differently because if I see you, it's on sight."" Vettori didn't elaborate exactly elaborate on the root of their feud, but Allen claims it is because he was critical of one of his performances – comments he doesn't think warrant fighting each other outside a professional context. Yet, Vettori assures its personal between the two. ""For sure, (it's personal),"" Vettori said. ""I definitely don't like the guy. I don't like the guy."" Vettori enters UFC 318 on the back of a personal tragedy. In April, Vettori's brother passed in a house fire. Understandably so, it's not something the former UFC title challenger expects to ever get over, but he wanted to return to UFC 318 to honor his brother and be an example for others. ""You're never going to get over something like that, but you have to do something purposeful and meaningful and something that gets you going in the morning, and you know, be an example of resilience for him and for everybody around me,"" Vettori said. ""I feel like at this time, this is what I was put to do, so I'm going to keep doing for that. Physically, I'm good, and I just can't' wait to get into the cage and hurt him."" This article originally appeared on MMA Junkie: UFC 318: Marvin Vettori can't wait to hurt Brendan Allen",2025-07-16,https://sports.yahoo.com/article/marvin-vettori-cant-wait-hurt-230015628.html?fr=sycsrp_catchall
UFC 318 Predictions: Best Bets for Holloway vs Poirier 3,"Coming off a solid card in Nashville, TN, we have an amazing card, headlined by Dustin Poirier vs Max Holloway, going down in New Orleans. The card is stacked with everything from exciting prospects to Dustin Poirier’s retirement fight in his home state. We have a great night in store for us this Saturday. Today, I will break down my 3 favorite bets for this weekend’s fight card. Let’s get into it! The fact that this one is on the prelims is a treat for all of us. Marvin Vettori is a former title challenger who has had a bit of a tough go since he lost his shot at the belt to Israel Adesanya. He has since fought former champ Rob Whittaker, Paulo Costa, Jared Cannonier, and Roman Dolidze twice. He is 2-3 in those 5 fights against some of the top challengers at 185. Now he takes on Brendan Allen, who, until his last 2 fights, was one of the hottest fighters in the UFC. Before back-to-back losses, Allen had won 7 straight fights. Now, both of these contenders are desperate for a win. Allen is extremely dangerous when he gets your back. He won 5 of his 7 straight wins by rear naked choke and seemingly ends up on everyone's back, no matter how good their grappling is. This fight also has some real beef between the two fighters. They have had multiple run-ins with each other, including a brawl in a Florida Casino. Now they will take to the octagon to settle the beef. I think this fight is going to be a brawl, with both guys coming out hot. I think that type of fight favors Vettori, who is known for his iron jaw and constant pressure. I also love his odds i this one as a pretty big underdog. MY PICK: Marvin Vettori +170 Kopylov has quickly become one of the most exciting strikers in the UFC. 5 of his 8 UFC wins have come by KO/TKO, and most of them have been pretty brutal. He now takes on the former title challenger Paulo Costa, who, much like Vettori, has had a rough go since his loss to Adesanya. He is 1-3 since his title fight in 2020, and his lone win was against a very old Luke Rockhold, who hadn’t fought in about 3 years. Costa was once one of the scariest contenders in the division, but he seemingly lost his fire to fight. Since his title fight loss, he hasn’t looked the same and, as I mentioned before, has won just 1 fight in the last 5 years. He now faces an extremely dangerous striker in Roman Kopylov, who I think is going to have his way with an uninspired Costa. I’m not sure this fight will be particularly close with how Costa has looked over the last few years. Taking Kopylov with the points since I think he could take a 10-8 round with a big knockdown. MY PICK: Roman Kopylov -3.5 +110 Here. We. Go. Dustin Poirier’s retirement fight couldn’t be a better matchup. Both of these fighters are as tough as they come, and it is guaranteed to be a brawl as the Diamond makes his last appearance in the octagon in his home state of Louisiana. Poirier’s last fight was a submission loss to Islam Makhachev for the belt, so he will look to avoid going 0-2 at the end of his career. Holloway is coming off his first career KO loss at the hands of Ilia Topuria, so we will see if he can bounce back. Both of these guys are brawlers and very high-level boxers, so I think this one is just going to come down to who is better on this particular night. Poirier has beaten Max twice already throughout the years, in 2019 and all the way back in 2012 in Holloway’s UFC debut. These guys have obviously evolved since their last meeting in 2019, so I can’t wait to see how this will play out. I don’t have the stats or analytics for this one, but it is hard to bet against Poirier in his last-ever fight in the UFC with the entire state of Louisiana behind him. I think he will get Max for the 3rd time in an instant classic. MY PICK: Dustin Poirier +114",2025-07-17,https://www.bettorsinsider.com/mma/2025/07/17/ufc-318-predictions-best-bets-for-holloway-vs-poirier-3
Marvin Vettori can't wait to hurt Brendan Allen at UFC 318: 'I don't like the guy',"Marvin Vettori can't wait to hurt Brendan Allen at UFC 318: 'I don't like the guy' UFC 318 is personal for Marvin Vettori. NEW ORLEANS – UFC 318 is not just any regular bout for Marvin Vettori. It's personal. ""The Italian Dream"" takes on bitter rival Brendan Allen on the preliminary card of Saturday's UFC pay-per-view event at Smoothie King Center in New Orleans. Vettori (19-7-1 MMA, 9-6-1 UFC) and Allen (24-7 MMA, 12-4 UFC) have plenty of history, more infamously getting into a brawl on the casino floor of the Hard Rock Hotel in South Florida. ""It is what it is. It's nothing,"" Vettori said at the UFC 318 media day on Wednesday, recalling his run-in with Allen. ""I was kind of pissed because nothing really happened, and I haven't seen him since. He lives around there, but I don't see him. It's alright at the end of the day. It is what it is. But when you run your mouth, some people think nothing is going to happen. But if you run your mouth, you have to move differently because if I see you, it's on sight."" Vettori didn't elaborate exactly elaborate on the root of their feud, but Allen claims it is because he was critical of one of his performances – comments he doesn't think warrant fighting each other outside a professional context. Yet, Vettori assures its personal between the two. ""For sure, (it's personal),"" Vettori said. ""I definitely don't like the guy. I don't like the guy."" Vettori enters UFC 318 on the back of a personal tragedy. In April, Vettori's brother passed in a house fire. Understandably so, it's not something the former UFC title challenger expects to ever get over, but he wanted to return to UFC 318 to honor his brother and be an example for others. ""You're never going to get over something like that, but you have to do something purposeful and meaningful and something that gets you going in the morning, and you know, be an example of resilience for him and for everybody around me,"" Vettori said. ""I feel like at this time, this is what I was put to do, so I'm going to keep doing for that. Physically, I'm good, and I just can't' wait to get into the cage and hurt him.""",2025-07-16,https://mmajunkie.usatoday.com/story/sports/ufc/2025/07/16/ufc-318-marvin-vettori-cant-wait-hurt-brendan-allen/85246238007/
