title,text,publish_date,url
"Jake Matthews vs. Chidi Njokuani, UFC Fight Night | MMA Bout | Tapology","Fighter Comparison | Matthews | Njokuani | ||| | #25 WelterW (Worldwide) | Ranking | #23 WelterW (Worldwide) | || | 21-7-0 MMA | Pro Record | 25-10-0 MMA | || | 2025 2022 | Last 5 Fights | 2025 2023 | || | -105 (Near Even) | Betting Odds | -120 (Near Even) | || | | Nation | | || | Melbourne VIC | Fights out of | Las Vegas Nevada | || | 30 +10 mos, 3 wks, 2 days | Age at Fight | 36 +6 mos, 1 week, 4 days | || | 170.5 lbs (77.3 kgs) | Weigh-In Result | 170.5 lbs (77.3 kgs) | || | 5'11"" (180cm) | Height | 6'3"" (191cm) | || | 73.0"" (185cm) | Reach | 80.0"" (203cm) | || | Nexus | Gym | Saekson Janjira Muay Thai | Matthews vs. Njokuani Fight Predictions Fight Predictions Tapology Community Picks: 4,020 Bout Information Event Poster Fight Details - Event: UFC Fight Night: Lewis vs. Teixeira - Date: Saturday 07.12.2025 at 06:00 PM ET - Referee: N/A - Venue: Bridgestone Arena - Enclosure: Octagon - Location: Nashville, Tennessee, United States - Bout Billing: Preliminary Card (fight 5 of 12) - Pro/Am: Professional - Weight: 170 lbs (77.1 kg) - Event Links: - Bout Links:",2025-04-03,https://www.tapology.com/fightcenter/bouts/1003834-ufc-fight-night-jake-the-celtic-kid-matthews-vs-chidi-bang-bang-njokuani
Jake Matthews vs Chidi Njokuani,"UFC Nashville start time, full fight card details for the ""Lewis vs. Teixeira""-led event tonight (Sat., July 12, 2025), streaming live on ESPN+. Get UFC Nashville start time, location, date, bout... UFC Nashville happens LIVE on ESPN/ESPN+ TONIGHT (Sat. July 12, 2025) with Derrick Lewis vs. Tallison Teixeira in the main event. Catch all the action with live round-by-round streaming results... Derrick Lewis, Tallison Teixeira, and the rest of the UFC Nashville fighters step on the scale on Friday. Date: July 12, 2025 | Jake Matthews | Chidi Njokuani | | |---|---|---| | age | || | height | 6'3"" | | | 170lbs | weight | 170lbs |",2025-07-11,https://www.mmafighting.com/fight/15730/jake-matthews-vs-chidi-njokuani
"Jake Matthews vs. Chidi Njokuani prediction, odds, pick for UFC Nashville","UFC Nashville: Derrick Lewis versus Tallison Teixeira continues on the prelims with a fight between Jake Matthews and Chidi Njokuani in the welterweight division on Saturday. Check out our UFC odds series for our Matthews-Njokuani prediction and pick. Jake Matthews (23-7) enters UFC Nashville riding a two-fight win streak, having outpointed Phil Rowe and Francisco Prado in back-to-back unanimous decisions. Now, “The Celtic Kid” looks to extend his momentum and test his evolving skill set against the dangerous Chidi Njokuani this Saturday night in Nashville. Chidi Njokuani (26-10) enters UFC Nashville riding a wave of momentum after three-straight wins. He most recently stopped Elizeu Zaleski dos Santos with a vicious knee and ground-and-pound in round two, following a dominant unanimous decision over Jared Gooden. Now, “Bang Bang” looks to keep rolling against Jake Matthews this Saturday night. Here are the UFC Nashville Odds, courtesy of DraftKings. UFC Nashville odds: Jake Matthews-Chidi Njokuani odds Jake Matthews: +130 Chidi Njokuani: -155 Over 1.5 rounds: -315 Under 1.5 rounds: +230 *Watch sports LIVE with fuboTV (Get Access | Save $30)* Why Jake Matthews will win - Last Fight: (W) Francisco Prado – DEC - Last 5: 3-2 - Finishes: 13 (5 KO/TKO/8 SUB) Jake Matthews is well-positioned to defeat Chidi Njokuani at UFC Nashville due to his versatile skill set and tactical discipline. Matthews boasts crisp boxing, solid wrestling defense, and a proven ability to mix in takedowns and submissions, making him a tough matchup for a pure striker like Njokuani. Matthews’ recent performances highlight his ability to control the pace and location of a fight. He has won his last two bouts by decision, showcasing his cardio and strategic approach against dangerous opponents. Against Njokuani, Matthews is likely to employ forward pressure, closing the distance to neutralize Njokuani’s reach and knockout power. Njokuani’s primary threat is his striking, with 15 knockouts in his career, but his volatile style leaves openings for counters and takedowns. Matthews’ best path to victory is to avoid prolonged exchanges at range, instead using clinch work and wrestling to disrupt Njokuani’s rhythm and accumulate points on the scorecards. If Matthews can implement his game plan, mixing striking with level changes and controlling the action on the mat, he should be able to wear down Njokuani and limit his offensive output. Matthews’ consistency, durability, and fight IQ give him a clear edge in a three-round contest, making him the favorite to win by decision this weekend. Why Chidi Njokuani will win - Last Fight: (W) Elizeu Zaleski dos Santos – KO/TKO R2 - Last 5: 3-2 - Finishes: 16 (15 KO/TKO/1 SUB) Chidi Njokuani has the striking arsenal and finishing instincts to defeat Jake Matthews this weekend at UFC Nashville. Known for his devastating knockout power and dynamic Muay Thai, Njokuani has finished 15 of his 26 career wins by KO or TKO, including his most recent victory, a brutal knee and ground-and-pound stoppage of Elizeu Zaleski dos Santos in March. His 6’3” frame and significant reach advantage allow him to dictate range, keeping opponents at bay while setting up his signature knees and elbows. Njokuani’s recent form is impressive, with back-to-back wins over Zaleski dos Santos and Jared Gooden, showcasing both his finishing ability and improved fight IQ. He thrives in high-paced stand-up battles and has the ability to end fights in an instant, making him a constant threat from the opening bell. Matthews, while well-rounded, has struggled against elite strikers and has been vulnerable to power shots in the past. If Matthews cannot consistently close the distance or secure takedowns, he risks being picked apart on the feet. Njokuani’s takedown defense has improved, and his ability to punish opponents in transitions could make Matthews hesitant to shoot. Expect Njokuani to use his reach, timing, and striking diversity to keep Matthews on the outside, landing damaging blows and potentially securing another highlight-reel finish at UFC Nashville. Final Jake Matthews-Chidi Njokuani prediction & pick Jake Matthews enters UFC Nashville as a slight underdog against Chidi Njokuani, but his well-rounded game gives him a real chance to pull off the win. Matthews’ ability to blend striking with effective wrestling and clinch control should allow him to dictate the pace and location of the fight. If he can close the distance and avoid Njokuani’s dangerous knees and elbows, Matthews can grind out rounds and sap Njokuani’s energy with relentless pressure. Njokuani, though, is always a threat with his knockout power and striking diversity. He’s coming off two impressive wins and will look to keep the fight at range, where his height and reach are most effective. If Matthews can’t consistently get inside, he risks being picked apart and possibly finished. Ultimately, expect Matthews to use his fight IQ and durability to weather early storms and implement a grappling-heavy game plan. If successful, he should edge out a close decision victory in Nashville. Final Jake Matthews-Chidi Njokuani Prediction & Pick: Jake Matthews (+130), Over 1.5 Rounds (-315)",2025-07-10,https://clutchpoints.com/betting/jake-matthews-vs-chidi-njokuani-prediction-odds-pick-for-ufc-nashville
"Jake Matthews vs Chidi Njokuani Pick, 07/12/2025 Predictions UFC Nashville Odds","Jake Matthews vs Chidi Njokuani Pick, 07/12/2025 Predictions UFC Nashville Odds Jake Matthews vs Chidi Njokuani UFC Nashville Bridgestone Arena in Nashville Saturday, July 12, 2025 Jake Matthews will battle Chidi Njokuani at UFC Nashville on Saturday, July 12, 2025. The odds have Matthews priced at -105 while Njokuani is at -115. Jake ""The Celtic Kid"" Matthews looks to add a win to his career record of 21-7-0. The 30-year-old steps on the scale at 170 lbs and measures in at 5'11"". The orthodox fighter reaches 73"". Chidi ""Bang Bang"" Njokuani stands 6'3"" and is weighing in at 170 lbs. The orthodox fighter has a career mark of 25-10-0 (1 NC). The 36-year-old has a wingspan of 80"". Concerning significant strikes, Jake Matthews connects on 3.45 per minute while Chidi Njokuani connects on 4.72 significant strikes per minute. Matthews connects on 43% of the significant strikes he throws while Njokuani connects on 62%. Regarding defending in the cage, ""The Celtic Kid"" allows 2.63 significant strikes per min while ""Bang Bang"" allows 2.64. Matthews also curbs 61% of the significant strikes his opponents attempt and Njokuani prevents 57% of the shots thrown in his direction. | UFC Nashville | Jake Matthews | Chidi Njokuani | |---|---|---| | Opening Odds | -105 | -115 | | Record | 21-7-0 | 25-10-0 (1 NC) | | Average Fight Time | 11:44 | 9:28 | | Height | 5'11"" | 6'3"" | | Weight | 170 lbs | 170 lbs | | Reach | 73"" | 80"" | | Strikes Landed Per Minute | 3.45 | 4.72 | | Striking Accuracy | 43% | 62% | When it comes to grappling, Jake Matthews is the better wrestler as he is able to score a takedown 1.46 times per 15 min. Matthews is getting his opponent to the mat on 41% of his attempts and is stuffing 67% of all takedowns attempted by his opposition. Njokuani is taking his opponents down on 10% of his takedown attempts and is stopping 75% of the attempts against him. Regarding going for the sub, Matthews is the more skilled technician by attempting 0.6 finishes per 3 rounds while Njokuani attempts 0.2 finishes per 3 rounds. Get all of our UFC Betting Picks In his last appearance in the Octagon, Jake Matthews went up against Francisco Prado and got a win for the night via unanimous decision in round 3. Prado landed 64 of 152 total strikes that he threw in that contest. Matthews finished this fight landing 95 of 215 total strikes. In regard to significant strikes, Prado ended up landing 59 of 146 , which gave him a percentage of 40%. He landed 17 of 92 significant strikes to the head. On the other side of the cage, Matthews landed 36% of his significant strikes by connecting on 68 of 184 . Of those significant strikes, he connected on 39 of 146 aimed at the head. 79% of the significant strikes landed by Prado and 82% of them landed by Matthews were thrown at a distance. In the last Octagon appearance for Chidi Njokuani, he fought Elizeu Zaleski dos Santos and wound up getting the win by way of a knee to the head in round 2. Santos ended up landing 76% of his significant strikes at distance and Njokuani ended up landing 78% of the significant strikes he tried at a distance. Njokuani ended up landing 52% of his significant strikes attempted by connecting on 46 of 87 . He connected on 17 of 38 significant strikes aimed at the head. Santos ended up connecting on 17 of 49 significant strikes in that fight. Looking at the significant strike accuracy, he landed 5 of 28 directed at the head. Regarding total strikes that he let go in that contest, Santos ended up connecting on 19 of 54 and Njokuani ended up landing 46 of 88 total strikes. Other fights to watch out for Another bout that you're not going to want to miss is when Kennedy Nzechukwu enters the Octagon against Valter Walker. Nzechukwu has a career record of 14-5-0. The 33-year-old weighs 236 lbs and measures in at 6'5"". The southpaw fighter stretches 83"". Walker measures in at 6'6"" and weighs 265 lbs. The orthodox fighter holds a career mark of 13-1-0. The 27-year-old extends his reach 78"". Regarding grappling, Kennedy Nzechukwu takes his opponents to the canvas 0.56 times per 15 minutes and Valter Walker takes his opponents to the canvas 4.95 times per 3 rds. When talking about striking, Nzechukwu is connecting on 5.37 strikes per minute and lands 46% of his attempted strikes. On the other side we have Valter Walker, who is connecting on 51% of the strikes he attempts and is connecting on 1.79 per minute. If you're going to be watching the fights, don't miss when Mike Davis is set to face off with Mitch Ramirez. Ramirez steps into the cage holding a record of 8-2-0. The 32-year-old will fight at 155 lbs and stands in at 5'11"". The orthodox fighter extends his reach 71"". Davis stands in at 6'0"" and is fighting at 155 lbs. The orthodox fighter walks into the Octagon holding a mark of 11-3-0. The 32-year-old has a reach of 72"". Regarding wrestling, Mitch Ramirez deflects 10% of his opponents' takedown attempts and is finishing his takedowns on 90% of his attempts. Davis is finishing his takedown tries on 44% of the attempts he tries and is able to thwart 57% of all takedown attempts. In the matter of striking, Ramirez absorbs 3.34 strikes per minute while he deals 2.37 strikes/min. Davis, notwithstanding, takes 5.19 strikes/min and is landing 4.68 per min. Who will win tonight's UFC match against the spread? Tony Sink's Pick: Take Chidi Njokuani (-115) Get $60 worth of FREE premium member picks. No Obligation. No Salesman. No Credit Card. Fast Sign up with Instant Access Click Here Get all of Today's Free UFC Picks Get all of Today's Expert UFC Picks Most Recent UFC Picks - Vitor Petrino vs Austen Lane Pick, 07/12/2025 Predictions UFC Nashville Odds - Kennedy Nzechukwu vs Valter Walker Pick, 07/12/2025 Predictions UFC Nashville Odds - Jake Matthews vs Chidi Njokuani Pick, 07/12/2025 Predictions UFC Nashville Odds - Junior Tafa vs Tuco Tokkos Pick, 07/12/2025 Predictions UFC Nashville Odds - Stephen Thompson vs Gabriel Bonfim Pick, 07/12/2025 Predictions UFC Nashville Odds - Mitch Ramirez vs Mike Davis Pick, 07/12/2025 Predictions UFC Nashville Odds - Derrick Lewis vs Tallison Teixeira Pick, 07/12/2025 Predictions UFC Nashville Odds - Calvin Kattar vs Steve Garcia Pick, 07/12/2025 Predictions UFC Nashville Odds - Nate Landwehr vs Morgan Charriere Pick, 07/12/2025 Predictions UFC Nashville Odds - Lauren Murphy vs Eduarda Moura Pick, 07/12/2025 Predictions UFC Nashville Odds",2025-07-10,https://www.docsports.com/free-picks/ufc/2025/jake-matthews-vs-chidi-njokuani-pick-07-12-2025-predictions-ufc-nashville-odds.html
"Jake Matthews vs Chidi Njokuani Odds, Analysis & Preview","# Jake Matthews vs Chidi Njokuani Fight Analysis ## Event Overview Mark your calendars for July 12, 2025: the **UFC Fight Night: Lewis vs Teixeira** preliminary card comes to life at the storied Bridgestone Arena in Nashville, Tennessee. The doors open and the action kicks off on Saturday evening, with the preliminary bouts slated to begin at 6:00 PM ET (22:00 UTC). Among those key early showdowns will be a pivotal welterweight clash between Australia’s rising veteran **Jake Matthews** and American striker **Chidi Njokuani**. ## When and Where - **Date:** Saturday, July 12, 2025 - **Venue:** Bridgestone Arena, Nashville, TN, United States - **Card Placement:** Preliminary Card (starts at 6:00 PM ET) - **Broadcast:** ESPN+ (United States), UFC Fight Pass (International) ## The Fighters at a Glance This fight pits two seasoned 170-pound competitors looking to climb the welterweight ladder. **Chidi “Chidi Bang” Njokuani** (25-10-0) brings a heavy hands approach to Nashville. At 36 years old, the Dallas native has transformed into a knockout specialist since his UFC debut in February 2022, boasting 15 career KO/TKO victories—10 of them in Round 1. Njokuani’s **63% significant strike accuracy** and **57% defense rate** underline his potency standing and his ability to make opponents pay when they overcommit. **Jake “The Celtic Kid” Matthews** (21-7-0), age 30, counters with a more diversified skill set. A UFC veteran since June 2014, Matthews has carved out a reputation as a grappling threat with **7 submission wins** and a **41% takedown accuracy**. His 44% striking accuracy and 61% strike defense showcase a fighter comfortable mixing stand-up and wrestling, capable of wearing opponents down over fifteen minutes. ## Betting Spotlight: Favorite vs. Underdog All major sportsbooks have installed **Chidi Njokuani** as the favorite, with **-135 (BetMGM)** representing the consensus line after opening at -140. Njokuani’s power output and finishing pedigree make him the man to beat. On the flip side, **Jake Matthews** enters as the underdog at **+110 (BetMGM)**. Despite being the betting long shot, Matthews’ technical grappling and veteran savvy ensure he’s far from a pushover. His ability to grind through late rounds and exploit takedown opportunities could be the key to an upset. Whether you lean toward Njokuani’s explosive striking or Matthews’ versatile game plan, this bout promises fireworks on the prelims! Stay tuned as we break down styles, trends, and key metrics in our full fight breakdown. Live odds Live and historic odds as well as more fighter statistics and insights for Jake Matthews vs Chidi Njokuani can be found on the fighter matchup page. All the fighter matchups and live odds for Lewis vs Teixeira can be found on the Lewis vs Teixeira event page. # Matchup and Fighter Profiles As Jake Matthews and Chidi Njokuani prepare to square off on the preliminary card in Nashville, let’s dive into each fighter’s background, recent form and key strengths and weaknesses. ## Chidi “Chidi Bang” Njokuani **Background** - **Age:** 36 - **Country:** United States (Dallas, TX) - **Fighting Style:** Pure MMA striker with a focus on power punching and high-volume significant strikes **Recent Form (Last 5 Fights)** 1. Win vs. Elizeu Dos Santos (KO/TKO R2 – Mar. 15, 2025) 2. Win vs. Jared Gooden (Decision – Unanimous – Oct. 12, 2024) 3. Win vs. Rhys McKee (Decision – Split – Mar. 30, 2024) 4. Loss vs. Michal Oleksiejczuk (KO/TKO R1 – Aug. 26, 2023) 5. Loss vs. Albert Duraev (Decision – Split – Mar. 25, 2023) Njokuani has rattled off three wins in his last four outings, stopping Dos Santos in violent fashion before edging out Gooden and McKee on the judges’ cards. His two most recent setbacks came via a first-round knockout and a razor‐thin split decision, underscoring both his volatility and the fine margins at welterweight. **Strengths & Weaknesses** - **Power Punching:** 15 career KO/TKO victories (60% of total wins), including 10 first-round finishes. - **Strike Accuracy:** Packs a 63% significant strike accuracy—elite among UFC welterweights, meaning two out of every three strikes land cleanly. - **Strike Defense:** Deflects 57% of incoming significant strikes, keeping him relatively safe when he stays active. - **Takedown Defense:** Boasts a stout 75% takedown defense—difficult to take down, but he almost never pursues takedowns himself (0% takedown accuracy). - **Durability Concerns:** His tendency to brawl invites risk—knockout losses in two of his last five fights. - **Cardio & Fight Length:** Average fight time sits at 9:28, indicating a greater threat in early rounds; if Matthews drags him into deep waters, Njokuani’s output could drop. ## Jake “The Celtic Kid” Matthews **Background** - **Age:** 30 - **Country:** Australia (Preston, Victoria) - **Fighting Style:** Freestyle MMA—balanced striker and grappler with seven submission finishes **Recent Form (Last 5 Fights)** 1. Win vs. Francisco Prado (Decision – Unanimous – Feb. 8, 2025) 2. Win vs. Philip Rowe (Decision – Unanimous – Jun. 1, 2024) 3. Loss vs. Michael Morales (Decision – Unanimous – Nov. 18, 2023) 4. Win vs. Darrius Flowers (Submission R2 – Jul. 29, 2023) 5. Loss vs. Matthew Semelsberger (Decision – Unanimous – Dec. 17, 2022) Matthews has won three of his last five, showcasing his ability to grind through fifteen-minute scraps and threaten with submissions. However, two recent decision losses reveal occasional struggles against highly‐touted grapplers and aggressive strikers. **Strengths & Weaknesses** - **Grappling Prowess:** 7 submission wins and a 41% takedown accuracy make Matthews a serious threat on the mat. - **Stamina & Durability:** An average fight time of 11:44 and a 68% takedown defense indicate he can endure late-round onslaughts and frustrate opponents. - **Striking Versatility:** While not as explosive as Njokuani, Matthews mixes in a respectable 44% strike accuracy and 61% defense, allowing him to hang in the pocket and avoid significant damage. - **Finishing Rate:** With only 6 knockouts and 3 first-round finishes, Matthews is more methodical than explosive—he often needs full rounds to break opponents down. - **Early-Round Vulnerability:** Lack of one‐punch power means he must survive Njokuani’s early barrages; downside risk if he cannot secure early takedowns. --- Both men bring contrasting skill sets to the cage: Njokuani’s explosive, fight-ending power versus Matthews’ well-rounded grappling and endurance. This stylistic clash—striker vs. grappler, power vs. persistence—will define the dynamics of their welterweight showdown at Bridgestone Arena. # Betting Odds and Line Movement ## Current Betting Odds As fight night approaches, the **Chidi Njokuani vs. Jake Matthews** line has stabilized with Njokuani installed as the clear favorite across most major books. Here’s a look at the consensus: - **Chidi Njokuani**: –135 (BetMGM), –120 (BetUS), –115 (DraftKings), –122 (FanDuel), –122 (BetRivers), –110 (Caesars) - **Jake Matthews**: +110 (BetMGM), +100 (BetUS), –105 (DraftKings), –104 (FanRivers), +100 (BetOnline.ag), –110 (Caesars) Njokuani’s power and knockout upside make him the man to back outright, but **Matthews**’ savvy grappling and underdog value ensure he remains a live dog in the betting markets. If you’re shopping for the best price on the favorite, **Caesars** at –110 offers the juiciest line. For the underdog, **BetMGM**’s +110 on Matthews delivers the highest potential profit. ## Line Movement & Historical Swings Tracking the odds over the past two weeks reveals some notable shifts: - At **BetMGM**, Njokuani opened at –140 on June 28 and has since firmed to –135 as late action trickled in. - **DraftKings** moved from –122 (June 28) to –115 (June 30) on Njokuani, reflecting growing confidence in his knockout power. - **BetRivers** saw one of the biggest swings, with Njokuani shifting from –113 (June 24) all the way to –137 (June 30) before settling back at –122. - Conversely, **FanDuel** eased Matthews from –113 on June 23 to –104 by June 30, indicating sharper public backing on the Australian. While most lines have only shifted by a touchdown or two, the BetRivers swing illustrates how sharp money on Njokuani briefly skewed the market. Overall, though, the favorite has held steady, suggesting books are balanced on both sides. ## Payout Scenarios & Implied Probabilities If you’re considering a $1,000 wager, here’s what you can expect: - **Bet $1,000 on Njokuani at –110** (Caesars): Your total return would be **$1,909** (profit of $909). He carries roughly a **58%** implied chance to win. - **Bet $1,000 on Matthews at +110** (BetMGM): Your total return would be **$2,100** (profit of $1,100). He enters with about a **48%** implied chance. While Njokuani’s advantages on the feet and finishing upside justify his favorite status, Matthews’ underdog line at +110 presents excellent value for bettors banking on a grappling-heavy game plan. --- **Key Takeaways:** - **Favorite Value:** Caesars’ –110 on Njokuani - **Underdog Value:** BetMGM’s +110 on Matthews - **Biggest Line Swing:** BetRivers moving Njokuani from –113 to –137 then back to –122 - **Payout Edge:** A $1,000 wager on Matthews nets $2,100 versus $1,909 on Njokuani With these odds in hand, you can decide whether to ride Njokuani’s knockout threat or invest in Matthews’ slick ground attack. Either way, the line has plenty of storylines worth tracking as the clock ticks down to July 12. AI Pick: Jake Matthews Click the buttons below to read more about why the AI picked Jake Matthews, or see all the AI picks for Lewis vs Teixeira. Our AI is trained on our fight data and picks winners for every fight. You can track all the picks, accuracy, and profit for free on our ai-picks page.",2025-06-30,https://www.ufcbetcompanion.com/event-fighter/3794-Jake%20Matthews%20vs%20Chidi%20Njokuani/fight-analysis/2374
Jake Matthews vs Chidi Njokuani Prediction: Which Welterweight Wins This Fight?,"As UFC Fight Night approaches on Saturday, July 12, 2025, all eyes turn to Nashville for what promises to be a striking-heavy affair between Australia’s Jake Matthews and the United States’ Chidi Njokuani. Will Matthews try to stand and bang with a pure striker in Njokuani, or will he try to take the fight to the mat to get his opponent out of rhythm? We attempt to answer that question and make our Jake Matthews vs Chidi Njokuani prediction. Our Jake Matthews vs Chidi Njokuani Pick - Pick: Jake Matthews to win by decision - Confidence: ★★★★☆ - Get Bonus Bets For This Fight: Use BetMGM bonus code ATSBONUS and get up to $1,500 in bonus bets back if your first bet doesn’t win Tale of the Tape | Jake Matthews | Chidi Njokuani | | |---|---|---| | Age | 30 | 36 | | Height | 5’11” | 6’3″ | | Reach | 73″ | 80″ | | Stance | Orthodox | Orthodox | | Record | 21–7–0 | 25–10–0 (1 NC) | Jake Matthews vs Chidi Njokuani Preview Matthews brings a well-rounded skill set with crisp boxing, solid wrestling defense, and submission capabilities. He has won two straight fights via decision, winning on the scorecards against Francisco Prado and Phil Rowe in 2024. My question for Matthews in this fight is what his strategy will be in this fight. He is capable of winning striking exchanges against Njokuani, but could put himself at risk against Njokuani’s striking. If he chooses to try to take Njokuani down, he could have more success. Njokuani, at 36, brings power and unpredictability to the octagon. He’s 3–3 in his last six fights, winning three straight fights after a three-fight losing streak. He got a knockout win in his last fight over Elizeu Zaleski dos Santos. Of his 25 career wins, 15 have come by knockout, but Njokuani’s volatile fighting style leaves him vulnerable to eating big shots as well. Betting Insights - Moneyline odds are close. Njokuani is a -138 favorite and Matthews is +110 to win the fight. - Matthews has seen three straight fights go to decision. - Njokuani has just one knockout win from 2023 to 2025. Jake Matthews vs Chidi Njokuani Prediction Expect Matthews to use his grappling and cardio to try and neutralize the striking of Njokuani. He’ll likely stick to his strengths by pressuring Njokuani, getting in close, and mixing in takedowns to accumulate points instead of trying to hit a knockout blow. Njokuani will try to land a knockout with his reach and knockout power, but I expect Matthews to shoot during Njokuani’s big swings. Given Matthews’ discipline and tactical consistency, I think he appears stronger in a three-round fight. Look for Matthews to get the job done as a slight underdog here, winning this fight via decision by keeping Njokuani off his feet. Prediction: Jake Matthews wins via unanimous decision.",2025-07-04,https://ats.io/mma/jake-matthews-vs-chidi-njokuani-prediction/434236/
"UFC on ESPN 70: Matthews vs Njokuani - Datum, Startzeit, Kampfkarte, Ort","Jake Matthews wird in der Bridgestone Arena in Nashville, Tennessee, auf Chidi Njokuani treffen. Als Teil von UFC on ESPN 70 verspricht dieser Weltergewichtskampf eine fesselnde Demonstration von Können und Kraft, während die Kämpfer versuchen, in der Rangliste aufzusteigen. Jake Matthews, bekannt als ""The Celtic Kid"", hat seine Erfahrung schon lange vor dem heutigen Tag mit bemerkenswerten Siegen und einem neuen Rekord am 8. Februar 2025 gegen Francisco Prado aufgebaut. Seine Hartnäckigkeit und seine 21 Karrieresiege machen ihn zu einem gefährlichen Gegner, auch wenn er auf der Undercard steht. Njokuani, ""Chidi Bang Bang"", kommt mit einer Erfolgsbilanz von Dominanz in Kämpfen gegen Kämpfer, die geschmeidiger sind als Zaleski dos Santos, den er kürzlich im März 2025 durch TKO besiegte. Wann ist der Kampf Jake Matthews gegen Chidi Njokuani? Die Live-Übertragung des Hauptkampfes Jake Matthews vs Chidi Njokuani beginnt um 06:00 PM EST auf ESPN+. In der untenstehenden Tabelle finden Sie Ihre lokale Zeit. | Region | Datum | Sendebeginn | Jake Matthews gegen Chidi Njokuani Ring Walks (approx.) | | Schweiz | Sonntag, 13. Juli 2025 | 12:00 vorm. | 01:20 vorm. | | Österreich | Sonntag, 13. Juli 2025 | 12:00 vorm. | 01:20 vorm. | | Deutschland | Sonntag, 13. Juli 2025 | 12:00 vorm. | 01:20 vorm. | Die Veranstaltung UFC on ESPN 70 wird am 12. Juli 2025 in der Bridgestone Arena in Nashville, Tennessee, stattfinden. Die Veranstaltung beginnt um 07:20 PM EST. Jake Matthews wird in einem Weltergewichtskampf gegen Chidi Njokuani antreten. Dieser Kampf ist Teil des Vorprogramms des Hauptkampfes zwischen Derrick Lewis und Tallison Teixeira. Der Kampf Matthews vs. Njokuani geht über drei Runden. Bitte beachten Sie, dass die Startzeit der einzelnen Kämpfe je nach Dauer der vorangegangenen Kämpfe im Vorprogramm variieren kann. Bitte beachten Sie, dass sich die tatsächliche Ringbegehungszeit dadurch verschieben kann. Zuschauer, die nicht in der Eastern Standard Time-Zone wohnen, sollten sich über die lokalen Sendetermine informieren oder die Zeitumrechnungstabelle zu Rate ziehen, um nichts von diesem Event zu verpassen. Details zu den Kämpfern Jake Matthews wird in einem dreirundigen Weltergewichtskampf bei UFC on ESPN 70 gegen Chidi Njokuani antreten. Es stehen keine Gürtel auf dem Spiel. Jake Matthews - Nationalität: Australien - Größe: 180 cm - Gewicht: 77,1 kg - Kämpfe insgesamt: 28 - Bilanz: 21 / 7 / 0 Der aus Australien stammende Jake Matthews, der bei Nexus unter Vertrag steht, hat eine professionelle MMA-Bilanz von 21 Siegen und 7 Niederlagen. In seinem letzten Kampf sicherte er sich einen einstimmigen Entscheidungssieg gegen Francisco Prado, wobei er eine starke Verteidigung zeigte, da Prado durch K.o. unbesiegt war. Matthews' Fähigkeit, einen starken Stürmer zu besiegen, deutet auf eine solide Vorbereitung auf schlagstarke Gegner wie Njokuani hin. Chidi Njokuani - Nationalität: Vereinigte Staaten - Größe: 190 cm - Gewicht: 78,5 kg - Kämpfe insgesamt: 35 - Bilanz: 25 / 10 / 0 Chidi Njokuani vertritt One Kick's Gym und Sergio Penha BJJ. Er hat eine erfahrene Bilanz von 25 Siegen und 10 Niederlagen. Kürzlich gewann er durch TKO mit Knien und Ellbogen gegen Elizeu Zaleski dos Santos, dessen K.o.-Kraft der von Matthews sehr ähnlich ist. Dieser jüngste Sieg deutet darauf hin, dass Njokuani dem Stil von Matthews selbstbewusst entgegentreten wird. Wie und wo man den Kampf Jake Matthews gegen Chidi Njokuani sehen kann Sie können Jake Matthews gegen Chidi Njokuani über ESPN+ sehen. | Region | Live-Streaming | | USA | ESPN | Wenn Ihr Land von den Streaming-Diensten blockiert wird oder es einfach keine praktikablen Optionen für Ihr Land gibt, können wir nur eine Lösung empfehlen: die Verwendung einer VPN-Software, um die Einschränkungen zu umgehen. Sie ermöglicht es Ihnen, Ihre IP-Adresse zu ändern und so zu tun, als ob Sie das Ereignis von einem anderen Land aus verfolgen würden. Wenn Sie also in Großbritannien, Kanada, Australien, Neuseeland, Indien, den Vereinigten Arabischen Emiraten, Mexiko, Spanien oder einem anderen Land leben und keinen funktionierenden Anbieter finden können, um den Kampf Jake Matthews vs. Chidi Njokuani zu sehen, verwenden Sie unseren empfohlenen (und getesteten) VPN und wechseln Sie zu einem Standort Ihrer Wahl. Jake Matthews vs Chidi Njokuani Kampf Karte - Derrick Lewis vs. Tallison Teixeira - Stephen Thompson gegen Gabriel Bonfim - Calvin Kattar gegen Steve Garcia - Nate Landwehr gegen Morgan Charriere - Vitor Petrino gegen Austen Lane - Junior Tafa gegen George Tokkos - Max Griffin gegen Chris Curtis - Jake Matthews gegen Chidi Njokuani - Lauren Murphy gegen Eduarda Moura - Kennedy Nzechukwu gegen Valter Walker - Mitch Ramirez gegen Mike Davis - Fatima Kline gegen Melissa Martinez",2025-07-10,https://ringside24.com/de/news/mma/231638-ufc-on-espn-70-matthews-vs-njokuani-datum-startzeit-kampfkarte-ort
"Hoe laat is UFC op ESPN 70 vanavond? Matthews vs Njokuani - Starttijden, Schema’s, Vechtkaart","Jake Matthews, bekend als ""The Celtic Kid"" uit Australië, staat tegenover Chidi Njokuani, bijgenaamd ""Chidi Bang Bang"", in een weltergewicht gevecht in de Bridgestone Arena in Nashville. Dit evenement maakt deel uit van de UFC op ESPN 70 serie en bevat de hoofdronde strijd tussen Derrick Lewis en Tallison Teixeira. Matthews begon zijn professionele carrière met een sterke basis vanuit Nexus en heeft twee decennia aan ervaring. Hij won recentelijk van Francisco Prado door unanieme beslissing. Njokuani, die One Kick's Gym en Sergio Penha BJJ vertegenwoordigt, behaalde laatst de overwinning met een TKO tegen Elizeu Zaleski dos Santos. Hoewel Njokuani gewoonlijk vecht in de middengewicht divisie, kan het vechten tegen Matthews in het weltergewicht uitdagingen bieden waar hij niet mee bekend is. Hoe laat is de strijd tussen Jake Matthews en Chidi Njokuani Live verslaggeving voor de hoofdronde van Jake Matthews vs Chidi Njokuani begint om 18:00 EST op ESPN+. Raadpleeg de onderstaande tabel om je lokale tijd te vinden. | Regio | Datum | Begin uitzending | Jake Matthews vs Chidi Njokuani Ring Walks (approx.) | | België | zondag, 13 juli 2025 | 12:00 AM | 01:20 AM | | Nederland | zondag, 13 juli 2025 | 12:00 AM | 01:20 AM | Het UFC op ESPN 70 evenement vindt vanavond plaats, op 12 juli 2025, in de Bridgestone Arena in Nashville, Tennessee. De hoofdronde begint om 19:20 EST. Jake Matthews staat tegenover Chidi Njokuani in een weltergewicht gevecht. Dit gevecht maakt deel uit van de ondercard die leidt naar de hoofdronde tussen Derrick Lewis en Tallison Teixeira. De timing van Matthews vs. Njokuani kan iets variëren vanwege de duur van eerdere gevechten op de kaart. Kijkers dienen voorbereid te zijn op mogelijke veranderingen in de timing. Voor degenen die vanuit andere tijdzones of landen kijken, raadpleeg de verstrekte tabel met starttijden specifiek voor jouw locatie om ervoor te zorgen dat je geen actie mist. Hoe en waar je de strijd tussen Jake Matthews en Chidi Njokuani kunt kijken Je kunt Jake Matthews vs Chidi Njokuani bekijken via ESPN+. | Regio | Live-streaming | | VS | ESPN | Als je land geblokkeerd is door de streamingdiensten of er simpelweg geen haalbare opties zijn voor jouw land, kunnen wij slechts één oplossing aanbevelen: gebruik een VPN-software om de beperkingen te omzeilen. Het stelt je in staat om je IP-adres te veranderen en te lijken alsof je het evenement vanuit een ander land bekijkt. Dus als je in het VK, Canada, Australië, Nieuw-Zeeland, India, VAE, Mexico, Spanje of een ander land woont en geen werkende provider kunt vinden om de strijd tussen Jake Matthews en Chidi Njokuani te bekijken, gebruik dan onze aanbevolen (en geteste) VPN en switch naar een locatie naar keuze. Gegevens van Vechtters Jake Matthews - Nationaliteit: Australië - Lengte: 180 cm - Gewicht: 77.1 kg - Totaal aantal gevechten: 28 - Record: 21 / 7 / 0 Chidi Njokuani - Nationaliteit: Verenigde Staten - Lengte: 190 cm - Gewicht: 78.5 kg - Totaal aantal gevechten: 35 - Record: 25 / 10 / 0 Jake Matthews vs Chidi Njokuani Vechtkaart - Derrick Lewis vs Tallison Teixeira - Stephen Thompson vs Gabriel Bonfim - Calvin Kattar vs Steve Garcia - Nate Landwehr vs Morgan Charriere - Vitor Petrino vs Austen Lane - Junior Tafa vs George Tokkos - Max Griffin vs Chris Curtis - Jake Matthews vs Chidi Njokuani - Lauren Murphy vs Eduarda Moura - Kennedy Nzechukwu vs Valter Walker - Mitch Ramirez vs Mike Davis - Fatima Kline vs Melissa Martinez",2025-07-12,https://ringside24.com/nl/news/mma/232231-hoe-laat-is-ufc-op-espn-70-vanavond-matthews-vs-njokuani-starttijden-schemas-vechtkaart
"Wann ist UFC auf ESPN 70 heute Abend? Matthews vs Njokuani - Startzeiten, Zeitpläne, Kampfkarte","Jake Matthews, bekannt als ""The Celtic Kid"" aus Australien, trifft in der Bridgestone Arena in Nashville in einem Weltergewichtskampf auf Chidi Njokuani, der den Spitznamen ""Chidi Bang Bang"" trägt. Diese Veranstaltung ist Teil der UFC on ESPN 70-Serie und beinhaltet den Hauptkampf zwischen Derrick Lewis und Tallison Teixeira. Matthews begann seine Profikarriere mit einer starken Basis von Nexus und verfügt über zwei Jahrzehnte an Erfahrung. Er gewann kürzlich gegen Francisco Prado durch einstimmige Entscheidung. Njokuani, der One Kick's Gym und Sergio Penha BJJ vertritt, konnte zuletzt einen TKO-Sieg über Elizeu Zaleski dos Santos verbuchen. Obwohl Njokuani normalerweise im Mittelgewicht kämpft, könnte ein Kampf gegen Matthews im Weltergewicht eine für ihn ungewohnte Herausforderung darstellen. Wann ist der Kampf Jake Matthews gegen Chidi Njokuani? Die Live-Übertragung des Kampfes Jake Matthews gegen Chidi Njokuani beginnt um 06:00 PM EST auf ESPN+. In der nachstehenden Tabelle finden Sie Ihre lokale Zeit. | Region | Datum | Sendebeginn | Jake Matthews gegen Chidi Njokuani Ring Walks (approx.) | | Schweiz | Sonntag, 13. Juli 2025 | 12:00 vorm. | 01:20 vorm. | | Österreich | Sonntag, 13. Juli 2025 | 12:00 vorm. | 01:20 vorm. | | Deutschland | Sonntag, 13. Juli 2025 | 12:00 vorm. | 01:20 vorm. | Die Veranstaltung UFC on ESPN 70 findet heute Abend, 12. Juli 2025, in der Bridgestone Arena in Nashville, Tennessee, statt. Die Main Card beginnt um 19:20 PM EST. Jake Matthews steht Chidi Njokuani in einem Weltergewichtskampf gegenüber. Dieser Kampf ist Teil des Vorprogramms, das zum Hauptkampf zwischen Derrick Lewis und Tallison Teixeira führt. Der Zeitpunkt des Kampfes Matthews gegen Njokuani kann sich aufgrund der Dauer früherer Kämpfe auf der Card leicht ändern. Die Zuschauer sollten sich auf mögliche Zeitverschiebungen einstellen. Zuschauer aus anderen Zeitzonen oder Ländern sollten sich die Tabelle mit den Startzeiten für ihren Standort ansehen, damit sie nichts verpassen. Wie und wo Sie den Kampf Jake Matthews gegen Chidi Njokuani sehen können Sie können Jake Matthews vs Chidi Njokuani über ESPN+ sehen. | Region | Live-Streaming | | USA | ESPN | Wenn Ihr Land von den Streaming-Diensten blockiert wird oder es einfach keine praktikablen Optionen für Ihr Land gibt, können wir nur eine Lösung empfehlen: die Verwendung einer VPN-Software, um die Einschränkungen zu umgehen. Sie ermöglicht es Ihnen, Ihre IP-Adresse zu ändern und so zu tun, als ob Sie das Ereignis von einem anderen Land aus verfolgen würden. Wenn Sie also in Großbritannien, Kanada, Australien, Neuseeland, Indien, den Vereinigten Arabischen Emiraten, Mexiko, Spanien oder einem anderen Land leben und keinen funktionierenden Anbieter finden können, um den Kampf Jake Matthews gegen Chidi Njokuani zu sehen, verwenden Sie unseren empfohlenen (und getesteten) VPN und wechseln Sie zu einem Standort Ihrer Wahl. Kämpfer Details Jake Matthews - Nationalität: Australien - Größe: 180 cm - Gewicht: 77,1 kg - Kämpfe insgesamt: 28 - Bilanz: 21 / 7 / 0 Chidi Njokuani - Nationalität: Vereinigte Staaten - Größe: 190 cm - Gewicht: 78,5 kg - Kämpfe insgesamt: 35 - Bilanz: 25 / 10 / 0 Jake Matthews gegen Chidi Njokuani Kampfübersicht - Derrick Lewis gegen Tallison Teixeira - Stephen Thompson gegen Gabriel Bonfim - Calvin Kattar gegen Steve Garcia - Nate Landwehr gegen Morgan Charriere - Vitor Petrino gegen Austen Lane - Junior Tafa gegen George Tokkos - Max Griffin gegen Chris Curtis - Jake Matthews gegen Chidi Njokuani - Lauren Murphy gegen Eduarda Moura - Kennedy Nzechukwu gegen Valter Walker - Mitch Ramirez gegen Mike Davis - Fatima Kline gegen Melissa Martinez",2025-07-12,https://ringside24.com/de/news/mma/232233-wann-ist-ufc-auf-espn-70-heute-abend-matthews-vs-njokuani-startzeiten-zeitplne-kampfkarte
UFC on ESPN 70: Make your predictions for Derrick Lewis vs. Tallison Teixeira,"UFC UFC on ESPN 70: Make your predictions for Derrick Lewis vs. Tallison Teixeira Heavyweights headline UFC on ESPN 70 in 'Music City' Matt Erickson MMA Junkie We want your predictions for UFC on ESPN 70. Our staff picks feature includes the consensus picks from MMA Junkie readers. Simply cast your vote for each bout below, and we'll use the official tallies that are registered by Friday at noon ET (9 a.m. PT). Those reader consensus picks will be part of the main card staff predictions we release ahead of UFC on ESPN 70 (ESPN, ESPN+), which takes place Saturday at Bridgestone Arena in Nashville, Tenn. Make your picks below. Fatima Kline vs. Melissa Martinez - Records: Kline (7-1 MMA, 1-1 UFC), Martinez (8-1 MMA, 1-1 UFC) - Past five: Kline 4-1, Martinez 4-1 - Division: Women’s strawweight - Rankings: None - Odds (as of 07.07.25): Kline -1200, Martinez +750 Mike Davis vs. Mitch Ramirez - Records: Davis (11-3 MMA, 4-2 UFC), Ramirez (8-2 MMA, 0-1 UFC) - Past five: Davis 4-1, Ramirez 3-2 - Division: Lightweight - Rankings: None - Odds (as of 07.07.25): Davis -900, Ramirez +600 Kennedy Nzechukwu vs. Valter Walker - Records: Nzechukwu (14-5 MMA, 8-5 UFC), Walker (13-1 MMA, 2-1 UFC) - Past five: Nzechukwu 3-2, Walker 4-1 - Division: Heavyweight - Rankings: None - Odds (as of 07.07.25): Nzechukwu -240, Walker +200 Eduarda Moura vs. Lauren Murphy - Records: Moura (11-1 MMA, 2-1 UFC), Murphy (16-6 MMA, 8-6 UFC) - Past five: Moura 4-1, Murphy 3-2 - Division: Women’s flyweight - Rankings: None - Odds (as of 07.07.25): Moura -600, Murphy +430 Jake Matthews vs. Chidi Njokuani - Records: Matthews (21-7 MMA, 14-7 UFC), Njokuani (25-10 MMA, 5-3 UFC) - Past five: Matthews 3-2, Njokuani 3-2 - Division: Welterweight - Rankings: None - Odds (as of 07.07.25): Matthews -105, Njokuani -115 Chris Curtis vs. Max Griffin - Records: Curtis (31-12 MMA, 5-4 UFC), Griffin (20-11 MMA, 8-9 UFC) - Past five: Curtis 2-3, Griffin 2-3 - Division: Welterweight - Rankings: None - Odds (as of 07.07.25): Curtis -320, Griffin +250 Junior Tafa vs. Tuco Tokkos - Records: Tafa (6-3 MMA, 2-3 UFC), Tokkos (10-5 MMA, 0-2 UFC) - Past five: Tafa 2-3, Tokkos 3-2 - Division: Light heavyweight - Rankings: None - Odds (as of 07.07.25): Tafa -180, Tokkos +150 Austen Lane vs. Vitor Petrino - Records: Lane (13-6 MMA, 1-3 UFC), Petrino (11-2 MMA, 4-2 UFC) - Past five: Lane 2-3, Petrino 3-2 - Division: Heavyweight - Rankings: None - Odds (as of 07.07.25): Lane +460, Petrino -650 Morgan Charriere vs. Nate Landwehr - Records: Charriere (20-11-1 MMA, 2-2 UFC), Landwehr (18-6 MMA, 5-4 UFC) - Past five: Charriere 3-2, Landwehr 3-2 - Division: Featherweight - Rankings: None - Odds (as of 07.07.25): Charriere -240, Landwehr +200 Steve Garcia vs. Calvin Kattar - Records: Garcia (17-5 MMA, 6-2 UFC), Kattar (23-9 MMA, 7-7 UFC) - Past five: Garcia 5-0, Kattar 1-4 - Division: Featherweight - Rankings: None - Odds (as of 07.07.25): Garcia -135, Kattar +115 Gabriel Bonfim vs. Stephen Thompson - Records: Bonfim (17-1 MMA, 4-1 UFC), Thompson (17-8-1 MMA, 12-8-1 UFC) - Past five: Bonfim 4-1, Thompson 1-4 - Division: Welterweight - Rankings: Thompson No. 12 - Odds (as of 07.07.25): Bonfim -400, Thompson +310 Derrick Lewis vs. Tallison Teixeira - Records: Lewis (28-12 MMA, 19-10 UFC), Teixeira (8-0 MMA, 1-0 UFC) - Past five: Lewis 2-3, Teixeira 5-0 - Division: Heavyweight - Rankings: Lewis No. 11 - Odds (as of 07.07.25): Lewis +210, Teixeira -260 UFC on ESPN 70 fight card (as of July 7, 1 p.m. ET) MAIN CARD (ESPN, 9 p.m. ET) - Derrick Lewis vs. Tallison Teixeira - Gabriel Bonfim vs. Stephen Thompson - Steve Garcia vs. Calvin Kattar - Morgan Charriere vs. Nate Landwehr - Austen Lane vs. Vitor Petrino - Junior Tafa vs. Tuco Tokkos PRELIMINARY CARD (ESPN+, 6 p.m. ET) - Chris Curtis vs. Max Griffin - Jake Matthews vs. Chidi Njokuani - Eduarda Moura vs. Lauren Murphy - Kennedy Nzechukwu vs. Valter Walker - Mike Davis vs. Mitch Ramirez - Fatima Kline vs. Melissa Martinez",2025-07-07,https://mmajunkie.usatoday.com/story/sports/ufc/2025/07/07/ufc-espn-70-nashville-derrick-lewis-vs-tallison-teixeira-reader-predictions-picks/84494792007/
Jake Matthews vs. Chidi Njokuani,"This might be the toughest fight on the card to breakdown. I like Chidi a lot. He is very long, very fast, uses all of his techniques well. But seeing him be rocked in his last fight makes me think his chin could be slipping. He is 36 years old and cuts an enormous amount of weight. i am going to slight lean Jake Matthews because he is very durable and has the wrestling upside. Jake Matthews Jake Mathews is a well rounded guy withs solid wrestling, very good grappling and a nice variety of strikes. He works angles well and has no problem mixing up body shots and head shots. He averages a little more than 1 takedown per fight. He has a solid striking differential at 3-2 and very real power in his hands. He is coming off the decision win over Francisco Prado where the size difference was very helpful. Chidi Njokuani Chidi Njokuani is a very good striker with speed, power and solid distance control. He is not a high volume guy but he sticks and moves really well. His feet are never in the same place for very long and people have a really hard time getting to him. If you are able to get inside the reach and work your way to his legs you can potentially have success with takedowns. He is coming off the KO win over Elizu Zaleski where he himself, was rocked early.",2025-06-10,https://wewantpicks.com/jake-matthews-vs-chidi-njokuani/
Jake Matthews vs. Chidi Njokuani Among UFC Nashville Additions,"July’s UFC Nashville card continues to grow, and with the card’s heavyweight main event recently announced, promotion officials have confirmed more bouts – including Jake Matthews vs. Chidi Njokuani at welterweight. News of the bout, and several others, was revealed in a press release issued on Tuesday. The event takes place on July 12, 2025 at the Bridgestone Arena in Nashville, TN with Derrick Lewis and Tallison Teixeira headlining. Once the youngest fighter on the UFC roster, Australia’s Matthews (21-7) is now thirty, and riding high on a two-fight win streak. The Nashville date will come just past his 11th anniversary with the promotion, where he made his debut in June 2014 following a stint on The Ultimate Fighter Nations: Canada vs. Australia. In his last two trips to the UFC octagon, Matthews has notched wins over Phil Rowe and Francisco Prado. Chidi Njokuani (25-10, 1NC), a Bellator MMA vet, is likewise on a win streak, having seen his hand raised on three consecutive occasions. Most recently, he finished Brazilian vet Elizeu Zaleski dos Santos. Also confirmed on Tuesday, Max Griffin welcomes Chris Curtis back to welterweight, while Junior Tafa faces Tuco Tokkos at light heavyweight. July 12’s UFC Nashville card currently consists of the following reported/announced match-ups: - Derrick Lewis vs. Tallison Teixeira - Lauren Murphy vs. Eduarda Moura - Fatima Kline vs. Melissa Martinez - Vitor Petrino vs. Austen Lane - Calvin Kattar vs. Steve Garcia - Robert Valentin vs. Ateba Abega Gautier - Tuco Tokkos vs. Junior Tafa - Chidi Njokuani vs. Jake Matthews - Chris Curtis vs. Max Griffin",2025-05-27,https://cagesidepress.com/2025/05/27/jake-matthews-vs-chidi-njokuani-among-ufc-nashville-additions/
"UFC Fight Night Nashville: Odds, Predictions, and Best Bets for Saturday, July 12","Coming off the amazing card at UFC 317, we have a UFC Fight Night card that should provide some action down in Nashville, TN. Headlined by legendary Heavyweight Derrick Lewis taking on undefeated rising star Tallison Teixeira, Saturday night should surely be filled with some action. Today, I will break down my 3 favorite bets for this weekend’s fight card. Let’s get into it! Matthews is a veteran of the UFC at this point, with 21 fights, this being 22, under his belt. He holds a 14-7 record across his 11-year run in the UFC and is entering this fight on a 2-fight win streak. He is taking on Chidi Njokuani, who is 5-3 in his UFC career, but has made some noise as a known KO artist. Njokuani has won 3 straight coming into this one, so both fighters should be fighting with confidence. This fight is a true clash of styles. Matthews is pretty well-rounded, but he is a much stronger grappler than Chidi. Chidi comes from a Muay Thai background, and you can see it when he fights. He has brutal elbows and clean striking, which will certainly cause problems for Matthews. The biggest advantage I see for Chidi is his height and reach. Chidi stands at 6’3 with an 80” reach compared to Matthews at 5’11 with a 73” reach. I think Chidi is going to be able to keep Matthews at a distance and avoid the takedowns, all while inflicting some damage from striking range. MY PICK: Chidi Njokuani -155 It has been a brutal stretch fro Calvin Kattar. He has lost 4 straight fights and is 1-5 over his last 6. Still, Calvin is as tough as they come, and I feel as though he is going to come out firing in this one. However, he is going to have to stop the insane run of Steve Garcia. Garcia is on a 5-fight win streak with all 5 being finishes. His quality of opponents hasn’t been nearly what Calvin has faced, but 5 straight finishes in the UFC is insane. Kattar since he stepped in the octagon back in 2017, but I feel as though his career is slipping away. Losing 4 straight and now being 37, it is tough to turn things around when the UFC is handing you guys like Garcia. Garcis is a problem everywhere; he can knock you out and grapple a little bit, but he is ultra-aggressive. If Calvin can’t find his rhythm early, he may be in some serious trouble. I think Garcia wins this one, but Kattar is too tough not to go the distance. MY PICK: Steve Garcia by Decision +400 This fight is guaranteed fireworks. Derrick Lewis is one of, if not the, most prolific KO artist in UFC history. With 15 KO/TKO wins in the UFC, he has a 79% KO/TKO rate in his wins. He will now take on a 25-year-old, undefeated prospect, Tallison Teixeira. Teixeira is 8-0 and has never had an opponent make it out of the first round against him. He has had only 1 UFC fight so far, and he impressed with a TKO win over Justin Tafa at the end of Round 1. This fight is almost guaranteed to see someone go to sleep. Lewis has been around the block, which gives me some confidence, but now at 40 years old, you have to wonder if he still has his chin. For Teixeira, this is a huge jump in competition. Justin Tafa is a mid to low-tier UFC Heavyweight, and to jump from him to Lewis, who has fought some of the greatest HWs of all time, is wild. This may be a classic fast Heavyweight fight, and while it is scheduled for 5 rounds, there is almost no shot we see that. I do think both guys will be a bit cautious out of the gate, and we may see this fight slide to rounds 3-4. So, I am rolling with Teixeira to win with rounds 3-4, mainly for the value here. MY PICK: Tallison Teixeira to win in Rounds 3-4 +1200",2025-07-12,https://www.bettorsinsider.com/mma/2025/07/12/ufc-fight-night-nashville-odds-predictions-and-best-bets-for-saturday-july-12
UFC Fight Night: Lewis vs. Teixeira,"""The Celtic Kid"" ""Bang Bang"" | Jake Matthews | Chidi Njokuani | | |---|---|---| | Tale of the tape | || | Wins/Losses/Draws | 21-7-0 | 25-10-0 (1 NC) | | Average Fight Time | 11:44 | 9:28 | | Height | 5' 11"" | 6' 3"" | | Weight | 170 lbs. | 170 lbs. | | Reach | 73"" | 80"" | | Stance | Orthodox | Orthodox | | DOB | Aug 19, 1994 | Dec 31, 1988 | | Striking (Significant Strikes) | || | Strikes Landed per Min. (SLpM) | 3.45 | 4.72 | | Striking Accuracy | 43% | 62% | | Strikes Absorbed per Min. (SApM) | 2.63 | 2.64 | | Defense | 61% | 57% | | Grappling | || | Takedowns Average/15 min. | 1.46 | 0.00 | | Takedown Accuracy | 41% | 0% | | Takedown Defense | 67% | 75% | | Submission Average/15 min. | 0.6 | 0.2 | | Most recent fights (Newest First) | || | Win - Prado | Win - Zaleski dos Santos | | | Win - Rowe | Win - Gooden | | | Loss - Morales | Win - McKee | | | Win - Flowers | Loss - Oleksiejczuk | | | Loss - Semelsberger | Loss - Duraev |",No date found,http://ufcstats.com/fight-details/d5e3be7a07c48b08
"UFC Nashville odds: Best betting props, parlays and picks | Lewis vs. Teixeira","UFC Nashville goes down this weekend (Sat., July 12, 2025) inside Bridgestone Arena in Nashville, Tennessee. The main event features Heavyweights with Derrick Lewis vs. Tallison Teixeira. Lewis, a divisional stalwart, is hoping to get past the UFC neophyte and secure a fight with new UFC champion, Tom Aspinall. When it comes to the rest of the UFC Nashville card, there’s not too much to write home about. The co-main is Stephen Thompson vs. Gabriel Bonfim. Rounding out the main card is Calvin Kattar vs. Steve Garcia, Nate Landwehr vs. Morgan Charriere, Vitor Petrino vs. Austin Lane and Junior Tafa vs Tuco Tokkos. UFC Nashville’s “Prelims” are headlined by Max Griffin vs. Chris Curtis. The “Prelims” also have Jake Matthews vs. Chidi Njokuani and Lauren Murphy vs. Eduarda Moura. As always, there’s lots to bet on this card and we’ve got odds for all the fights below: UFC Nashville Main Card Money Line Odds Derrick Lewis (+220) vs. Tallison Teixeira (-270) The towering Teixeira is just 8-0 and two fights into his UFC career. He debuted in the Octagon with a Contender Series first round knockout over Arthur Lopes. In his proper debut, he put away Justin Tafa in 35 seconds (see it here). Lewis — who turned 40 this year — is coming off a third round technical knockout win over Rodrigo Nascimento. Before that, he lost a five-round decision to Jailton Almeida. And before that, he scored a 33-second win over Marcos Rogerio Lima (see it here). That win snapped a three fight losing skid (all finishes) where he lost to Serghei Spivac, Sergei Pavlovich and Tai Tuivasa. There’s not much to scout when it comes to Teixeira. He’s very tall and very long and he’s coming into UFC in his athletic prime at only 25 years-old. Lewis is giving up four inches of height and four inches of reach to the young Brazilian. The last time Lewis fought someone with that kind of reach it was Pavlovich and he lasted just 55 seconds. Lewis is capable of the spectacular and shocking in an Octagon. But, it really feels like the odds are stacked against him here, with a fighter so long, so powerful and with so much youth on his side. Lewis’ defense against significant strikes is just 40 percent. That spells a lot of trouble for “The Black Beast” against a man who, so far, has landed 14.61 significant strikes per-minute across his three Octagon appearances. In Heavyweight, it only takes one punch to win, a lot of the times, but I have to favor the man who is going to be landing dozens of them in a round (if it makes it that far). The round total for this fight is set at 1.5. I think the under is most likely, as do many others. The odds are just -210 for that prop. Teixeira by KO/TKO/DQ is a laughable -185. And Teixeira to win by strikes in round one is just -125. Clearly, there’s not much value if you believe Teixeira is going to quickly separate Lewis from his consciousness (as I do). For my best bet, I’m going to go for a winning round and method of victory parlay. I’m taking round one and TKO/KO/DQ. This covers me just in case Lewis does something silly/outstanding in the first round in Nashville. Best bet: Fight to end in Round 1 by KO/TKO/DQ (-150) Stephen Thompson (+320) vs. Gabriel Bonfim (-410) Thompson is coming off a third round knockout loss to Joaquin Buckley (see it here). Before that, he was submitted by Shavkat Rakhmonov (see it here). His last win was over Kevin Holland, when Holland retired at the end of round four. Bonfim, on the other hand, choked out Khaos Williams in his last fight (see it here). Before that, he took a decision over Ange Loosa. Before those fights he lost, as a big favorite, to Nicolas Dalby via technical knockout (see it here). I don’t think Thompson is long for this sport. He turned 42 this year and his fighting style isn’t great for masking your age. He can’t hide behind takedowns and take dangerous finishers out of their comfort zones. He has to stand in front of them and hope he can slip strikes and land enough from range to earn a decision. Bonfim is not a dangerous striker, so I’m not worried about Thompson getting KO’d for the second time in two fights. Bonfim’s submission threat is what I’m worried about, though. Bonfim’s submissions come from all angles and at a scary pace. I don’t think Thompson will be able to fight those off for long enough to stay in the fight and will probably end up tapping from a choke. Thompson has never had elite takedown defense. With age, his 63 percent takedown defense will feel closer to 50 percent. Bonfim lands almost four takedowns per 15 minutes. He’s going to get Thompson down. Bonfim by submission is only +125. I feel strongly that this is what’s going to happen. But those odds are a little stingy. Unfortunately, the Bonfim -3.5 is even stingier at -205. For my best bet I’m going deep into DraftKings props and I’m looking at Bonfim to win in rounds one or two. I really struggle to see Thompson make it to the final bell and this at least covers me if Thompson is shot to the point that Bonfim can get him out of there with ground-and-pound. Best bet: Gabriel Bonfim to win in rounds 1-2 (+120) Calvin Kattar (+102) vs. Steve Garcia (-122) The Featherweight division have a right to be scared of Garcia. He’s one a five-fight finish streak right now, including stoppages over Melquizael Costa (see it here) and Chase Hooper (see it here). Hooper and Costa have looked pretty good since then, so that tells us what kind of level Costa has been operating at lately. Kattar, on the other hand, will lock up a rare five-fight losing streak in UFC if he gets stopped by Garcia. Last time out he was well beaten by Youssef Zalal (who won despite staying in cruise control). Before that, he was beaten by Aljamain Sterling, Arnold Allen (due to an injury) and Josh Emmett (split decision). Kattar’s toughness is the stuff of legend, thanks to the unholy beating he once took from Max Holloway. Kattar has never been stopped in his career (other than that knee injury). At 37, though, with all these wars in his past, is this the time we see that chin fade? I think so. Garcia’s punches land like a sock full of pennies. And I fear he’s going to land something really hard on Kattar. I think we’re going to see a technical knockout from Garcia, probably from ground-and-pound. I’ll take the point spread here on Garcia, believing that if Kattar doesn’t go down, Garcia will still take a dominant decision (also because Garcia by KO was only +165). Best bet: Steve Garcia -3.5 (+110) Nate Landwehr (+220) vs. Morgan Charriere (-270) Landwehr got styled on in his last fight. Doo Ho Choi looked incredible as he out-struck and out-wrestled and eventually finished “The Train” (see it here). Before that, Landwehr scored a comeback technical knockout on Jamall Emmers (see it here). In his early UFC career, Landwehr managed to get wins over Darren Elkins, L’udovit Klein and David Onama. Charriere, meanwhile, is coming off a unanimous decision loss to Nathaniel Wood where he looked good, not great. Before that, he blew away Gabriel Miranda with a left hook (see it here). Landwehr is a hard-nosed brawler who is willing to eat two shot to land one. He’s a bit like Elkins without the grappling (as exposed by how often Choi took and held him down). I think this is a very tough match-up for him, against Charriere who has looked good against opponents who charge at him. Both these guys absorb more significant strikes than they land (which is a big red flag for me), but Charriere’s negative differential is higher. Charriere is also giving up three inches in the reach department. Even so, I think Charriere’s counter punching will be the story of this fight. Landwehr doesn’t exactly fight behind his jab and pick his shots. He’ll be crashing forward trying to overwhelm Charriere. In this situation, I like Charriere to respond with something hard that puts Landwehr down. Charriere reminds me of a striker in football/soccer who misses the goal when he’s given too much time to think about his shot, but who can score on instinct when the ball comes to him and he has to react without thinking. That’s how I see Charriere getting his finish here. Best bet: Morgan Charriere moneyline (-220) Vitor Petrino (-700) vs. Austen Lane (+500) Petrino’s shiny 11-0 record was dulled by Anthony Smith and Dustin Jacoby last year. Smith scored a quick guillotine on the Brazilian (see it here) in Brazil. Then Jacoby scored a late knockout in a very boring fight (see it here). Lane, meanwhile, was KO’d by Mario Pinto last time out (see it here). Before that, he successfully fraud checked Robelis Despaigne. Prior to that fight, he was starched by Jhonata Diniz (see it here). If it wasn’t for Tuco Tokkos, Lane might be the worst fighter on a UFC main card this year. Lane has a terrible 40 percent defense on significant strikes. That’s a death sentence at Heavyweight. For the most part in his career, big shots have been able to find Lane and he’s been stopped more than your average bear (all six of his defeats are by knockout). He’s been stopped so much, that you wonder whether the 37 year old should still get a license. But, this is MMA, right? We’ll let anyone fight. Petrino came to UFC with a reputation for vicious striking, but we’ve not seen much of that in the Octagon. What we have seen has been pretty slow and telegraphed. Is that still too fast and unpredictable for Lane, though? Lane has a decent-size advantage against Petrino and I can actually see him taking Petrino down and laying on him for a round or two. However, whenever they are standing I’m worried that Lane is one punch away from being laid out. This is what we saw in the Diniz fight. Since they start rounds standing, I have to give this to Petrino. I’m not very enthusiastic about the pick, though. The round total is 1.5. I’ll go with the over, thinking Lane will get his early takedown and Petrino will continue to underwhelm, even in a winning effort. Best bet: Over 1.5 rounds (+135) Junior Tafa (-166) vs. Tuco Tokkos (+140) Tafa put away super short notice opponent Sean Sharaf back in Oct. 2024. That was his first fight since being heel hooked by Valter Walker (who fights further down the card). Before that, Tafa was TKO’d by Marcos Rogerio de Lima (see it here). Tokkos, meanwhile, stifled Navajo Stirling last time out, losing just by decision to the super hyped prospect. Before that he was submitted by Oumar Sy, with Sy locking up the rear-naked choke when Tokkos was mugging for the commentary booth. Tokkos, as referenced earlier, is probably the worst main card fighter of the year. He’s not shown us much of anything thus far in his UFC career. He did well to hang in there against Stirling, but he offered very little offensive threat. Stirling’s passivity was mostly to blame for that awful fight going the distance. Tafa isn’t much better. He’s 2-3 in UFC and the two guys he beat are well below UFC quality. I think Tafa wins this, thanks to how hittable Tokkos is (4.99 significant strikes absorbed per minute and just 33 percent significant strike defense). I wouldn’t be surprised if we get another stinker, though, that goes the distance with a decision that could go to either guy. Because I’m not sold on Tafa, over 1.5 rounds looks quite appealing. Best bet: Over 1.5 rounds (+105) UFC Nashville ‘Prelims’ Under Card Odds Max Griffin (+250) vs. Chris Curtis (-310) This is our featured “Prelim”? I guess this slot really is just, “the fight before the main card” now. The 39-year-old Griffin was tapped by Michael Chiesa in Dec. 2024. He’s been win-loss-win-loss for the past few years, with the wins being split decisions over Jeremiah Wells and Tim Means. The 37-year-old Curtis is coming off trying to separate Sean Strickland from some dude in a regional MMA cage. In his last UFC fight, Curtis lost a controversial fight with Roman Kopylov (see it here). That fight was officially ruled a head kick knockout loss at 4:59 of round three. Many felt the fight could have been left for the remaining second and then have the judges decide (I scored it for Kopylov anyways). Griffin is an okay striker and wrestler, but at 39, his potency in either area needs to be questioned. Curtis, who isn’t much younger, seems to still be a reliable and creative volume striker. His very good takedown defense probably holds up to the level needed to stay up against Griffin, too. I think there’s a chance Curtis gets a stoppage in this fight, but it might come late. I’m not going to mess around with any round betting here and instead just go with Curtis on the moneyline. Best bet: Chris Curtis moneyline (-310) Jake Matthews (+124) vs. Chidi Njokuani (-148) Both these guys are on good runs and coming off decisive wins. It’s a little surprising to see them matched up here on the “Prelims.” Matthews beat Francisco Prado by unanimous decision in February. Last year, he defeated Phil Rowe. Prior to that, he managed to make it to a losing decision against the undefeated Michael Morales. Njokuani, meanwhile, lit up Elizeu Zaleski dos Santos on the co-main of an APEX card in March (see it here). He did miss weight for that one, though. Prior to that TKO he beat Jared Gooden and Rhys McKee. Njokuani is very big for the weight class. He’s four inches taller than Matthews and will have a long seven-inch reach advantage. That reach could be significant, as it was in Njokuani’s destruction of Dos Santos. Njokuani’s reach gets even more deadlier when you consider he has the best accuracy rate for sig. strikes in the division at 62 percent. The only reason he isn’t the official leader in that stat at Welterweight is because his last two fights have technically been Catchweights (due to his weigh-in misses). The 62 percent is better than Gunnar Nelson’s official best mark of 60.6 percent and all the other killers in this rejuvenated weight class. Matthews is no slouch, though. He’s an intelligent and well rounded fighter. He probably knows he can’t win a kickboxing match and I think he’s going to try and make this an ugly brawl against the fence. He’ll look to grind on Njokuani and land a few takedowns. That might be tough, though, given Njokuani’s 75 percent takedown defense. Ultimately, I think Njokuani is going to prevent himself getting taken down in this fight. And, if Matthews, won’t let him strike from range, I still think Njokuani has a good shot at landing heavy strikes right inside Matthews’ kitchen. Njokuani’s Muay Thai style is perfect for clinch fighting, so he might find a home for some good elbows and knees. The round total for this one is set at 1.5 for some reason. The over on that is -298, so no value there. And I don’t think there’s a finish in this fight. I’ll just go with the Njokuani moneyline. Best bet: Chidi Njokuani moneyline (-148) Lauren Murphy (+440) vs. Eduarda Moura (-600) Murphy has been out of action since her bruising loss to Jessica Andrade in Jan. 2023. Before that, she dominated the un-retired Miesha Tate. Before those fights, she was TKO’d while trying to get the belt off Valentina Shevchenko. Moura, meanwhile, took a decision over Veronica Hardy in her Flyweight debut last year. That fight came after she misses weight in back-to-back Strawweight bouts. I get that Murphy has been out awhile, and that she’s 42, but Vegas is showing a lot of faith in Moura with these lines. Despite her age and inactivity as of late, I bet Murphy still “has that dog in her” and I think she will bring a lot of pressure to Moura. Moura has managed to package together wins thanks to her takedowns. Murphy’s takedown defense has been solid over her career (69 percent). The big question is whether Murphy still has good takedown defense or not. If she keeps this fight standing I think she has a good chance to take a close decision. If she is taken down, I think Moura should be able to keep her down and get a pretty comfortable decision. Either way, I think we’re going to decision. Best bet: Over 2.5 rounds (-330) Kennedy Nzechukwu (-205) vs. Valter Walker (+170) Nzechukwu is undefeated (2-0) in UFC’s Heavyweight division. In Dec. 2024, he scored a first round technical knockout over Lukasz Brzeski (see it here). Walker, on the other hand, lost to Brzeski, by decision, in his UFC debut. Since then he’s heel hooked both Junior Tafa (who didn’t like it one bit) and Don’Tale Mayes. Nzechukwu’s striking should be too much for Walker to handle. However, Nzechukwu is a little ungainly and I can totally see him getting caught by Walker’s leg locks, perhaps even after scoring a knockdown. This match-up really seems ripe for some Heavyweight nuttiness. I think it’s best to play the under in this situation, especially with the round total set at 2.5 (I was sure it would be 1.5). Best bet: Under 2.5 rounds (-105) Mitch Ramirez (+700) vs. Mike Davis (-1000) Ramirez was stopped by Thiago Moises leg kicks in his last fight (see those here). His only other Octagon appearance was a walloping from Carlos Prates on Contender Series. In the opposite corner, Davis returned from a year long lay-off to fight Fares Ziam in February. He looked out of sorts and was possibly carrying an injury in that fight. He seemed to be trying to minimize damage more so than win a fight. That unanimous decision was his first UFC loss since being submitted by Gilbert Burns in 2019. He’s won four UFC fights between those losses. If the Davis we’re used to seeing shows up, then he should win this without too much trouble (as reflected in those betting lines). I think we’ll see the good version of Davis in this fight and if that happens, then his funky grappling should lead to a convincing win, probably by stoppage. Best bet: Under 2.5 rounds (-180) Fatima Kline (-1200) vs. Melissa Martinez (+750) Kline was fed to the wolves on her UFC debut, coming in on short notice and up a weight class to take on Jasmine Jasudavicius. She got dominated by the bigger fighter in that bout, but rebounded with a technical knockout over Victoria Dudakova (see it here). Prior to joining UFC, Kline was a champ in the CFFC organization. She also has BJJ black belt under Mike Wacker. Martinez, meanwhile, is 1-1 in UFC with a decision win over Alice Ardelean and a decision loss to Elise Reed. She’s a former champ in the Combate organization. Martinez — who is just 5’2” — should be fighting at Atomweight (and UFC should have an Atomweight division). Kline is going to have a lot of size and strength over her (not much reach, though). I think that size difference will be most notable on the ground and I think Kline is going to use that to get a submission. Best bet: Under 2.5 rounds (+114) UFC Nashville Long Shots! Here’s a couple of long shots for Saturday night’s action. Derrick Lewis to Win and Over 3.5 (+1000) Let’s just imagine that Teixeira is being over-hyped and that his best work has all come against tomato cans. And let’s imagine that Lewis is going to rewind the clock and survive a lot of early punishment. Maybe Teixeira punches himself out? And then, maybe Lewis uncorks one of his classic right hooks that knocks him out cold? It’s not impossible, right? It’s Heavyweight after all. Three-fight parlay: Tallison Teixeira, Steve Garcia, Valter Walker (+568) Despite that first long shot bet, I’m reasonably confident that Teixeira is legit enough to be better than a 40-year-old Lewis. I’m also pretty confident that Steve Garcia will add to his impressive winning streak when he meets Kattar. Walker is my wild card in this parlay and he’s here to add some value. Nzechukwu has looked good at Heavyweight so far, but he’s not faced anyone like Walker. Morgan Charriere to win by KO/TKO/DQ and over 1.5 rounds (+550) I used DraftKings to make my own same game parlay here. It kind of kills me to do it, since I really like Landwehr. Unfortunately, I just think he will fight right into Charriere’s strengths and walk into something nasty. Remember that MMAmania.com will deliver LIVE round-by-round, blow-by-blow coverage of the entire UFC Nashville fight card right here, starting with the ESPN/ESPN+ “Prelims” matches online, which are scheduled to begin at 6 p.m. ET, before the main card start time at 9 p.m. ET (also on ESPN/ESPN+). To checkout the latest and greatest UFC Nashville: “Lewis vs. Teixeira” news and notes be sure to hit up our comprehensive event archive right here. Loading comments...",2025-07-10,https://www.mmamania.com/2025/7/10/24461091/ufc-nashville-odds-best-betting-props-parlays-picks-derrick-lewis-vs-tallison-teixeira
Jake Matthews vs Chidi Njokuani – Pronóstico UFC Fight Night,"Obtén el mejor rendimiento con este este pronóstico de UFC para la pelea de Jake Matthews vs. Chidi Njokuani. Deja que nuestros expertos te guíen hacia grandes ganancias en MiCasino.com. ¡Apuesta hoy y gana en grande con lo mejor de la MMA! Este 12 de julio el UFC visita la Bridgestone Arena de Nashville con un evento repleto de talento, donde tendremos el duelo de peso welter entre Jake Matthews vs. Chidi Njokuani. Dos explosivos contendientes que buscan extender sus rachas ganadoras. Lee también: Derrick Lewis vs Tallison Teixeira: Choque explosivo en UFC Fight Night Pronósticos y cuotas – Jake Matthews vs. Chidi Njokuani – UFC Fight Night | Matthews | Njokuani | | | Cuota decimal | 2.33 | 1.60 | | Cuota americana | +133 | -167 | Podría ganar Chidi Njokuani Chidi Njokuani es favorito para conseguir el triunfo, puesto que, tiene una amplia ventaja de altura y alcance que lo beneficiarían en el manejo de la distancia e intercambios de larga distancia. Además, es un golpeador más técnico y preciso que Matthews. Se completarían todos los rounds Esta pelea puede extenderse durante 15 minutos, considerando que, Matthews ha llegado a la decisión en sus tres peleas más recientes. Mientras que, Njokuani completó todos los asaltos en tres de sus últimos cinco combates. Análisis y resumen – Matthews vs. Njokuani Jake Matthews se encuentra en racha de dos victorias y en su última presentación derrotó por decisión unánime al argentino Francisco Prado, ahora, buscará un tercer triunfo consecutivo que podría ponerlo en la línea ante un rival dentro del top 15. “The Celtic Kid” que mantiene récord de 21-7 con cinco nocauts y ocho sumisiones, es un peleador bastante completo con sólido boxeo y volumen de golpes, que conecta 3.45 ataques de poder por minuto. Además, Matthews es un peligroso grappler con un variado arsenal de sumisiones y pleno control a ras de lona. Chidi Njokuani, por otra parte, ha brillado desde que se mudó al peso welter en 2024, acumulando tres victorias consecutivas, que incluyen un nocaut en el segundo asalto ante Elizeu Zaleski dos Santos en su pelea más reciente. “Chidi Bang Bang” que posee marca de 25-10 con 15 nocauts y una sumisión, es un kickboxer de gran alcance y poder de nocaut, que tiene éxito en el 62% de sus ataques en la pelea de pie. Además, Njokuani ha mostrado evolución en su lucha defensiva, evitando el 75% de los intentos de derribos. ¡Juega, gana y, sobre todo… cobra!",2025-07-10,https://blog.micasino.com/jake-matthews-vs-chidi-njokuani-pronostico-ufc-fight-night-pelea-en-vivo-mma-apuesta-online/
UFC on ESPN 70: Make your predictions for Derrick Lewis vs. Tallison Teixeira,"UFC UFC on ESPN 70: Make your predictions for Derrick Lewis vs. Tallison Teixeira Heavyweights headline UFC on ESPN 70 in 'Music City' Matt Erickson MMA Junkie We want your predictions for UFC on ESPN 70. Our staff picks feature includes the consensus picks from MMA Junkie readers. Simply cast your vote for each bout below, and we'll use the official tallies that are registered by Friday at noon ET (9 a.m. PT). Those reader consensus picks will be part of the main card staff predictions we release ahead of UFC on ESPN 70 (ESPN, ESPN+), which takes place Saturday at Bridgestone Arena in Nashville, Tenn. Make your picks below. Fatima Kline vs. Melissa Martinez - Records: Kline (7-1 MMA, 1-1 UFC), Martinez (8-1 MMA, 1-1 UFC) - Past five: Kline 4-1, Martinez 4-1 - Division: Women’s strawweight - Rankings: None - Odds (as of 07.07.25): Kline -1200, Martinez +750 Mike Davis vs. Mitch Ramirez - Records: Davis (11-3 MMA, 4-2 UFC), Ramirez (8-2 MMA, 0-1 UFC) - Past five: Davis 4-1, Ramirez 3-2 - Division: Lightweight - Rankings: None - Odds (as of 07.07.25): Davis -900, Ramirez +600 Kennedy Nzechukwu vs. Valter Walker - Records: Nzechukwu (14-5 MMA, 8-5 UFC), Walker (13-1 MMA, 2-1 UFC) - Past five: Nzechukwu 3-2, Walker 4-1 - Division: Heavyweight - Rankings: None - Odds (as of 07.07.25): Nzechukwu -240, Walker +200 Eduarda Moura vs. Lauren Murphy - Records: Moura (11-1 MMA, 2-1 UFC), Murphy (16-6 MMA, 8-6 UFC) - Past five: Moura 4-1, Murphy 3-2 - Division: Women’s flyweight - Rankings: None - Odds (as of 07.07.25): Moura -600, Murphy +430 Jake Matthews vs. Chidi Njokuani - Records: Matthews (21-7 MMA, 14-7 UFC), Njokuani (25-10 MMA, 5-3 UFC) - Past five: Matthews 3-2, Njokuani 3-2 - Division: Welterweight - Rankings: None - Odds (as of 07.07.25): Matthews -105, Njokuani -115 Chris Curtis vs. Max Griffin - Records: Curtis (31-12 MMA, 5-4 UFC), Griffin (20-11 MMA, 8-9 UFC) - Past five: Curtis 2-3, Griffin 2-3 - Division: Welterweight - Rankings: None - Odds (as of 07.07.25): Curtis -320, Griffin +250 Junior Tafa vs. Tuco Tokkos - Records: Tafa (6-3 MMA, 2-3 UFC), Tokkos (10-5 MMA, 0-2 UFC) - Past five: Tafa 2-3, Tokkos 3-2 - Division: Light heavyweight - Rankings: None - Odds (as of 07.07.25): Tafa -180, Tokkos +150 Austen Lane vs. Vitor Petrino - Records: Lane (13-6 MMA, 1-3 UFC), Petrino (11-2 MMA, 4-2 UFC) - Past five: Lane 2-3, Petrino 3-2 - Division: Heavyweight - Rankings: None - Odds (as of 07.07.25): Lane +460, Petrino -650 Morgan Charriere vs. Nate Landwehr - Records: Charriere (20-11-1 MMA, 2-2 UFC), Landwehr (18-6 MMA, 5-4 UFC) - Past five: Charriere 3-2, Landwehr 3-2 - Division: Featherweight - Rankings: None - Odds (as of 07.07.25): Charriere -240, Landwehr +200 Steve Garcia vs. Calvin Kattar - Records: Garcia (17-5 MMA, 6-2 UFC), Kattar (23-9 MMA, 7-7 UFC) - Past five: Garcia 5-0, Kattar 1-4 - Division: Featherweight - Rankings: None - Odds (as of 07.07.25): Garcia -135, Kattar +115 Gabriel Bonfim vs. Stephen Thompson - Records: Bonfim (17-1 MMA, 4-1 UFC), Thompson (17-8-1 MMA, 12-8-1 UFC) - Past five: Bonfim 4-1, Thompson 1-4 - Division: Welterweight - Rankings: Thompson No. 12 - Odds (as of 07.07.25): Bonfim -400, Thompson +310 Derrick Lewis vs. Tallison Teixeira - Records: Lewis (28-12 MMA, 19-10 UFC), Teixeira (8-0 MMA, 1-0 UFC) - Past five: Lewis 2-3, Teixeira 5-0 - Division: Heavyweight - Rankings: Lewis No. 11 - Odds (as of 07.07.25): Lewis +210, Teixeira -260 UFC on ESPN 70 fight card (as of July 7, 1 p.m. ET) MAIN CARD (ESPN, 9 p.m. ET) - Derrick Lewis vs. Tallison Teixeira - Gabriel Bonfim vs. Stephen Thompson - Steve Garcia vs. Calvin Kattar - Morgan Charriere vs. Nate Landwehr - Austen Lane vs. Vitor Petrino - Junior Tafa vs. Tuco Tokkos PRELIMINARY CARD (ESPN+, 6 p.m. ET) - Chris Curtis vs. Max Griffin - Jake Matthews vs. Chidi Njokuani - Eduarda Moura vs. Lauren Murphy - Kennedy Nzechukwu vs. Valter Walker - Mike Davis vs. Mitch Ramirez - Fatima Kline vs. Melissa Martinez",2025-07-07,https://mmajunkie.usatoday.com/story/sports/ufc/2025/07/07/ufc-espn-70-nashville-derrick-lewis-vs-tallison-teixeira-reader-predictions-picks/84494792007/
Jake Matthews vs. Chidi Njokuani,"This might be the toughest fight on the card to breakdown. I like Chidi a lot. He is very long, very fast, uses all of his techniques well. But seeing him be rocked in his last fight makes me think his chin could be slipping. He is 36 years old and cuts an enormous amount of weight. i am going to slight lean Jake Matthews because he is very durable and has the wrestling upside. Jake Matthews Jake Mathews is a well rounded guy withs solid wrestling, very good grappling and a nice variety of strikes. He works angles well and has no problem mixing up body shots and head shots. He averages a little more than 1 takedown per fight. He has a solid striking differential at 3-2 and very real power in his hands. He is coming off the decision win over Francisco Prado where the size difference was very helpful. Chidi Njokuani Chidi Njokuani is a very good striker with speed, power and solid distance control. He is not a high volume guy but he sticks and moves really well. His feet are never in the same place for very long and people have a really hard time getting to him. If you are able to get inside the reach and work your way to his legs you can potentially have success with takedowns. He is coming off the KO win over Elizu Zaleski where he himself, was rocked early.",2025-06-10,https://wewantpicks.com/jake-matthews-vs-chidi-njokuani/
Jake Matthews vs. Chidi Njokuani Among UFC Nashville Additions,"July’s UFC Nashville card continues to grow, and with the card’s heavyweight main event recently announced, promotion officials have confirmed more bouts – including Jake Matthews vs. Chidi Njokuani at welterweight. News of the bout, and several others, was revealed in a press release issued on Tuesday. The event takes place on July 12, 2025 at the Bridgestone Arena in Nashville, TN with Derrick Lewis and Tallison Teixeira headlining. Once the youngest fighter on the UFC roster, Australia’s Matthews (21-7) is now thirty, and riding high on a two-fight win streak. The Nashville date will come just past his 11th anniversary with the promotion, where he made his debut in June 2014 following a stint on The Ultimate Fighter Nations: Canada vs. Australia. In his last two trips to the UFC octagon, Matthews has notched wins over Phil Rowe and Francisco Prado. Chidi Njokuani (25-10, 1NC), a Bellator MMA vet, is likewise on a win streak, having seen his hand raised on three consecutive occasions. Most recently, he finished Brazilian vet Elizeu Zaleski dos Santos. Also confirmed on Tuesday, Max Griffin welcomes Chris Curtis back to welterweight, while Junior Tafa faces Tuco Tokkos at light heavyweight. July 12’s UFC Nashville card currently consists of the following reported/announced match-ups: - Derrick Lewis vs. Tallison Teixeira - Lauren Murphy vs. Eduarda Moura - Fatima Kline vs. Melissa Martinez - Vitor Petrino vs. Austen Lane - Calvin Kattar vs. Steve Garcia - Robert Valentin vs. Ateba Abega Gautier - Tuco Tokkos vs. Junior Tafa - Chidi Njokuani vs. Jake Matthews - Chris Curtis vs. Max Griffin",2025-05-27,https://cagesidepress.com/2025/05/27/jake-matthews-vs-chidi-njokuani-among-ufc-nashville-additions/
"UFC Fight Night Nashville: Odds, Predictions, and Best Bets for Saturday, July 12","Coming off the amazing card at UFC 317, we have a UFC Fight Night card that should provide some action down in Nashville, TN. Headlined by legendary Heavyweight Derrick Lewis taking on undefeated rising star Tallison Teixeira, Saturday night should surely be filled with some action. Today, I will break down my 3 favorite bets for this weekend’s fight card. Let’s get into it! Matthews is a veteran of the UFC at this point, with 21 fights, this being 22, under his belt. He holds a 14-7 record across his 11-year run in the UFC and is entering this fight on a 2-fight win streak. He is taking on Chidi Njokuani, who is 5-3 in his UFC career, but has made some noise as a known KO artist. Njokuani has won 3 straight coming into this one, so both fighters should be fighting with confidence. This fight is a true clash of styles. Matthews is pretty well-rounded, but he is a much stronger grappler than Chidi. Chidi comes from a Muay Thai background, and you can see it when he fights. He has brutal elbows and clean striking, which will certainly cause problems for Matthews. The biggest advantage I see for Chidi is his height and reach. Chidi stands at 6’3 with an 80” reach compared to Matthews at 5’11 with a 73” reach. I think Chidi is going to be able to keep Matthews at a distance and avoid the takedowns, all while inflicting some damage from striking range. MY PICK: Chidi Njokuani -155 It has been a brutal stretch fro Calvin Kattar. He has lost 4 straight fights and is 1-5 over his last 6. Still, Calvin is as tough as they come, and I feel as though he is going to come out firing in this one. However, he is going to have to stop the insane run of Steve Garcia. Garcia is on a 5-fight win streak with all 5 being finishes. His quality of opponents hasn’t been nearly what Calvin has faced, but 5 straight finishes in the UFC is insane. Kattar since he stepped in the octagon back in 2017, but I feel as though his career is slipping away. Losing 4 straight and now being 37, it is tough to turn things around when the UFC is handing you guys like Garcia. Garcis is a problem everywhere; he can knock you out and grapple a little bit, but he is ultra-aggressive. If Calvin can’t find his rhythm early, he may be in some serious trouble. I think Garcia wins this one, but Kattar is too tough not to go the distance. MY PICK: Steve Garcia by Decision +400 This fight is guaranteed fireworks. Derrick Lewis is one of, if not the, most prolific KO artist in UFC history. With 15 KO/TKO wins in the UFC, he has a 79% KO/TKO rate in his wins. He will now take on a 25-year-old, undefeated prospect, Tallison Teixeira. Teixeira is 8-0 and has never had an opponent make it out of the first round against him. He has had only 1 UFC fight so far, and he impressed with a TKO win over Justin Tafa at the end of Round 1. This fight is almost guaranteed to see someone go to sleep. Lewis has been around the block, which gives me some confidence, but now at 40 years old, you have to wonder if he still has his chin. For Teixeira, this is a huge jump in competition. Justin Tafa is a mid to low-tier UFC Heavyweight, and to jump from him to Lewis, who has fought some of the greatest HWs of all time, is wild. This may be a classic fast Heavyweight fight, and while it is scheduled for 5 rounds, there is almost no shot we see that. I do think both guys will be a bit cautious out of the gate, and we may see this fight slide to rounds 3-4. So, I am rolling with Teixeira to win with rounds 3-4, mainly for the value here. MY PICK: Tallison Teixeira to win in Rounds 3-4 +1200",2025-07-12,https://www.bettorsinsider.com/mma/2025/07/12/ufc-fight-night-nashville-odds-predictions-and-best-bets-for-saturday-july-12
UFC Fight Night: Lewis vs. Teixeira,"""The Celtic Kid"" ""Bang Bang"" | Jake Matthews | Chidi Njokuani | | |---|---|---| | Tale of the tape | || | Wins/Losses/Draws | 21-7-0 | 25-10-0 (1 NC) | | Average Fight Time | 11:44 | 9:28 | | Height | 5' 11"" | 6' 3"" | | Weight | 170 lbs. | 170 lbs. | | Reach | 73"" | 80"" | | Stance | Orthodox | Orthodox | | DOB | Aug 19, 1994 | Dec 31, 1988 | | Striking (Significant Strikes) | || | Strikes Landed per Min. (SLpM) | 3.45 | 4.72 | | Striking Accuracy | 43% | 62% | | Strikes Absorbed per Min. (SApM) | 2.63 | 2.64 | | Defense | 61% | 57% | | Grappling | || | Takedowns Average/15 min. | 1.46 | 0.00 | | Takedown Accuracy | 41% | 0% | | Takedown Defense | 67% | 75% | | Submission Average/15 min. | 0.6 | 0.2 | | Most recent fights (Newest First) | || | Win - Prado | Win - Zaleski dos Santos | | | Win - Rowe | Win - Gooden | | | Loss - Morales | Win - McKee | | | Win - Flowers | Loss - Oleksiejczuk | | | Loss - Semelsberger | Loss - Duraev |",No date found,http://ufcstats.com/fight-details/d5e3be7a07c48b08
"UFC Nashville odds: Best betting props, parlays and picks | Lewis vs. Teixeira","UFC Nashville goes down this weekend (Sat., July 12, 2025) inside Bridgestone Arena in Nashville, Tennessee. The main event features Heavyweights with Derrick Lewis vs. Tallison Teixeira. Lewis, a divisional stalwart, is hoping to get past the UFC neophyte and secure a fight with new UFC champion, Tom Aspinall. When it comes to the rest of the UFC Nashville card, there’s not too much to write home about. The co-main is Stephen Thompson vs. Gabriel Bonfim. Rounding out the main card is Calvin Kattar vs. Steve Garcia, Nate Landwehr vs. Morgan Charriere, Vitor Petrino vs. Austin Lane and Junior Tafa vs Tuco Tokkos. UFC Nashville’s “Prelims” are headlined by Max Griffin vs. Chris Curtis. The “Prelims” also have Jake Matthews vs. Chidi Njokuani and Lauren Murphy vs. Eduarda Moura. As always, there’s lots to bet on this card and we’ve got odds for all the fights below: UFC Nashville Main Card Money Line Odds Derrick Lewis (+220) vs. Tallison Teixeira (-270) The towering Teixeira is just 8-0 and two fights into his UFC career. He debuted in the Octagon with a Contender Series first round knockout over Arthur Lopes. In his proper debut, he put away Justin Tafa in 35 seconds (see it here). Lewis — who turned 40 this year — is coming off a third round technical knockout win over Rodrigo Nascimento. Before that, he lost a five-round decision to Jailton Almeida. And before that, he scored a 33-second win over Marcos Rogerio Lima (see it here). That win snapped a three fight losing skid (all finishes) where he lost to Serghei Spivac, Sergei Pavlovich and Tai Tuivasa. There’s not much to scout when it comes to Teixeira. He’s very tall and very long and he’s coming into UFC in his athletic prime at only 25 years-old. Lewis is giving up four inches of height and four inches of reach to the young Brazilian. The last time Lewis fought someone with that kind of reach it was Pavlovich and he lasted just 55 seconds. Lewis is capable of the spectacular and shocking in an Octagon. But, it really feels like the odds are stacked against him here, with a fighter so long, so powerful and with so much youth on his side. Lewis’ defense against significant strikes is just 40 percent. That spells a lot of trouble for “The Black Beast” against a man who, so far, has landed 14.61 significant strikes per-minute across his three Octagon appearances. In Heavyweight, it only takes one punch to win, a lot of the times, but I have to favor the man who is going to be landing dozens of them in a round (if it makes it that far). The round total for this fight is set at 1.5. I think the under is most likely, as do many others. The odds are just -210 for that prop. Teixeira by KO/TKO/DQ is a laughable -185. And Teixeira to win by strikes in round one is just -125. Clearly, there’s not much value if you believe Teixeira is going to quickly separate Lewis from his consciousness (as I do). For my best bet, I’m going to go for a winning round and method of victory parlay. I’m taking round one and TKO/KO/DQ. This covers me just in case Lewis does something silly/outstanding in the first round in Nashville. Best bet: Fight to end in Round 1 by KO/TKO/DQ (-150) Stephen Thompson (+320) vs. Gabriel Bonfim (-410) Thompson is coming off a third round knockout loss to Joaquin Buckley (see it here). Before that, he was submitted by Shavkat Rakhmonov (see it here). His last win was over Kevin Holland, when Holland retired at the end of round four. Bonfim, on the other hand, choked out Khaos Williams in his last fight (see it here). Before that, he took a decision over Ange Loosa. Before those fights he lost, as a big favorite, to Nicolas Dalby via technical knockout (see it here). I don’t think Thompson is long for this sport. He turned 42 this year and his fighting style isn’t great for masking your age. He can’t hide behind takedowns and take dangerous finishers out of their comfort zones. He has to stand in front of them and hope he can slip strikes and land enough from range to earn a decision. Bonfim is not a dangerous striker, so I’m not worried about Thompson getting KO’d for the second time in two fights. Bonfim’s submission threat is what I’m worried about, though. Bonfim’s submissions come from all angles and at a scary pace. I don’t think Thompson will be able to fight those off for long enough to stay in the fight and will probably end up tapping from a choke. Thompson has never had elite takedown defense. With age, his 63 percent takedown defense will feel closer to 50 percent. Bonfim lands almost four takedowns per 15 minutes. He’s going to get Thompson down. Bonfim by submission is only +125. I feel strongly that this is what’s going to happen. But those odds are a little stingy. Unfortunately, the Bonfim -3.5 is even stingier at -205. For my best bet I’m going deep into DraftKings props and I’m looking at Bonfim to win in rounds one or two. I really struggle to see Thompson make it to the final bell and this at least covers me if Thompson is shot to the point that Bonfim can get him out of there with ground-and-pound. Best bet: Gabriel Bonfim to win in rounds 1-2 (+120) Calvin Kattar (+102) vs. Steve Garcia (-122) The Featherweight division have a right to be scared of Garcia. He’s one a five-fight finish streak right now, including stoppages over Melquizael Costa (see it here) and Chase Hooper (see it here). Hooper and Costa have looked pretty good since then, so that tells us what kind of level Costa has been operating at lately. Kattar, on the other hand, will lock up a rare five-fight losing streak in UFC if he gets stopped by Garcia. Last time out he was well beaten by Youssef Zalal (who won despite staying in cruise control). Before that, he was beaten by Aljamain Sterling, Arnold Allen (due to an injury) and Josh Emmett (split decision). Kattar’s toughness is the stuff of legend, thanks to the unholy beating he once took from Max Holloway. Kattar has never been stopped in his career (other than that knee injury). At 37, though, with all these wars in his past, is this the time we see that chin fade? I think so. Garcia’s punches land like a sock full of pennies. And I fear he’s going to land something really hard on Kattar. I think we’re going to see a technical knockout from Garcia, probably from ground-and-pound. I’ll take the point spread here on Garcia, believing that if Kattar doesn’t go down, Garcia will still take a dominant decision (also because Garcia by KO was only +165). Best bet: Steve Garcia -3.5 (+110) Nate Landwehr (+220) vs. Morgan Charriere (-270) Landwehr got styled on in his last fight. Doo Ho Choi looked incredible as he out-struck and out-wrestled and eventually finished “The Train” (see it here). Before that, Landwehr scored a comeback technical knockout on Jamall Emmers (see it here). In his early UFC career, Landwehr managed to get wins over Darren Elkins, L’udovit Klein and David Onama. Charriere, meanwhile, is coming off a unanimous decision loss to Nathaniel Wood where he looked good, not great. Before that, he blew away Gabriel Miranda with a left hook (see it here). Landwehr is a hard-nosed brawler who is willing to eat two shot to land one. He’s a bit like Elkins without the grappling (as exposed by how often Choi took and held him down). I think this is a very tough match-up for him, against Charriere who has looked good against opponents who charge at him. Both these guys absorb more significant strikes than they land (which is a big red flag for me), but Charriere’s negative differential is higher. Charriere is also giving up three inches in the reach department. Even so, I think Charriere’s counter punching will be the story of this fight. Landwehr doesn’t exactly fight behind his jab and pick his shots. He’ll be crashing forward trying to overwhelm Charriere. In this situation, I like Charriere to respond with something hard that puts Landwehr down. Charriere reminds me of a striker in football/soccer who misses the goal when he’s given too much time to think about his shot, but who can score on instinct when the ball comes to him and he has to react without thinking. That’s how I see Charriere getting his finish here. Best bet: Morgan Charriere moneyline (-220) Vitor Petrino (-700) vs. Austen Lane (+500) Petrino’s shiny 11-0 record was dulled by Anthony Smith and Dustin Jacoby last year. Smith scored a quick guillotine on the Brazilian (see it here) in Brazil. Then Jacoby scored a late knockout in a very boring fight (see it here). Lane, meanwhile, was KO’d by Mario Pinto last time out (see it here). Before that, he successfully fraud checked Robelis Despaigne. Prior to that fight, he was starched by Jhonata Diniz (see it here). If it wasn’t for Tuco Tokkos, Lane might be the worst fighter on a UFC main card this year. Lane has a terrible 40 percent defense on significant strikes. That’s a death sentence at Heavyweight. For the most part in his career, big shots have been able to find Lane and he’s been stopped more than your average bear (all six of his defeats are by knockout). He’s been stopped so much, that you wonder whether the 37 year old should still get a license. But, this is MMA, right? We’ll let anyone fight. Petrino came to UFC with a reputation for vicious striking, but we’ve not seen much of that in the Octagon. What we have seen has been pretty slow and telegraphed. Is that still too fast and unpredictable for Lane, though? Lane has a decent-size advantage against Petrino and I can actually see him taking Petrino down and laying on him for a round or two. However, whenever they are standing I’m worried that Lane is one punch away from being laid out. This is what we saw in the Diniz fight. Since they start rounds standing, I have to give this to Petrino. I’m not very enthusiastic about the pick, though. The round total is 1.5. I’ll go with the over, thinking Lane will get his early takedown and Petrino will continue to underwhelm, even in a winning effort. Best bet: Over 1.5 rounds (+135) Junior Tafa (-166) vs. Tuco Tokkos (+140) Tafa put away super short notice opponent Sean Sharaf back in Oct. 2024. That was his first fight since being heel hooked by Valter Walker (who fights further down the card). Before that, Tafa was TKO’d by Marcos Rogerio de Lima (see it here). Tokkos, meanwhile, stifled Navajo Stirling last time out, losing just by decision to the super hyped prospect. Before that he was submitted by Oumar Sy, with Sy locking up the rear-naked choke when Tokkos was mugging for the commentary booth. Tokkos, as referenced earlier, is probably the worst main card fighter of the year. He’s not shown us much of anything thus far in his UFC career. He did well to hang in there against Stirling, but he offered very little offensive threat. Stirling’s passivity was mostly to blame for that awful fight going the distance. Tafa isn’t much better. He’s 2-3 in UFC and the two guys he beat are well below UFC quality. I think Tafa wins this, thanks to how hittable Tokkos is (4.99 significant strikes absorbed per minute and just 33 percent significant strike defense). I wouldn’t be surprised if we get another stinker, though, that goes the distance with a decision that could go to either guy. Because I’m not sold on Tafa, over 1.5 rounds looks quite appealing. Best bet: Over 1.5 rounds (+105) UFC Nashville ‘Prelims’ Under Card Odds Max Griffin (+250) vs. Chris Curtis (-310) This is our featured “Prelim”? I guess this slot really is just, “the fight before the main card” now. The 39-year-old Griffin was tapped by Michael Chiesa in Dec. 2024. He’s been win-loss-win-loss for the past few years, with the wins being split decisions over Jeremiah Wells and Tim Means. The 37-year-old Curtis is coming off trying to separate Sean Strickland from some dude in a regional MMA cage. In his last UFC fight, Curtis lost a controversial fight with Roman Kopylov (see it here). That fight was officially ruled a head kick knockout loss at 4:59 of round three. Many felt the fight could have been left for the remaining second and then have the judges decide (I scored it for Kopylov anyways). Griffin is an okay striker and wrestler, but at 39, his potency in either area needs to be questioned. Curtis, who isn’t much younger, seems to still be a reliable and creative volume striker. His very good takedown defense probably holds up to the level needed to stay up against Griffin, too. I think there’s a chance Curtis gets a stoppage in this fight, but it might come late. I’m not going to mess around with any round betting here and instead just go with Curtis on the moneyline. Best bet: Chris Curtis moneyline (-310) Jake Matthews (+124) vs. Chidi Njokuani (-148) Both these guys are on good runs and coming off decisive wins. It’s a little surprising to see them matched up here on the “Prelims.” Matthews beat Francisco Prado by unanimous decision in February. Last year, he defeated Phil Rowe. Prior to that, he managed to make it to a losing decision against the undefeated Michael Morales. Njokuani, meanwhile, lit up Elizeu Zaleski dos Santos on the co-main of an APEX card in March (see it here). He did miss weight for that one, though. Prior to that TKO he beat Jared Gooden and Rhys McKee. Njokuani is very big for the weight class. He’s four inches taller than Matthews and will have a long seven-inch reach advantage. That reach could be significant, as it was in Njokuani’s destruction of Dos Santos. Njokuani’s reach gets even more deadlier when you consider he has the best accuracy rate for sig. strikes in the division at 62 percent. The only reason he isn’t the official leader in that stat at Welterweight is because his last two fights have technically been Catchweights (due to his weigh-in misses). The 62 percent is better than Gunnar Nelson’s official best mark of 60.6 percent and all the other killers in this rejuvenated weight class. Matthews is no slouch, though. He’s an intelligent and well rounded fighter. He probably knows he can’t win a kickboxing match and I think he’s going to try and make this an ugly brawl against the fence. He’ll look to grind on Njokuani and land a few takedowns. That might be tough, though, given Njokuani’s 75 percent takedown defense. Ultimately, I think Njokuani is going to prevent himself getting taken down in this fight. And, if Matthews, won’t let him strike from range, I still think Njokuani has a good shot at landing heavy strikes right inside Matthews’ kitchen. Njokuani’s Muay Thai style is perfect for clinch fighting, so he might find a home for some good elbows and knees. The round total for this one is set at 1.5 for some reason. The over on that is -298, so no value there. And I don’t think there’s a finish in this fight. I’ll just go with the Njokuani moneyline. Best bet: Chidi Njokuani moneyline (-148) Lauren Murphy (+440) vs. Eduarda Moura (-600) Murphy has been out of action since her bruising loss to Jessica Andrade in Jan. 2023. Before that, she dominated the un-retired Miesha Tate. Before those fights, she was TKO’d while trying to get the belt off Valentina Shevchenko. Moura, meanwhile, took a decision over Veronica Hardy in her Flyweight debut last year. That fight came after she misses weight in back-to-back Strawweight bouts. I get that Murphy has been out awhile, and that she’s 42, but Vegas is showing a lot of faith in Moura with these lines. Despite her age and inactivity as of late, I bet Murphy still “has that dog in her” and I think she will bring a lot of pressure to Moura. Moura has managed to package together wins thanks to her takedowns. Murphy’s takedown defense has been solid over her career (69 percent). The big question is whether Murphy still has good takedown defense or not. If she keeps this fight standing I think she has a good chance to take a close decision. If she is taken down, I think Moura should be able to keep her down and get a pretty comfortable decision. Either way, I think we’re going to decision. Best bet: Over 2.5 rounds (-330) Kennedy Nzechukwu (-205) vs. Valter Walker (+170) Nzechukwu is undefeated (2-0) in UFC’s Heavyweight division. In Dec. 2024, he scored a first round technical knockout over Lukasz Brzeski (see it here). Walker, on the other hand, lost to Brzeski, by decision, in his UFC debut. Since then he’s heel hooked both Junior Tafa (who didn’t like it one bit) and Don’Tale Mayes. Nzechukwu’s striking should be too much for Walker to handle. However, Nzechukwu is a little ungainly and I can totally see him getting caught by Walker’s leg locks, perhaps even after scoring a knockdown. This match-up really seems ripe for some Heavyweight nuttiness. I think it’s best to play the under in this situation, especially with the round total set at 2.5 (I was sure it would be 1.5). Best bet: Under 2.5 rounds (-105) Mitch Ramirez (+700) vs. Mike Davis (-1000) Ramirez was stopped by Thiago Moises leg kicks in his last fight (see those here). His only other Octagon appearance was a walloping from Carlos Prates on Contender Series. In the opposite corner, Davis returned from a year long lay-off to fight Fares Ziam in February. He looked out of sorts and was possibly carrying an injury in that fight. He seemed to be trying to minimize damage more so than win a fight. That unanimous decision was his first UFC loss since being submitted by Gilbert Burns in 2019. He’s won four UFC fights between those losses. If the Davis we’re used to seeing shows up, then he should win this without too much trouble (as reflected in those betting lines). I think we’ll see the good version of Davis in this fight and if that happens, then his funky grappling should lead to a convincing win, probably by stoppage. Best bet: Under 2.5 rounds (-180) Fatima Kline (-1200) vs. Melissa Martinez (+750) Kline was fed to the wolves on her UFC debut, coming in on short notice and up a weight class to take on Jasmine Jasudavicius. She got dominated by the bigger fighter in that bout, but rebounded with a technical knockout over Victoria Dudakova (see it here). Prior to joining UFC, Kline was a champ in the CFFC organization. She also has BJJ black belt under Mike Wacker. Martinez, meanwhile, is 1-1 in UFC with a decision win over Alice Ardelean and a decision loss to Elise Reed. She’s a former champ in the Combate organization. Martinez — who is just 5’2” — should be fighting at Atomweight (and UFC should have an Atomweight division). Kline is going to have a lot of size and strength over her (not much reach, though). I think that size difference will be most notable on the ground and I think Kline is going to use that to get a submission. Best bet: Under 2.5 rounds (+114) UFC Nashville Long Shots! Here’s a couple of long shots for Saturday night’s action. Derrick Lewis to Win and Over 3.5 (+1000) Let’s just imagine that Teixeira is being over-hyped and that his best work has all come against tomato cans. And let’s imagine that Lewis is going to rewind the clock and survive a lot of early punishment. Maybe Teixeira punches himself out? And then, maybe Lewis uncorks one of his classic right hooks that knocks him out cold? It’s not impossible, right? It’s Heavyweight after all. Three-fight parlay: Tallison Teixeira, Steve Garcia, Valter Walker (+568) Despite that first long shot bet, I’m reasonably confident that Teixeira is legit enough to be better than a 40-year-old Lewis. I’m also pretty confident that Steve Garcia will add to his impressive winning streak when he meets Kattar. Walker is my wild card in this parlay and he’s here to add some value. Nzechukwu has looked good at Heavyweight so far, but he’s not faced anyone like Walker. Morgan Charriere to win by KO/TKO/DQ and over 1.5 rounds (+550) I used DraftKings to make my own same game parlay here. It kind of kills me to do it, since I really like Landwehr. Unfortunately, I just think he will fight right into Charriere’s strengths and walk into something nasty. Remember that MMAmania.com will deliver LIVE round-by-round, blow-by-blow coverage of the entire UFC Nashville fight card right here, starting with the ESPN/ESPN+ “Prelims” matches online, which are scheduled to begin at 6 p.m. ET, before the main card start time at 9 p.m. ET (also on ESPN/ESPN+). To checkout the latest and greatest UFC Nashville: “Lewis vs. Teixeira” news and notes be sure to hit up our comprehensive event archive right here. Loading comments...",2025-07-10,https://www.mmamania.com/2025/7/10/24461091/ufc-nashville-odds-best-betting-props-parlays-picks-derrick-lewis-vs-tallison-teixeira
Jake Matthews vs Chidi Njokuani – Pronóstico UFC Fight Night,"Obtén el mejor rendimiento con este este pronóstico de UFC para la pelea de Jake Matthews vs. Chidi Njokuani. Deja que nuestros expertos te guíen hacia grandes ganancias en MiCasino.com. ¡Apuesta hoy y gana en grande con lo mejor de la MMA! Este 12 de julio el UFC visita la Bridgestone Arena de Nashville con un evento repleto de talento, donde tendremos el duelo de peso welter entre Jake Matthews vs. Chidi Njokuani. Dos explosivos contendientes que buscan extender sus rachas ganadoras. Lee también: Derrick Lewis vs Tallison Teixeira: Choque explosivo en UFC Fight Night Pronósticos y cuotas – Jake Matthews vs. Chidi Njokuani – UFC Fight Night | Matthews | Njokuani | | | Cuota decimal | 2.33 | 1.60 | | Cuota americana | +133 | -167 | Podría ganar Chidi Njokuani Chidi Njokuani es favorito para conseguir el triunfo, puesto que, tiene una amplia ventaja de altura y alcance que lo beneficiarían en el manejo de la distancia e intercambios de larga distancia. Además, es un golpeador más técnico y preciso que Matthews. Se completarían todos los rounds Esta pelea puede extenderse durante 15 minutos, considerando que, Matthews ha llegado a la decisión en sus tres peleas más recientes. Mientras que, Njokuani completó todos los asaltos en tres de sus últimos cinco combates. Análisis y resumen – Matthews vs. Njokuani Jake Matthews se encuentra en racha de dos victorias y en su última presentación derrotó por decisión unánime al argentino Francisco Prado, ahora, buscará un tercer triunfo consecutivo que podría ponerlo en la línea ante un rival dentro del top 15. “The Celtic Kid” que mantiene récord de 21-7 con cinco nocauts y ocho sumisiones, es un peleador bastante completo con sólido boxeo y volumen de golpes, que conecta 3.45 ataques de poder por minuto. Además, Matthews es un peligroso grappler con un variado arsenal de sumisiones y pleno control a ras de lona. Chidi Njokuani, por otra parte, ha brillado desde que se mudó al peso welter en 2024, acumulando tres victorias consecutivas, que incluyen un nocaut en el segundo asalto ante Elizeu Zaleski dos Santos en su pelea más reciente. “Chidi Bang Bang” que posee marca de 25-10 con 15 nocauts y una sumisión, es un kickboxer de gran alcance y poder de nocaut, que tiene éxito en el 62% de sus ataques en la pelea de pie. Además, Njokuani ha mostrado evolución en su lucha defensiva, evitando el 75% de los intentos de derribos. ¡Juega, gana y, sobre todo… cobra!",2025-07-10,https://blog.micasino.com/jake-matthews-vs-chidi-njokuani-pronostico-ufc-fight-night-pelea-en-vivo-mma-apuesta-online/
"UFC on ESPN 70 gets Chris Curtis, Jake Matthews among other Nashville fight card additions","UFC on ESPN 70 gets Chris Curtis, Jake Matthews among other Nashville fight card additions Several bouts have been added to July's UFC on ESPN 70 in Nashville. The UFC's seventh visit to Nashville, Tenn. is taking shape. Three new bouts have been added to UFC on ESPN 70 including Jake Matthews vs. Chidi Njokuani, Max Griffin vs. Chris Curtis, and Junior Tafa vs. Ateba Gautier. The promotion announced the news Tuesday. UFC on ESPN 70 takes place July 12 at the Bridgestone Arena and is headlined by a heavyweight bout between former title challenger Derrick Lewis against undefeated prospect Tallison Teixeira. Njokuani (25-10 MMA, 5-3 UFC) looks to build on his 3-0 run since he dropped back down to welterweight. Meanwhile, Matthews (21-7 MMA, 14-7 UFC), a veteran of the weight class, looks to get his own 3-0 run, as he's coming off back-to-back decision wins over Phil Rowe and Francisco Prado. Additionally, Max Griffin welcomes Chris Curtis back to welterweight. Curtis (31-12 MMA, 5-4 UFC), who's competed all of his 10 UFC fights at 185 pounds, will be making his promotional welterweight debut. He looks to snap a two-fight losing skid now in a new division. ""Pain"" Griffin is 2-2 in his past four trips to the octagon, with his most recent one being a submission loss to Michael Chiesa in December at UFC 310. Lastly, Tafa (6-3 MMA, 2-3 UFC) will also be trying out a new weight class – light heavyweight. He takes on Gautier (7-1 MMA, 1-0 UFC), who's coming off a devastating KO win in his debut fight against Jose Medina in Mexico City in March.",2025-05-27,https://mmajunkie.usatoday.com/story/sports/ufc/2025/05/27/ufc-nashville-fight-card-chris-curtis-jake-matthews-more/83885493007/
"LIVE! UFC Nashville Results, Streaming Updates","UFC Nashville happens TONIGHT (Sat., July 12, 2025) inside Bridgestone Arena in Nashville, Tennessee. The main event features ol’ hot balls against a long and lanky knockout machine. Derrick Lewis vs. Tallison Teixeira might have some implications for the top of the Heavyweight pile, now that the potentially White House-bound Jon Jones is no longer champion. UFC Nashville’s co-main is Stephen Thompson vs. Gabriel Bonfim. The 42 year-old Thompson will be out to show his slick striking is evergreen and that he can avoid the submission assault of Bonfim. Rounding out the main card is Steve Garcia vs. Calvin Kattar, Nate Landwehr vs. Morgan Charriere, Junior Tafa vs. Tuco Tokkos and Vitor Petrino vs. Austen Lane. UFC Nashville’s “Prelims” are headlined by Chris Curtis vs. Max Griffin. The “Prelims” also have Chidi Njokuani vs. Jake Matthews (which may well be the best fight on the card). Rounding out the “Prelims” are Kennedy Nzechukwu vs. Valter Walker, Lauren Murphy vs. Eduarda Moura, Mike Davis vs. Mitch Ramirez and Fatima Kline vs. Melissa Martinez. UFC NASHVILLE START TIME, DATE MMAmania.com will deliver LIVE round-by-round, blow-by-blow coverage of the entire UFC Nashville card below, starting with the ESPN/ESPN+ “Prelims” matches, which begin at 6 p.m. ET, then the remaining main card on ESPN/ESPN+ at 9 p.m. ET. Keep in mind that we will also be the spot for the latest news, recaps, and post-fight analysis following “Lewis vs. Teixeira” Without further delay, see below for the updated UFC Nashville results. (Note: This will go from the top down; therefore, look to the top of the stream for the newest update). UFC NASHVILLE QUICK RESULTS 265 lbs.: Derrick Lewis vs. Tallison Teixeira 170 lbs.: Stephen Thompson vs. Gabriel Bonfim 145 lbs.: Calvin Kattar vs. Steve Garcia 145 lbs.: Nate Landwehr vs. Morgan Charriere 265 lbs.: Vitor Petrino vs. Austen Lane 205 lbs.: Junior Tafa vs. Tuco Tokkos 170 lbs.: Chris Curtis vs. Max Griffin 170 lbs.: Jake Matthews vs. Chidi Njokuani 125 lbs.: Lauren Murphy vs. Eduarda Moura 265 lbs.: Kennedy Nzechukwu vs. Valter Walker 155 lbs.: Mike Davis vs. Mitch Ramirez 115 lbs.: Fatima Kline vs. Melissa Martinez UFC NASHVILLE ‘LEWIS VS. TEIXEIRA’ PLAY-BY-PLAY UPDATES To check out the latest and greatest UFC Nashville: “Lewis vs. Teixeira” news and notes be sure to hit up our comprehensive event archive right here. Loading comments...",2025-07-12,https://www.mmamania.com/2025/7/12/24461090/ufc-nashville-results-live-streaming-updates-derrick-lewis-vs-tallison-teixeira
"Max Griffin vs Chris Curtis Pick, 07/12/2025 Predictions UFC Nashville Odds","Max Griffin vs Chris Curtis Pick, 07/12/2025 Predictions UFC Nashville Odds Max Griffin vs Chris Curtis UFC Nashville Bridgestone Arena in Nashville Saturday, July 12, 2025 Max Griffin will face off with Chris Curtis at UFC Nashville on Saturday, July 12, 2025. The moneyline has Griffin priced at +250 while Curtis is at -320. Max ""Pain"" Griffin comes into this bout holding a record of 20-11-0. The 39-year-old will fight at 170 lbs and measures in at 5'11"". The orthodox fighter stretches 76"". Chris ""Action-Man"" Curtis stands in at 5'10"" and weighs in at 170 lbs. The orthodox fighter looks to add a win to his career total of 31-12-0 (1 NC). The 37-year-old has a wingspan of 75"". With respect to significant strikes, Max Griffin is connecting on 3.75 per minute and Chris Curtis connects on 6.16 significant strikes per min. Griffin is connecting on 48% of the significant strikes he throws while Curtis lands 51%. In terms of defending themselves, ""Pain"" absorbs 3.66 significant strikes per min and ""Action-Man"" allows 6.43. Griffin also defends against 58% of the significant strikes his opponents attempt while Curtis is able to curb 53% of the shots thrown. | UFC Nashville | Max Griffin | Chris Curtis | |---|---|---| | Opening Odds | +250 | -320 | | Record | 20-11-0 | 31-12-0 (1 NC) | | Average Fight Time | 12:55 | 12:38 | | Height | 5'11"" | 5'10"" | | Weight | 170 lbs | 170 lbs | | Reach | 76"" | 75"" | | Strikes Landed Per Minute | 3.75 | 6.16 | | Striking Accuracy | 48% | 51% | In the grappling category, Max Griffin is the more capable grappler as he takes his opponents down 1.37 times per 3 rds. Griffin is finishing his takedown attempts on 40% of his attempts and thwarting 69% of the takedowns his opponents attempt. Curtis is finishing his takedowns on 10% of the takedowns he tries and is stopping 82% of the attempts against him. In terms of subbing the opposition, Griffin is the less likely of the two fighters to go for the finish by going for 0.3 submissions per 3 rounds while Curtis attempts 0.7 submissions per 3 rounds. Get all of our Free UFC Picks In his last fight, Max Griffin fought Michael Chiesa and was on the losing end of this fight by way of rear naked choke in round 3. Chiesa ended up landing 54 of 87 total strikes that he let go in that contest. Griffin ended the night having landed 18 of 43 total strikes. In terms of significant strikes, Chiesa ended up landing 13 of 39 , which means his percentage was 33%. He finished the fight landing 11 of 33 significant strikes to the head. Statistically, Griffin landed 29% of his significant strikes by connecting on 10 of 34 . In regard to the placement of these significant strikes, he landed 9 of 33 aimed at the head. 69% of the significant strikes landed by Chiesa and 100% of them landed by Griffin were tallied at a distance. In the last Octagon appearance for Chris Curtis, he faced off with Roman Kopylov and was defeated by way of a kick to the head in round 3. Kopylov connected on 95% of his significant strikes at distance and Curtis ended up connecting on 100% of his significant strikes at distance. Curtis ended up landing 54% of the significant strikes he attempted by connecting on 142 of 261 . He connected on 107 of 204 significant strikes directed at the head. Kopylov ended up landing 130 of 307 significant strikes in that contest. Out of those significant strikes, he connected on 91 of 266 aimed at the head. Relating to the total strikes thrown in this fight, Kopylov was 133 of 310 and Curtis ended up connecting on 146 of 265 total strikes. Other bouts on the card to watch Another bout that you're not going to want to miss is when Jake Matthews squares up against Chidi Njokuani. Matthews looks to add a win to his career record of 21-7-0. The 30-year-old steps on the scale at 170 lbs and measures in at 5'11"". The orthodox fighter reaches 73"". Njokuani stands 6'3"" and is weighing in at 170 lbs. The orthodox fighter has a career mark of 25-10-0 (1 NC). The 36-year-old has a wingspan of 80"". When it comes to grappling, Jake Matthews takes his opponents to the canvas 1.46 times per 3 rds and Chidi Njokuani is able to score a takedown 0.40 times per 15 minutes. In terms of striking, Matthews connects for an average of 3.45 strikes/min and landing 43% of the strikes that he attempts. On the other side of the cage you've got Chidi Njokuani, who lands 62% of the strikes he has thrown and connects on 4.72 per min. If you're into fun fights, you're going to want to see when Valter Walker is set to enter the Octagon with Kennedy Nzechukwu. Nzechukwu has a career record of 14-5-0. The 33-year-old weighs 236 lbs and measures in at 6'5"". The southpaw fighter stretches 83"". Walker measures in at 6'6"" and weighs 265 lbs. The orthodox fighter holds a career mark of 13-1-0. The 27-year-old extends his reach 78"". Regarding takedowns, Kennedy Nzechukwu is preventing 81% of his opponents' takedown tries and is finishing his takedowns on 45% of his tries. Walker is finishing his takedowns on 70% of his attempts and curbs 10% of all takedown attempts. With regard to striking, Nzechukwu is absorbing 4.89 strikes per min while he lands 5.37 strikes/min. Walker, moreover, absorbs 3.02 strikes per min and lands 1.79 per minute. Who will win tonight's UFC match against the spread? Guy Bruhn's Pick: Take Max Griffin (+250) Get $60 worth of FREE premium member picks. No Obligation. No Salesman. No Credit Card. Fast Sign up with Instant Access Click Here Get all of Today's Free UFC Picks Get all of Today's Expert UFC Picks Most Recent UFC Picks - Vitor Petrino vs Austen Lane Pick, 07/12/2025 Predictions UFC Nashville Odds - Kennedy Nzechukwu vs Valter Walker Pick, 07/12/2025 Predictions UFC Nashville Odds - Jake Matthews vs Chidi Njokuani Pick, 07/12/2025 Predictions UFC Nashville Odds - Junior Tafa vs Tuco Tokkos Pick, 07/12/2025 Predictions UFC Nashville Odds - Stephen Thompson vs Gabriel Bonfim Pick, 07/12/2025 Predictions UFC Nashville Odds - Mitch Ramirez vs Mike Davis Pick, 07/12/2025 Predictions UFC Nashville Odds - Derrick Lewis vs Tallison Teixeira Pick, 07/12/2025 Predictions UFC Nashville Odds - Calvin Kattar vs Steve Garcia Pick, 07/12/2025 Predictions UFC Nashville Odds - Nate Landwehr vs Morgan Charriere Pick, 07/12/2025 Predictions UFC Nashville Odds - Lauren Murphy vs Eduarda Moura Pick, 07/12/2025 Predictions UFC Nashville Odds",2025-07-10,https://www.docsports.com/free-picks/ufc/2025/max-griffin-vs-chris-curtis-pick-07-12-2025-predictions-ufc-nashville-odds.html
UFC on ESPN 70 pre-event facts: Steve Garcia can take KO streak into all-time territory,"UFC on ESPN 70 pre-event facts: Steve Garcia can take KO streak into all-time territory The UFC returns to Nashville for the seventh time in company history Saturday with UFC on ESPN 70, which takes place at Bridgestone Arena with a full card that airs on ESPN and streams on ESPN+. Heavyweight occupy the headlining position on the card, with former title challenger and all-time octagon knockout king Derrick Lewis (28-12 MMA, 19-10 UFC) set to clash against Tallison Teixeira (8-0 MMA, 1-0 UFC), who jumps into the Frey in his sophomore promotional appearance. For more on the numbers behind the main event, as well as the rest of the lineup, check below for MMA Junkie's pre-event facts for UFC on ESPN 70. Derrick Lewis vs. Tallison Teixeira Derrick Lewis Lewis competes in his 30th UFC heavyweight bout, the second-most appearances in divisional history behind Andrei Arlovski (42). Lewis’ 19 victories in UFC heavyweight competition are second-most in divisional history behind Andre Arlovski (23). Lewis’ 15 stoppage victories in UFC heavyweight competition are most in divisional history. Lewis’ 15 stoppage victories in UFC competition are tied for fourth-most in company history behind Charles Oliveira (20), Jim Miller (17) and Donald Cerrone (16). Lewis’ 15 knockout victories in UFC competition are most in company history. Lewis’ 15 knockout victories in UFC competition stemming from punches are the most in company history. Lewis’ eight knockouts stemming from ground strikes in UFC competition are tied with Cain Velasquez for most in company history. Lewis’ eight fight-night bonuses for UFC heavyweight bouts are tied with Stefan Struve for second-most in divisional history behind Stipe Miocic (nine). Tallison Teixeira Teixeira has earned all eight of his career victories by first-round stoppage. Stephen Thompson vs. Gabriel Bonfim Stephen Thompson’s (17-8-1 MMA, 12-8-1 UFC) 10 knockdowns landed in UFC welterweight competition are tied for fourth-most in divisional history behind Thiago Alves (13), Jake Ellenberger (11) and Matt Brown (11). Thompson's eight fight-night bonuses for UFC welterweight fights are tied for fourth-most in divisional history behind Chris Lytle (10), Vicente Luque (nine) and Brown (nine). Gabriel Bonfim (17-1 MMA, 4-1 UFC) has earned 16 of his 17 career victories by stoppage. That includes three of his four UFC wins. Calvin Kattar vs. Steve Garcia Calvin Kattar's (23-9 MMA, 7-7 UFC) four-fight losing skid is the longest of his career. He hasn't earned a victory since January 2022. Steve Garcia's (17-5 MMA, 6-2 UFC) four-fight UFC winning streak at featherweight is tied for the fourth-longest active streak in the division behind Movsar Evloev (eight), Lerone Murphy (eight) and Melquizael Costa (five). Garcia has earned all 14 of his career stoppage victories by knockout. That includes all six of his UFC wins. Garcia's five-fight UFC knockout streak is tied for fourth-longest in company history behind Chuck Liddell (seven), Don Frye (six) and Sergei Pavlovich (six). Garcia's five-fight UFC stoppage streak is longest among active fighters in the company. Junior Tafa vs. Tuco Tokkos Junior Tafa (6-3 MMA, 2-3 UFC) drops to the UFC light heavyweight division after spending his previous five octagon appearances at heavyweight. Max Griffin vs. Chris Curtis Chris Curtis (31-12 MMA, 5-4 UFC) drops to the UFC welterweight division after spending his previous 10 octagon appearances at middleweight. Jake Matthews vs. Chidi Njokuani Jake Matthews (20-7 MMA, 14-7 UFC) makes his 22nd octagon appearance, the most by any Australian-born fighter in company history. Matthews is 10-4 since he moved up to the UFC welterweight division in November 2017. Chidi Njokuani (25-10 MMA, 5-3 UFC) is 3-0 since he dropped to the UFC welterweight division in March 2024. Njokuani's 16-second victory at UFC Fight Night 200 marked the second-fastest debut in UFC middleweight history behind Marc Weir’s 10-second win at UFC 38. Lauren Murphy vs. Eduarda Moura Lauren Murphy (16-6 MMA, 8-6 UFC) returns to competition for the first time since Jan. 21, 2023. The 903-day layoff is longest of her more than 15-year career. Kennedy Nzechukwu vs. Valter Walker Kennedy Nzechukwu (14-5 MMA, 8-5 UFC) is 2-0 since he moved up to the heavyweight division in October. Nzechukwu earned a knockout at UFC 259 despite a -64 deficit in significant strikes landed, the biggest statistical comeback for a light heavyweight bout and third overall in UFC history. Valter Walker (13-1 MMA, 2-1 UFC) is one of four heavyweights in UFC history to earn a submission victory by heel hook. He accomplished the feat at UFC 305. UFC research analyst and live statistics producer Michael Carroll contributed to this story. Follow him on Twitter @MJCflipdascript.",2025-07-09,https://mmajunkie.usatoday.com/story/sports/ufc/2025/07/09/ufc-on-espn-70-pre-event-facts-steve-garcia-all-time-knockout-streak/84517293007/
UFC on ESPN 70 predictions: Can Derrick Lewis upset Tallison Teixeira in Nashville?,"UFC UFC on ESPN 70 predictions: Can Derrick Lewis upset Tallison Teixeira in Nashville? Matt Erickson MMA Junkie The UFC is back in “Music City” for the first time in two years with heavyweights at the top of the ticket. UFC on ESPN 70 (ESPN/ESPN+) takes place Saturday at Bridgestone Arena in Nashville, Tenn. Get pick results from our 11 editors, writers, radio hosts and videographers, as well as additional analysis, below. Junior Tafa vs. Tuco Tokkos - Records: Tafa (6-3 MMA, 2-3 UFC), Tokkos (10-5 MMA, 0-2 UFC) - Past five: Tafa 2-3, Tokkos 3-2 - Division: Light heavyweight - Rankings: None - Odds (as of 07.07.25): Tafa -180, Tokkos +150 - Junkie pick results: Tafa 11, Tokkos 0 Austen Lane vs. Vitor Petrino - Records: Lane (13-6 MMA, 1-3 UFC), Petrino (11-2 MMA, 4-2 UFC) - Past five: Lane 2-3, Petrino 3-2 - Division: Heavyweight - Rankings: None - Odds (as of 07.07.25): Lane +500, Petrino -700 - Junkie pick results: Petrino 11, Lane 0 Morgan Charriere vs. Nate Landwehr - Records: Charriere (20-11-1 MMA, 2-2 UFC), Landwehr (18-6 MMA, 5-4 UFC) - Past five: Charriere 3-2, Landwehr 3-2 - Division: Featherweight - Rankings: None - Odds (as of 07.11.25): Charriere -260, Landwehr +210 - Junkie pick results: Charriere 10, Landwehr 1 Steve Garcia vs. Calvin Kattar - Records: Garcia (17-5 MMA, 6-2 UFC), Kattar (23-9 MMA, 7-7 UFC) - Past five: Garcia 5-0, Kattar 1-4 - Division: Featherweight - Rankings: None - Odds (as of 07.11.25): Garcia -125, Kattar +105 - Junkie pick results: Garcia 7, Kattar 4 Gabriel Bonfim vs. Stephen Thompson - Records: Bonfim (17-1 MMA, 4-1 UFC), Thompson (17-8-1 MMA, 12-8-1 UFC) - Past five: Bonfim 4-1, Thompson 1-4 - Division: Welterweight - Rankings: Thompson No. 12 - Odds (as of 07.11.25): Bonfim -455, Thompson +350 - Junkie pick results: Bonfim 11, Thompson 0 Derrick Lewis vs. Tallison Teixeira - Records: Lewis (28-12 MMA, 19-10 UFC), Teixeira (8-0 MMA, 1-0 UFC) - Past five: Lewis 2-3, Teixeira 5-0 - Division: Heavyweight - Rankings: Lewis No. 11 - Odds (as of 07.11.25): Lewis +245, Teixeira -305 - Junkie pick results: Lewis 7, Teixeira 4 Individual staff member picks, main card Readers 92–57: Teixeira (50.1%), Bonfim (67%), Garcia (62%), Charriere (59%), Petrino (89%), Tafa (74%) - Farah 97-52: Teixeira, Bonfim, Kattar, Charriere, Petrino, Tafa - MikeB 95-54: Teixeira, Bonfim, Garcia, Charriere, Petrino, Tafa - Nolan 95-54: Lewis, Bonfim, Kattar, Charriere, Petrino, Tafa - Kenny 94-55: Lewis, Bonfim, Garcia, Charriere, Petrino, Tafa - Abbey 94-55: Teixeira, Bonfim, Garcia, Charriere, Petrino, Tafa - Brian 90-59: Lewis, Bonfim, Garcia, Landwehr, Petrino, Tafa - MattE 89-60: Lewis, Bonfim, Garcia, Charriere, Petrino, Tafa - Simon 89-60: Teixeira, Bonfim, Kattar, Charriere, Petrino, Tafa - Danny 87-62: Lewis, Bonfim, Kattar, Charriere, Petrino, Tafa - MattW 83-66: Lewis, Bonfim, Garcia, Charriere, Petrino, Tafa - Jorge 81-68: Lewis, Bonfim, Garcia, Charriere, Petrino, Tafa Preliminary card picks Although they don't count toward the standings, MMA Junkie staff members still pick the fights on the prelims. Here are the results: - Chris Curtis vs. Max Griffin: Curtis 11, Griffin 0 - Jake Matthews vs. Chidi Njokuani: Njokuani 8, Matthews 3 - Eduarda Moura vs. Lauren Murphy: Moura 11, Murphy 0 - Kennedy Nzechukwu vs. Valter Walker: Nzechukwu10, Walker 1 - Mike Davis vs. Mitch Ramirez: Davis 11, Ramirez 0 - Fatima Kline vs. Melissa Martinez: Kline 11, Martinez 0",2025-07-12,https://mmajunkie.usatoday.com/story/sports/ufc/2025/07/12/ufc-espn-70-nashville-derrick-lewis-vs-tallison-teixeira-predictions-picks-mma-betting/84698028007/
Preview: UFC Nashville Prelims - Matthews vs. Njokuani,"Preview: UFC Nashville Prelims Matthews vs. Njokuani Welterweights Jake Matthews (21-7, 14-7 UFC) vs. Chidi Njokuani (25-10, 1 NC; 5-3 UFC)ODDS: Njokuani (-150); Matthews (+125) Advertisement In broad strokes, Matthews’ game remains the same as it ever was. He is a strong and savvy grappler who is capable everywhere but does his best work from top position, and while his striking shows decent power and has improved incrementally over the years, it remains awkward-looking and defensively porous. That being the case, Matthews’ fights tend to hinge on who is the better wrestler, as takedowns are an important safety valve for when things are not going his way on the feet, and present his best chance to get the fight to the ground in the time, place and position of his choosing. It is a fairly straightforward calculus of victory that Matthews sometimes makes more complicated by underusing his wrestling. Njokuani is, in many ways, the polar opposite of Matthews. Where Matthews came to the UFC as an undefeated 19-year-old prospect, “Chidi Chidi Bang Bang” was the eternal journeyman, bouncing around Bellator MMA and several high-level regional promotions before landing a surprising berth on Dana White's Contender Series in 2021. Already 33 years old at the time of his UFC debut, Njokuani turned heads by knocking out his first two opponents in the first round, including a 16-second blitzing of the normally durable Marc-Andre Barriault. The feel-good story came crashing back to the ground with a three-fight skid, but Njokuani responded by dropping to welterweight, where he has rattled off three straight wins coming into Saturday’s showdown. The Las Vegan’s game remains as simple, yet difficult to solve, as ever. At 6-foot-3 and with a lanky frame—especially by welterweight standards—Njokuani excels as a kickboxer so long as he can dictate the range: all the way out, where his long, straight jab and kicks can do damage, or all the way in, where he can punish his foe with knees in the clinch. While he has a black belt in Brazilian jiu-jitsu, he prefers to spend as little time on the ground as possible, and the good grapplers who have been able to get him down early in a fight have tended to dominate him, going back to his fight with John Salter in Bellator. This fight boils down to two related, but distinct questions: Can Matthews take Njokuani down, and will he try often enough? Even if Matthews does not have immediate success wrestling, it behooves him to try and try again, as that will give Njokuani one more thing to think about on the feet. Matthews is perfectly capable of winning a fight in which he goes three for 14 on takedown attempts; it will be cause to worry if he goes one for his first three and then quits trying. This is a close matchup, as evidenced by the betting line, but the pick is that Njokuani will remain upright enough, and pepper the Aussie with enough jabs and low kicks, to get his hand raised after 15 fun minutes. Njokuani by decision. Jump To » Griffin vs. Curtis Matthews vs. Njokuani Murphy vs. Moura Nzechukwu vs. Walker Ramirez vs. Davis Kline vs. Martinez « Previous UFC to Hold Inaugural Event in Qatar on Nov. 22 Next Official Bout Order Unveiled for UFC 318; Costa-Kopylov Set for Co-Main Event » More",2025-07-09,http://nm.sherdog.com/news/articles/2/Preview-UFC-Nashville-Prelims-197641
"UFC on ESPN 70 gets Chris Curtis, Jake Matthews among other Nashville fight card additions","UFC on ESPN 70 gets Chris Curtis, Jake Matthews among other Nashville fight card additions Several bouts have been added to July's UFC on ESPN 70 in Nashville. The UFC's seventh visit to Nashville, Tenn. is taking shape. Three new bouts have been added to UFC on ESPN 70 including Jake Matthews vs. Chidi Njokuani, Max Griffin vs. Chris Curtis, and Junior Tafa vs. Ateba Gautier. The promotion announced the news Tuesday. UFC on ESPN 70 takes place July 12 at the Bridgestone Arena and is headlined by a heavyweight bout between former title challenger Derrick Lewis against undefeated prospect Tallison Teixeira. Njokuani (25-10 MMA, 5-3 UFC) looks to build on his 3-0 run since he dropped back down to welterweight. Meanwhile, Matthews (21-7 MMA, 14-7 UFC), a veteran of the weight class, looks to get his own 3-0 run, as he's coming off back-to-back decision wins over Phil Rowe and Francisco Prado. Additionally, Max Griffin welcomes Chris Curtis back to welterweight. Curtis (31-12 MMA, 5-4 UFC), who's competed all of his 10 UFC fights at 185 pounds, will be making his promotional welterweight debut. He looks to snap a two-fight losing skid now in a new division. ""Pain"" Griffin is 2-2 in his past four trips to the octagon, with his most recent one being a submission loss to Michael Chiesa in December at UFC 310. Lastly, Tafa (6-3 MMA, 2-3 UFC) will also be trying out a new weight class – light heavyweight. He takes on Gautier (7-1 MMA, 1-0 UFC), who's coming off a devastating KO win in his debut fight against Jose Medina in Mexico City in March.",2025-05-27,https://mmajunkie.usatoday.com/story/sports/ufc/2025/05/27/ufc-nashville-fight-card-chris-curtis-jake-matthews-more/83885493007/
"LIVE! UFC Nashville Results, Streaming Updates","UFC Nashville happens TONIGHT (Sat., July 12, 2025) inside Bridgestone Arena in Nashville, Tennessee. The main event features ol’ hot balls against a long and lanky knockout machine. Derrick Lewis vs. Tallison Teixeira might have some implications for the top of the Heavyweight pile, now that the potentially White House-bound Jon Jones is no longer champion. UFC Nashville’s co-main is Stephen Thompson vs. Gabriel Bonfim. The 42 year-old Thompson will be out to show his slick striking is evergreen and that he can avoid the submission assault of Bonfim. Rounding out the main card is Steve Garcia vs. Calvin Kattar, Nate Landwehr vs. Morgan Charriere, Junior Tafa vs. Tuco Tokkos and Vitor Petrino vs. Austen Lane. UFC Nashville’s “Prelims” are headlined by Chris Curtis vs. Max Griffin. The “Prelims” also have Chidi Njokuani vs. Jake Matthews (which may well be the best fight on the card). Rounding out the “Prelims” are Kennedy Nzechukwu vs. Valter Walker, Lauren Murphy vs. Eduarda Moura, Mike Davis vs. Mitch Ramirez and Fatima Kline vs. Melissa Martinez. UFC NASHVILLE START TIME, DATE MMAmania.com will deliver LIVE round-by-round, blow-by-blow coverage of the entire UFC Nashville card below, starting with the ESPN/ESPN+ “Prelims” matches, which begin at 6 p.m. ET, then the remaining main card on ESPN/ESPN+ at 9 p.m. ET. Keep in mind that we will also be the spot for the latest news, recaps, and post-fight analysis following “Lewis vs. Teixeira” Without further delay, see below for the updated UFC Nashville results. (Note: This will go from the top down; therefore, look to the top of the stream for the newest update). UFC NASHVILLE QUICK RESULTS 265 lbs.: Derrick Lewis vs. Tallison Teixeira 170 lbs.: Stephen Thompson vs. Gabriel Bonfim 145 lbs.: Calvin Kattar vs. Steve Garcia 145 lbs.: Nate Landwehr vs. Morgan Charriere 265 lbs.: Vitor Petrino vs. Austen Lane 205 lbs.: Junior Tafa vs. Tuco Tokkos 170 lbs.: Chris Curtis vs. Max Griffin 170 lbs.: Jake Matthews vs. Chidi Njokuani 125 lbs.: Lauren Murphy vs. Eduarda Moura 265 lbs.: Kennedy Nzechukwu vs. Valter Walker 155 lbs.: Mike Davis vs. Mitch Ramirez 115 lbs.: Fatima Kline vs. Melissa Martinez UFC NASHVILLE ‘LEWIS VS. TEIXEIRA’ PLAY-BY-PLAY UPDATES To check out the latest and greatest UFC Nashville: “Lewis vs. Teixeira” news and notes be sure to hit up our comprehensive event archive right here. Loading comments...",2025-07-12,https://www.mmamania.com/2025/7/12/24461090/ufc-nashville-results-live-streaming-updates-derrick-lewis-vs-tallison-teixeira
"Max Griffin vs Chris Curtis Pick, 07/12/2025 Predictions UFC Nashville Odds","Max Griffin vs Chris Curtis Pick, 07/12/2025 Predictions UFC Nashville Odds Max Griffin vs Chris Curtis UFC Nashville Bridgestone Arena in Nashville Saturday, July 12, 2025 Max Griffin will face off with Chris Curtis at UFC Nashville on Saturday, July 12, 2025. The moneyline has Griffin priced at +250 while Curtis is at -320. Max ""Pain"" Griffin comes into this bout holding a record of 20-11-0. The 39-year-old will fight at 170 lbs and measures in at 5'11"". The orthodox fighter stretches 76"". Chris ""Action-Man"" Curtis stands in at 5'10"" and weighs in at 170 lbs. The orthodox fighter looks to add a win to his career total of 31-12-0 (1 NC). The 37-year-old has a wingspan of 75"". With respect to significant strikes, Max Griffin is connecting on 3.75 per minute and Chris Curtis connects on 6.16 significant strikes per min. Griffin is connecting on 48% of the significant strikes he throws while Curtis lands 51%. In terms of defending themselves, ""Pain"" absorbs 3.66 significant strikes per min and ""Action-Man"" allows 6.43. Griffin also defends against 58% of the significant strikes his opponents attempt while Curtis is able to curb 53% of the shots thrown. | UFC Nashville | Max Griffin | Chris Curtis | |---|---|---| | Opening Odds | +250 | -320 | | Record | 20-11-0 | 31-12-0 (1 NC) | | Average Fight Time | 12:55 | 12:38 | | Height | 5'11"" | 5'10"" | | Weight | 170 lbs | 170 lbs | | Reach | 76"" | 75"" | | Strikes Landed Per Minute | 3.75 | 6.16 | | Striking Accuracy | 48% | 51% | In the grappling category, Max Griffin is the more capable grappler as he takes his opponents down 1.37 times per 3 rds. Griffin is finishing his takedown attempts on 40% of his attempts and thwarting 69% of the takedowns his opponents attempt. Curtis is finishing his takedowns on 10% of the takedowns he tries and is stopping 82% of the attempts against him. In terms of subbing the opposition, Griffin is the less likely of the two fighters to go for the finish by going for 0.3 submissions per 3 rounds while Curtis attempts 0.7 submissions per 3 rounds. Get all of our Free UFC Picks In his last fight, Max Griffin fought Michael Chiesa and was on the losing end of this fight by way of rear naked choke in round 3. Chiesa ended up landing 54 of 87 total strikes that he let go in that contest. Griffin ended the night having landed 18 of 43 total strikes. In terms of significant strikes, Chiesa ended up landing 13 of 39 , which means his percentage was 33%. He finished the fight landing 11 of 33 significant strikes to the head. Statistically, Griffin landed 29% of his significant strikes by connecting on 10 of 34 . In regard to the placement of these significant strikes, he landed 9 of 33 aimed at the head. 69% of the significant strikes landed by Chiesa and 100% of them landed by Griffin were tallied at a distance. In the last Octagon appearance for Chris Curtis, he faced off with Roman Kopylov and was defeated by way of a kick to the head in round 3. Kopylov connected on 95% of his significant strikes at distance and Curtis ended up connecting on 100% of his significant strikes at distance. Curtis ended up landing 54% of the significant strikes he attempted by connecting on 142 of 261 . He connected on 107 of 204 significant strikes directed at the head. Kopylov ended up landing 130 of 307 significant strikes in that contest. Out of those significant strikes, he connected on 91 of 266 aimed at the head. Relating to the total strikes thrown in this fight, Kopylov was 133 of 310 and Curtis ended up connecting on 146 of 265 total strikes. Other bouts on the card to watch Another bout that you're not going to want to miss is when Jake Matthews squares up against Chidi Njokuani. Matthews looks to add a win to his career record of 21-7-0. The 30-year-old steps on the scale at 170 lbs and measures in at 5'11"". The orthodox fighter reaches 73"". Njokuani stands 6'3"" and is weighing in at 170 lbs. The orthodox fighter has a career mark of 25-10-0 (1 NC). The 36-year-old has a wingspan of 80"". When it comes to grappling, Jake Matthews takes his opponents to the canvas 1.46 times per 3 rds and Chidi Njokuani is able to score a takedown 0.40 times per 15 minutes. In terms of striking, Matthews connects for an average of 3.45 strikes/min and landing 43% of the strikes that he attempts. On the other side of the cage you've got Chidi Njokuani, who lands 62% of the strikes he has thrown and connects on 4.72 per min. If you're into fun fights, you're going to want to see when Valter Walker is set to enter the Octagon with Kennedy Nzechukwu. Nzechukwu has a career record of 14-5-0. The 33-year-old weighs 236 lbs and measures in at 6'5"". The southpaw fighter stretches 83"". Walker measures in at 6'6"" and weighs 265 lbs. The orthodox fighter holds a career mark of 13-1-0. The 27-year-old extends his reach 78"". Regarding takedowns, Kennedy Nzechukwu is preventing 81% of his opponents' takedown tries and is finishing his takedowns on 45% of his tries. Walker is finishing his takedowns on 70% of his attempts and curbs 10% of all takedown attempts. With regard to striking, Nzechukwu is absorbing 4.89 strikes per min while he lands 5.37 strikes/min. Walker, moreover, absorbs 3.02 strikes per min and lands 1.79 per minute. Who will win tonight's UFC match against the spread? Guy Bruhn's Pick: Take Max Griffin (+250) Get $60 worth of FREE premium member picks. No Obligation. No Salesman. No Credit Card. Fast Sign up with Instant Access Click Here Get all of Today's Free UFC Picks Get all of Today's Expert UFC Picks Most Recent UFC Picks - Vitor Petrino vs Austen Lane Pick, 07/12/2025 Predictions UFC Nashville Odds - Kennedy Nzechukwu vs Valter Walker Pick, 07/12/2025 Predictions UFC Nashville Odds - Jake Matthews vs Chidi Njokuani Pick, 07/12/2025 Predictions UFC Nashville Odds - Junior Tafa vs Tuco Tokkos Pick, 07/12/2025 Predictions UFC Nashville Odds - Stephen Thompson vs Gabriel Bonfim Pick, 07/12/2025 Predictions UFC Nashville Odds - Mitch Ramirez vs Mike Davis Pick, 07/12/2025 Predictions UFC Nashville Odds - Derrick Lewis vs Tallison Teixeira Pick, 07/12/2025 Predictions UFC Nashville Odds - Calvin Kattar vs Steve Garcia Pick, 07/12/2025 Predictions UFC Nashville Odds - Nate Landwehr vs Morgan Charriere Pick, 07/12/2025 Predictions UFC Nashville Odds - Lauren Murphy vs Eduarda Moura Pick, 07/12/2025 Predictions UFC Nashville Odds",2025-07-10,https://www.docsports.com/free-picks/ufc/2025/max-griffin-vs-chris-curtis-pick-07-12-2025-predictions-ufc-nashville-odds.html
UFC on ESPN 70 pre-event facts: Steve Garcia can take KO streak into all-time territory,"UFC on ESPN 70 pre-event facts: Steve Garcia can take KO streak into all-time territory The UFC returns to Nashville for the seventh time in company history Saturday with UFC on ESPN 70, which takes place at Bridgestone Arena with a full card that airs on ESPN and streams on ESPN+. Heavyweight occupy the headlining position on the card, with former title challenger and all-time octagon knockout king Derrick Lewis (28-12 MMA, 19-10 UFC) set to clash against Tallison Teixeira (8-0 MMA, 1-0 UFC), who jumps into the Frey in his sophomore promotional appearance. For more on the numbers behind the main event, as well as the rest of the lineup, check below for MMA Junkie's pre-event facts for UFC on ESPN 70. Derrick Lewis vs. Tallison Teixeira Derrick Lewis Lewis competes in his 30th UFC heavyweight bout, the second-most appearances in divisional history behind Andrei Arlovski (42). Lewis’ 19 victories in UFC heavyweight competition are second-most in divisional history behind Andre Arlovski (23). Lewis’ 15 stoppage victories in UFC heavyweight competition are most in divisional history. Lewis’ 15 stoppage victories in UFC competition are tied for fourth-most in company history behind Charles Oliveira (20), Jim Miller (17) and Donald Cerrone (16). Lewis’ 15 knockout victories in UFC competition are most in company history. Lewis’ 15 knockout victories in UFC competition stemming from punches are the most in company history. Lewis’ eight knockouts stemming from ground strikes in UFC competition are tied with Cain Velasquez for most in company history. Lewis’ eight fight-night bonuses for UFC heavyweight bouts are tied with Stefan Struve for second-most in divisional history behind Stipe Miocic (nine). Tallison Teixeira Teixeira has earned all eight of his career victories by first-round stoppage. Stephen Thompson vs. Gabriel Bonfim Stephen Thompson’s (17-8-1 MMA, 12-8-1 UFC) 10 knockdowns landed in UFC welterweight competition are tied for fourth-most in divisional history behind Thiago Alves (13), Jake Ellenberger (11) and Matt Brown (11). Thompson's eight fight-night bonuses for UFC welterweight fights are tied for fourth-most in divisional history behind Chris Lytle (10), Vicente Luque (nine) and Brown (nine). Gabriel Bonfim (17-1 MMA, 4-1 UFC) has earned 16 of his 17 career victories by stoppage. That includes three of his four UFC wins. Calvin Kattar vs. Steve Garcia Calvin Kattar's (23-9 MMA, 7-7 UFC) four-fight losing skid is the longest of his career. He hasn't earned a victory since January 2022. Steve Garcia's (17-5 MMA, 6-2 UFC) four-fight UFC winning streak at featherweight is tied for the fourth-longest active streak in the division behind Movsar Evloev (eight), Lerone Murphy (eight) and Melquizael Costa (five). Garcia has earned all 14 of his career stoppage victories by knockout. That includes all six of his UFC wins. Garcia's five-fight UFC knockout streak is tied for fourth-longest in company history behind Chuck Liddell (seven), Don Frye (six) and Sergei Pavlovich (six). Garcia's five-fight UFC stoppage streak is longest among active fighters in the company. Junior Tafa vs. Tuco Tokkos Junior Tafa (6-3 MMA, 2-3 UFC) drops to the UFC light heavyweight division after spending his previous five octagon appearances at heavyweight. Max Griffin vs. Chris Curtis Chris Curtis (31-12 MMA, 5-4 UFC) drops to the UFC welterweight division after spending his previous 10 octagon appearances at middleweight. Jake Matthews vs. Chidi Njokuani Jake Matthews (20-7 MMA, 14-7 UFC) makes his 22nd octagon appearance, the most by any Australian-born fighter in company history. Matthews is 10-4 since he moved up to the UFC welterweight division in November 2017. Chidi Njokuani (25-10 MMA, 5-3 UFC) is 3-0 since he dropped to the UFC welterweight division in March 2024. Njokuani's 16-second victory at UFC Fight Night 200 marked the second-fastest debut in UFC middleweight history behind Marc Weir’s 10-second win at UFC 38. Lauren Murphy vs. Eduarda Moura Lauren Murphy (16-6 MMA, 8-6 UFC) returns to competition for the first time since Jan. 21, 2023. The 903-day layoff is longest of her more than 15-year career. Kennedy Nzechukwu vs. Valter Walker Kennedy Nzechukwu (14-5 MMA, 8-5 UFC) is 2-0 since he moved up to the heavyweight division in October. Nzechukwu earned a knockout at UFC 259 despite a -64 deficit in significant strikes landed, the biggest statistical comeback for a light heavyweight bout and third overall in UFC history. Valter Walker (13-1 MMA, 2-1 UFC) is one of four heavyweights in UFC history to earn a submission victory by heel hook. He accomplished the feat at UFC 305. UFC research analyst and live statistics producer Michael Carroll contributed to this story. Follow him on Twitter @MJCflipdascript.",2025-07-09,https://mmajunkie.usatoday.com/story/sports/ufc/2025/07/09/ufc-on-espn-70-pre-event-facts-steve-garcia-all-time-knockout-streak/84517293007/
UFC on ESPN 70 predictions: Can Derrick Lewis upset Tallison Teixeira in Nashville?,"UFC UFC on ESPN 70 predictions: Can Derrick Lewis upset Tallison Teixeira in Nashville? Matt Erickson MMA Junkie The UFC is back in “Music City” for the first time in two years with heavyweights at the top of the ticket. UFC on ESPN 70 (ESPN/ESPN+) takes place Saturday at Bridgestone Arena in Nashville, Tenn. Get pick results from our 11 editors, writers, radio hosts and videographers, as well as additional analysis, below. Junior Tafa vs. Tuco Tokkos - Records: Tafa (6-3 MMA, 2-3 UFC), Tokkos (10-5 MMA, 0-2 UFC) - Past five: Tafa 2-3, Tokkos 3-2 - Division: Light heavyweight - Rankings: None - Odds (as of 07.07.25): Tafa -180, Tokkos +150 - Junkie pick results: Tafa 11, Tokkos 0 Austen Lane vs. Vitor Petrino - Records: Lane (13-6 MMA, 1-3 UFC), Petrino (11-2 MMA, 4-2 UFC) - Past five: Lane 2-3, Petrino 3-2 - Division: Heavyweight - Rankings: None - Odds (as of 07.07.25): Lane +500, Petrino -700 - Junkie pick results: Petrino 11, Lane 0 Morgan Charriere vs. Nate Landwehr - Records: Charriere (20-11-1 MMA, 2-2 UFC), Landwehr (18-6 MMA, 5-4 UFC) - Past five: Charriere 3-2, Landwehr 3-2 - Division: Featherweight - Rankings: None - Odds (as of 07.11.25): Charriere -260, Landwehr +210 - Junkie pick results: Charriere 10, Landwehr 1 Steve Garcia vs. Calvin Kattar - Records: Garcia (17-5 MMA, 6-2 UFC), Kattar (23-9 MMA, 7-7 UFC) - Past five: Garcia 5-0, Kattar 1-4 - Division: Featherweight - Rankings: None - Odds (as of 07.11.25): Garcia -125, Kattar +105 - Junkie pick results: Garcia 7, Kattar 4 Gabriel Bonfim vs. Stephen Thompson - Records: Bonfim (17-1 MMA, 4-1 UFC), Thompson (17-8-1 MMA, 12-8-1 UFC) - Past five: Bonfim 4-1, Thompson 1-4 - Division: Welterweight - Rankings: Thompson No. 12 - Odds (as of 07.11.25): Bonfim -455, Thompson +350 - Junkie pick results: Bonfim 11, Thompson 0 Derrick Lewis vs. Tallison Teixeira - Records: Lewis (28-12 MMA, 19-10 UFC), Teixeira (8-0 MMA, 1-0 UFC) - Past five: Lewis 2-3, Teixeira 5-0 - Division: Heavyweight - Rankings: Lewis No. 11 - Odds (as of 07.11.25): Lewis +245, Teixeira -305 - Junkie pick results: Lewis 7, Teixeira 4 Individual staff member picks, main card Readers 92–57: Teixeira (50.1%), Bonfim (67%), Garcia (62%), Charriere (59%), Petrino (89%), Tafa (74%) - Farah 97-52: Teixeira, Bonfim, Kattar, Charriere, Petrino, Tafa - MikeB 95-54: Teixeira, Bonfim, Garcia, Charriere, Petrino, Tafa - Nolan 95-54: Lewis, Bonfim, Kattar, Charriere, Petrino, Tafa - Kenny 94-55: Lewis, Bonfim, Garcia, Charriere, Petrino, Tafa - Abbey 94-55: Teixeira, Bonfim, Garcia, Charriere, Petrino, Tafa - Brian 90-59: Lewis, Bonfim, Garcia, Landwehr, Petrino, Tafa - MattE 89-60: Lewis, Bonfim, Garcia, Charriere, Petrino, Tafa - Simon 89-60: Teixeira, Bonfim, Kattar, Charriere, Petrino, Tafa - Danny 87-62: Lewis, Bonfim, Kattar, Charriere, Petrino, Tafa - MattW 83-66: Lewis, Bonfim, Garcia, Charriere, Petrino, Tafa - Jorge 81-68: Lewis, Bonfim, Garcia, Charriere, Petrino, Tafa Preliminary card picks Although they don't count toward the standings, MMA Junkie staff members still pick the fights on the prelims. Here are the results: - Chris Curtis vs. Max Griffin: Curtis 11, Griffin 0 - Jake Matthews vs. Chidi Njokuani: Njokuani 8, Matthews 3 - Eduarda Moura vs. Lauren Murphy: Moura 11, Murphy 0 - Kennedy Nzechukwu vs. Valter Walker: Nzechukwu10, Walker 1 - Mike Davis vs. Mitch Ramirez: Davis 11, Ramirez 0 - Fatima Kline vs. Melissa Martinez: Kline 11, Martinez 0",2025-07-12,https://mmajunkie.usatoday.com/story/sports/ufc/2025/07/12/ufc-espn-70-nashville-derrick-lewis-vs-tallison-teixeira-predictions-picks-mma-betting/84698028007/
Preview: UFC Nashville Prelims - Matthews vs. Njokuani,"Preview: UFC Nashville Prelims Matthews vs. Njokuani Welterweights Jake Matthews (21-7, 14-7 UFC) vs. Chidi Njokuani (25-10, 1 NC; 5-3 UFC)ODDS: Njokuani (-150); Matthews (+125) Advertisement In broad strokes, Matthews’ game remains the same as it ever was. He is a strong and savvy grappler who is capable everywhere but does his best work from top position, and while his striking shows decent power and has improved incrementally over the years, it remains awkward-looking and defensively porous. That being the case, Matthews’ fights tend to hinge on who is the better wrestler, as takedowns are an important safety valve for when things are not going his way on the feet, and present his best chance to get the fight to the ground in the time, place and position of his choosing. It is a fairly straightforward calculus of victory that Matthews sometimes makes more complicated by underusing his wrestling. Njokuani is, in many ways, the polar opposite of Matthews. Where Matthews came to the UFC as an undefeated 19-year-old prospect, “Chidi Chidi Bang Bang” was the eternal journeyman, bouncing around Bellator MMA and several high-level regional promotions before landing a surprising berth on Dana White's Contender Series in 2021. Already 33 years old at the time of his UFC debut, Njokuani turned heads by knocking out his first two opponents in the first round, including a 16-second blitzing of the normally durable Marc-Andre Barriault. The feel-good story came crashing back to the ground with a three-fight skid, but Njokuani responded by dropping to welterweight, where he has rattled off three straight wins coming into Saturday’s showdown. The Las Vegan’s game remains as simple, yet difficult to solve, as ever. At 6-foot-3 and with a lanky frame—especially by welterweight standards—Njokuani excels as a kickboxer so long as he can dictate the range: all the way out, where his long, straight jab and kicks can do damage, or all the way in, where he can punish his foe with knees in the clinch. While he has a black belt in Brazilian jiu-jitsu, he prefers to spend as little time on the ground as possible, and the good grapplers who have been able to get him down early in a fight have tended to dominate him, going back to his fight with John Salter in Bellator. This fight boils down to two related, but distinct questions: Can Matthews take Njokuani down, and will he try often enough? Even if Matthews does not have immediate success wrestling, it behooves him to try and try again, as that will give Njokuani one more thing to think about on the feet. Matthews is perfectly capable of winning a fight in which he goes three for 14 on takedown attempts; it will be cause to worry if he goes one for his first three and then quits trying. This is a close matchup, as evidenced by the betting line, but the pick is that Njokuani will remain upright enough, and pepper the Aussie with enough jabs and low kicks, to get his hand raised after 15 fun minutes. Njokuani by decision. Jump To » Griffin vs. Curtis Matthews vs. Njokuani Murphy vs. Moura Nzechukwu vs. Walker Ramirez vs. Davis Kline vs. Martinez « Previous UFC to Hold Inaugural Event in Qatar on Nov. 22 Next Official Bout Order Unveiled for UFC 318; Costa-Kopylov Set for Co-Main Event » More",2025-07-09,http://nm.sherdog.com/news/articles/2/Preview-UFC-Nashville-Prelims-197641
