title,text,publish_date,url
"UFC 318 -- Dustin Poirier vs. Max Holloway 3: Fight card, date, odds, start time, location, complete guide","UFC 318 -- Dustin Poirier vs. Max Holloway 3: Fight card, date, odds, start time, location, complete guide Poirier will retire in his home state against a familiar foe Dustin Poirier makes his final UFC walk against the person he introduced to the promotion. Poirier will retire after UFC 318 against Max Holloway, whose 2012 UFC debut came against Poirier. Holloway and Poirier will fight for the third and final time on July 18. Poirier is 2-0 in their series, submitting Holloway in 2012 and winning an interim lightweight title fight via decision in 2019. Former UFC featherweight champion Holloway defends his ceremonial BMF championship, a title he acquired with CBS Sports' 2024 Knockout of the Year against Justin Gaethje, the latter of whom won the vacant belt by KOing Poirier. Porier's retirement bout, the 35th of his professional career, takes place in his home state of Louisiana. ""The Diamond"" will reportedly walk alongside fellow Louisiana legend Lil Wayne in New Orleans. The main card will also feature some top fighters from various weight classes. The co-main event pits middleweight against each other as rising contender Roman Kopylov takes on former title challenger Paulo Costa. The always talkative and entertaining Kevin Holland is back when he takes on Daniel Rodriguez at welterweight. And former two-division Bellator champion Patricio Pitbull looks to get his first win under the UFC banner when he takes on Dan Ige at featherweight. Below is the complete fight card for UFC 318, along with the latest odds. Check back all week long for the latest news, features and other content around this massive event. UFC 318 fight card, odds - Max Holloway (c) -130 vs. Dustin Poirier +110, lightweights, BMF championship - Roman Kopylov -240 vs. Paulo Costa +200, middleweights - Kevin Holland -450 vs. Daniel Rodriguez, welterweights - Dan Ige -210 vs. Patricio Pitbull +175, featherweights - Daniel Zellhuber -550 vs. Michael Johnson +400, lightweights - Vinicius Oliveira -165 vs. Kyler Phillips +140, bantamweights - Brendan Allen -205 vs. Marvin Vettori +170, middleweights - Francisco Prado -140 vs. Nikolay Veretennikov +120, welterweights - Ateba Gautier -550 vs. Robert Valentin +400, middleweights - Islam Dulatov -600 vs. Adam Fugitt +430, welterweights - Jimmy Crute -280 vs. Marcin Prachnio +230, light heavyweights - Ryan Spann -220 vs. Lukasz Brzeski +180, light heavyweights - Brunno Ferreira -700 vs. Jackson McVey +500, middleweights - Carli Judice -300 vs. Nicolle Caliari +240, women's flyweights UFC 318 info - Date: July 18 - Location: Smoothie King Center -- New Orleans - Start time: 10 p.m. ET (Main card) - How to watch: ESPN+ PPV UFC 318 countdown - Mahjouri: Former foes help define Poirier's legacy ahead of retirement - Mahjouri: Costa vs. Kopylov among undercard fights to watch this weekend - Brookhouse: Five biggest storylines to watch in New Orleans Who wins UFC 318: Holloway vs. Poirier 3, and how exactly does the fight end? Visit SportsLine now to get detailed picks and analysis from the incomparable expert who is up over $21,000 on his UFC picks since May 19, 2018, and find out.",2025-07-17,https://www.cbssports.com/mma/news/ufc-318-dustin-poirier-vs-max-holloway-3-fight-card-date-odds-start-time-location-complete-guide/
Journey To The Trilogy | Max Holloway vs Dustin Poirier,"UFC 318: Holloway vs Poirier 3 is a lot of things. It’s the farewell bout for Dustin Poirier, a fan-favorite whose imprint on the sport transcends wins or losses. It’s a return to lightweight for Max Holloway, who makes the walk for the first time since Ilia Topuria knocked him out and shut the door on regaining the featherweight title. It’s also the fourth BMF title fight, and Holloway hopes to become the first man to defend the symbolic title. Ultimately, though, it’s the trilogy bout between Holloway and Poirier, a saga which started back in 2012 when they were 20 and 23 years old, respectively. Since that first matchup, both men ascended to future Hall of Fame members and championship-level fighters. Beyond that, Poirier and Holloway became fan-favorites with reputations as two of the good guys in the sport. GET YOUR TICKETS: UFC 318 | UFC Abu Dhabi | UFC 319 On July 19, they get to dance one last time as Poirier rides off into the Louisiana sunset. Before they lock horns for a third time, let’s take a look at how the first two bouts went down: The First Fight — UFC 143: Diaz vs Condit (February 4, 2012) Holloway stepped in for an injured Ricardo Lamas as the youngest fighter on the roster at 20 years old when he faced Poirier for the first time. The two both rode in on four-fight winning streaks. Holloway collected his first four professional wins in 2010 and 2011 in Hawaii while Poirier picked up two finishes and two decision wins between a quartet of fights in WEC and UFC events. Order UFC 318: Holloway vs Poirier 3 Although Poirier himself was just 23 years old, his exposure to and experience against top-level opponents shined early as he picked up a triangle armbar submission to hand Holloway his first loss. The finish earned Poirier his first performance bonus, and he would get a crack at The Korean Zombie his next time out while Holloway would bounce back for his first UFC win against Pat Schilling. The Rematch — UFC 236: Holloway vs Poirier 2 (April 13, 2019) More than seven years later, Poirier and Holloway collided with the interim lightweight title on the line. In the intervening years, Holloway embarked on a legendary 13-fight winning streak, including title fight wins over Anthony Pettis, José Aldo and Brian Ortega. “Blessed” was now in the conversation as the greatest featherweight of all-time, and he had double-champ status in his sights after handing “T-City” his first professional loss at UFC 231. Meanwhile, Poirier had found greener pastures in the lightweight division, collecting wins over the likes of Pettis, Justin Gaethje and Eddie Alvarez. After defeating Alvarez in an epic rematch, Poirier made it known that he deserved a title shot after beating three former champions (Gaethjewas a champion in another organization before joining the UFC roster). FOLLOW @UFCNEWS: On Facebook | On Instagram | On X | On Threads With Khabib Nurmagomedov sidelined, Holloway and Poirier made the walk for an epic five-round back-and-forth war. Poirier got out ahead first, cracking Holloway with heavy punches and rattling the Hawaiian. However, Holloway and his legendary chin held sturdy, and eventually, Holloway’s volume and activity started to overwhelm the Louisiana native. The power difference was evident, though. As the two traded shots, Holloway was peppering Poirier while “The Diamond” warranted bigger reactions whenever one of his thudding punches landed, swinging momentum his way each time. With Holloway gaining momentum in the third and fourth rounds, Poirier was able to connect with a strike on Holloway before the penultimate round concluded, opening up a gnarly cut on the Hawaiian. The fifth round didn’t see any dip in action, and Poirier relied on his physicality to smother Holloway and wrest the judges’ decision, handing Holloway his first loss since 2013. The victory set Poirier up for a unification bout with Khabib Numragomedov while Holloway returned to featherweight to defend his belt against Frankie Edgar. Don't miss a moment of UFC 318: Holloway vs Poirier 3, live from Smoothie King Center in New Orleans, Louisiana on July 19, 2025. Prelims start at 8pm ET/5pm PT, followed by the main card live on PPV at 10pm ET/7pm PT.",2025-07-15,https://www.ufc.com/news/journey-trilogy-max-holloway-vs-dustin-poirier-ufc-318
"Max Holloway vs. Dustin Poirier III, UFC 318 | MMA Bout | Tapology","Fighter Comparison | Holloway | Poirier | ||| | #25 FeatherW (Worldwide) | Ranking | #7 LightW (Worldwide) | || | 26-8-0 MMA | Pro Record | 30-9-0 MMA | || | 2024 2022 | Last 5 Fights | 2024 2021 | || | -115 (Near Even) | Betting Odds | -105 (Near Even) | || | Champion Lightweight | Title | Challenger Lightweight | || | | Nation | | || | Waianae Hawaii | Fights out of | Coconut Creek Florida | || | 33 +7 mos, 2 wks, 1 day | Age at Fight | 36 +6 mos | || | 145.0 lbs (65.8 kgs) | Latest Weight | 155.0 lbs (70.3 kgs) | || | 5'11"" (180cm) | Height | 5'9"" (175cm) | || | 69.0"" (175cm) | Reach | 73.0"" (185cm) | || | Gracie Technics | Gym | American Top Team Boca Boxing District | Holloway vs. Poirier III Fight Predictions Fight Predictions Tapology Community Picks: 2,476 Bout Information Event Poster Fight Details - Event: UFC 318: Holloway vs. Poirier 3 - Date: Saturday 07.19.2025 at 06:00 PM ET - Referee: - Venue: Smoothie King Center - Enclosure: Octagon - Location: New Orleans, Louisiana, United States - Bout Billing: Main Event (fight 14 of 14) - Pro/Am: Professional - Weight: 155 lbs (70.3 kg) - Title on Line: UFC ""BMF"" Title Belt - Belt Before Fight: Held by Holloway - Event Links:",2025-04-25,https://www.tapology.com/fightcenter/bouts/991449-ufc-318-max-blessed-holloway-vs-dustin-the-diamond-poirier-iii
"UFC 318 trilogy tales: What led to 'BMF' fight between Max Holloway, Dustin Poirier?","UFC 318 trilogy tales: What led to 'BMF' fight between Max Holloway, Dustin Poirier? UFC 318 is capped by a huge ""BMF"" title fight between Champion Max Holloway and former UFC Interim Lightweight Champion Dustin Poirier in what serves as the trilogy in their series and also marks the MMA retirement for the Louisiana native. Although Poirier will attempt to sweep Holloway and end the rivalry for good, the two UFC stars have an even deeper connection than just their own series of fights. Volkanovski-Holloway Rivalry Was Massive For UFC Holloway is best known for his three-fight series with current UFC Featherweight Champion Alexander Volkanovski, who reclaimed the vacant title in April at UFC 314. The pair fought between 2019-2022, with Holloway arguably winning the second fight on Yas Island in 2020. The rivalry established Volkanovski as one of the sport’s best featherweights, while Holloway appeared to lurk in the shadow of “The Great.” READ MORE: UFC 318 main card predictions: Does Holloway spoil Poirier's retirement? Then there’s Poirier’s trilogy that made him a household name. Of course, it’s none other than former UFC double champion Conor McGregor. The pair fought at UFC 178, UFC 257. and UFC 264, with Poirier winning the series’ final two fights. UFC 257 was arguably more emphatic, however, as Poirier KO’ed McGregor to kick off the UFC’s 2021 pay-per-view schedule. Poirier Took Two Of Three From McGregor In a nutshell, it’s four men who defined an era of the lighter-weight UFC that may never be replicated again. Not to mention McGregor also holds a win against Holloway from over a decade ago, which many seem to forget. Holloway-Poirier is finally being renewed for the first time since 2019. With the backdrop in Poirier’s home state, the stars appear to be aligning for an epic night of fights with a chilling conclusion. Come Saturday night, a new ""BMF"" era will emerge. Whether Poirier rides off into the sunset or Holloway has another Hall of Fame-type moment, it’s a rivalry that will be marked in MMA history forever. Period. More MMA Knockout News • 18–0 MMA champ shot five times in brutal street attack • UFC star questions need for BMF belt in Holloway vs Poirier trilogy • Jon Anik names the next UFC 'BMF' title challenger following Holloway-Poirier 3 • Nate Diaz pleads with Conor McGregor to settle trilogy: 'Nobody else to fight' Stick with MMAKnockout for more FREE coverage of the UFC and MMA.",2025-07-17,https://www.si.com/fannation/mma/news/ufc-318-trilogy-what-led-to-bmf-fight-max-holloway-dustin-poirier
UFC 318: Max Holloway vs. Dustin Poirier Preview And Picks,"This weekend, at UFC 318, two of the biggest fighters of this era go head-to-head in a highly anticipated trilogy bout. Max Holloway will once again face off against Dustin Poirier, with the BMF title on the line. While the fight promises to be an all-out war, here’s a closer look at what both fighters are bringing to the table. UFC 318: Preview And Predictions Max Holloway has a solid professional record of 26 wins and eight losses, with 12 victories coming by way of knockout and 2 via submission. A former UFC Featherweight Champion, Holloway has shared the cage with some of the greatest fighters in the sport, securing wins over legends like Jose Aldo, Frankie Edgar, and Justin Gaethje. Most recently, he claimed the prestigious BMF title with a walk-off knockout over Gaethje at UFC 300—an instant classic that reminded fans why he’s one of the most dangerous strikers in MMA history. On the other hand, Poirier has spent over 15 years in the game, building a 30-9 record. Though Poirier has never claimed undisputed UFC gold, he’s cemented his legacy with wins over stars like Conor McGregor, Dan Hooker, and Justin Gaethje. With 16 knockout victories and 7 submissions to his name, ‘The Diamond’ has proven to be a well-rounded and relentless competitor. Now, he enters what could be the final chapter of his career, with this bout likely serving as his retirement fight. When it comes to predictions, Poirier enters the fight with grit and confidence, backed by a strong resume and two previous wins over Holloway. However, with momentum on his side and the BMF belt around his waist, Max Holloway looks poised for revenge. If he can keep the pace high and find his rhythm early, expect Holloway to flip the script, possibly securing a knockout in the second round to close out this rivalry. Max Holloway vs. Dustin Poirier Details Click on ‘Follow Us’ and get notified of the most viral MMA stories via Google! Follow Us Holloway takes on Poirier this Saturday, July 19, at the Smoothie King Center in New Orleans. The prelims begin at 6 p.m. ET, followed by the main card at 10 p.m. ET. Headlining the stacked lineup is their trilogy bout, with action-packed matchups featuring Paulo Costa, Kevin Holland, Dan Ige, and more, making this a must-watch event from start to finish. In the United States, fans can stream the prelims on ESPN and ESPN+, while the main card airs exclusively on ESPN+ Pay-Per-View. For fans in the United Kingdom, the event will be broadcast live on TNT Sports, with additional coverage available via UFC Fight Pass, which is also accessible globally.",2025-07-17,https://www.totalprosports.com/mma/ufc-318-max-holloway-vs-dustin-poirier-preview-and-picks/
Max Holloway vs. Dustin Poirier 3: How to watch UFC 318 — full fight card and more,"If you buy something through a link in this article, we may earn commission. Pricing and availability are subject to change. Max Holloway will face longtime rival Dustin Poirier at UFC 318 this Saturday, marking the third time the two lightweights have met in the octagon. They have previously fought at UFC 236 and UFC 143, with Poirier winning both bouts. Will the third time be the charm for Holloway? The men headline this weekend's stacked card, which also includes a middleweight bout between Paolo Costa and Roman Kopylov and a welterweight battle between Kevin Holland and Daniel Rodriguez. UFC 318 will air live from New Orleans with early prelims scheduled for 6 p.m. ET and the main event on pay-per-view starting at 10 p.m. Here’s everything you need to know about how to watch Holloway vs. Poirier, including the full fight card, schedule and where to stream it live. How to watch the Max Holloway vs. Dustin Poirier fight: Date: Saturday, July 19 Start time: Event begins at 6 p.m. ET Fight time (approximate): Main card fights begin at 10 p.m. ET Location: Smoothie King Center, New Orleans, LA TV channel/streaming: PPV via ESPN+ (Main fight card), ESPN, ESPN+ and Disney+ (Prelims), UFC Fight Pass, ESPN2, ESPN+ and Disney+ (Early prelims) PPV price: $79.99 When is the Max Holloway vs. Dustin Poirier fight? The UFC 318 fight between Max Holloway and Dustin Poirier is this Saturday, July 19 at 10 p.m. ET. What channel is the Max Holloway vs. Dustin Poirier fight on? The UFC 318 fight between Holloway and Poirier will be available through pay-per-view in the US on ESPN+. ESPN+ subscribers can opt to add it on to their monthly plan (click here to see how), and it's a $79.99 add-on to the monthly subscription. You can watch the early preliminary bouts at 6 p.m. on ESPN2, ESPN+ and UFC Fight Pass (subscriptions are available for $9.99/month), while the prelim fights at 8 p.m. ET will be available on ESPN and ESPN+, and the main event, which begins at 10 p.m. ET will be on ESPN+ PPV only. Where to watch the Max Holloway vs. Dustin Poirier fight: With an active ESPN+ subscription – through a standalone plan, add-on, or Disney Bundle plan – you can purchase select PPV events, including this weekend's UFC 318 fight between Max Holloway and Dustin Poirier. Watch the Holloway vs. Poirier fight for less: If you want a way to watch the UFC 318 fight card without shelling out for PPV prices, you can tune in to a UK broadcast for half the price by watching with a VPN on the Discovery+ livestream (subscribe here for £30.99/month). By using a VPN with a location set in England, viewers in the U.S. can tune in to the Holloway vs. Poirier fight on Discovery+ for less. A VPN (virtual private network) helps protect your data, can mask your IP address and is perhaps most popular for being especially useful in the age of streaming. Whether you’re looking to watch Friends on Netflix (which left the U.S. version of the streamer back in 2019) or tune in to overseas cricket or rugby matches that aren't broadcast in the U.S., a VPN can help you out. Looking to try a VPN for the first time? This guide breaks down the best VPN options for every kind of user. ExpressVPN offers “internet without borders,” meaning you can watch this weekend's fight by tuning into the British broadcast for less than half of the PPV price. All you'll need to do is sign up for ExpressVPN, change your server location to one in the UK, and sign up for a monthly Discovery+ Premium subscription for £30.99 to stream UFC 318. ExpressVPN’s added protection, speed and range of location options makes it an excellent choice for first-time VPN users looking to stretch their streaming abilities, plus, it's Engadget's top pick for the best streaming VPN. New users can save 49% when they sign up for ExpressVPN’s 12-month subscription. Plus, the service offers a 30-day money-back guarantee, in case you're nervous about trying a VPN. UFC 318: Max Holloway vs. Dustin Poirier Full Fight Card Main Card (ESPN+ PPV at 10 p.m. ET) Max Holloway vs. Dustin Poirier Paulo Costa vs. Roman Kopylov Kevin Holland vs. Danial Rodriguez Dan Ige vs. Patricio Pitbull Michael Johnson vs. Daniel Zellhuber Preliminary Card (ESPN/ESPN+/Disney+ at 8 p.m. ET) Kyler Phillips vs. Vinicius Oliveira Marvin Vettori vs. Brendan Allen Francisco Prado vs. Nikolay Veretennikov Ateba Gautier vs. Robert Valentin Early Prelims (ESPN2, ESPN+/Disney+ at 6 p.m. ET) Adam Fugitt vs. Islam Dulatov Jimmy Crute vs. Marcin Prachnio Ryan Spann vs. Lukasz Brzeski Brunno Ferreira vs. Jackson McVey Carli Judice vs. Nicolle Caliari",2025-07-16,https://sports.yahoo.com/mma/article/max-holloway-vs-dustin-poirier-3-how-to-watch-ufc-318--full-fight-card-and-more-153234030.html?fr=sycsrp_catchall
UFC 318: Watch The 'Countdown' Video For Dustin Poirier's Final UFC Fight Vs. Max Holloway - Maxim,"UFC 318: Watch The ‘Countdown’ Video For Dustin Poirier’s Final UFC Fight Vs. Max Holloway Finishing their violent trilogy in New Orleans with the UFC BMF title at stake. UFC 318 Countdown takes an inside look at the UFC’s return to New Orleans, where lightweight Dustin “The Diamond” Poirier enters the Octagon for his farewell fight against BMF champion Max “Blessed” Holloway to end their trilogy on this Saturday’s pay-per-view card. Poirier, the former UFC interim lightweight champion best known for defeating Conor McGregor two out of the three times they fought, faces off against Holloway for the BMF title at the Smoothie King Center in New Orleans, not far from Poirier’s hometown of Lafayette, La. Poirier aims to retire with a decisive victory over Holloway, while Holloway hopes to avenge his previous losses to the Louisiana legend. The UFC clash caps off an action-packed Saturday for combat sports fans, as undefeated heavyweight boxing champion Oleksandr Usyk of Ukraine defends his Ring Magazine, WBO, WBA and WBC titles in a rematch against British IBF champion Daniel Dubois at London’s Wembley Stadium that should start around 5 p.m. ET. Watch the UFC Countdown video for a closer look at Poirier’s final UFC fight, and check out everything else you need to know about the historic BMF battle below. When is the Dustin Poirier vs. Max Holloway fight? The UFC 318 fight between Dustin Poirier and Max Holloway is this Saturday, July 19 at 10 p.m. ET. Date: Saturday, July 19 Start time: Event begins at 6 p.m. ET Fight time (approximate): Main card fights begin at 10 p.m. ET Location: Smoothie King Center, New Orleans, LA TV channel/streaming: PPV via ESPN+ (Main fight card), ESPN, ESPN+ and Disney+ (Prelims), UFC Fight Pass, ESPN2, ESPN+ and Disney+ (Early prelims) PPV price: $79.99 UFC 318: Max Holloway vs. Dustin Poirier Full Fight Card Main Card (ESPN+ PPV at 10 p.m. ET) - Max Holloway vs. Dustin Poirier - Paulo Costa vs. Roman Kopylov - Kevin Holland vs. Danial Rodriguez - Dan Ige vs. Patricio Pitbull - Michael Johnson vs. Daniel Zellhuber Preliminary Card (ESPN/ESPN+/Disney+ at 8 p.m. ET) - Kyler Phillips vs. Vinicius Oliveira - Marvin Vettori vs. Brendan Allen - Francisco Prado vs. Nikolay Veretennikov - Ateba Gautier vs. Robert Valentin Early Prelims (ESPN2, ESPN+/Disney+ at 6 p.m. ET) Carli Judice vs. Nicolle Caliari Adam Fugitt vs. Islam Dulatov Jimmy Crute vs. Marcin Prachnio Ryan Spann vs. Lukasz Brzeski Brunno Ferreira vs. Jackson McVey",2025-07-17,https://www.maxim.com/sports/ufc-318-watch-the-countdown-video-for-dustin-poiriers-final-ufc-fight-vs-max-holloway/
Max Holloway vs Dustin Poirier 3 for ‘BMF’ belt tops UFC 318 PPV in New Orleans,"One last time. Former UFC featherweight champion, Max Holloway, will (permanently) return to the 155-pound weight class in hopes of avenging two previous losses to former interim lightweight titleholder, Dustin Poirier, atop the UFC 318 pay-per-view (PPV) event, recently made official for Sat., July 19, 2025 at Smoothie King Center in New Orleans, Louisiana. The “BMF” title will be up for grabs in their five-round headliner. Holloway (26-8) is looking to rebound from his knockout loss to Ilia Topuria at UFC 308 last fall. “Blessed” was submitted by Poirier when they first went to war at UFC 143 all the way back in 2012, then went down to “The Diamond” on points when they ran it back for the substitute strap at UFC 236 in early 2019. Poirier (30-9, 1 NC), three years older than the Hawaiian at 36, has not competed since falling to Islam Makhachev at UFC 302 last June. The Louisianan is expected to retire in the wake of his final Holloway fight, win or lose, and will undoubtedly join the promotion’s Hall of Fame at some point in the foreseeable future. “I came up to them with the idea that I would love to lay the gloves down where I picked them up, in Louisiana,” Poirier told Jim Rome. “The UFC hasn’t been here in 10 or 11 years, so to bring the organization, bring the UFC back to the state of Louisiana and retire here it means a lot to me.” “I’ve been in the UFC so long and done so much with them, I personally thought when I brought this idea to them, since they haven’t been here in so long, that they would kind of brush it aside,” Poirier continued. “But they entertained it, and I was so excited when they called me back and said, ‘Hey, we’re going to get in touch with Louisiana, get in touch with New Orleans, and make something happen.’” Remember that MMAmania.com will deliver LIVE round-by-round, blow-by-blow coverage of the entire UFC 318 fight card right here, starting with the ESPN/ESPN+ “Prelims” matches online, which are scheduled to begin at 6:15 p.m. ET, before the main card start time at 10 p.m. ET (also on ESPN+). To check out the latest and greatest UFC 318: “Holloway vs. Poirier 3” news and notes be sure to hit up our comprehensive event archive right here. Loading comments...",2025-04-25,https://www.mmamania.com/2025/4/25/24416822/max-holloway-dustin-poirier-3-bmf-belt-diamond-retirement-fight-tops-ufc-318-ppv-new-orleans-mma
UFC 318 prelim fight card picks & predictions for Max Holloway vs. Dustin Poirier 3,"UFC 318 prelim fight card picks & predictions for Max Holloway vs. Dustin Poirier 3 The UFC heads to New Orleans, LA this weekend for UFC 318, and MMA KO’s Drew Beaupré is here to provide predictions for all 9 of the card’s prelim fights The event is headlined by a “BMF” title fight between defending champion Max Holloway and Dustin Poirier, who already holds two victories over “Blessed” and will be making the walk to the Octagon for the final time in his home state of Louisiana. The night’s co-main event is a middleweight bout featuring former title challenger Paulo Costa and Roman Kopylov. Costa enters the night after suffering back-to-back losses to former middleweight titleholders Sean Strickland and Robert Whittaker, while Kopylov is riding the momentum of two-straight wins and is 6-1 overall dating back to 2021. UFC 318 Preliminary Card Predictions Kyler Phillips vs. Vinicius Oliveira I think that a well-rounded veteran like Phillips is capable of scoring the upset here, but it’s tough to pick against Oliveira right now given all the momentum that he’s managed to accumulate through just three UFC outings. (Pick: Oliveira) READ MORE: Ex-UFC champ Jon Jones drops major update about White House comeback fight at ESPYs Marvin Vettori vs. Brendan Allen There’s an argument that this fight should be on the main card over Paulo Costa vs. Roman Kopylov given that it’s a matchup between higher-ranked middleweights. Both men come into UFC 318 in need of a win, and after Vettori’s lackluster outing against Roman Dolidze I have to side with Allen. (Pick: Allen) Francisco Prado vs. Nikolay Veretennikov Both of these welterweights could well be fighting for their jobs on Saturday night, and while he’ll need to overcome a height and reach disadvantage I do think Prado is capable of picking up his second UFC victory here. (Pick: Prado) Ateba Gautier vs. Robert Valentin Valentin has a huge chance to play spoiler here, but the UFC haven’t exactly done the TUF finalist any favors by matching him up with a surging knockout artist after an 0-2 start to his career with the promotion. (Pick: Gautier) UFC 318 Early Preliminary Card Predictions Adam Fugitt vs. Islam Dulatov One of two fighters making their UFC debuts on this card, Dulatov hasn’t been given an easy first matchup in Fugitt but has all the skills necessary to make good on his status as a massive pre-fight favorite. (Pick: Dulatov) READ MORE: UFC triple-champ? Fans react as Alex Pereira fuels heavyweight rumors Jimmy Crute vs. Marcin Prachnio It wouldn’t be much of a surprise if the loser of this fight was cut from the UFC. While Prachnio has consistently alternated wins and losses over his last few fights, I’m going to slightly lean with Crute to get his first win since 2020 and put the Polish fighter on a two-fight skid. (Pick: Crute) Ryan Spann vs. Łukasz Brzeski Spann’s first heavyweight bout against Waldo Cortes-Acosta didn’t exactly play out the way he’d hoped, but he has a favorable matchup here given that Brzeski has been knocked out in his last two fights and is 1-5 overall in the UFC. (Pick: Spann) Brunno Ferreira vs. Jackson McVey Ferreira was originally supposed to face Ikram Aliskerov but now welcomes Jackson McVey to the UFC, and as long as the Brazilian doesn’t get careless he should be able to add another finish to his already-impressive highlight reel. (Pick: Ferreira) Carli Judice vs. Nicolle Caliari Judice did well to rebound from a pair of tough split decision losses in her last outing when she head kicked Yuneisy Duben, and the Louisiana-native has a huge chance to pick up another win here in front of the fans in her home state. (Pick: Judice) READ MORE: George Groves warns Dana White and Turki Alalshikh won’t fix boxing MMA KO will be providing comprehensive coverage for UFC 318 all throughout fight week, and be sure to check back on our homepage tomorrow for live results and highlights on fight night. More MMA Knockout News • 18–0 MMA champ shot five times in brutal street attack • UFC star questions need for BMF belt in Holloway vs Poirier trilogy • Jon Anik names the next UFC 'BMF' title challenger following Holloway-Poirier 3 • Nate Diaz pleads with Conor McGregor to settle trilogy: 'Nobody else to fight' Stick with MMAKnockout for more FREE coverage of the UFC and MMA.",2025-07-17,https://www.si.com/fannation/mma/news/ufc-318-picks-predictions-max-holloway-dustin-poirier
Dustin Poirier Record: 30-9-0 (1 NC),"The Diamond SLpM - Significant Strikes Landed per Minute Str. Acc. - Significant Striking Accuracy SApM - Significant Strikes Absorbed per Minute Str. Def. - Significant Strike Defence (the % of opponents strikes that did not land) TD Avg. - Average Takedowns Landed per 15 minutes TD Acc. - Takedown Accuracy TD Def. - Takedown Defense (the % of opponents TD attempts that did not land) Sub. Avg. - Average Submissions Attempted per 15 minutes | W/L | Fighter | Kd | Str | Td | Sub | Event | Method | Round | Time | |---|---|---|---|---|---|---|---|---|---| | UFC 318: Holloway vs. Poirier 3 Jul. 19, 2025 | ||||||||| | 0 0 | 74 88 | 0 5 | 0 2 | UFC 302: Makhachev vs. Poirier Jun. 01, 2024 | SUB D'Arce Choke | 5 | 2:42 | || | 1 0 | 28 50 | 0 3 | 4 1 | Mar. 09, 2024 | KO/TKO Punch | 2 | 2:32 | || | 0 1 | 27 41 | 0 0 | 0 0 | UFC 291: Poirier vs. Gaethje 2 Jul. 29, 2023 | KO/TKO Kick | 2 | 1:00 | || | 0 0 | 38 43 | 0 3 | 2 0 | Nov. 12, 2022 | SUB Rear Naked Choke | 3 | 2:00 | || | 1 0 | 58 73 | 0 0 | 0 3 | Dec. 11, 2021 | SUB Rear Naked Choke | 3 | 1:02 | || | 0 0 | 36 27 | 1 0 | 0 1 | UFC 264: Poirier vs. McGregor 3 Jul. 10, 2021 | KO/TKO | 1 | 5:00 | || | 1 0 | 48 29 | 1 0 | 0 0 | Jan. 23, 2021 | KO/TKO Punches | 2 | 2:32 | || | 0 0 | 153 155 | 1 4 | 4 0 | UFC Fight Night: Poirier vs. Hooker Jun. 27, 2020 | U-DEC | 5 | 5:00 | || | 0 0 | 12 22 | 0 7 | 1 2 | Sep. 07, 2019 | SUB Rear Naked Choke | 3 | 2:06 | || | 0 0 | 178 181 | 1 0 | 0 1 | UFC 236: Holloway vs. Poirier 2 Apr. 13, 2019 | U-DEC | 5 | 5:00 | || | 1 0 | 54 26 | 0 0 | 2 1 | UFC Fight Night: Alvarez vs. Poirier 2 Jul. 28, 2018 | KO/TKO Punches | 2 | 4:05 | || | 0 0 | 174 115 | 0 0 | 0 0 | UFC Fight Night: Poirier vs. Gaethje Apr. 14, 2018 | KO/TKO Punch | 4 | 0:33 | || | 0 0 | 53 34 | 5 1 | 0 4 | UFC Fight Night: Poirier vs. Pettis Nov. 11, 2017 | KO/TKO | 3 | 2:08 | || | 0 0 | 73 44 | 0 1 | 2 0 | UFC 211: Miocic vs. Dos Santos May. 13, 2017 | CNC | 2 | 4:02 | || | 0 0 | 97 71 | 3 1 | 0 3 | Feb. 11, 2017 | M-DEC | 3 | 5:00 | || | 0 1 | 6 14 | 0 0 | 0 0 | UFC Fight Night: Poirier vs. Johnson Sep. 17, 2016 | KO/TKO Punches | 1 | 1:35 | || | 2 0 | 36 16 | 0 0 | 0 0 | UFC 199: Rockhold vs. Bisping 2 Jun. 04, 2016 | KO/TKO Punch | 1 | 2:53 | || | 0 0 | 72 37 | 4 0 | 0 1 | Jan. 02, 2016 | U-DEC | 3 | 5:00 | || | 2 0 | 27 6 | 1 0 | 1 0 | UFC Fight Night: Boetsch vs Henderson Jun. 06, 2015 | KO/TKO Punches | 1 | 2:38 | || | 2 0 | 24 20 | 0 0 | 0 0 | UFC Fight Night: Mendes vs Lamas Apr. 04, 2015 | KO/TKO Punch | 1 | 3:45 | || | 0 1 | 10 9 | 0 0 | 0 0 | Sep. 27, 2014 | KO/TKO Punch | 1 | 1:46 | || | 1 0 | 45 24 | 0 0 | 1 0 | UFC Fight Night: Bisping vs Kennedy Apr. 16, 2014 | KO/TKO Punch | 2 | 0:42 | || | 1 0 | 44 16 | 0 1 | 0 0 | Dec. 28, 2013 | KO/TKO Punches | 1 | 4:54 | || | 2 0 | 54 32 | 2 0 | 2 5 | UFC 164: Henderson vs Pettis 2 Aug. 31, 2013 | U-DEC | 3 | 5:00 | || | 0 0 | 58 58 | 2 2 | 0 0 | UFC on FUEL TV: Barao vs McDonald Feb. 16, 2013 | U-DEC | 3 | 5:00 | || | 0 0 | 35 26 | 0 0 | 1 0 | The Ultimate Fighter: Team Carwin vs. Team Nelson Finale Dec. 15, 2012 | SUB D'Arce Choke | 1 | 4:15 | || | 0 0 | 56 74 | 0 4 | 0 3 | UFC on FUEL TV: Korean Zombie vs Poirier May. 15, 2012 | SUB D'Arce Choke | 4 | 1:07 | || | 0 0 | 11 11 | 1 0 | 3 0 | Feb. 04, 2012 | SUB Triangle Armbar | 1 | 3:23 | || | 0 0 | 17 14 | 1 0 | 1 1 | UFC on FOX: Velasquez vs Dos Santos Nov. 12, 2011 | SUB D'Arce Choke | 2 | 1:32 | || | 0 0 | 77 57 | 5 0 | 0 0 | Jun. 11, 2011 | U-DEC | 3 | 5:00 | || | 0 0 | 77 16 | 0 2 | 0 2 | Jan. 01, 2011 | U-DEC | 3 | 5:00 | || | 0 0 | 38 6 | 0 0 | 0 0 | Nov. 11, 2010 | KO/TKO | 1 | 0:53 | || | 0 0 | 8 32 | 0 3 | 5 0 | Aug. 18, 2010 | U-DEC | 3 | 5:00 |",2010-08-18,http://ufcstats.com/fighter-details/029eaff01e6bb8f0
UFC 318 reactions: What would a BMF title win mean for Dustin Poirier?,"Dustin Poirier joined ""The Pat McAfee Show"" on Friday to announce that he would fight one last time in the UFC, then retire. He and BMF title holder Max Holloway will put a period on their longtime rivalry with a third and final showdown in New Orleans at UFC 318 on July 19 for the BMF belt. Poirier (30-9) is 2-0 against Holloway (26-8) via first-round submission and unanimous decision. When the 36-year-old Lafayette, Louisiana, native steps into the Octagon this summer, though, it will be his first time in over a year. ESPN's No. 1 pound-for-pound fighter, Islam Makhachev, finished Poirier in the fifth round of their lightweight title fight at UFC 302 in June 2024, likely giving Poirier the unwanted distinction of best UFC fighter to have never been an undisputed champion. Holloway, 33, is moving back up to lightweight after losing to Ilia Topuria in a featherweight title match in October. His last lightweight bout was at UFC 300 in April 2024, when he knocked out Justin Gaethje to seize the BMF title. With all the history and legacy on the line, it's safe to say we're looking forward to this one. Brett Okamoto and Andreas Hale give their first reactions to the third installment of this series. Plus, betting expert Ian Parker gives an early prediction. Fill in the blank: Having the UFC back in New Orleans is ____ Okamoto: A credit to Poirier, the UFC and the city. Frankly, the UFC doesn't do enough of this. It was never a sure thing that the UFC would take Poirier's retirement fight to his home state. The company's pay-per-view schedule is laid out well in advance, and there are multiple deals in place that guarantee certain venues for certain fight cards every year. But Poirier is a star, and his final walk, coupled with a BMF title fight against another star in Holloway, is a lucrative main event. The UFC would have typically booked this in Las Vegas, where there is precedent for high-priced ticket sales of marquee events. Moving it to New Orleans required some work, some negotiation -- some effort. It would have been easy for the UFC to book this according to the expected schedule for 2025, but because Poirier is a special talent and New Orleans saw value in hosting his last fight, the fans will see this take place where it should. It's exciting to see the UFC be willing to acknowledge that and step away from its status quo. Hale: Perfect storytelling. The UFC is often unkind to fighters on their way out regarding matchmaking and fight location. Anthony Smith was gifted the opportunity to have his final fight at UFC Fight Night in Kansas City, Missouri, on Saturday, not too far from his hometown of Omaha, Nebraska, but pairing him with finishing machine Zhang Mingyang denied Smith the happy ending fans wanted to see. Poirier is in a more unique position. He's still ranked among the UFC's top 5 lightweights but has made it clear he's ready to call it a career. Poirier's retirement fight in his home state feels like something the promotion worked diligently on for months. The timing worked perfectly for the UFC to bring a pay-per-view event to Louisiana for the first time in nine years and keep the regular cadence of title fight headliners with the BMF on the line. If you add Poirier and Holloway's storied history in the Octagon to their current lightweight rankings, it truly doesn't get any better than this. Is Holloway the right opponent for Poirier's final UFC fight? Max Holloway knocks Justin Gaethje out cold in the final second of the BMF title fight at UFC 300. Okamoto: 100%. I say that even knowing it's not what Poirier wanted. Poirier is a competitor, which is why the sport loves him. The thought of facing an opponent he's already 2-0 against did not appeal to him as much as others. Poirier would have loved to prove he can beat Topuria. He also would have loved to avenge the knockout loss he suffered to Gaethje in 2023. I understand why Holloway wasn't Poirier's first choice, but for the consumers and sport, it was a no-brainer. Poirier gets a chance to walk away as the (perhaps final) BMF champion, as there's some talk of the UFC retiring the belt along with Poirier if he wins. Also, because Poirier and Gaethje are such mirrors of one another in many ways, it's perfect that they will end their career series 1-1 (Poirier beat Gaethje in 2018). It's also the right fight for Holloway, who is looking to make his mark at lightweight moving forward. Hale: Absolutely. All of the necessary elements fell into place for the trilogy to be Poirier's proper swan song. Their history dates back to 2012, but Holloway has one thing that Poirier has never touched: UFC gold. It's an opportunity to put a definitive end to their respectful rivalry and a chance for Poirier to retire as a champion, albeit a symbolic one. Holloway and Poirier are also ranked No. 4 and No. 5, respectively, in the UFC's lightweight rankings, so the pairing makes perfect sense from a matchmaking standpoint. Holloway is certainly not going to lie down for Poirier. He is eager to finally notch a win over Poirier and to move up the 155-pound rankings. Both sides will be motivated to win and the fight is almost certain to be a crowd pleaser. Would a BMF title mean more for Poirier or Holloway's legacy? Okamoto: Poirier. Holloway has been an undisputed UFC champion. He held the featherweight belt for a significant amount of time. He's viewed as one of the greatest featherweights of all time. Poirier is a legend, but he has never held an undisputed title, and he can't say he was the absolute best of his weight class at any given point of his career (which had a lot to do with the fact that his prime coincided with Khabib Nurmagomedov and Makhachev). So, the BMF belt means more to Poirier's legacy than Holloway's. However, the result of the fight itself means more for Holloway, of course, because he's not the one retiring. Holloway wants to win a second belt at 155 pounds, and a victory over Poirier would likely put him one win away from a title shot. If Poirier beats him for the third time, Holloway will find himself out of title contention. Hale: Poirier by a country mile. The overall credibility of the BMF championship has diminished since its inception in 2019. No BMF titleholder has gone on to win their next fight or successfully defended the title. Jorge Masvidal, Gaethje and Holloway all won the title and lost their next fight, which means that Kamaru Usman, who beat Masvidal in his next fight after claiming the belt, and Topuria, who recently beat Holloway, have legitimate claims to the fictional title. It's all convoluted these days, but if anybody has earned the right to be called a BMF, it's Dustin Poirier. He's a fan favorite who has been blocked from acquiring proper UFC gold on three occasions against arguably the greatest lightweights of all time in Nurmagomedov, Charles Oliveira and Makhachev. Getting a chance to raise a title in his hometown would mean far more for his legacy than it would for Holloway, and it would provide a lasting image for a fairy tale ending that few get in the UFC. Parker's early best bet Poirier to win by decision. The final fight in this trilogy comes at the perfect time for both fighters. In their last fight, Poirier won the interim lightweight title by unanimous decision, and it's hard to picture this fight going any differently. Holloway is coming off the first knockout loss of his career at the hands of Topuria at UFC 308 in October. And with this fight at 155 pounds, I think Poirier carries more power and has the durability to take whatever Holloway sends his way. This has all the makings of a five-round, fight-of-the-night banger.",2025-04-28,https://www.espn.com/mma/story/_/id/44887677/ufc-318-max-holloway-vs-dustin-poirier-reactions-early-best-bet
UFC 318 full fight card revealed with Dustin Poirier vs. Max Holloway in main event,"Dustin Poirier’s retirement fight against Max Holloway caps off a massive 14-fight card headed to New Orleans on Saturday, June 19 with the full UFC 318 card now revealed. UFC CEO Dana White dropped the lineup along with a new bout order confirmed for the show. Obviously, Poirier and Holloway end the night as the lightweights meet for the third time in their storied careers. Poirier won the first two encounters and he’ll attempt to make it three for three when he faces Holloway in the final bout of his legendary career. In the co-main event, former title challenger Paulo Costa returns to action against heavy handed middleweight Roman Kopylov. The always active Kevin Holland competes for the fourth time already in 2025 when he faces Daniel Rodriguez in an interesting matchup at welterweight. Dan Ige seeks to build off the momentum of his win over Sean Woodson when he takes on former Bellator featherweight champion Patricio Pitbull in his second appearance in the UFC. Pitbull’s debut didn’t go very well after he dropped a decision to Yair Rodriguez and the competition doesn’t get any easier going against a bona fide knockout artist in Ige. Rounding out the main card is a lightweight bout between Michael Johnson and Daniel Zellhuber, which seems like a fight destined for a big finish. Here’s the full main card and prelims for UFC 318: Poirier vs. Holloway 3 MAIN CARD MAIN EVENT: Dustin Poirier vs. Max Holloway Paulo Costa vs. Roman Kopylov Kevin Holland vs. Daniel Rodriguez Dan Ige vs. Patricio Pitbull Michael Johnson vs. Daniel Zellhuber PRELIMS: Kyler Phillips vs. Vinicius Oliveira Marvin Vettori vs. Brendan Allen Francisco Prado vs. Nikolay Veretennikov Ateba Gautier vs. Robert Valentin Jimmy Crute vs. Marcin Prachnio Loading comments...",2025-07-08,https://www.mmafighting.com/2025/7/8/24463986/ufc-318-full-fight-card-revealed-with-dustin-poirier-vs-max-holloway-in-main-event
Full Fight | Dustin Poirier vs Max Holloway 2 | UFC,"00:00 Full Fight | Dustin Poirier vs Max Holloway 2 Full Fight | Dustin Poirier vs Max Holloway 2 Free Fight Full Fight | Dustin Poirier vs Max Holloway 2 Featured Up next - Full Fight | Dan Ige vs Sean Woodson - Full Fight | Max Holloway vs The Korean Zombie - Full Fight | Dustin Poirier vs Benoît Saint Denis - Full Fight | Tallison Teixeira vs Justin Tafa - Full Fight | Derrick Lewis vs Rodrigo Nascimento - Full Fight | Kai Kara-France vs Steve Erceg - Full Fight | Alexandre Pantoja vs Kai Asakura - Full Fight | Ilia Topuria vs Max Holloway - Full Fight | Charles Oliveira vs Michael Chandler 2 - Full Fight | Charles Oliveira vs Michael Chandler 1 - Full Fight | Ilia Topuria vs Alexander Volkanovski - Full Fight | Joaquin Buckley vs Colby Covington Unlock MORE of your inner combat sports fan with UFC Fight Pass! Fighting is what we live for. And no one brings you MORE live fights, new shows, and events across multiple combat sports from around the world. With a never-ending supply of fighting in every discipline, there’s always something new to watch. Leave it to the world’s authority in MMA to bring you the Ultimate 24/7 platform for MORE combat sports, UFC Fight Pass! Unlock MORE of your inner combat sports fan with UFC Fight Pass! Fighting is what we live for. And no one brings you MORE live fights, new shows, and events across multiple combat sports from around the world. With a never-ending supply of fighting in every discipline, there’s always something new to watch. Leave it to the world’s authority in MMA to bring you the Ultimate 24/7 platform for MORE combat sports, UFC Fight Pass! Upgrade licenceThis video is not available in your country There was a problem while loading content. Please try again. Up next - Full Fight | Dan Ige vs Sean Woodson - Full Fight | Max Holloway vs The Korean Zombie - Full Fight | Dustin Poirier vs Benoît Saint Denis - Full Fight | Tallison Teixeira vs Justin Tafa - Full Fight | Derrick Lewis vs Rodrigo Nascimento - Full Fight | Kai Kara-France vs Steve Erceg - Full Fight | Alexandre Pantoja vs Kai Asakura - Full Fight | Ilia Topuria vs Max Holloway - Full Fight | Charles Oliveira vs Michael Chandler 2 - Full Fight | Ilia Topuria vs Alexander Volkanovski - Full Fight | Charles Oliveira vs Michael Chandler 1 - Full Fight | Joaquin Buckley vs Colby Covington Starts in / Free Fight Full Fight | Dustin Poirier vs Max Holloway 2 Featured Up next - Full Fight | Dan Ige vs Sean Woodson - Full Fight | Max Holloway vs The Korean Zombie - Full Fight | Dustin Poirier vs Benoît Saint Denis - Full Fight | Tallison Teixeira vs Justin Tafa - Full Fight | Derrick Lewis vs Rodrigo Nascimento - Full Fight | Kai Kara-France vs Steve Erceg - Full Fight | Alexandre Pantoja vs Kai Asakura - Full Fight | Ilia Topuria vs Max Holloway - Full Fight | Charles Oliveira vs Michael Chandler 2 - Full Fight | Ilia Topuria vs Alexander Volkanovski - Full Fight | Charles Oliveira vs Michael Chandler 1 - Full Fight | Joaquin Buckley vs Colby Covington",2025-07-14,https://www.ufc.com/video/139460
"Max Holloway vs. Dustin Poirier 3 prediction, odds, pick for UFC 318","The time has come for the UFC 318 Main Event as we'll see a battle in the Lightweight (155) Division for the BMF belt as rivals step into the cage. BMF champ and UFC legend Max Holloway will take on fellow legend and former champion Dustin Poirier in his final UFC fight. Check the UFC odds for our Holloway-Poirier 3 prediction and pick. Max Holloway (26-8) is currently 22-8 under the UFC banner since 2012. He contended for yet another Featherweight Championship in his last bout, but came up short against the unstoppable Ilia Topuria in the third round. Still holding his BMF belt after a win against Justin Gaethje, Holloway will send Poirier off into the sunset with one last fight. He stands 5-foot-11 with a 69-inch reach. Dustin Poirier (30-9) has gone 22-8-0-1 in 14 years of fighting with the UFC. In contending for the Lightweight Championship his last time out against Islam Makhachev, Poirier managed to take the fight into the fifth round and give the champ a strong challenge. Now, he'll look for one last belt before calling it a satisfying career. Poirier stands 5-foot-9 with a 72-inch reach. Here are the UFC 318 Odds, courtesy of DraftKings. UFC 318 Odds: Max Holloway vs. Dustin Poirier 3 Odds Max Holloway: -135 Dustin Poirier: +114 Over 4.5 rounds: -160 Under 4.5 rounds: +124 *Watch sports LIVE with fuboTV (Get Access | Save $30)* Why Max Holloway Will Win - Last Fight: (L) Ilia Topuria – TKO (punches, R3) - Last 5: 3-2 - Finishes: 12 KO/TKO, 2 SUB Max Holloway came up short against Ilia Topuria his last time out, but it's really nothing to scoff at considering the destructive path Topuria is currently on. Holloway remains as one of the most talented strikers on the roster, evident of his recent wins over Yair Rodriguez and Justin Gaethje. Still, he's winless against Poirier in two bouts and will be relishing the role of spoiler during this retirement fight. Max Holloway, while less powerful than Poirier, is far more active with his striking output with 7.16 strikes landed per minute to Poirier's 5.3. Holloway also boasts an impressive 59% career striking defense and his game has only evolved since the last time these two faced off. His cardio and motor have always been one of his biggest strengths, so expect Holloway to be all gas and no brakes throughout this fight. While it may be in hostile territory, Max Holloway really rises to the occasion during these kinds of bouts and his chin has been nearly unbreakable throughout his whole career. He won't have to defend much of the wrestling as these two are intent on giving the fans a show on the feet. Why Dustin Poirier Will Win - Last Fight: (L) Islam Makhachev – SUB (D'arce choke, R5) - Last 5: 2-3 - Finishes: 16 KO/TKO, 7 SUB After coming up short against Islam Makhachev in his most recent title challenge, there's not much left for Poirier to conquer in the UFC besides this remaining BMF title belt. He'll have some confidence knowing it comes against an opponent he's beaten twice in the past, but Poirier will still have to work around all the emotions that will come in fighting his retirement fight in his home state of Louisiana. Still, Poirier looked his sharpest in his win against Benoit Saint-Denis, connecting perfectly with a right hook and ending the fight. His last six consecutive fights have all ended inside the distance, so it'll be interesting to see if he goes for a finish or decides to pace himself a bit more against a tough guy to put out like Holloway. Given this being his final fight, I expect a more methodical approach from Dustin Poirier as he won't lend himself to a chaotic scrap. Controlled aggression will be the name of the game in not allowing Max Holloway enough room to breathe and open up his combinations. Final Max Holloway-Dustin Poirier Prediction & Pick This fight has all the makings of another classic between these two and it'll be a momentous occasion seeing Dustin Poirier fight his last bout in front of a hometown crowd. Max Holloway is determined to end this trilogy with a win and retain his BMF belt, but he's more than willing to give Dustin Poirier a great dance in his final fight. Ultimately, I expect Max Holloway to be nearly flawless in his striking execution and while Dustin Poirier has the higher finishing upside, I expect this to be a five-round bout where both men land heavy shots and give-in to the back-and-forth brawl. However, with Max Holloway landing at the rate that he does, I expect that the be the slightest difference on the final scorecards. Let's roll with Max Holloway to win this fight by decision in what should be a classic. Final Max Holloway-Dustin Poirier Prediction & Pick: Max Holloway (-135)",2025-07-17,https://clutchpoints.com/betting/max-holloway-vs-dustin-poirier-3-prediction-odds-pick-for-ufc-318
"UFC 318 - Max Holloway vs Dustin Poirier: Date, start time, TV channel and live stream | DAZN News US","UFC stages a PPV event in New Orleans this weekend, and it will be the end of an era. After making his UFC debut in 2010, Dustin Poirier will hang up the gloves after he takes on Max Holloway for the BMF title. Poirier's MMA career has been an entertaining one and he is set for an emotional night in his home state of Louisiana. Both Poirer and Holloway are fighters who are not afraid to go toe-to-toe and trade strikes in the middle of the Octagon which should make for a thrilling main event. DAZN News has everything you need to know ahead of Holloway vs Poirier. Holloway vs Poirier will take place on Saturday, July 19 at the Smoothie King Center in New Orleans. The main card is set to begin at 10pm on the East Coast, which means an early start for UK MMA fans who can tune in at 3am on Sunday morning. Holloway and Poirier are set to make their cagewalks at 12:05am ET (Sunday) / 5:10am BST (Sunday), but these timings are subject to change. Main card Prelims Early prelims The fight and the rest of the UFC 318 main card will be available on DAZN PPV in Canada. Click here to buy. In the US fans can watch on ESPN+ PPV (click here for more information). TNT Sports will broadcast UFC 318 in the UK. The fight is set to be held at the Smoothie King Center, in New Orleans, Louisiana. The arena has a capacity of 17,791 and is the home of the New Orleans Pelicans NBA franchise.",2025-07-14,https://www.dazn.com/en-US/news/mma/max-holloway-vs-dustin-poirier-ufc-318-fight-time-cagewalks-running-order-streaming-watch/yf0u6obir7nl1psp3jv90sth7
UFC 318: Holloway Vs. Poirier 3 Full Fight Card Opening Betting Odds,"The UFC 318 pay-per-view fight card is a week away. The card, which takes place on July 19 from Smoothie King Center in New Orleans, features a BMF title fight in the main event. That bout, Max Holloway vs. Dustin Poirier 3, is also scheduled to be Poirier’s retirement fight. The UFC has 14 fights scheduled for the full UFC 318 fight card. We look at the opening betting odds for each fight on the upcoming UFC event. The UFC 318 main card streams on ESPN+ PPV following prelims on ESPN and early prelims on ESPN+. UFC 318 Pay-Per-View Card Opening Betting Odds: Holloway Vs. Poirier 3 Max Holloway (+130) vs. Dustin Poirier (-150) - Lightweight - For Holloway’s BMF title Paulo Costa (+250) vs. Roman Kopylov (-300) - Middleweight Kevin Holland (-350) vs. Daniel Rodriguez (+285) - Welterweight Dan Ige (-130) vs. Patricio “Pitbull” Freire (+110) - Featherweight Michael Johnson (+285) vs. Daniel Zellhuber (-350) - Lightweight UFC 318 Preliminary Fight Card Opening Betting Odds: Holloway Vs. Poirier 3 Kyler Phillips (+170) vs. Vinicius Oliveira (-200) - Bantamweight Marvin Vettori (+170) vs. Brendan Allen (-200) - Middleweight Francisco Prado (+160) vs. Nikolay Veretennikov (-185) - Welterweight Ateba Gautier (-400) vs. Robert Valentin (+330) - Middleweight UFC 318 Early Prelims Fight Card Opening Betting Odds: Holloway Vs. Poirier 3 Adam Fugitt (+285) vs. Islam Dulatov (-350) - Welterweight Jimmy Crute (-300) vs. Marcin Prachnio (+250) - Light Heavyweight Ryan Spann (-286) vs. Lukasz Brzeski (+246) - Heavyweight Brunno Ferreira (-350) vs. Jackson McVey (+285) - Middleweight Carli Judice (-225) vs. Nicolle Caliari (+190) - Women’s Flyweight UFC 318: Holloway vs. Poirier 3 Fight Card Date: Saturday, July 19, 2025 UFC 318: Holloway vs. Poirier 3 Fight Card Location: Smoothie King Center in New Orleans, LA UFC 318: Holloway vs. Poirier 3 Tickets: Available from Ticketmaster Low price: $458.55 (Standard - non resale) High price: $8,443.75 for first row (Platinum - non resale) UFC 318: Holloway vs. Poirier 3 Time: Main Card: 10:00 p.m. ET Preliminary Card: 8:00 p.m. ET Early Prelims: 6:15 p.m. ET UFC 318 Fight Card: Holloway Vs. Poirier 3 Main Event Dustin Poirier (30-9-0-1) has been a UFC fighter since 2011. At the time he had a 7-1 record. Between 2011 and 2018, Poirier went 16-4-0-1, picking up notable wins over Max Holloway, Bobby Green, Jim Miller, Anthony Pettis, Justin Gaethje, and Eddie Alvarez. His losses during that stretch came to The Korean Zombie, Cub Swanson, Conor McGregor, and Michael Johnson. Poirier’s wins over Miller, Pettis, Gaethje, and Alvarez set him up to fight for the interim UFC lightweight title against then-UFC featherweight titleholder Max Holloway. Poirier was the No. 3 ranked fighter in the UFC 155-pound division at the time, April 2019. Poirier claimed the interim crown with a decision win. In September 2019, Poirier faced Khabib Nurmagomedov in a title unification bout. Nurmagomedov won that contest by third-round submission. Three wins after that, including two TKO victories over Conor McGregor, put Poirier in another lightweight title fight. He lost that battle to Charles Oliveira, falling to a rear-naked choke in the third round of their December 2021 matchup. The 36-year-old Poirier is 2-2 since that setback with wins over Michael Chandler and Benoit Saint Denis. Poirier’s losses during that run came against Justin Gaethje for the BMF title and, most recently, opposite Islam Makhachev for the UFC lightweight title at UFC 302 in June 2024. Poirier has 15 fight-night bonus awards, which ties him for fourth all-time in that category. Poirier is the No. 5 ranked UFC lightweight. Max Holloway (26-8) has been with the UFC since 2012. If there’s a stat that the UFC tracks, chances are Holloway is among the leaders. He holds the UFC featherweight record for wins (20), finishes (11), knockouts (nine), win streak (13 straight), total fight time (6:58:57), significant strikes landed (2,971), and total strikes landed (3,180). Holloway’s overall UFC records include significant strikes landed (3,457) and total strikes landed (3,706). Holloway’s run as UFC featherweight champ began in June 2017 when he knocked out Jose Aldo. Holloway entered that contest as the interim champ, a belt he won by knocking out Anthony Pettis in December 2016. He defended his title against Aldo (TKO), Brian Ortega (TKO), and Frankie Edgar (decision). He also attempted to win the interim UFC lightweight belt during that run, but he fell short, dropping a decision to Dustin Poirier. Holloway’s championship run ended in December 2019 when Alexander Volkanovski beat him by decision. Volkanovski retained the title in an immediate rematch. Wins over Calvin Kattar and Yair Rodriguez earned Holloway another shot at Volkanovski and his title in July 2022, but the champ retained his belt with a decision win. Holloway followed that setback with wins over Arnold Allen, the Korean Zombie, and Justin Gaethje. The Gaethje victory, a fight that many voted “Fight of the Year” and “Knockout of the Year,” earned Holloway the BMF title. That fight took place at 155 pounds. Holloway followed his BMF title win with the first knockout loss of his career, falling to Ilia Topuria in a UFC featherweight title fight in October 2024. Holloway is the No. 1 fighter in the official UFC featherweight rankings. He is also ranked at No. 12 at 155 pounds and sits at No. 12 in the pound-for-pound rankings. UFC 318: Holloway Vs. Poirier Previous Meetings Poirier is 2-0 against Holloway. They first met in a featherweight scrap at UFC 143 in February 2012. The bout was Holloway’s fifth pro fight and first as a member of the UFC. He was 4-0 heading into the contest. Meanwhile, Poirier had been with the WEC/UFC for two years by then with a 11-1 pro record. Poirier won that fight, and earned Submission of the Night, for his first-round triangle armbar stoppage. The two faced off for the second time in April 2019 at UFC 236. That matchup was for the interim UFC lightweight title. Poirier won that “Fight of the Night” bonus-winning scrap. Poirier failed to unify the title, losing to Khabib Nurmagomedov by submission at UFC 242 in September 2019. We will have more on the UFC 318 fight card as fight night nears.",2025-07-12,https://www.forbes.com/sites/trentreinsmith/2025/07/12/ufc-318-holloway-vs-poirier-3-full-fight-card-opening-betting-odds/
Michael Bisping discusses 'sensational' Max Holloway vs. Dustin Poirier UFC 318 headliner,"Michael Bisping discusses 'sensational' Max Holloway vs. Dustin Poirier UFC 318 headliner Michael Bisping broke down the BMF title fight at UFC 318. Max Holloway (26-8 MMA, 22-8 UFC) defends his BMF title in a trilogy bout against Dustin Poirier (30-9 MMA, 22-8 UFC) in Saturday's headliner (pay-per-view, ESPN, ESPN+) from Smoothie King Center in New Orleans. Poirier will make the walk for the final time in his career, but Bisping wonders if the pressure will get to him when competing in front of his home state. ""Is the motivation still there? Of course it's in New Orleans, his home town, and the UFC are going there specifically for Dustin Poirier, and that's incredible,"" Bisping said on his YouTube channel. ""That could be the fairy tale farewell to an unbelievable career for one of everyone's favorite fighters, but it brings a lot of pressure, it brings a lot of anxiety. ""You've got friends and family – they're all in town. They all want to see you perform. You're like the local hero. It brings a lot of pressure, I'm telling you right now. I have been there many times. Every time I fought in England, it was a little bit more stressful. But I was also undefeated in England because you want to do the people justice, you want to make them proud, and it pushes you in the training camp."" Holloway will look to avoid losing his second trilogy after going 0-3 against UFC featherweight champion Alexander Volkanovski. ""Max Holloway is coming into this one very motivated, as well, because Max Holloway doesn't want to lose two trilogies. Of course, he lost three in a row to Alexander Volkanovski. He doesn't want to lose three in a row to Dustin Poirier. You've got to think here for Max Holloway, if he can beat Dustin Poirier, he inserts himself into the conversation. ""Ilia Topuria is the champ, he's probably going to fight Justin Gaethje, Paddy Pimblett, Arman Tsarukyan, one of those. If Max Holloway gets a big win here, and then gets another one in the meantime, he is putting himself into that conversation. When you look at them both, they're both great strikers. I don't think we're going to see any wrestling out of this. They're both going to go toe-to-toe. They're going to throw down. It's going to be absolutely sensational."" Although Holloway is coming off the first knockout loss of his career to Ilia Topuria at UFC 308 and has already lost twice to Poirier, Bisping isn't ready to count him out. ""It's going to be tremendous, and it will be the final time we get to see Dustin Poirier compete inside the octagon,. But I don't know if he's going to be the winner,"" Bisping said. ""Never doubt Dustin Poirier, but never doubt Max Holloway. Yes, Max Holloway was just knocked out against Ilia Topuria, so that could present some problems for him. ""That could have weakened the chin. Sometimes people get cracked, they get knocked out, and they're never the same again. Or it could have lit a fire under his ass and he's like, 'You know what? I'm going to show the people, I'm coming to Louisiana to whoop some ass,' and honestly, at this point, I don't know which way it's going to go down.""",2025-07-14,https://mmajunkie.usatoday.com/story/sports/ufc/2025/07/14/ufc-318-michael-bisping-opinion-prediction-max-holloway-vs-dustin-poirier-sensational/85190385007/
"UFC 318: Max Holloway vs. Dustin Poirier - Main card, start time, main event walkouts, and more","UFC 318 will feature a BMF title fight between Max Holloway and Dustin Poirier in the main event. Notably, it will be Poirier's last MMA outing as the eighth pay-per-view event of the year takes place in front of his home audience at the Smoothie King Center in New Orleans on July 19. In the co-main event, No. 13-ranked middleweight Paulo Costa makes his octagon comeback against Roman Kopylov, who sits just below him. The two were originally scheduled to face each other at UFC 317 last month. However, the former title challenger pulled out due to illness. The main card has numerous notable fighters, including Kevin Holland, Dan Ige, and Michael Johnson, who will be looking to make the evening memorable for combat sports fans across the globe. Get the latest updates on One Championship Rankings at Sportskeeda and more What time is the Max Holloway vs. Dustin Poirier fight? The UFC 318 pay-per-view card consists of 14 fights in total, featuring 10 ranked fighters. The early prelims start at 6:30 PM E.T. (Eastern Time) / 3:30 PM P.T. (Pacific Time) on July 19, followed by preliminary bouts at 8:00 PM E.T. / 5:00 PM P.T. The main card will begin at 10:00 PM E.T. / 7:00 PM P.T. How to watch the Max Holloway vs. Dustin Poirier fight? The early preliminary round of UFC 318 is available to American audiences via UFC Fight Pass and ESPN+. The prelims can also be streamed on ESPN. However, the main card is available for pay-per-view on ESPN+ for $79.99. TNT Sports will broadcast the entire evening's action for fight fans in the United Kingdom. For Indian fans, the event will be broadcast live on Sony LIV. JioTV will also provide free live streaming of the event to Jio users. Main Card Fighters Max Holloway (C) vs. Dustin Poirier (UFC BMF championship) Paulo Costa vs. Roman Kopylov (middleweight) Kevin Holland vs. Daniel Rodriguez (welterweight) Dan Ige vs. Patricio Pitbull (featherweight) Michael Johnson vs. Daniel Zellhuber (lightweight) Preliminary Card Fighters Kyler Phillips vs. Vinicius Oliveira (bantamweight) Marvin Vettori vs. Brendan Allen (middleweight) Francisco Prado vs. Nikolay Veretennikov (welterweight) Ateba Gautier vs. Robert Valentin (middleweight) Early preliminary card fighters Adam Fugitt vs. Islam Dulatov (welterweight) Jimmy Crute vs. Marcin Prachnio (light heavyweight) Ryan Spann vs. Lukasz Brzeski (heavyweight) Brunno Ferreira vs. Jackson McVey (middleweight) Carli Judice vs. Nicolle Caliari (women’s flyweight)",2025-07-14,https://www.sportskeeda.com/mma/news-ufc-318-max-holloway-vs-dustin-poirier-main-card-start-time-main-event-walkouts
"2025 UFC event schedule: Max Holloway vs. Dustin Poirier 3, Dricus du Plessis vs. Khamzat Chimaev on tap","2025 UFC event schedule: Max Holloway vs. Dustin Poirier 3, Dricus du Plessis vs. Khamzat Chimaev on tap Check out a complete list of UFC pay-per-view and Fight Night events scheduled for 2025 Dustin Poirier makes his final walk against the man he welcomed to the UFC. On Saturday, Holloway and Poirier meet for the third and final time at UFC 318. Holloway vs. Poirier 3 headlines this weekend's pay-per-view. Poirier will enter his retirement fight, allegedly accompanied by rapper Lil Wayne, in his home state of Louisiana. Holloway will defend the ceremonial BMF championship in his first appearance as a full-time lightweight. Poirier is 2-0 in his series against fellow fan-favorite Holloway. ""The Diamond"" submitted Holloway in their 2012 encounter, which was Holloway's short-notice UFC debut. In 2019, Holloway, then UFC featherweight champion, lost a unanimous decision to Poirier with the interim lightweight title at stake. UFC subsequently returns to PPV on Aug. 16 with a terrific main event. The juggernaut Dricus du Plessis defends his UFC middleweight title against Khamzat Chimaev, an unstoppable force long labeled a future UFC titleholder. The card is supported by a surprising middleweight clash between Jared Cannonier and Michael ""Venom"" Page. Take a look below at the current UFC event schedule for 2025. Be sure to check back on this page for more information on upcoming UFC events throughout the year. Upcoming UFC Schedule | Event | Date | Main event | Weight class | Location | TV | |---|---|---|---|---|---| | UFC 318 | July 19 | Max Holloway vs. Dustin Poirier 3 | Lightweight | New Orleans | ESPN+ PPV | | UFC Fight Night | July 26 | Robert Whittaker vs. Reinier de Ridder | Middleweight | Abu Dhabi | ESPN+ | | UFC Fight Night | Aug. 2 | Amir Albazi vs. Tatsuro Taira | Flyweight | Las Vegas | ESPN+ | | UFC Fight Night | Aug. 9 | Roman Dolidze vs. Anthony Hernandez | Middleweight | Las Vegas | ESPN+ | | UFC 319 | Aug. 16 | Dricus du Plessis (c) vs. Khamzat Chimaev | Middleweight title | Chicago | ESPN+ PPV | | UFC Fight Night | Aug. 23 | Johnny Walker vs. Zhang Mingyang | Light heavyweight | Shanghai | ESPN+ | | UFC Fight Night | Sept. 6 | Nassourdine Imavov vs. Caio Borralho | Middleweight | Paris | ESPN+ | | UFC Fight Night | Sept. 13 | Diego Lopes vs. Jean Silva | Featherweight | San Antonio, Texas | ESPN+ | | UFC 320 | Oct. 4 | TBA | TBA | Las Vegas | ESPN+ PPV | | UFC Fight Night | Oct. 18 | TBA | TBA | Vancouver | ESPN+ | | UFC 321 | Oct. 25 | TBA | TBA | Abu Dhabi | ESPN+ PPV | | UFC Fight Night | Nov. 22 | TBA | TBA | Doha, Qatar | ESPN+ |",2025-07-15,https://www.cbssports.com/mma/news/2025-ufc-event-schedule-max-holloway-vs-dustin-poirier-3-dricus-du-plessis-vs-khamzat-chimaev-on-tap/
UFC 236: Holloway vs. Poirier 2,| W/L | Fighter | Kd | Str | Td | Sub | Weight class | Method | Round | Time | |---|---|---|---|---|---|---|---|---|---| | | 0 0 | 178 181 | 1 0 | 0 1 | Lightweight | U-DEC | 5 | 5:00 | | | | 4 0 | 109 91 | 0 1 | 2 0 | Middleweight | U-DEC | 5 | 5:00 | | | | 4 0 | 79 16 | 0 0 | 0 0 | Light Heavyweight | U-DEC | 3 | 5:00 | | | | 0 0 | 38 24 | 0 1 | 0 0 | Welterweight | S-DEC | 3 | 5:00 | | | | 0 0 | 27 4 | 1 3 | 2 0 | Light Heavyweight | SUB Rear Naked Choke | 2 | 2:30 | | | | 0 0 | 31 35 | 4 0 | 2 1 | Lightweight | U-DEC | 3 | 5:00 | | | | 1 0 | 23 1 | 0 1 | 0 0 | Flyweight | KO/TKO Punch | 1 | 2:58 | | | | 0 0 | 47 64 | 6 0 | 3 0 | Welterweight | M-DEC | 3 | 5:00 | | | | 1 0 | 5 0 | 0 0 | 0 0 | Bantamweight | KO/TKO Punch | 1 | 0:25 | | | | 0 0 | 47 48 | 2 0 | 0 0 | Welterweight | U-DEC | 3 | 5:00 | | | | 0 0 | 64 30 | 3 1 | 0 0 | Bantamweight | U-DEC | 3 | 5:00 | | | | 0 0 | 47 47 | 2 0 | 0 0 | Women's Flyweight | U-DEC | 3 | 5:00 | | | | 0 0 | 35 46 | 0 0 | 1 0 | Bantamweight | SUB Rear Naked Choke | 2 | 1:12 |,2019-04-13,http://ufcstats.com/event-details/b0550072e5f0afa7
UFC 318 – Max Holloway vs. Dustin Poirier: Preview & Betting Tips,"The main event of UFC 318 brings with it both violence and quite a lot of emotion. Max Holloway defends his BMF title against longtime rival Dustin Poirier in what’s predicted to be a five-round war, and this will be Poirier’s last-ever fight after 14 years in the UFC. Max Holloway (26-8) steps back into the Octagon at 155-pounds after his performance at lightweight against Justin Gaethje showcased improved power, sharper shot selection, and his trademark durability. Dustin Poirier (30-9) is set to retire following this bout. And fittingly, it comes against the man he’s beaten twice before, in what will be his first fight in his home state of Louisiana since 2015. Max Holloway – Odds 1.75 Record: 26-8 Age: 33 Height: 5ft11 Reach: 69” Weight: Lightweight Stance: Orthodox Dustin Poirier – Odds 2.05 Record: 30-9 Age: 36 Height: 5ft9 Reach: 72” Weight: Lightweight Stance: Southpaw Despite this being a retirement fight for Poirier, this is a matchup of two of the very best boxers in UFC history. Holloway overwhelms with pace, pressure, and volume, averaging over 7.3 significant strikes per minute, while Poirier is a more calculated boxer with elite power and shot selection. Their 2019 war pretty much summed up how each of them excel in boxing but in different ways: Holloway pours on the pressure and drowns opponents with a barrage of punches, meanwhile Poirier has the heavier hands and shows poise and accuracy in the pocket to get the better of the exchanges. After 14 years of blood, sweat, and highlight-reel moments, the Louisiana native is looking to close this book with a fairytale ending. And he certainly still has the tools to do just that. Holloway looked sensational against Gaethje, in the fight where he became the BMF champion. But, the recent KO loss to Ilia Topuria set him back. I personally thought he should’ve never gone back down to featherweight anyway, as he looked far stronger and crisper at 155 in the Gaethje win. Nevertheless, the Hawaiian comes into this bout with a question mark regarding his chin, which is ridiculous to say considering how he’s been known for his incredible chin throughout his career. But, throughout combat sports history, we’ve seen countless examples of fighters with great chins eventually getting knocked out, and once that happens, it begins to deteriorate. We’ll have to wait and see if that’s the case with Holloway. This one is a super close fight to call, and purely for sentimental reasons, I’m taking the underdog in this one. Dustin Poirier moneyline at odds of 2.20 (Bet Goodwin). I also like the look of Dustin Poirier to win by submission at odds of 17.00. Many people forget that Poirier does have a decent submission game, he just rarely uses it. But in this one, I think he could explore that avenue and potentially get a rear naked choke on the fence. More must-reads: Get the latest news and rumors, customized to your favorite sports and teams. Emailed daily. Always free!",2025-07-17,https://www.yardbarker.com/mma/articles/ufc_318_max_holloway_vs_dustin_poirier_preview_betting_tips/s1_17349_42464256
Full Fight | Dustin Poirier vs Max Holloway 2 | UFC,"00:00 Full Fight | Dustin Poirier vs Max Holloway 2 Full Fight | Dustin Poirier vs Max Holloway 2 Free Fight Full Fight | Dustin Poirier vs Max Holloway 2 Featured Up next - Full Fight | Dan Ige vs Sean Woodson - Full Fight | Max Holloway vs The Korean Zombie - Full Fight | Dustin Poirier vs Benoît Saint Denis - Full Fight | Tallison Teixeira vs Justin Tafa - Full Fight | Derrick Lewis vs Rodrigo Nascimento - Full Fight | Kai Kara-France vs Steve Erceg - Full Fight | Alexandre Pantoja vs Kai Asakura - Full Fight | Ilia Topuria vs Max Holloway - Full Fight | Charles Oliveira vs Michael Chandler 2 - Full Fight | Charles Oliveira vs Michael Chandler 1 - Full Fight | Ilia Topuria vs Alexander Volkanovski - Full Fight | Joaquin Buckley vs Colby Covington Unlock MORE of your inner combat sports fan with UFC Fight Pass! Fighting is what we live for. And no one brings you MORE live fights, new shows, and events across multiple combat sports from around the world. With a never-ending supply of fighting in every discipline, there’s always something new to watch. Leave it to the world’s authority in MMA to bring you the Ultimate 24/7 platform for MORE combat sports, UFC Fight Pass! Unlock MORE of your inner combat sports fan with UFC Fight Pass! Fighting is what we live for. And no one brings you MORE live fights, new shows, and events across multiple combat sports from around the world. With a never-ending supply of fighting in every discipline, there’s always something new to watch. Leave it to the world’s authority in MMA to bring you the Ultimate 24/7 platform for MORE combat sports, UFC Fight Pass! Upgrade licenceThis video is not available in your country There was a problem while loading content. Please try again. Up next - Full Fight | Dan Ige vs Sean Woodson - Full Fight | Max Holloway vs The Korean Zombie - Full Fight | Dustin Poirier vs Benoît Saint Denis - Full Fight | Tallison Teixeira vs Justin Tafa - Full Fight | Derrick Lewis vs Rodrigo Nascimento - Full Fight | Kai Kara-France vs Steve Erceg - Full Fight | Alexandre Pantoja vs Kai Asakura - Full Fight | Ilia Topuria vs Max Holloway - Full Fight | Charles Oliveira vs Michael Chandler 2 - Full Fight | Ilia Topuria vs Alexander Volkanovski - Full Fight | Charles Oliveira vs Michael Chandler 1 - Full Fight | Joaquin Buckley vs Colby Covington Starts in / Free Fight Full Fight | Dustin Poirier vs Max Holloway 2 Featured Up next - Full Fight | Dan Ige vs Sean Woodson - Full Fight | Max Holloway vs The Korean Zombie - Full Fight | Dustin Poirier vs Benoît Saint Denis - Full Fight | Tallison Teixeira vs Justin Tafa - Full Fight | Derrick Lewis vs Rodrigo Nascimento - Full Fight | Kai Kara-France vs Steve Erceg - Full Fight | Alexandre Pantoja vs Kai Asakura - Full Fight | Ilia Topuria vs Max Holloway - Full Fight | Charles Oliveira vs Michael Chandler 2 - Full Fight | Ilia Topuria vs Alexander Volkanovski - Full Fight | Charles Oliveira vs Michael Chandler 1 - Full Fight | Joaquin Buckley vs Colby Covington",2025-07-14,https://www.ufc.com/video/139460
"UFC 318 - Max Holloway vs Dustin Poirier: Date, start time, TV channel and live stream | DAZN News US","UFC stages a PPV event in New Orleans this weekend, and it will be the end of an era. After making his UFC debut in 2010, Dustin Poirier will hang up the gloves after he takes on Max Holloway for the BMF title. Poirier's MMA career has been an entertaining one and he is set for an emotional night in his home state of Louisiana. Both Poirer and Holloway are fighters who are not afraid to go toe-to-toe and trade strikes in the middle of the Octagon which should make for a thrilling main event. DAZN News has everything you need to know ahead of Holloway vs Poirier. Holloway vs Poirier will take place on Saturday, July 19 at the Smoothie King Center in New Orleans. The main card is set to begin at 10pm on the East Coast, which means an early start for UK MMA fans who can tune in at 3am on Sunday morning. Holloway and Poirier are set to make their cagewalks at 12:05am ET (Sunday) / 5:10am BST (Sunday), but these timings are subject to change. Main card Prelims Early prelims The fight and the rest of the UFC 318 main card will be available on DAZN PPV in Canada. Click here to buy. In the US fans can watch on ESPN+ PPV (click here for more information). TNT Sports will broadcast UFC 318 in the UK. The fight is set to be held at the Smoothie King Center, in New Orleans, Louisiana. The arena has a capacity of 17,791 and is the home of the New Orleans Pelicans NBA franchise.",2025-07-14,https://www.dazn.com/en-US/news/mma/max-holloway-vs-dustin-poirier-ufc-318-fight-time-cagewalks-running-order-streaming-watch/yf0u6obir7nl1psp3jv90sth7
UFC 318: Holloway Vs. Poirier 3 Full Fight Card Opening Betting Odds,"The UFC 318 pay-per-view fight card is a week away. The card, which takes place on July 19 from Smoothie King Center in New Orleans, features a BMF title fight in the main event. That bout, Max Holloway vs. Dustin Poirier 3, is also scheduled to be Poirier’s retirement fight. The UFC has 14 fights scheduled for the full UFC 318 fight card. We look at the opening betting odds for each fight on the upcoming UFC event. The UFC 318 main card streams on ESPN+ PPV following prelims on ESPN and early prelims on ESPN+. UFC 318 Pay-Per-View Card Opening Betting Odds: Holloway Vs. Poirier 3 Max Holloway (+130) vs. Dustin Poirier (-150) - Lightweight - For Holloway’s BMF title Paulo Costa (+250) vs. Roman Kopylov (-300) - Middleweight Kevin Holland (-350) vs. Daniel Rodriguez (+285) - Welterweight Dan Ige (-130) vs. Patricio “Pitbull” Freire (+110) - Featherweight Michael Johnson (+285) vs. Daniel Zellhuber (-350) - Lightweight UFC 318 Preliminary Fight Card Opening Betting Odds: Holloway Vs. Poirier 3 Kyler Phillips (+170) vs. Vinicius Oliveira (-200) - Bantamweight Marvin Vettori (+170) vs. Brendan Allen (-200) - Middleweight Francisco Prado (+160) vs. Nikolay Veretennikov (-185) - Welterweight Ateba Gautier (-400) vs. Robert Valentin (+330) - Middleweight UFC 318 Early Prelims Fight Card Opening Betting Odds: Holloway Vs. Poirier 3 Adam Fugitt (+285) vs. Islam Dulatov (-350) - Welterweight Jimmy Crute (-300) vs. Marcin Prachnio (+250) - Light Heavyweight Ryan Spann (-286) vs. Lukasz Brzeski (+246) - Heavyweight Brunno Ferreira (-350) vs. Jackson McVey (+285) - Middleweight Carli Judice (-225) vs. Nicolle Caliari (+190) - Women’s Flyweight UFC 318: Holloway vs. Poirier 3 Fight Card Date: Saturday, July 19, 2025 UFC 318: Holloway vs. Poirier 3 Fight Card Location: Smoothie King Center in New Orleans, LA UFC 318: Holloway vs. Poirier 3 Tickets: Available from Ticketmaster Low price: $458.55 (Standard - non resale) High price: $8,443.75 for first row (Platinum - non resale) UFC 318: Holloway vs. Poirier 3 Time: Main Card: 10:00 p.m. ET Preliminary Card: 8:00 p.m. ET Early Prelims: 6:15 p.m. ET UFC 318 Fight Card: Holloway Vs. Poirier 3 Main Event Dustin Poirier (30-9-0-1) has been a UFC fighter since 2011. At the time he had a 7-1 record. Between 2011 and 2018, Poirier went 16-4-0-1, picking up notable wins over Max Holloway, Bobby Green, Jim Miller, Anthony Pettis, Justin Gaethje, and Eddie Alvarez. His losses during that stretch came to The Korean Zombie, Cub Swanson, Conor McGregor, and Michael Johnson. Poirier’s wins over Miller, Pettis, Gaethje, and Alvarez set him up to fight for the interim UFC lightweight title against then-UFC featherweight titleholder Max Holloway. Poirier was the No. 3 ranked fighter in the UFC 155-pound division at the time, April 2019. Poirier claimed the interim crown with a decision win. In September 2019, Poirier faced Khabib Nurmagomedov in a title unification bout. Nurmagomedov won that contest by third-round submission. Three wins after that, including two TKO victories over Conor McGregor, put Poirier in another lightweight title fight. He lost that battle to Charles Oliveira, falling to a rear-naked choke in the third round of their December 2021 matchup. The 36-year-old Poirier is 2-2 since that setback with wins over Michael Chandler and Benoit Saint Denis. Poirier’s losses during that run came against Justin Gaethje for the BMF title and, most recently, opposite Islam Makhachev for the UFC lightweight title at UFC 302 in June 2024. Poirier has 15 fight-night bonus awards, which ties him for fourth all-time in that category. Poirier is the No. 5 ranked UFC lightweight. Max Holloway (26-8) has been with the UFC since 2012. If there’s a stat that the UFC tracks, chances are Holloway is among the leaders. He holds the UFC featherweight record for wins (20), finishes (11), knockouts (nine), win streak (13 straight), total fight time (6:58:57), significant strikes landed (2,971), and total strikes landed (3,180). Holloway’s overall UFC records include significant strikes landed (3,457) and total strikes landed (3,706). Holloway’s run as UFC featherweight champ began in June 2017 when he knocked out Jose Aldo. Holloway entered that contest as the interim champ, a belt he won by knocking out Anthony Pettis in December 2016. He defended his title against Aldo (TKO), Brian Ortega (TKO), and Frankie Edgar (decision). He also attempted to win the interim UFC lightweight belt during that run, but he fell short, dropping a decision to Dustin Poirier. Holloway’s championship run ended in December 2019 when Alexander Volkanovski beat him by decision. Volkanovski retained the title in an immediate rematch. Wins over Calvin Kattar and Yair Rodriguez earned Holloway another shot at Volkanovski and his title in July 2022, but the champ retained his belt with a decision win. Holloway followed that setback with wins over Arnold Allen, the Korean Zombie, and Justin Gaethje. The Gaethje victory, a fight that many voted “Fight of the Year” and “Knockout of the Year,” earned Holloway the BMF title. That fight took place at 155 pounds. Holloway followed his BMF title win with the first knockout loss of his career, falling to Ilia Topuria in a UFC featherweight title fight in October 2024. Holloway is the No. 1 fighter in the official UFC featherweight rankings. He is also ranked at No. 12 at 155 pounds and sits at No. 12 in the pound-for-pound rankings. UFC 318: Holloway Vs. Poirier Previous Meetings Poirier is 2-0 against Holloway. They first met in a featherweight scrap at UFC 143 in February 2012. The bout was Holloway’s fifth pro fight and first as a member of the UFC. He was 4-0 heading into the contest. Meanwhile, Poirier had been with the WEC/UFC for two years by then with a 11-1 pro record. Poirier won that fight, and earned Submission of the Night, for his first-round triangle armbar stoppage. The two faced off for the second time in April 2019 at UFC 236. That matchup was for the interim UFC lightweight title. Poirier won that “Fight of the Night” bonus-winning scrap. Poirier failed to unify the title, losing to Khabib Nurmagomedov by submission at UFC 242 in September 2019. We will have more on the UFC 318 fight card as fight night nears.",2025-07-12,https://www.forbes.com/sites/trentreinsmith/2025/07/12/ufc-318-holloway-vs-poirier-3-full-fight-card-opening-betting-odds/
Michael Bisping discusses 'sensational' Max Holloway vs. Dustin Poirier UFC 318 headliner,"Michael Bisping discusses 'sensational' Max Holloway vs. Dustin Poirier UFC 318 headliner Michael Bisping broke down the BMF title fight at UFC 318. Max Holloway (26-8 MMA, 22-8 UFC) defends his BMF title in a trilogy bout against Dustin Poirier (30-9 MMA, 22-8 UFC) in Saturday's headliner (pay-per-view, ESPN, ESPN+) from Smoothie King Center in New Orleans. Poirier will make the walk for the final time in his career, but Bisping wonders if the pressure will get to him when competing in front of his home state. ""Is the motivation still there? Of course it's in New Orleans, his home town, and the UFC are going there specifically for Dustin Poirier, and that's incredible,"" Bisping said on his YouTube channel. ""That could be the fairy tale farewell to an unbelievable career for one of everyone's favorite fighters, but it brings a lot of pressure, it brings a lot of anxiety. ""You've got friends and family – they're all in town. They all want to see you perform. You're like the local hero. It brings a lot of pressure, I'm telling you right now. I have been there many times. Every time I fought in England, it was a little bit more stressful. But I was also undefeated in England because you want to do the people justice, you want to make them proud, and it pushes you in the training camp."" Holloway will look to avoid losing his second trilogy after going 0-3 against UFC featherweight champion Alexander Volkanovski. ""Max Holloway is coming into this one very motivated, as well, because Max Holloway doesn't want to lose two trilogies. Of course, he lost three in a row to Alexander Volkanovski. He doesn't want to lose three in a row to Dustin Poirier. You've got to think here for Max Holloway, if he can beat Dustin Poirier, he inserts himself into the conversation. ""Ilia Topuria is the champ, he's probably going to fight Justin Gaethje, Paddy Pimblett, Arman Tsarukyan, one of those. If Max Holloway gets a big win here, and then gets another one in the meantime, he is putting himself into that conversation. When you look at them both, they're both great strikers. I don't think we're going to see any wrestling out of this. They're both going to go toe-to-toe. They're going to throw down. It's going to be absolutely sensational."" Although Holloway is coming off the first knockout loss of his career to Ilia Topuria at UFC 308 and has already lost twice to Poirier, Bisping isn't ready to count him out. ""It's going to be tremendous, and it will be the final time we get to see Dustin Poirier compete inside the octagon,. But I don't know if he's going to be the winner,"" Bisping said. ""Never doubt Dustin Poirier, but never doubt Max Holloway. Yes, Max Holloway was just knocked out against Ilia Topuria, so that could present some problems for him. ""That could have weakened the chin. Sometimes people get cracked, they get knocked out, and they're never the same again. Or it could have lit a fire under his ass and he's like, 'You know what? I'm going to show the people, I'm coming to Louisiana to whoop some ass,' and honestly, at this point, I don't know which way it's going to go down.""",2025-07-14,https://mmajunkie.usatoday.com/story/sports/ufc/2025/07/14/ufc-318-michael-bisping-opinion-prediction-max-holloway-vs-dustin-poirier-sensational/85190385007/
"UFC 318: Max Holloway vs. Dustin Poirier - Main card, start time, main event walkouts, and more","UFC 318 will feature a BMF title fight between Max Holloway and Dustin Poirier in the main event. Notably, it will be Poirier's last MMA outing as the eighth pay-per-view event of the year takes place in front of his home audience at the Smoothie King Center in New Orleans on July 19. In the co-main event, No. 13-ranked middleweight Paulo Costa makes his octagon comeback against Roman Kopylov, who sits just below him. The two were originally scheduled to face each other at UFC 317 last month. However, the former title challenger pulled out due to illness. The main card has numerous notable fighters, including Kevin Holland, Dan Ige, and Michael Johnson, who will be looking to make the evening memorable for combat sports fans across the globe. Get the latest updates on One Championship Rankings at Sportskeeda and more What time is the Max Holloway vs. Dustin Poirier fight? The UFC 318 pay-per-view card consists of 14 fights in total, featuring 10 ranked fighters. The early prelims start at 6:30 PM E.T. (Eastern Time) / 3:30 PM P.T. (Pacific Time) on July 19, followed by preliminary bouts at 8:00 PM E.T. / 5:00 PM P.T. The main card will begin at 10:00 PM E.T. / 7:00 PM P.T. How to watch the Max Holloway vs. Dustin Poirier fight? The early preliminary round of UFC 318 is available to American audiences via UFC Fight Pass and ESPN+. The prelims can also be streamed on ESPN. However, the main card is available for pay-per-view on ESPN+ for $79.99. TNT Sports will broadcast the entire evening's action for fight fans in the United Kingdom. For Indian fans, the event will be broadcast live on Sony LIV. JioTV will also provide free live streaming of the event to Jio users. Main Card Fighters Max Holloway (C) vs. Dustin Poirier (UFC BMF championship) Paulo Costa vs. Roman Kopylov (middleweight) Kevin Holland vs. Daniel Rodriguez (welterweight) Dan Ige vs. Patricio Pitbull (featherweight) Michael Johnson vs. Daniel Zellhuber (lightweight) Preliminary Card Fighters Kyler Phillips vs. Vinicius Oliveira (bantamweight) Marvin Vettori vs. Brendan Allen (middleweight) Francisco Prado vs. Nikolay Veretennikov (welterweight) Ateba Gautier vs. Robert Valentin (middleweight) Early preliminary card fighters Adam Fugitt vs. Islam Dulatov (welterweight) Jimmy Crute vs. Marcin Prachnio (light heavyweight) Ryan Spann vs. Lukasz Brzeski (heavyweight) Brunno Ferreira vs. Jackson McVey (middleweight) Carli Judice vs. Nicolle Caliari (women’s flyweight)",2025-07-14,https://www.sportskeeda.com/mma/news-ufc-318-max-holloway-vs-dustin-poirier-main-card-start-time-main-event-walkouts
"2025 UFC event schedule: Max Holloway vs. Dustin Poirier 3, Dricus du Plessis vs. Khamzat Chimaev on tap","2025 UFC event schedule: Max Holloway vs. Dustin Poirier 3, Dricus du Plessis vs. Khamzat Chimaev on tap Check out a complete list of UFC pay-per-view and Fight Night events scheduled for 2025 Dustin Poirier makes his final walk against the man he welcomed to the UFC. On Saturday, Holloway and Poirier meet for the third and final time at UFC 318. Holloway vs. Poirier 3 headlines this weekend's pay-per-view. Poirier will enter his retirement fight, allegedly accompanied by rapper Lil Wayne, in his home state of Louisiana. Holloway will defend the ceremonial BMF championship in his first appearance as a full-time lightweight. Poirier is 2-0 in his series against fellow fan-favorite Holloway. ""The Diamond"" submitted Holloway in their 2012 encounter, which was Holloway's short-notice UFC debut. In 2019, Holloway, then UFC featherweight champion, lost a unanimous decision to Poirier with the interim lightweight title at stake. UFC subsequently returns to PPV on Aug. 16 with a terrific main event. The juggernaut Dricus du Plessis defends his UFC middleweight title against Khamzat Chimaev, an unstoppable force long labeled a future UFC titleholder. The card is supported by a surprising middleweight clash between Jared Cannonier and Michael ""Venom"" Page. Take a look below at the current UFC event schedule for 2025. Be sure to check back on this page for more information on upcoming UFC events throughout the year. Upcoming UFC Schedule | Event | Date | Main event | Weight class | Location | TV | |---|---|---|---|---|---| | UFC 318 | July 19 | Max Holloway vs. Dustin Poirier 3 | Lightweight | New Orleans | ESPN+ PPV | | UFC Fight Night | July 26 | Robert Whittaker vs. Reinier de Ridder | Middleweight | Abu Dhabi | ESPN+ | | UFC Fight Night | Aug. 2 | Amir Albazi vs. Tatsuro Taira | Flyweight | Las Vegas | ESPN+ | | UFC Fight Night | Aug. 9 | Roman Dolidze vs. Anthony Hernandez | Middleweight | Las Vegas | ESPN+ | | UFC 319 | Aug. 16 | Dricus du Plessis (c) vs. Khamzat Chimaev | Middleweight title | Chicago | ESPN+ PPV | | UFC Fight Night | Aug. 23 | Johnny Walker vs. Zhang Mingyang | Light heavyweight | Shanghai | ESPN+ | | UFC Fight Night | Sept. 6 | Nassourdine Imavov vs. Caio Borralho | Middleweight | Paris | ESPN+ | | UFC Fight Night | Sept. 13 | Diego Lopes vs. Jean Silva | Featherweight | San Antonio, Texas | ESPN+ | | UFC 320 | Oct. 4 | TBA | TBA | Las Vegas | ESPN+ PPV | | UFC Fight Night | Oct. 18 | TBA | TBA | Vancouver | ESPN+ | | UFC 321 | Oct. 25 | TBA | TBA | Abu Dhabi | ESPN+ PPV | | UFC Fight Night | Nov. 22 | TBA | TBA | Doha, Qatar | ESPN+ |",2025-07-15,https://www.cbssports.com/mma/news/2025-ufc-event-schedule-max-holloway-vs-dustin-poirier-3-dricus-du-plessis-vs-khamzat-chimaev-on-tap/
UFC 236: Holloway vs. Poirier 2,| W/L | Fighter | Kd | Str | Td | Sub | Weight class | Method | Round | Time | |---|---|---|---|---|---|---|---|---|---| | | 0 0 | 178 181 | 1 0 | 0 1 | Lightweight | U-DEC | 5 | 5:00 | | | | 4 0 | 109 91 | 0 1 | 2 0 | Middleweight | U-DEC | 5 | 5:00 | | | | 4 0 | 79 16 | 0 0 | 0 0 | Light Heavyweight | U-DEC | 3 | 5:00 | | | | 0 0 | 38 24 | 0 1 | 0 0 | Welterweight | S-DEC | 3 | 5:00 | | | | 0 0 | 27 4 | 1 3 | 2 0 | Light Heavyweight | SUB Rear Naked Choke | 2 | 2:30 | | | | 0 0 | 31 35 | 4 0 | 2 1 | Lightweight | U-DEC | 3 | 5:00 | | | | 1 0 | 23 1 | 0 1 | 0 0 | Flyweight | KO/TKO Punch | 1 | 2:58 | | | | 0 0 | 47 64 | 6 0 | 3 0 | Welterweight | M-DEC | 3 | 5:00 | | | | 1 0 | 5 0 | 0 0 | 0 0 | Bantamweight | KO/TKO Punch | 1 | 0:25 | | | | 0 0 | 47 48 | 2 0 | 0 0 | Welterweight | U-DEC | 3 | 5:00 | | | | 0 0 | 64 30 | 3 1 | 0 0 | Bantamweight | U-DEC | 3 | 5:00 | | | | 0 0 | 47 47 | 2 0 | 0 0 | Women's Flyweight | U-DEC | 3 | 5:00 | | | | 0 0 | 35 46 | 0 0 | 1 0 | Bantamweight | SUB Rear Naked Choke | 2 | 1:12 |,2019-04-13,http://ufcstats.com/event-details/b0550072e5f0afa7
UFC 318 – Max Holloway vs. Dustin Poirier: Preview & Betting Tips,"The main event of UFC 318 brings with it both violence and quite a lot of emotion. Max Holloway defends his BMF title against longtime rival Dustin Poirier in what’s predicted to be a five-round war, and this will be Poirier’s last-ever fight after 14 years in the UFC. Max Holloway (26-8) steps back into the Octagon at 155-pounds after his performance at lightweight against Justin Gaethje showcased improved power, sharper shot selection, and his trademark durability. Dustin Poirier (30-9) is set to retire following this bout. And fittingly, it comes against the man he’s beaten twice before, in what will be his first fight in his home state of Louisiana since 2015. Max Holloway – Odds 1.75 Record: 26-8 Age: 33 Height: 5ft11 Reach: 69” Weight: Lightweight Stance: Orthodox Dustin Poirier – Odds 2.05 Record: 30-9 Age: 36 Height: 5ft9 Reach: 72” Weight: Lightweight Stance: Southpaw Despite this being a retirement fight for Poirier, this is a matchup of two of the very best boxers in UFC history. Holloway overwhelms with pace, pressure, and volume, averaging over 7.3 significant strikes per minute, while Poirier is a more calculated boxer with elite power and shot selection. Their 2019 war pretty much summed up how each of them excel in boxing but in different ways: Holloway pours on the pressure and drowns opponents with a barrage of punches, meanwhile Poirier has the heavier hands and shows poise and accuracy in the pocket to get the better of the exchanges. After 14 years of blood, sweat, and highlight-reel moments, the Louisiana native is looking to close this book with a fairytale ending. And he certainly still has the tools to do just that. Holloway looked sensational against Gaethje, in the fight where he became the BMF champion. But, the recent KO loss to Ilia Topuria set him back. I personally thought he should’ve never gone back down to featherweight anyway, as he looked far stronger and crisper at 155 in the Gaethje win. Nevertheless, the Hawaiian comes into this bout with a question mark regarding his chin, which is ridiculous to say considering how he’s been known for his incredible chin throughout his career. But, throughout combat sports history, we’ve seen countless examples of fighters with great chins eventually getting knocked out, and once that happens, it begins to deteriorate. We’ll have to wait and see if that’s the case with Holloway. This one is a super close fight to call, and purely for sentimental reasons, I’m taking the underdog in this one. Dustin Poirier moneyline at odds of 2.20 (Bet Goodwin). I also like the look of Dustin Poirier to win by submission at odds of 17.00. Many people forget that Poirier does have a decent submission game, he just rarely uses it. But in this one, I think he could explore that avenue and potentially get a rear naked choke on the fence. More must-reads: Get the latest news and rumors, customized to your favorite sports and teams. Emailed daily. Always free!",2025-07-17,https://www.yardbarker.com/mma/articles/ufc_318_max_holloway_vs_dustin_poirier_preview_betting_tips/s1_17349_42464256
Dustin Poirier's retirement fight set for UFC 318 vs. Max Holloway for BMF title,"Dustin Poirier's retirement fight set for UFC 318 vs. Max Holloway for BMF title Dustin Poirier's retirement fight is official, and it will happen in his home state of Louisiana. Beloved former interim UFC lightweight champion Poirier is set to have his last dance in the main event of UFC 318 on July 19 at Smoothie King Center in New Orleans (ESPN+ pay-per-view, ESPN, ESPN+). He will face Max Holloway in a five-round lightweight bout for the BMF title, marking the third career meeting between the two. Poirier (30-9 MMA, 22-8 UFC) announced the date, location and opponent for his retirement fight against Holloway (26-8 MMA, 22-8 UFC) on Friday during an appearance on the ""Pat McAfee Show"" from the NFL draft in Green Bay, Wisc. The proud Louisiana native is slated to announce a draft pick for the New Orleans Saints. ""The Diamond"" initially teased retirement prior to his fifth-round submission loss to lightweight champion Islam Makhachev at UFC 302 in June 2024. After discussions with his family, however, Poirier declared he would compete one last time and publicly pushed for the UFC to come back to New Orleans for the first time since June 2015. Poirier, 36, said his only other caveat for his final fight was to be matched up with a ""legend,"" and he will get just that with former longtime featherweight champion Holloway, 33, whom he has defeated twice already. The first showdown between them happened at UFC 143 in February 2012 in the 145-pound division. Then-23-year-old Poirier spoiled the short-notice octagon debut of a then-20-year-old Holloway, who succumbed to a first-round submission. A rematch would align at UFC 236 in April 2019, but under vastly different circumstances. With then-champion Khabib Nurmagomedov unavailable, Poirier was inserted into an interim lightweight title bout against Holloway, who was featherweight champion and riding a 13-fight winning streak. The pair put on a bloody Fight of the Year contender, with Poirier emerging by unanimous decision to snap Holloway's streak and set himself up for a unification bout against Nurmagomedov, where he ultimately fell short. Now Poirier and Holloway will meet again for the third and final time, a total of 4,914 days after the first contest. It marks the longest-spanning trilogy in UFC history. Both men have experienced highs, lows, greatness, disappointment and some of the biggest moments to happen in the octagon since the memorable rematch more than six years ago. There will be no shortage of stakes again, with Poirier looking to end his career on an unfathomably rare high as BMF champion, while Holloway looks to begin his fresh start at lightweight after losing to Ilia Topuria in October, as well as avoid falling 0-3 in another trilogy, as he did against Alexander Volkanovski.",2025-04-25,https://mmajunkie.usatoday.com/story/sports/ufc/2025/04/25/ufc-318-dustin-poirier-retirement-fight-max-holloway-bmf-title-new-orleans/83232284007/
UFC 318 | Pro fighters make their picks for Max Holloway vs Dustin Poirier 3 BMF title fight | BJPenn.com,"UFC 318 | Pro fighters make their picks for Max Holloway vs Dustin Poirier 3 BMF title fight In the main event of UFC 318, the BMF title is on the line as Max Holloway defends the strap in his trilogy bout with Dustin Poirier. Heading into the fight, Holloway is a -132 favorite while ‘The Diamond’ is a +104 underdog on FanDuel. Ahead of the BMF title fight at UFC 318, BJPENN.com reached out to several pro fighters to get their prediction for the scrap. The pros are leaning toward Poirier getting the job done in his retirement fight and going 3-0 against Holloway in his career. BJPENN.com Fighter Picks Max Holloway vs Dustin Poirier 3: Steve Garcia, UFC featherweight: Those are my two favorite fighters. But I think Max finally gets the win. I want Dustin to get the win in his retirement fight, but these guys are too evenly matched for Dustin to win all three. Marcus McGhee, UFC bantamweight: That is a tough one, both of them are studs and legends. I think Max has a chip on his shoulder to get the job done. I’ll lean Max, but man, whoever wins, I’ll be happy. Max Griffin, UFC welterweight: I’ve always been team Max, but I got Dustin Poirier. I think Dustin is going to go out with a big win here. Eryk Anders, UFC middleweight: Poirier is 2-0 against Holloway and is fighting at 155, where Poirier has had more success. It’s his retirement fight in his hometown, and I think he ends his career with a win. Diego Ferreira, UFC lightweight: I have to go with Poirier still. I think he is coming motivated and hungry to end his career with a win at home. He’s also 2-0 against Max, and he has his number. Drakkar Klose, UFC lightweight: Man, I like both guys, but I think Dustin Poirier gets it done again and rides off into the sunset. Austen Lane, UFC heavyweight: I love Max Holloway, but I’ve been seeing Dustin Poirier train at ATT, and he looks as good as ever. I have to go with Poirier, but it should be another all-time classic fight. *** Fighters picking Max Holloway: Steve Garcia, Marcus McGhee Fighters picking Dustin Poirier: Max Griffin, Eryk Anders, Diego Ferreira, Drakkar Klose, Austen Lane This article appeared first on BJPENN.COM Topics: Dustin Poirier Max Holloway UFC",2025-07-16,https://www.bjpenn.com/mma-news/max-holloway/ufc-318-pro-fighters-make-their-picks-for-max-holloway-vs-dustin-poirier-3-bmf-title-fight/
UFC 236: Holloway vs. Poirier 2 Fight Results - ESPN,"UFC 236: Holloway vs. Poirier 2 April 13, 2019 State Farm Arena, Atlanta, GA Main Card - Final Lightweight - Main Event - Title Fight Max Holloway 26-8-0 Final U Dec R5, 5:00 Dustin Poirier 30-9-0 USA 46-49 | 46-49 | 46-49USA - 0KD0 - 208/473TOT Strikes180/383 - 181/446SIG Strikes178/381 - 141/394Head153/349 - 39/50Body18/24 - 1/2Legs7/8 - 0:00Control1:47 - 0/0Take Downs1/8 - 1SUB ATT0 Middleweight - Title Fight Kelvin Gastelum 20-10-0 Final U Dec R5, 5:00 Israel Adesanya 24-5-0 USA 46-48 | 46-48 | 46-48Nigeria Light Heavyweight Eryk Anders 17-8-0 Final U Dec R3, 5:00 Khalil Rountree Jr. 15-6-0 USA 26-30 | 26-30 | 26-30USA Welterweight Alan Jouban 17-7-0 Final S Dec R3, 5:00 Dwight Grant 11-6-0 USA 28-29 | 30-27 | 28-29USA Light Heavyweight Ovince Saint Preux 27-18-0 Final Sub R2, 2:30 Nikita Krylov 30-10-0 Haiti Victory by Rear Naked ChokeRussia Prelims - Final Lightweight Jalin Turner 14-9-0 Final U Dec R3, 5:00 Matt Frevola 11-5-1 USA 27-30 | 27-30 | 27-30USA Flyweight Wilson Reis 28-14-0 Final KO/TKO R1, 2:58 Alexandre Pantoja 30-5-0 Brazil Victory by PunchBrazil Welterweight Max Griffin 20-12-0 Final M Dec R3, 5:00 Zelim Imadaev 8-3-0 USA 28-28 | 29-27 | 29-27Russia Bantamweight Boston Salmon 8-4-0 Final KO/TKO R1, 0:25 Khalid Taha 13-5-0 USA Victory by PunchLebanon Early Prelims - Final Welterweight Belal Muhammad 24-4-0 Final U Dec R3, 5:00 Curtis Millender 21-10-0 Palestine 30-26 | 29-27 | 29-27USA Bantamweight Montel Jackson 15-2-0 Final U Dec R3, 5:00 Andre Soukhamthath 14-10-0 USA 29-27 | 30-26 | 30-27USA Women's Flyweight Lauren Mueller 5-4-0 Final U Dec R3, 5:00 Poliana Botelho 9-5-0 USA 28-29 | 28-29 | 28-29Brazil Bantamweight Brandon Davis 14-11-0 Final Sub R2, 1:12 Randy Costa 7-4-0 USA Victory by Rear Naked ChokeUSA Latest Videos Poirier reads heartfelt retirement letters Poirier: Holloway's the perfect match for my retirement fight Why Dana White is amped up for Holloway vs. Poirier 3",2019-04-13,https://www.espn.com/mma/fightcenter/_/id/401107793/league/ufc
UFC 318: Make your predictions for Max Holloway vs. Dustin Poirier 3,"UFC UFC 318: Make your predictions for Max Holloway vs. Dustin Poirier 3 Make picks for Holloway vs. Poirier 3, Costa-Kopylov, Holland-Rodriguez, Pitbull-Ige and more in NOLA Matt Erickson MMA Junkie We want your predictions for UFC 318. Our staff picks feature includes the consensus picks from MMA Junkie readers. Simply cast your vote for each bout below, and we'll use the official tallies that are registered by Friday at noon ET (9 a.m. PT). Those reader consensus picks will be part of the main card staff predictions we release ahead of UFC 318 (ESPN, ESPN+), which takes place Saturday at Smoothie King Center in New Orleans. Nicolle Caliari vs. Carli Judice - Records: Caliari (8-3 MMA, 0-1 UFC), Judice (4-2 MMA, 1-1 UFC) - Past five: Caliari 4-1, Judice 3-2 - Division: Women’s flyweight - Rankings: None - Odds (as of 07.14.25): Caliari +205, Judice -250 Brunno Ferreira vs. Jackson McVey - Records: Ferreira (13-2 MMA, 4-2 UFC), McVey (6-0 MMA, 0-0 UFC) - Past five: Ferreira 3-2, McVey 5-0 - Division: Middleweight - Rankings: None - Odds (as of 07.14.25): Ferreira -600, McVey +440 Lukasz Brzeski vs. Ryan Spann - Records: Brzeski (9-6-1 MMA, 1-5 UFC), Spann (22-11 MMA, 8-6 UFC) - Past five: Brzeski 1-4, Spann 1-4 - Division: Heavyweight - Rankings: None - Odds (as of 07.14.25): Brzeski +180, Spann -220 Jimmy Crute vs. Marcin Prachnio - Records: Crute (12-4-2 MMA, 4-4-2 UFC), Prachnio (17-8 MMA, 4-6 UFC) - Past five: Crute 0-3-2, Prachnio 2-3 - Division: Light heavyweight - Rankings: None - Odds (as of 07.14.25): Crute -240, Prachnio +195 Islam Dulatov vs. Adam Fugitt - Records: Dulatov (11-1 MMA, 0-0 UFC), Fugitt (10-4 MMA, 2-2 UFC) - Past five: Dulatov 5-0, Fugitt 3-2 - Division: Welterweight - Rankings: None - Odds (as of 07.14.25): Dulatov -575, Fugitt +425 Ateba Gautier vs. Robert Valentin - Records: Gautier (7-1 MMA, 1-0 UFC), Valentin (10-5 MMA, 0-2 UFC) - Past five: Gautier 5-0, Valentin 3-2 - Division: Middleweight - Rankings: None - Odds (as of 07.14.25): Gautier -470, Valentin +360 Francisco Prado vs. Nikolay Veretennikov - Records: Prado (12-3 MMA, 1-3 UFC), Veretennikov (12-6 MMA, 0-2 UFC) - Past five: Prado 2-3, Veretennikov 3-2 - Division: Welterweight - Rankings: None - Odds (as of 07.14.25): Prado -135, Veretennikov +115 Brendan Allen vs. Marvin Vettori - Records: Allen (24-7 MMA, 12-4 UFC), Vettori (19-7-1 MMA, 9-6-1 UFC) - Past five: Allen 2-3, Vettori 2-3 - Division: Middleweight - Rankings: Vettori No. 13, Allen No. 14 - Odds (as of 07.14.25): Allen -245, Vettori +200 Vinicius Oliveira vs. Kyler Phillips - Records: Oliveira (22-3 MMA, 3-0 UFC), Phillips (12-3 MMA, 6-2 UFC) - Past five: Oliveira 5-0, Phillips 3-2 - Division: Bantamweight - Rankings: Oliveira No. 13, Phillips honorable mention - Odds (as of 07.14.25): Oliveira -165, Phillips +140 Michael Johnson vs. Daniel Zellhuber - Records: Johnson (23-19 MMA, 15-15 UFC), Zellhuber (15-2 MMA, 3-2 UFC) - Past five: Johnson 3-2, Zellhuber 3-2 - Division: Lightweight - Rankings: None - Odds (as of 07.14.25): Johnson +380, Zellhuber -500 Patricio Freire vs. Dan Ige - Records: Freire (36-8 MMA, 0-1 UFC), Ige (19-9 MMA, 11-8 UFC) - Past five: Freire 2-3, Ige 3-2 - Division: Featherweight - Rankings: None - Odds (as of 07.14.25): Freire +140, Ige -170 Kevin Holland vs. Daniel Rodriguez - Records: Holland (28-13 MMA, 15-10 UFC), Rodriguez (19-5 MMA, 9-4 UFC) - Past five: Holland 3-2, Rodriguez 2-3 - Division: Welterweight - Rankings: Holland honorable mention - Odds (as of 07.14.25): Holland -395, Rodriguez +310 Paulo Costa vs. Roman Kopylov - Records: Costa (14-4 MMA, 6-4 UFC), Kopylov (14-3 MMA, 6-3 UFC) - Past five: Costa 2-3, Kopylov 4-1 - Division: Middleweight - Rankings: Kopylov honorable mention - Odds (as of 07.14.25): Costa +200, Kopylov -245 Max Holloway vs. Dustin Poirier - Records: Holloway (26-8 MMA, 22-8 UFC), Poirier (30-9 MMA, 22-8 UFC) - Past five: Holloway 3-2, Poirier 2-3 - Division: Lightweight - Rankings: Holloway No. 2 (featherweight), honorable mention pound-for-pound; Poirier No. 6 (lightweight) - Odds (as of 07.14.25): Holloway -125, Poirier +105 UFC 318 fight card (as of July 14, 3 p.m. ET) MAIN CARD (Pay-per-view, 10 p.m. ET) - Max Holloway vs. Dustin Poirier – for BMF title - Paulo Costa vs. Roman Kopylov - Kevin Holland vs. Daniel Rodriguez - Patricio Freire vs. Dan Ige - Michael Johnson vs. Daniel Zellhuber PRELIMINARY CARD (ESPN/ESPN+, 8 p.m. ET) - Vinicius Oliveira vs. Kyler Phillips - Brendan Allen vs. Marvin Vettori - Francisco Prado vs. Nikolay Veretennikov - Ateba Gautier vs. Robert Valentin PRELIMINARY CARD (ESPN+, 6 p.m. ET) - Islam Dulatov vs. Adam Fugitt - Jimmy Crute vs. Marcin Prachnio - Lukasz Brzeski vs. Ryan Spann - Brunno Ferreira vs. Jackson McVey - Nicolle Caliari vs. Carli Judice",2025-07-14,https://mmajunkie.usatoday.com/story/sports/ufc/2025/07/14/ufc-318-max-holloway-vs-dustin-poirier-3-new-orleans-retirement-trilogy-reader-predictions-picks/85198095007/
"Max Holloway vs. Dustin Poirier II, UFC 236 | MMA Bout | Tapology","Fighter Comparison | Poirier | Holloway | ||| | 24-5-0 Climbed to 25-5 | Pro Record | 20-3-0 Fell to 20-4 | || | Climbed to 25-5 | Record After Fight | Fell to 20-4 | || | +200 (Moderate Underdog) | Betting Odds | -265 (Moderate Favorite) | || | Vacant Lightweight | Title | Vacant Lightweight | || | | Nation | | || | Coconut Creek Florida | Fights out of | Waianae Hawaii | || | 30 +2 mos, 3 wks, 4 days | Age at Fight | 27 +4 mos, 1 week, 2 days | || | 154.5 lbs (70.1 kgs) | Weigh-In Result | 155.0 lbs (70.3 kgs) | || | 5'9"" (175cm) | Height | 5'11"" (180cm) | || | 73.0"" (185cm) | Reach | 69.0"" (175cm) | || | American Top Team | Gym | Gracie Technics | Holloway vs. Poirier II Fight Predictions Fight Predictions Tapology Community Picks: 2,621 Bout Information Event Poster Fight Details - Event: UFC 236: Holloway vs. Poirier 2 - Date: Saturday 04.13.2019 at 10:00 PM ET - Referee: Blake Grice - Venue: State Farm Arena - Enclosure: Octagon - Location: Atlanta, Georgia, United States - Bout Billing: Main Event (fight 13 of 13) - Pro/Am: Professional - Weight: 155 lbs (70.3 kg) - TV Commentary: Jon Anik, Joe Rogan, Daniel Cormier - Broadcast: Aired Live on Main Card - Post-Fight Interviewer: Joe Rogan - Holloway Disclosed Pay: $400,000 - Poirier Disclosed Pay: $300,000 - Title on Line: UFC Interim Lightweight Championship - Belt Before Fight: Vacant - Event Links: - Bout Links:",2018-12-30,https://www.tapology.com/fightcenter/bouts/414420-ufc-236-max-blessed-holloway-vs-dustin-the-diamond-poirier
Max Holloway Vs. Dustin Poirier Preview,"Max Holloway faces Dustin Poirier at UFC 318 on July 19 in a defense of his BMF belt as we preview this upcoming fight. Holloway won the BMF Belt after stopping Justin Gaethje at UFC 300, with just one second left in the fight. However, he subsequently suffered a knockout loss to Ilia Topuria in a bid for the featherweight title. Crucially, the BMF belt was not on the line in that bout, leaving Holloway with something to defend. For Dustin Poirier, this fight represents an emotional farewell in his home state of Louisiana. Dustin expressed his desire for one last fight after his submission loss to Islam Makhachev. Poirier has fallen short in title fights against the likes of Khabib Nurmagomedov, Charles Oliveira, and Makhachev. He also previously vied for the BMF title, suffering a knockout loss to Justin Gaethje. This bout is a chance for Poirier to cap off his career on a high note. He holds two previous victories over Holloway, making this trilogy a pivotal moment for both. “(I’m) 100 percent sure he would [exchange]. Last dance. Last 10 seconds. Point down to the ground. He might even do it. I’m 100 percent sure he’s going to bring it. Hearing those words excites me. If it’s a war he wants, it’s a war he’s going to get. It’s going to be a bunch of knuckleheads in there. I wouldn’t want it any other way, especially with the BMF title on the line,” Holloway said “I think we’re both different. We’ve learned a lot, had some huge fights between us, and fought some great opponents since our last fight. We’re not the same people. I’m proud of it [fighting in my hometown]. Being the reason that they come back, it’s huge for me and the people of Louisiana. I started my diet a few weeks before I came out to training camp. I’ve been in south Florida for eight weeks now. I’ve been just trying to get ahead of everything and try to make the last dance,” Poirier said Dustin Poirier vs. Max Holloway Paulo Costa vs. Roman Kopylov Kevin Holland vs. Daniel Rodriguez Dan Ige vs. Patricio Pitbull Michael Johnson vs. Daniel Zellhuber Kyler Phillips vs. Vinicius Oliveira Marvin Vettori vs. Brendan Allen Francisco Prado vs. Nikolay Veretennikov Ateba Gautier vs. Robert Valentin Adam Fugitt vs. Islam Dulatov Jimmy Crute vs. Marcin Prachnio Ryan Spann vs. Lukasz Brzeski Brunno Ferreira vs. Jackson McVey Carli Judice vs. Nicolle Caliari More must-reads: Get the latest news and rumors, customized to your favorite sports and teams. Emailed daily. Always free!",2025-07-14,https://www.yardbarker.com/mma/articles/max_holloway_vs_dustin_poirier_preview/s1_17349_42451020
Max Holloway Record: 26-8-0,"Blessed SLpM - Significant Strikes Landed per Minute Str. Acc. - Significant Striking Accuracy SApM - Significant Strikes Absorbed per Minute Str. Def. - Significant Strike Defence (the % of opponents strikes that did not land) TD Avg. - Average Takedowns Landed per 15 minutes TD Acc. - Takedown Accuracy TD Def. - Takedown Defense (the % of opponents TD attempts that did not land) Sub. Avg. - Average Submissions Attempted per 15 minutes | W/L | Fighter | Kd | Str | Td | Sub | Event | Method | Round | Time | |---|---|---|---|---|---|---|---|---|---| | UFC 318: Holloway vs. Poirier 3 Jul. 19, 2025 | ||||||||| | 0 1 | 79 75 | 0 2 | 0 0 | Oct. 26, 2024 | KO/TKO Punch | 3 | 1:34 | || | 1 0 | 181 103 | 0 0 | 0 0 | Apr. 13, 2024 | KO/TKO Punch | 5 | 4:59 | || | 2 0 | 75 34 | 0 0 | 1 0 | UFC Fight Night: Holloway vs. The Korean Zombie Aug. 26, 2023 | KO/TKO Punch | 3 | 0:23 | || | 0 0 | 147 76 | 0 0 | 0 0 | UFC Fight Night: Holloway vs. Allen Apr. 15, 2023 | U-DEC | 5 | 5:00 | || | 0 0 | 127 199 | 0 0 | 0 0 | UFC 276: Adesanya vs. Cannonier Jul. 02, 2022 | U-DEC | 5 | 5:00 | || | 0 0 | 230 159 | 3 1 | 1 0 | UFC Fight Night: Holloway vs. Rodriguez Nov. 13, 2021 | U-DEC | 5 | 5:00 | || | 0 0 | 445 133 | 0 0 | 0 0 | UFC Fight Night: Holloway vs. Kattar Jan. 16, 2021 | U-DEC | 5 | 5:00 | || | 0 0 | 102 137 | 0 3 | 0 0 | Jul. 11, 2020 | S-DEC | 5 | 5:00 | || | 0 0 | 134 157 | 0 0 | 0 0 | Dec. 14, 2019 | U-DEC | 5 | 5:00 | || | 0 0 | 129 96 | 0 1 | 0 0 | Jul. 27, 2019 | U-DEC | 5 | 5:00 | || | 0 0 | 181 178 | 0 1 | 1 0 | UFC 236: Holloway vs. Poirier 2 Apr. 13, 2019 | U-DEC | 5 | 5:00 | || | 0 0 | 290 110 | 1 2 | 0 0 | Dec. 08, 2018 | KO/TKO | 4 | 5:00 | || | 0 0 | 174 87 | 0 0 | 0 0 | Dec. 02, 2017 | KO/TKO Punches | 3 | 4:51 | || | 1 0 | 104 55 | 0 0 | 0 0 | Jun. 03, 2017 | KO/TKO Punches | 3 | 4:13 | || | 1 0 | 94 53 | 2 0 | 0 0 | Dec. 10, 2016 | KO/TKO Punches | 3 | 4:50 | || | 0 0 | 103 64 | 0 0 | 2 0 | UFC 199: Rockhold vs. Bisping 2 Jun. 04, 2016 | U-DEC | 3 | 5:00 | || | 0 0 | 57 47 | 1 0 | 0 0 | Dec. 12, 2015 | U-DEC | 3 | 5:00 | || | 0 0 | 14 5 | 0 0 | 0 0 | UFC Fight Night: Holloway vs Oliveira Aug. 23, 2015 | KO/TKO | 1 | 1:39 | || | 0 0 | 82 56 | 0 0 | 3 0 | UFC on FOX: Machida vs Rockhold Apr. 18, 2015 | SUB Guillotine Choke | 3 | 3:58 | || | 0 0 | 57 31 | 1 0 | 0 0 | UFC Fight Night: Henderson vs Thatch Feb. 14, 2015 | U-DEC | 3 | 5:00 | || | 1 0 | 31 11 | 0 0 | 0 0 | UFC Fight Night: Nelson vs Story Oct. 04, 2014 | KO/TKO Punch | 1 | 3:11 | || | 0 0 | 124 70 | 0 1 | 0 0 | UFC Fight Night: Henderson vs Dos Anjos Aug. 23, 2014 | KO/TKO Punches | 3 | 3:47 | || | 0 0 | 47 44 | 0 3 | 2 0 | Apr. 26, 2014 | SUB Guillotine Choke | 3 | 3:39 | || | 2 0 | 74 33 | 0 0 | 0 0 | UFC Fight Night: Saffiedine vs Lim Jan. 04, 2014 | KO/TKO Punch | 2 | 2:27 | || | 0 0 | 23 53 | 0 4 | 0 0 | UFC Fight Night: Shogun vs Sonnen Aug. 17, 2013 | U-DEC | 3 | 5:00 | || | 0 0 | 75 73 | 0 4 | 0 0 | May. 25, 2013 | S-DEC | 3 | 5:00 | || | 1 0 | 120 89 | 0 2 | 0 0 | UFC 155: Dos Santos vs Velasquez II Dec. 29, 2012 | S-DEC | 3 | 5:00 | || | 1 0 | 29 32 | 0 1 | 0 0 | UFC 150: Henderson vs Edgar II Aug. 11, 2012 | KO/TKO Punch | 2 | 4:49 | || | 1 0 | 118 27 | 0 0 | 0 0 | The Ultimate Fighter: Live Finale Jun. 01, 2012 | U-DEC | 3 | 5:00 | || | 0 0 | 11 11 | 0 1 | 0 3 | Feb. 04, 2012 | SUB Triangle Armbar | 1 | 3:23 |",2012-02-04,http://ufcstats.com/fighter-details/150ff4cc642270b9
Dustin Poirier's Retirement Fight Will Be Against One Of His Greatest Rivals Ever,"Summary - Dustin Poirier vs Max Holloway III will headline UFC 318 in New Orleans for the BMF title. - Fans are in for a historic trilogy fight between the two legends. - Poirier's retirement fight at UFC 318 has been confirmed; he will likely be inducted into the UFC Hall of Fame in 2026. UFC 318 will see Dustin Poirier compete in his last ever fight in front of his home state of Louisiana. Many were expecting a specific fighter to be named as his last opponent, and fortunately all the rumors were right as Poirier is set to compete for the BMF title. Dustin Poirier: Age, Height, Wife, Record & More Discover everything about UFC star Dustin Poirier, including his age, height, wife, fight record, and more. Dustin Poirier Vs Max Holloway 3 To Headline UFC 318 Fans Will Get To Witness A Historic Trilogy Between Two Legends At UFC 318 in New Orleans, Poirier will face off against his long-time rival and respected opponent Max Holloway, as the two legends look to fight for the third and last time. Holloway is currently the BMF Champion, as the title was not on the line in his UFC 308 fight against Ilia Topuria. Holloway vs Poirier 3 is a much-needed fight during a time when many are concerned that the UFC is losing its starpower and is struggling to make intriguing fights. This is one of the most highly-anticipated trilogies in MMA history, as two all-timers will face off in The Diamond's last bout. Is Dustin Poirier's Retirement Fight Confirmed? It's Set, There Will Be No More Fights For The Diamond It is not a speculation; UFC 318 will be the last fight of Poirier's career, which is something he has confirmed on multiple occasions. There were rumors about Poirier's last fight being at UFC 302 against Islam Makhachev, but that isn't the case as he wants to step inside the octagon for the last time in the same place that he started. Poirier will arguably go down as the greatest MMA fighter to never win a world title, having one of the best resumes in UFC history. He has defeated the likes of Holloway, Conor McGregor, Dan Hooker, Justin Gaethje, and many more. After his retirement at UFC 318, Dana White will be quick to induct Poirier into the UFC Hall of Fame, which will almost certainly happen in 2026. UFC 302 Fight Purses Revealed: Makhachev and Poirier Set for Lucrative Paydays Makhachev and Poirier will earn seven-figure salaries at UFC 302 main event.",2025-04-25,https://www.thesportster.com/dustin-poirier-max-holloway-trilogy-ufc-318/
Dustin Poirier's retirement fight set for UFC 318 vs. Max Holloway for BMF title,"Dustin Poirier's retirement fight set for UFC 318 vs. Max Holloway for BMF title Dustin Poirier's retirement fight is official, and it will happen in his home state of Louisiana. Beloved former interim UFC lightweight champion Poirier is set to have his last dance in the main event of UFC 318 on July 19 at Smoothie King Center in New Orleans (ESPN+ pay-per-view, ESPN, ESPN+). He will face Max Holloway in a five-round lightweight bout for the BMF title, marking the third career meeting between the two. Poirier (30-9 MMA, 22-8 UFC) announced the date, location and opponent for his retirement fight against Holloway (26-8 MMA, 22-8 UFC) on Friday during an appearance on the ""Pat McAfee Show"" from the NFL draft in Green Bay, Wisc. The proud Louisiana native is slated to announce a draft pick for the New Orleans Saints. ""The Diamond"" initially teased retirement prior to his fifth-round submission loss to lightweight champion Islam Makhachev at UFC 302 in June 2024. After discussions with his family, however, Poirier declared he would compete one last time and publicly pushed for the UFC to come back to New Orleans for the first time since June 2015. Poirier, 36, said his only other caveat for his final fight was to be matched up with a ""legend,"" and he will get just that with former longtime featherweight champion Holloway, 33, whom he has defeated twice already. The first showdown between them happened at UFC 143 in February 2012 in the 145-pound division. Then-23-year-old Poirier spoiled the short-notice octagon debut of a then-20-year-old Holloway, who succumbed to a first-round submission. A rematch would align at UFC 236 in April 2019, but under vastly different circumstances. With then-champion Khabib Nurmagomedov unavailable, Poirier was inserted into an interim lightweight title bout against Holloway, who was featherweight champion and riding a 13-fight winning streak. The pair put on a bloody Fight of the Year contender, with Poirier emerging by unanimous decision to snap Holloway's streak and set himself up for a unification bout against Nurmagomedov, where he ultimately fell short. Now Poirier and Holloway will meet again for the third and final time, a total of 4,914 days after the first contest. It marks the longest-spanning trilogy in UFC history. Both men have experienced highs, lows, greatness, disappointment and some of the biggest moments to happen in the octagon since the memorable rematch more than six years ago. There will be no shortage of stakes again, with Poirier looking to end his career on an unfathomably rare high as BMF champion, while Holloway looks to begin his fresh start at lightweight after losing to Ilia Topuria in October, as well as avoid falling 0-3 in another trilogy, as he did against Alexander Volkanovski.",2025-04-25,https://mmajunkie.usatoday.com/story/sports/ufc/2025/04/25/ufc-318-dustin-poirier-retirement-fight-max-holloway-bmf-title-new-orleans/83232284007/
UFC 318 | Pro fighters make their picks for Max Holloway vs Dustin Poirier 3 BMF title fight | BJPenn.com,"UFC 318 | Pro fighters make their picks for Max Holloway vs Dustin Poirier 3 BMF title fight In the main event of UFC 318, the BMF title is on the line as Max Holloway defends the strap in his trilogy bout with Dustin Poirier. Heading into the fight, Holloway is a -132 favorite while ‘The Diamond’ is a +104 underdog on FanDuel. Ahead of the BMF title fight at UFC 318, BJPENN.com reached out to several pro fighters to get their prediction for the scrap. The pros are leaning toward Poirier getting the job done in his retirement fight and going 3-0 against Holloway in his career. BJPENN.com Fighter Picks Max Holloway vs Dustin Poirier 3: Steve Garcia, UFC featherweight: Those are my two favorite fighters. But I think Max finally gets the win. I want Dustin to get the win in his retirement fight, but these guys are too evenly matched for Dustin to win all three. Marcus McGhee, UFC bantamweight: That is a tough one, both of them are studs and legends. I think Max has a chip on his shoulder to get the job done. I’ll lean Max, but man, whoever wins, I’ll be happy. Max Griffin, UFC welterweight: I’ve always been team Max, but I got Dustin Poirier. I think Dustin is going to go out with a big win here. Eryk Anders, UFC middleweight: Poirier is 2-0 against Holloway and is fighting at 155, where Poirier has had more success. It’s his retirement fight in his hometown, and I think he ends his career with a win. Diego Ferreira, UFC lightweight: I have to go with Poirier still. I think he is coming motivated and hungry to end his career with a win at home. He’s also 2-0 against Max, and he has his number. Drakkar Klose, UFC lightweight: Man, I like both guys, but I think Dustin Poirier gets it done again and rides off into the sunset. Austen Lane, UFC heavyweight: I love Max Holloway, but I’ve been seeing Dustin Poirier train at ATT, and he looks as good as ever. I have to go with Poirier, but it should be another all-time classic fight. *** Fighters picking Max Holloway: Steve Garcia, Marcus McGhee Fighters picking Dustin Poirier: Max Griffin, Eryk Anders, Diego Ferreira, Drakkar Klose, Austen Lane This article appeared first on BJPENN.COM Topics: Dustin Poirier Max Holloway UFC",2025-07-16,https://www.bjpenn.com/mma-news/max-holloway/ufc-318-pro-fighters-make-their-picks-for-max-holloway-vs-dustin-poirier-3-bmf-title-fight/
UFC 236: Holloway vs. Poirier 2 Fight Results - ESPN,"UFC 236: Holloway vs. Poirier 2 April 13, 2019 State Farm Arena, Atlanta, GA Main Card - Final Lightweight - Main Event - Title Fight Max Holloway 26-8-0 Final U Dec R5, 5:00 Dustin Poirier 30-9-0 USA 46-49 | 46-49 | 46-49USA - 0KD0 - 208/473TOT Strikes180/383 - 181/446SIG Strikes178/381 - 141/394Head153/349 - 39/50Body18/24 - 1/2Legs7/8 - 0:00Control1:47 - 0/0Take Downs1/8 - 1SUB ATT0 Middleweight - Title Fight Kelvin Gastelum 20-10-0 Final U Dec R5, 5:00 Israel Adesanya 24-5-0 USA 46-48 | 46-48 | 46-48Nigeria Light Heavyweight Eryk Anders 17-8-0 Final U Dec R3, 5:00 Khalil Rountree Jr. 15-6-0 USA 26-30 | 26-30 | 26-30USA Welterweight Alan Jouban 17-7-0 Final S Dec R3, 5:00 Dwight Grant 11-6-0 USA 28-29 | 30-27 | 28-29USA Light Heavyweight Ovince Saint Preux 27-18-0 Final Sub R2, 2:30 Nikita Krylov 30-10-0 Haiti Victory by Rear Naked ChokeRussia Prelims - Final Lightweight Jalin Turner 14-9-0 Final U Dec R3, 5:00 Matt Frevola 11-5-1 USA 27-30 | 27-30 | 27-30USA Flyweight Wilson Reis 28-14-0 Final KO/TKO R1, 2:58 Alexandre Pantoja 30-5-0 Brazil Victory by PunchBrazil Welterweight Max Griffin 20-12-0 Final M Dec R3, 5:00 Zelim Imadaev 8-3-0 USA 28-28 | 29-27 | 29-27Russia Bantamweight Boston Salmon 8-4-0 Final KO/TKO R1, 0:25 Khalid Taha 13-5-0 USA Victory by PunchLebanon Early Prelims - Final Welterweight Belal Muhammad 24-4-0 Final U Dec R3, 5:00 Curtis Millender 21-10-0 Palestine 30-26 | 29-27 | 29-27USA Bantamweight Montel Jackson 15-2-0 Final U Dec R3, 5:00 Andre Soukhamthath 14-10-0 USA 29-27 | 30-26 | 30-27USA Women's Flyweight Lauren Mueller 5-4-0 Final U Dec R3, 5:00 Poliana Botelho 9-5-0 USA 28-29 | 28-29 | 28-29Brazil Bantamweight Brandon Davis 14-11-0 Final Sub R2, 1:12 Randy Costa 7-4-0 USA Victory by Rear Naked ChokeUSA Latest Videos Poirier reads heartfelt retirement letters Poirier: Holloway's the perfect match for my retirement fight Why Dana White is amped up for Holloway vs. Poirier 3",2019-04-13,https://www.espn.com/mma/fightcenter/_/id/401107793/league/ufc
UFC 318: Make your predictions for Max Holloway vs. Dustin Poirier 3,"UFC UFC 318: Make your predictions for Max Holloway vs. Dustin Poirier 3 Make picks for Holloway vs. Poirier 3, Costa-Kopylov, Holland-Rodriguez, Pitbull-Ige and more in NOLA Matt Erickson MMA Junkie We want your predictions for UFC 318. Our staff picks feature includes the consensus picks from MMA Junkie readers. Simply cast your vote for each bout below, and we'll use the official tallies that are registered by Friday at noon ET (9 a.m. PT). Those reader consensus picks will be part of the main card staff predictions we release ahead of UFC 318 (ESPN, ESPN+), which takes place Saturday at Smoothie King Center in New Orleans. Nicolle Caliari vs. Carli Judice - Records: Caliari (8-3 MMA, 0-1 UFC), Judice (4-2 MMA, 1-1 UFC) - Past five: Caliari 4-1, Judice 3-2 - Division: Women’s flyweight - Rankings: None - Odds (as of 07.14.25): Caliari +205, Judice -250 Brunno Ferreira vs. Jackson McVey - Records: Ferreira (13-2 MMA, 4-2 UFC), McVey (6-0 MMA, 0-0 UFC) - Past five: Ferreira 3-2, McVey 5-0 - Division: Middleweight - Rankings: None - Odds (as of 07.14.25): Ferreira -600, McVey +440 Lukasz Brzeski vs. Ryan Spann - Records: Brzeski (9-6-1 MMA, 1-5 UFC), Spann (22-11 MMA, 8-6 UFC) - Past five: Brzeski 1-4, Spann 1-4 - Division: Heavyweight - Rankings: None - Odds (as of 07.14.25): Brzeski +180, Spann -220 Jimmy Crute vs. Marcin Prachnio - Records: Crute (12-4-2 MMA, 4-4-2 UFC), Prachnio (17-8 MMA, 4-6 UFC) - Past five: Crute 0-3-2, Prachnio 2-3 - Division: Light heavyweight - Rankings: None - Odds (as of 07.14.25): Crute -240, Prachnio +195 Islam Dulatov vs. Adam Fugitt - Records: Dulatov (11-1 MMA, 0-0 UFC), Fugitt (10-4 MMA, 2-2 UFC) - Past five: Dulatov 5-0, Fugitt 3-2 - Division: Welterweight - Rankings: None - Odds (as of 07.14.25): Dulatov -575, Fugitt +425 Ateba Gautier vs. Robert Valentin - Records: Gautier (7-1 MMA, 1-0 UFC), Valentin (10-5 MMA, 0-2 UFC) - Past five: Gautier 5-0, Valentin 3-2 - Division: Middleweight - Rankings: None - Odds (as of 07.14.25): Gautier -470, Valentin +360 Francisco Prado vs. Nikolay Veretennikov - Records: Prado (12-3 MMA, 1-3 UFC), Veretennikov (12-6 MMA, 0-2 UFC) - Past five: Prado 2-3, Veretennikov 3-2 - Division: Welterweight - Rankings: None - Odds (as of 07.14.25): Prado -135, Veretennikov +115 Brendan Allen vs. Marvin Vettori - Records: Allen (24-7 MMA, 12-4 UFC), Vettori (19-7-1 MMA, 9-6-1 UFC) - Past five: Allen 2-3, Vettori 2-3 - Division: Middleweight - Rankings: Vettori No. 13, Allen No. 14 - Odds (as of 07.14.25): Allen -245, Vettori +200 Vinicius Oliveira vs. Kyler Phillips - Records: Oliveira (22-3 MMA, 3-0 UFC), Phillips (12-3 MMA, 6-2 UFC) - Past five: Oliveira 5-0, Phillips 3-2 - Division: Bantamweight - Rankings: Oliveira No. 13, Phillips honorable mention - Odds (as of 07.14.25): Oliveira -165, Phillips +140 Michael Johnson vs. Daniel Zellhuber - Records: Johnson (23-19 MMA, 15-15 UFC), Zellhuber (15-2 MMA, 3-2 UFC) - Past five: Johnson 3-2, Zellhuber 3-2 - Division: Lightweight - Rankings: None - Odds (as of 07.14.25): Johnson +380, Zellhuber -500 Patricio Freire vs. Dan Ige - Records: Freire (36-8 MMA, 0-1 UFC), Ige (19-9 MMA, 11-8 UFC) - Past five: Freire 2-3, Ige 3-2 - Division: Featherweight - Rankings: None - Odds (as of 07.14.25): Freire +140, Ige -170 Kevin Holland vs. Daniel Rodriguez - Records: Holland (28-13 MMA, 15-10 UFC), Rodriguez (19-5 MMA, 9-4 UFC) - Past five: Holland 3-2, Rodriguez 2-3 - Division: Welterweight - Rankings: Holland honorable mention - Odds (as of 07.14.25): Holland -395, Rodriguez +310 Paulo Costa vs. Roman Kopylov - Records: Costa (14-4 MMA, 6-4 UFC), Kopylov (14-3 MMA, 6-3 UFC) - Past five: Costa 2-3, Kopylov 4-1 - Division: Middleweight - Rankings: Kopylov honorable mention - Odds (as of 07.14.25): Costa +200, Kopylov -245 Max Holloway vs. Dustin Poirier - Records: Holloway (26-8 MMA, 22-8 UFC), Poirier (30-9 MMA, 22-8 UFC) - Past five: Holloway 3-2, Poirier 2-3 - Division: Lightweight - Rankings: Holloway No. 2 (featherweight), honorable mention pound-for-pound; Poirier No. 6 (lightweight) - Odds (as of 07.14.25): Holloway -125, Poirier +105 UFC 318 fight card (as of July 14, 3 p.m. ET) MAIN CARD (Pay-per-view, 10 p.m. ET) - Max Holloway vs. Dustin Poirier – for BMF title - Paulo Costa vs. Roman Kopylov - Kevin Holland vs. Daniel Rodriguez - Patricio Freire vs. Dan Ige - Michael Johnson vs. Daniel Zellhuber PRELIMINARY CARD (ESPN/ESPN+, 8 p.m. ET) - Vinicius Oliveira vs. Kyler Phillips - Brendan Allen vs. Marvin Vettori - Francisco Prado vs. Nikolay Veretennikov - Ateba Gautier vs. Robert Valentin PRELIMINARY CARD (ESPN+, 6 p.m. ET) - Islam Dulatov vs. Adam Fugitt - Jimmy Crute vs. Marcin Prachnio - Lukasz Brzeski vs. Ryan Spann - Brunno Ferreira vs. Jackson McVey - Nicolle Caliari vs. Carli Judice",2025-07-14,https://mmajunkie.usatoday.com/story/sports/ufc/2025/07/14/ufc-318-max-holloway-vs-dustin-poirier-3-new-orleans-retirement-trilogy-reader-predictions-picks/85198095007/
"Max Holloway vs. Dustin Poirier II, UFC 236 | MMA Bout | Tapology","Fighter Comparison | Poirier | Holloway | ||| | 24-5-0 Climbed to 25-5 | Pro Record | 20-3-0 Fell to 20-4 | || | Climbed to 25-5 | Record After Fight | Fell to 20-4 | || | +200 (Moderate Underdog) | Betting Odds | -265 (Moderate Favorite) | || | Vacant Lightweight | Title | Vacant Lightweight | || | | Nation | | || | Coconut Creek Florida | Fights out of | Waianae Hawaii | || | 30 +2 mos, 3 wks, 4 days | Age at Fight | 27 +4 mos, 1 week, 2 days | || | 154.5 lbs (70.1 kgs) | Weigh-In Result | 155.0 lbs (70.3 kgs) | || | 5'9"" (175cm) | Height | 5'11"" (180cm) | || | 73.0"" (185cm) | Reach | 69.0"" (175cm) | || | American Top Team | Gym | Gracie Technics | Holloway vs. Poirier II Fight Predictions Fight Predictions Tapology Community Picks: 2,621 Bout Information Event Poster Fight Details - Event: UFC 236: Holloway vs. Poirier 2 - Date: Saturday 04.13.2019 at 10:00 PM ET - Referee: Blake Grice - Venue: State Farm Arena - Enclosure: Octagon - Location: Atlanta, Georgia, United States - Bout Billing: Main Event (fight 13 of 13) - Pro/Am: Professional - Weight: 155 lbs (70.3 kg) - TV Commentary: Jon Anik, Joe Rogan, Daniel Cormier - Broadcast: Aired Live on Main Card - Post-Fight Interviewer: Joe Rogan - Holloway Disclosed Pay: $400,000 - Poirier Disclosed Pay: $300,000 - Title on Line: UFC Interim Lightweight Championship - Belt Before Fight: Vacant - Event Links: - Bout Links:",2018-12-30,https://www.tapology.com/fightcenter/bouts/414420-ufc-236-max-blessed-holloway-vs-dustin-the-diamond-poirier
Max Holloway Vs. Dustin Poirier Preview,"Max Holloway faces Dustin Poirier at UFC 318 on July 19 in a defense of his BMF belt as we preview this upcoming fight. Holloway won the BMF Belt after stopping Justin Gaethje at UFC 300, with just one second left in the fight. However, he subsequently suffered a knockout loss to Ilia Topuria in a bid for the featherweight title. Crucially, the BMF belt was not on the line in that bout, leaving Holloway with something to defend. For Dustin Poirier, this fight represents an emotional farewell in his home state of Louisiana. Dustin expressed his desire for one last fight after his submission loss to Islam Makhachev. Poirier has fallen short in title fights against the likes of Khabib Nurmagomedov, Charles Oliveira, and Makhachev. He also previously vied for the BMF title, suffering a knockout loss to Justin Gaethje. This bout is a chance for Poirier to cap off his career on a high note. He holds two previous victories over Holloway, making this trilogy a pivotal moment for both. “(I’m) 100 percent sure he would [exchange]. Last dance. Last 10 seconds. Point down to the ground. He might even do it. I’m 100 percent sure he’s going to bring it. Hearing those words excites me. If it’s a war he wants, it’s a war he’s going to get. It’s going to be a bunch of knuckleheads in there. I wouldn’t want it any other way, especially with the BMF title on the line,” Holloway said “I think we’re both different. We’ve learned a lot, had some huge fights between us, and fought some great opponents since our last fight. We’re not the same people. I’m proud of it [fighting in my hometown]. Being the reason that they come back, it’s huge for me and the people of Louisiana. I started my diet a few weeks before I came out to training camp. I’ve been in south Florida for eight weeks now. I’ve been just trying to get ahead of everything and try to make the last dance,” Poirier said Dustin Poirier vs. Max Holloway Paulo Costa vs. Roman Kopylov Kevin Holland vs. Daniel Rodriguez Dan Ige vs. Patricio Pitbull Michael Johnson vs. Daniel Zellhuber Kyler Phillips vs. Vinicius Oliveira Marvin Vettori vs. Brendan Allen Francisco Prado vs. Nikolay Veretennikov Ateba Gautier vs. Robert Valentin Adam Fugitt vs. Islam Dulatov Jimmy Crute vs. Marcin Prachnio Ryan Spann vs. Lukasz Brzeski Brunno Ferreira vs. Jackson McVey Carli Judice vs. Nicolle Caliari More must-reads: Get the latest news and rumors, customized to your favorite sports and teams. Emailed daily. Always free!",2025-07-14,https://www.yardbarker.com/mma/articles/max_holloway_vs_dustin_poirier_preview/s1_17349_42451020
Max Holloway Record: 26-8-0,"Blessed SLpM - Significant Strikes Landed per Minute Str. Acc. - Significant Striking Accuracy SApM - Significant Strikes Absorbed per Minute Str. Def. - Significant Strike Defence (the % of opponents strikes that did not land) TD Avg. - Average Takedowns Landed per 15 minutes TD Acc. - Takedown Accuracy TD Def. - Takedown Defense (the % of opponents TD attempts that did not land) Sub. Avg. - Average Submissions Attempted per 15 minutes | W/L | Fighter | Kd | Str | Td | Sub | Event | Method | Round | Time | |---|---|---|---|---|---|---|---|---|---| | UFC 318: Holloway vs. Poirier 3 Jul. 19, 2025 | ||||||||| | 0 1 | 79 75 | 0 2 | 0 0 | Oct. 26, 2024 | KO/TKO Punch | 3 | 1:34 | || | 1 0 | 181 103 | 0 0 | 0 0 | Apr. 13, 2024 | KO/TKO Punch | 5 | 4:59 | || | 2 0 | 75 34 | 0 0 | 1 0 | UFC Fight Night: Holloway vs. The Korean Zombie Aug. 26, 2023 | KO/TKO Punch | 3 | 0:23 | || | 0 0 | 147 76 | 0 0 | 0 0 | UFC Fight Night: Holloway vs. Allen Apr. 15, 2023 | U-DEC | 5 | 5:00 | || | 0 0 | 127 199 | 0 0 | 0 0 | UFC 276: Adesanya vs. Cannonier Jul. 02, 2022 | U-DEC | 5 | 5:00 | || | 0 0 | 230 159 | 3 1 | 1 0 | UFC Fight Night: Holloway vs. Rodriguez Nov. 13, 2021 | U-DEC | 5 | 5:00 | || | 0 0 | 445 133 | 0 0 | 0 0 | UFC Fight Night: Holloway vs. Kattar Jan. 16, 2021 | U-DEC | 5 | 5:00 | || | 0 0 | 102 137 | 0 3 | 0 0 | Jul. 11, 2020 | S-DEC | 5 | 5:00 | || | 0 0 | 134 157 | 0 0 | 0 0 | Dec. 14, 2019 | U-DEC | 5 | 5:00 | || | 0 0 | 129 96 | 0 1 | 0 0 | Jul. 27, 2019 | U-DEC | 5 | 5:00 | || | 0 0 | 181 178 | 0 1 | 1 0 | UFC 236: Holloway vs. Poirier 2 Apr. 13, 2019 | U-DEC | 5 | 5:00 | || | 0 0 | 290 110 | 1 2 | 0 0 | Dec. 08, 2018 | KO/TKO | 4 | 5:00 | || | 0 0 | 174 87 | 0 0 | 0 0 | Dec. 02, 2017 | KO/TKO Punches | 3 | 4:51 | || | 1 0 | 104 55 | 0 0 | 0 0 | Jun. 03, 2017 | KO/TKO Punches | 3 | 4:13 | || | 1 0 | 94 53 | 2 0 | 0 0 | Dec. 10, 2016 | KO/TKO Punches | 3 | 4:50 | || | 0 0 | 103 64 | 0 0 | 2 0 | UFC 199: Rockhold vs. Bisping 2 Jun. 04, 2016 | U-DEC | 3 | 5:00 | || | 0 0 | 57 47 | 1 0 | 0 0 | Dec. 12, 2015 | U-DEC | 3 | 5:00 | || | 0 0 | 14 5 | 0 0 | 0 0 | UFC Fight Night: Holloway vs Oliveira Aug. 23, 2015 | KO/TKO | 1 | 1:39 | || | 0 0 | 82 56 | 0 0 | 3 0 | UFC on FOX: Machida vs Rockhold Apr. 18, 2015 | SUB Guillotine Choke | 3 | 3:58 | || | 0 0 | 57 31 | 1 0 | 0 0 | UFC Fight Night: Henderson vs Thatch Feb. 14, 2015 | U-DEC | 3 | 5:00 | || | 1 0 | 31 11 | 0 0 | 0 0 | UFC Fight Night: Nelson vs Story Oct. 04, 2014 | KO/TKO Punch | 1 | 3:11 | || | 0 0 | 124 70 | 0 1 | 0 0 | UFC Fight Night: Henderson vs Dos Anjos Aug. 23, 2014 | KO/TKO Punches | 3 | 3:47 | || | 0 0 | 47 44 | 0 3 | 2 0 | Apr. 26, 2014 | SUB Guillotine Choke | 3 | 3:39 | || | 2 0 | 74 33 | 0 0 | 0 0 | UFC Fight Night: Saffiedine vs Lim Jan. 04, 2014 | KO/TKO Punch | 2 | 2:27 | || | 0 0 | 23 53 | 0 4 | 0 0 | UFC Fight Night: Shogun vs Sonnen Aug. 17, 2013 | U-DEC | 3 | 5:00 | || | 0 0 | 75 73 | 0 4 | 0 0 | May. 25, 2013 | S-DEC | 3 | 5:00 | || | 1 0 | 120 89 | 0 2 | 0 0 | UFC 155: Dos Santos vs Velasquez II Dec. 29, 2012 | S-DEC | 3 | 5:00 | || | 1 0 | 29 32 | 0 1 | 0 0 | UFC 150: Henderson vs Edgar II Aug. 11, 2012 | KO/TKO Punch | 2 | 4:49 | || | 1 0 | 118 27 | 0 0 | 0 0 | The Ultimate Fighter: Live Finale Jun. 01, 2012 | U-DEC | 3 | 5:00 | || | 0 0 | 11 11 | 0 1 | 0 3 | Feb. 04, 2012 | SUB Triangle Armbar | 1 | 3:23 |",2012-02-04,http://ufcstats.com/fighter-details/150ff4cc642270b9
Dustin Poirier's Retirement Fight Will Be Against One Of His Greatest Rivals Ever,"Summary - Dustin Poirier vs Max Holloway III will headline UFC 318 in New Orleans for the BMF title. - Fans are in for a historic trilogy fight between the two legends. - Poirier's retirement fight at UFC 318 has been confirmed; he will likely be inducted into the UFC Hall of Fame in 2026. UFC 318 will see Dustin Poirier compete in his last ever fight in front of his home state of Louisiana. Many were expecting a specific fighter to be named as his last opponent, and fortunately all the rumors were right as Poirier is set to compete for the BMF title. Dustin Poirier: Age, Height, Wife, Record & More Discover everything about UFC star Dustin Poirier, including his age, height, wife, fight record, and more. Dustin Poirier Vs Max Holloway 3 To Headline UFC 318 Fans Will Get To Witness A Historic Trilogy Between Two Legends At UFC 318 in New Orleans, Poirier will face off against his long-time rival and respected opponent Max Holloway, as the two legends look to fight for the third and last time. Holloway is currently the BMF Champion, as the title was not on the line in his UFC 308 fight against Ilia Topuria. Holloway vs Poirier 3 is a much-needed fight during a time when many are concerned that the UFC is losing its starpower and is struggling to make intriguing fights. This is one of the most highly-anticipated trilogies in MMA history, as two all-timers will face off in The Diamond's last bout. Is Dustin Poirier's Retirement Fight Confirmed? It's Set, There Will Be No More Fights For The Diamond It is not a speculation; UFC 318 will be the last fight of Poirier's career, which is something he has confirmed on multiple occasions. There were rumors about Poirier's last fight being at UFC 302 against Islam Makhachev, but that isn't the case as he wants to step inside the octagon for the last time in the same place that he started. Poirier will arguably go down as the greatest MMA fighter to never win a world title, having one of the best resumes in UFC history. He has defeated the likes of Holloway, Conor McGregor, Dan Hooker, Justin Gaethje, and many more. After his retirement at UFC 318, Dana White will be quick to induct Poirier into the UFC Hall of Fame, which will almost certainly happen in 2026. UFC 302 Fight Purses Revealed: Makhachev and Poirier Set for Lucrative Paydays Makhachev and Poirier will earn seven-figure salaries at UFC 302 main event.",2025-04-25,https://www.thesportster.com/dustin-poirier-max-holloway-trilogy-ufc-318/
