title,text,publish_date,url
"Muslim Salikhov vs. Carlos Leal, UFC Fight Night | MMA Bout | Tapology","Fighter Comparison | Salikhov | Leal | ||| | #41 WelterW (Worldwide) | Ranking | #19 WelterW (Worldwide) | || | 21-5-0 MMA | Pro Record | 22-6-0 MMA | || | 2024 2022 | Last 5 Fights | 2025 2023 | || | +375 (Moderate Underdog) | Betting Odds | -500 (Heavy Favorite) | || | | Nation | | || | Buynaksk Resp. Dagestan | Fights out of | Curitiba Parana | || | 41 +1 month, 2 wks, 3 days | Age at Fight | 31 +2 mos, 3 wks, 1 day | || | 170.5 lbs (77.3 kgs) | Weigh-In Result | 170.0 lbs (77.1 kgs) | || | 5'11"" (180cm) | Height | 5'11"" (180cm) | || | 70.0"" (178cm) | Reach | 72.0"" (183cm) | || | Pound 4 Pound Muay Thai | Gym | Thai Brasil | Salikhov vs. Leal Fight Predictions Fight Predictions Tapology Community Picks: 3,776 Bout Information Event Poster Fight Details - Event: UFC Fight Night: Whittaker vs. de Ridder - Date: Saturday 07.26.2025 at 12:00 PM ET - Referee: - Venue: Etihad Arena - Enclosure: Octagon - Location: Abu Dhabi, United Arab Emirates - Bout Billing: Preliminary Card (fight 6 of 12) - Pro/Am: Professional - Weight: 170 lbs (77.1 kg) - Event Links:",2025-03-20,https://www.tapology.com/fightcenter/bouts/1012613-ufc-fight-night-muslim-king-of-kung-fu-salikhov-vs-carlos-the-lion-leal
Carlos Leal aims to destroy Muslim Salikhov and avoid another UFC Abu Dhabi robbery,"Brazilian welterweight Carlos Leal is 1-1 under the UFC banner, but he will have a different answer if you ask him for his octagon record. Set to face Muslim Salikhov in the preliminary portion of UFC Abu Dhabi on July 26, Leal admits he hasn’t moved on from this late-notice debut loss to Rinat Fakhretdinov. They met in October 2024, inside the same venue he returns to this weekend, and Leal lost a highly controversial decision when Hadi Mohamed Ali, Michael Bell and David Lethaby unanimously awarded Fakhretdinov the win. “I put this pressure, this weight over myself,” Leal told MMA Fighting. “And I didn’t turn down the fight knowing it was on the same place. ‘I have to go there, I have a history there.’ It should have been a perfect story but I was hurt by the judges, so I have to go there and show the UFC I won’t be like, ‘Oh, I’m not fighting this guy on that place.’ “No, I want to be a good employee, I want to show I’ll fight anyone in any corner of the world. I put this pressure over myself. ‘I have to knock him out, I have to submit him because he’s pretty much fighting on home turf.’ It’s all in his favor, so I have to break the bank.” Leal said he has experienced that in the past, leaving a cage feeling wronged by the judges, but the fact that this one happened under the bright lights of the UFC made it a bigger deal. “After I saw the repercussion, it only made me know more that I had won the fight,” Leal said. “It’s what I tell everybody. I have two fight and two wins in the UFC. Who disagrees with that can just go back and watch the fight. … I was happy with my performance because I took the Rinat fight during that week. I wasn’t even training to fight someone like him and still put on a good fight. That loss put me over more than anything else.” Leal came back eager after such heartbreak, demolishing Alex Morono for a violent first-round knockout in March. “The Lion” said the mindset remains the same for Salikhov and whoever comes after that. “I’m in the world’s biggest promotion, and I need to show I’m one of the best in the world,” Leal said. “That was my mindset after the Rinat fight. Not only for the Morono fight, but also this one. I’m coming with the same mindset especially because of where this is, of me needing to end this before the decision. And if it goes the distance, it has to be a bigger beatdown than the one on Rinat.” Leal said Salikhov is a better striker than Morono, much more precise with his attacks, but won’t be able to deal with his muay thai skills. “I have to be more smart when I close the distance, especially early in the fight, because that’s when he’s more dangerous,” Leal said. “I like to start the fight feeling my opponent’s speed and power. Against Morono, when he started landing punches and kicks, I realized I was faster than him. I was seeing his movement. As my coach says, ‘He’s in slow motion, unleash your game now.’ “That’s how I’ll start with Salikhov. If I see I’m a step ahead of him, I’ll push the pace just like I did against Morono. If I see he’s dangerous, that his hands are fast and strong, I’ll be more cautious with my approach and force him to burn fuel early and then expose himself. But the goal is always the same: show that my striking is on another level. Fight a dangerous striker and knock him out. That’s the main goal. I know he’s been knocked out before, and I want to show I’m on a different level. “I’m sure the UFC will see me with other eyes [after this win],” he continued. “It’s an opportunity to ask the UFC to test me against ranked fighters because I have all it takes to become the champion of this division. But it all depends not only on the win, but how I win. I’ll show I’m not just another fighter to take part in the UFC. I’m here to write my name in history as one of the greatest.” Loading comments...",2025-07-25,https://www.mmafighting.com/2025/7/25/24472516/carlos-leal-destroy-muslim-salikhov-avoid-another-robbery-abu-dhabi-ufc
"Muslim Salikhov vs. Carlos Leal prediction, odds, pick for UFC Abu Dhabi","UFC Abu Dhabi: Robert Whittaker versus Reinier de Ridder continues on the prelims with a fight between Muslim Salikhov and Carlos Leal in the welterweight division on Saturday. Check out our UFC odds series for our Salikhov-Leal prediction and pick. Muslim Salikhov (21-5) snapped a two-fight skid by outpointing Santiago Ponzinibbio via split decision earlier this month. Previously, Salikhov suffered a first-round knockout loss to Randy Brown. Now, the “King of Kung Fu” looks to make it two straight by stopping Carlos Leal’s rise in Abu Dhabi this weekend. Carlos Leal (22-6) rebounded from a decision loss to Rinat Fakhretdinov by stopping UFC veteran Alex Morono with a first-round TKO this March. Now, Leal rides the momentum from that emphatic finish into Abu Dhabi, hoping to halt the veteran Salikhov’s resurgence in their welterweight showdown this weekend. Here are the UFC Abu Dhabi Odds, courtesy of DraftKings. UFC Abu Dhabi odds: Muslim Salikhov-Carlos Leal odds Muslim Salikhov: +360 Carlos Leal: -470 Over 1.5 rounds: -154 Under 1.5 rounds: +120 *Watch sports LIVE with fuboTV (Get Access | Save $30)* Why Muslim Salikhov will win - Last Fight: (W) Kenan Song – KO/TKO R1 - Last 5: 3-2 - Finishes: 16 (13 KO/TKO/3 SUB) Muslim Salikhov’s deep striking arsenal and elite experience make him a serious threat to Carlos Leal at UFC Abu Dhabi. A renowned expert in sanda and a former world champion, Salikhov has demonstrated some of the most unique and devastating spinning attacks in UFC history, recently notching his sixth career spinning kick knockout. His striking accuracy remains high at 49%, and he absorbs only 2.90 significant strikes per minute, demonstrating defensive sharpness and discipline against aggressive opponents. In high-pressure matchups, Salikhov has consistently shown the tactical patience to avoid early firefights before finding his moments to explode with dangerous combinations or well-timed spinning techniques. At 41, his experience under the UFC spotlight is invaluable, preparing him to capitalize on any lapses from Leal, especially as the Brazilian presses forward with reckless aggression. If Salikhov can maintain distance, punish Leal’s wild entries, and unleash his trademark spinning attacks, expect the “King of Kung Fu” to secure another spectacular victory and reaffirm his place among the UFC’s most creative finishers. Why Carlos Leal will win - Last Fight: (W) Alex Morono – KO/TKO R1 - Last 5: 3-2 - Finishes: 13 (11 KO/TKO/2 SUB) Carlos Leal’s high-volume striking and relentless pace give him a clear path to victory over Muslim Salikhov in Abu Dhabi. Leal averages a staggering 9.65 significant strikes per minute, almost triple Salikhov’s output, and connects at a 50% accuracy rate. His ability to overwhelm opponents with combinations, mixing up heavy leg kicks, body shots, and aggressive hand combinations, keeps adversaries on the defensive from the opening bell. Leal’s physical tools, his 74-inch reach, athleticism, and durability, complement his style. He has developed a reputation for early knockouts, with five of his last wins coming by quick finishes, and can fight at a grueling pace that challenges aging veterans like Salikhov who have shown signs of slowing down. With a stout 90% takedown defense, Leal is difficult to control or ground, further forcing the contest into the range of his strengths: pace and pressure striking. Salikhov remains a tricky striker, but his output has decreased and his defense, though solid, can buckle under sustained attack. Leal’s combination of youth, tempo, and finishing instincts allows him to negate Salikhov’s spinning attacks and capitalize on any slowing or defensive lapses. Expect Leal to push the action, land the more meaningful shots, and secure a statement win in Abu Dhabi. Final Muslim Salikhov-Carlos Leal prediction & pick Muslim Salikhov vs. Carlos Leal shapes up as a fascinating clash between veteran creativity and youthful aggression. Salikhov, the “King of Kung Fu,” brings deep UFC experience and a striking arsenal highlighted by spinning attacks and world-class timing. His defensive sharpness, absorbing under three significant strikes per minute, suggests he can manage Leal’s high output early. Leal, meanwhile, storms into this matchup with impressive momentum and averages a remarkable 9.65 significant strikes per minute. His blend of physical tools, relentless pace, and a recent first-round TKO of Alex Morono make him a live threat to any contender. The key question is whether Leal’s volume and pressure can break down Salikhov’s seasoned defense or if the veteran can counter with textbook timing and exploit Leal’s defensive lapses. Ultimately, Leal’s youth, pace, and willingness to press forward may give him the edge if he can avoid Salikhov’s traps and push a hard pace for all three rounds. Still, Salikhov’s experience and precision could turn the tide if Leal gets reckless. Expect a close fight, but slight advantage Leal via decision in Abu Dhabi. Final Muslim Salikhov-Carlos Leal Prediction & Pick: Carlos Leal (-470), Over 1.5 Rounds (-154)",2025-07-24,https://clutchpoints.com/betting/muslim-salikhov-vs-carlos-leal-prediction-odds-pick-for-ufc-abu-dhabi
Muslim Salikhov vs Carlos Leal: Fight Overview,"26 Jul On July 26, UFC on ABC returns to the Etihad Arena in Abu Dhabi with a welterweight bout between Muslim Salikhov and Carlos Leal. Muslim Salikhov, known as the ""King of Kung Fu,"" brings a 21-5 record and a reputation for striking excellence rooted in his unique martial arts background. The Russian fighter, standing 5 feet 11 inches with a 69.5-inch reach, holds a 67% knockout rate. His last fight was a knockout win over Song Kenan, demonstrating his ability to finish fights decisively despite a lengthy layoff. Carlos Leal, nicknamed ""The Lion,"" is a Brazilian competitor with a 22-6 record and a 50% knockout rate. Matching Salikhov’s height but with a slightly longer reach, Leal is an aggressive fighter who recently secured a technical knockout victory against Alex Morono. His well-rounded skills and resilience make him a tough test in the division. This matchup features two orthodox fighters with contrasting styles: Salikhov’s precision striking and unorthodox techniques versus Leal’s power and forward pressure. Both fighters aim to climb the welterweight rankings with a strong performance. The fight promises a blend of tactical striking and moments of explosive action, making it an essential viewing for fans of technical MMA battles. The Tale of the Tape data is compiled from publicly available information on Sherdog | Muslim Salikhov | Carlos Leal | |---|---| | Russia | Brazil | | 21 - 5 - 0 (14 KOs) | 22 - 6 - 0 (11 KOs) | | welterweight (170 lbs / 77,1 kg) | welterweight (170 lbs / 77,1 kg) | | Age | | | Wins | | | Losses | | | Anthropometry | | The scheduled 3-round welterweight bout will take place on July 26, 2025. The full fight night schedule, including local start times for various countries, is listed below. Check the schedule to see when the event begins in your region. The fight night will start on Saturday, July 26 at 11:00 AM ET (New York time). The fight night will start on Saturday, July 26 at 8:00 AM PT (Los Angeles time). The fight night will start on Saturday, July 26 at 11:00 AM ET (Toronto time). The fight night will start on Saturday, July 26 at 4:00 PM BST (London time). The fight night will start on Saturday, July 26 at 5:00 PM SAST (Johannesburg time). The fight night will start on Saturday, July 26 at 11:00 PM PHT (Manila time). The fight night will start on Sunday, July 27 at 1:00 AM AEST (Sydney time). The fight night will start on Sunday, July 27 at 3:00 AM NZST (Wellington time). Note that the main event ring walk typically takes place about 1 to 1.5 hours after the main card begins. If you're mainly interested in the headline bout, there’s still some time — but it’s always worth watching the full card. You can stream the Salikhov vs Leal fight via ESPN+. Disclaimer: Some links to streaming or pay-per-view on this page may be affiliate links. If you make a purchase through them, we may earn a commission — at no extra cost to you. The fight will be held at the Etihad Arena in Abu Dhabi, Arab Emirates. Full Fight card for Muslim Salikhov vs Carlos Leal: Fight card subject to change | Division | Fighter #1 | Fighter #2 | Notes | |---|---|---|---| | middleweight (185 lbs) | Robert Whittaker (26 - 8 - 0) | Reinier de Ridder (20 - 2 - 0) | | | bantamweight (135 lbs) | Petr Yan (18 - 5 - 0) | Marcus Mc Ghee (10 - 1 - 0) | | | bantamweight (135 lbs) | Bryce Mitchell (17 - 3 - 0) | Said Nurmagomedov (18 - 4 - 0) | | | middleweight (185 lbs) | Sharabutdin Magomedov (15 - 1 - 0) | Marc-Andre Barriault (17 - 9 - 0) | | | light heavyweight (205 lbs) | Nikita Krylov (30 - 10 - 0) | Bogdan Guskov (17 - 3 - 0) | | | strawweight (115 lbs) | Amanda Ribas (12 - 6 - 0) | Tabatha Ricci (11 - 3 - 0) | | | welterweight (170 lbs) | Muslim Salikhov (21 - 5 - 0) | Carlos Leal (22 - 6 - 0) | | | light heavyweight (205 lbs) | Ibo Aslan (14 - 2 - 0) | Billy Elekana (7 - 2 - 0) | | | flyweight (125 lbs) | Asu Almabayev (21 - 3 - 0) | Jose Ochoa (8 - 1 - 0) | | | heavyweight (265 lbs) | Martin Buday (15 - 2 - 0) | Marcus Almeida (5 - 1 - 0) | | | featherweight (145 lbs) | Mohammad Yahya (12 - 5 - 0) | Steven Nguyen (9 - 2 - 0) | | | bantamweight (135 lbs) | Davey Grant (16 - 7 - 0) | Da'Mon Blackshear (17 - 7 - 1) |",2025-07-26,https://boxing-schedule.com/mma/salikhov-vs-leal/
Muslim Salikhov v Carlos Leal LIVE 26/07/2025 | MMA - Flashscore,"AD Les jeux d’argent et de hasard peuvent être dangereux : pertes d’argent, conflits familiaux, addiction… Retrouvez nos conseils sur www.joueurs-info-service.fr (09-74-75-13-13, appel non surtaxé) 18+ | Erlaubtes Glücksspiel gemäß der Whitelist | Suchtrisiken | Hilfe unter buwei.de 18+. Verantwortungsbewusst wetten. 18+ Jogue com responsabilidade 21+ | COMPETENT REGULATOR EEEP | RISK OF ADDICTION & LOSS OF PROPERTY | KETHEA HELPLINE: 210 9237777 | PLAY RESPONSIBLY & SAFELY | Les jeux d’argent et de hasard peuvent être dangereux : pertes d’argent, conflits familiaux, addiction… Retrouvez nos conseils sur www.joueurs-info-service.fr (09-74-75-13-13, appel non surtaxé) 18+ | Erlaubtes Glücksspiel gemäß der Whitelist | Suchtrisiken | Hilfe unter buwei.de 18+. Verantwortungsbewusst wetten. 18+ Jogue com responsabilidade Do you want to withdraw your consent to display betting ads? Yes, change settings",2025-07-26,https://www.flashscore.com/h2h/mma/leal-miranda-carlos-zNcT6DEA/salikhov-muslim-8bnBzdEo/
Muslim Salikhov vs Carlos Leal at UFC Abu Dhabi 26.07.25 - Bout Stats MMA Fighter,Muslim Salikhov - Carlos Leal Muslim Salikhov Salikhov - Age 41 - Reach 70 cm 178 cm - Height 71 cm 180 cm - Leg Reach 41 cm 104 cm - Last Weigh-In 170.5 lbs 77 kg Carlos Leal Leal - Age 31 - Reach 70.9 cm 180 cm - Height 70.9 cm 180 cm - Leg Reach 40 cm 102 cm - Last Weigh-In 169 lbs 77 kg Other Bouts UFC Abu Dhabi - Robert Whittaker26 - 8 - 05:00 PM ET • 5 x 5Middleweight Bout 185 lbsReinier de Ridder20 - 2 - 0 - Petr Yan18 - 5 - 04:30 PM ET • 3 x 5Bantamweight Bout 135 lbsMarcus McGhee10 - 1 - 0 - Sharaputdin Magomedov15 - 1 - 04:00 PM ET • 3 x 5Middleweight Bout 185 lbsMarc-Andre Barriault17 - 9 - 0 1 NC - Asu Almabaev21 - 3 - 03:30 PM ET • 3 x 5Flyweight Bout 125 lbsJose Ochoa8 - 1 - 0 1 NC - Nikita Krylov30 - 10 - 03:00 PM ET • 3 x 5Light Heavyweight Bout 205 lbsBogdan Guskov17 - 3 - 0 - Bryce Mitchell17 - 3 - 02:30 PM ET • 3 x 5Bantamweight Bout 135 lbsSaid Nurmagomedov18 - 4 - 0 - Da'Mon Blackshear17 - 7 - 11:40 PM ET • 3 x 5Bantamweight Bout 135 lbsDavey Grant14 - 7 - 0 - Amanda Ribas12 - 6 - 01:15 PM ET • 3 x 5Strawweight Bout 115 lbsTabatha Ricci11 - 3 - 0 - Ibo Aslan14 - 2 - 012:50 PM ET • 3 x 5Light Heavyweight Bout 205 lbsBilly Elekana7 - 2 - 0 - Mohammad Yahya12 - 5 - 012:25 PM ET • 3 x 5Featherweight Bout 145 lbsSteven Nguyen9 - 2 - 0 - Martin Buday15 - 2 - 012:00 PM ET • 3 x 5Heavyweight Bout 265 lbsMarcus Buchecha5 - 1 - 0,2025-07-26,https://gidstats.com/events/ufc_fight_night-2458/muslim_salikhov_vs_carlos_leal.html
"UFC on ABC 9: Salikhov vs Leal - Date, Start time, Fight Card, Location","Muslim Salikhov and Carlos Leal will meet at Etihad Arena in Yas Island, Abu Dhabi, United Arab Emirates for UFC on ABC 9. They are part of the undercard to the main event of Robert Whittaker vs. Reinier de Ridder. Salikhov, the ""King of Kung Fu"" from Russia, turned pro with years of experience and a record that includes 14 knockout wins. His last bout ended in victory over Kenan Song via a spinning wheel kick knockout. Leal, called ""The Lion,"" comes from Brazil's Thai Brasil team with an impressive TKO win over Alex Morono just months ago. What time is Muslim Salikhov vs Carlos Leal fight Live coverage for the Muslim Salikhov vs Carlos Leal main card will start at 12:00 PM EST on ESPN+, TNT Sports Box Office. Refer to the table below to find your local time. | Region | Date | Main Card Start Time | Muslim Salikhov vs Carlos Leal Ring Walks (approx.) | | USA and Canada (EST) | Saturday, July 26, 2025 | 12:00 PM | 01:40 PM | | USA and Canada (PT) | Saturday, July 26, 2025 | 09:00 AM | 10:40 AM | | UK and Ireland (GMT) | Saturday, July 26, 2025 | 04:00 PM | 05:40 PM | | Australia (AEDT) | Sunday, July 27, 2025 | 03:00 AM | 04:40 AM | The UFC on ABC 9 event takes place on July 26, 2025, at the Etihad Arena in Yas Island, Abu Dhabi, United Arab Emirates. The start time is set for 01:40 PM EST. This event features a welterweight bout between Muslim Salikhov and Gabriel Leal as part of the undercard. The main event will showcase Robert Whittaker facing Reinier de Ridder. The fights are part of the UFC on ABC 9 tournament. The bouts consist of three rounds each. Note that the ring walk times may vary due to the performance duration of earlier fights in the undercard. Viewers should check local listings for start times in their respective regions to ensure they don't miss any action. Fighters Details Muslim Salikhov faces Carlos Leal in a Welterweight bout at UFC on ABC 9 - Whittaker vs. de Ridder. No belts are on the line. Muslim Salikhov - Nationality: Russia - Height: 180 cm - Weight: 77.1 kg - Total Fights: 26 - Record: 21 / 5 / 0 Muslim Salikhov hails from Russia and fights in the Welterweight division. With a professional record of 21 wins and 5 losses, he is known for his striking skills, especially his spinning techniques. His recent win over Kenan Song ended with a spinning wheel kick knockout, showcasing his ability to execute creative strikes efficiently. Carlos Leal - Nationality: Brazil - Height: 178 cm - Weight: 77.1 kg - Total Fights: 28 - Record: 22 / 6 / 0 Carlos Leal, from Brazil, competes in the same weight class and holds a record of 22 wins and 6 losses. His previous opponent was Alex Morono, whom he defeated with a TKO via punches, demonstrating solid striking power. How and where to watch the Muslim Salikhov vs Carlos Leal Fight You can watch Muslim Salikhov vs Carlos Leal via ESPN+, TNT Sports Box Office. | Region | Live-streaming | | USA | ESPN | | UK and Ireland | TNT Sports Box Office | If your country is blocked by the streaming services or there simply isn’t any viable options for your country, we only can recommend one solution: using a VPN software to bypass the restrictions. It allows you to change your IP address and appear as if you’re watching the event from another country. So if you live in either the UK, Canada, Australia, New Zealand, India, UAE, Mexico, Spain or any other country and can’t find a working provider to watch the Muslim Salikhov vs Carlos Leal fight, use our recommended (and tested) VPN and switch to a location of your choice. Muslim Salikhov vs Carlos Leal Fight Card - Robert Whittaker vs Reinier de Ridder - Petr Yan vs Marcus McGhee - Bryce Mitchell vs Said Nurmagomedov - Sharabutdin Magomedov vs Marc-Andre Barriault - Nikita Krylov vs Bogdan Guskov - Amanda Ribas vs Tabatha Ricci - Muslim Salikhov vs Carlos Leal - Ibo Aslan vs Billy Elekana - Asu Almabayev vs Jose Ochoa - Martin Buday vs Marcus Almeida - Mohammad Yahya vs Steven Nguyen - Davey Grant vs Da'Mon Blackshear",2025-07-25,https://ringside24.com/en/news/mma/235348-ufc-on-abc-9-salikhov-vs-leal-date-start-time-fight-card-location
Muslim Salikhov vs. Carlos Leal,"Muslim is not a young man at 41 years old and his chin is headed out the door, but he can still get wins at this level. His striking is slick and the unorthodox kicks will frustrate a lot people. Unfortunately for him, Leal, at this point in his career, is too tough, too durable and hits too hard. I see Leal pouring on the pressure and even if the Salikhov kicks give him a hard time, he will resort to wrestling. Leal is the pick and we could potentially see a stoppage. Muslim Salikhov Muslim Salikhov is a solid striker who hits very hard and has wrestling in his back pocket if he needs it. He holds nothing back and almost every single strike is a significant strike. He has really good takedown defense, solid takedown offense and great striking. He is coming off the KO win over Song Kenan where a spinning back kick got it done. Carlos Leal Carlos Leal is a dangerous Muay Thai striker who is not afraid to engage. His forward pressure and open hand stance do leave him open to leg kicks, but he is durable enough to hang. He has grappling as well, but it is squarely a backup plan. His takedown defense is just ok, but it is mostly strength related. He is coming off the big KO win over Alex Morono.",2025-07-03,https://wewantpicks.com/muslim-salikhov-vs-carlos-leal/
Muslim Salikhov vs Carlos Leal - Venue and Event Location,"26 Jul The highly anticipated fight between Muslim Salikhov and Carlos Leal is set to take place at the Etihad Arena in Abu Dhabi, Arab Emirates. Fans can expect an electrifying atmosphere in this top-notch venue, which has hosted numerous thrilling events in the past. With everything from the ring setup to the pre-fight energy, the Etihad Arena will provide the perfect backdrop for this action-packed showdown. The scheduled 3-round welterweight bout will take place on July 26, 2025. The full fight night schedule, including local start times for various countries, is listed below. Check the schedule to see when the event begins in your region. The fight night will start on Saturday, July 26 at 11:00 AM ET (New York time). The fight night will start on Saturday, July 26 at 8:00 AM PT (Los Angeles time). The fight night will start on Saturday, July 26 at 11:00 AM ET (Toronto time). The fight night will start on Saturday, July 26 at 4:00 PM BST (London time). The fight night will start on Saturday, July 26 at 5:00 PM SAST (Johannesburg time). The fight night will start on Saturday, July 26 at 11:00 PM PHT (Manila time). The fight night will start on Sunday, July 27 at 1:00 AM AEST (Sydney time). The fight night will start on Sunday, July 27 at 3:00 AM NZST (Wellington time). Note that the main event ring walk typically takes place about 1 to 1.5 hours after the main card begins. If you're mainly interested in the headline bout, there’s still some time — but it’s always worth watching the full card. You can stream the Salikhov vs Leal fight via ESPN+. Disclaimer: Some links to streaming or pay-per-view on this page may be affiliate links. If you make a purchase through them, we may earn a commission — at no extra cost to you. The Tale of the Tape data is compiled from publicly available information on Sherdog | Muslim Salikhov | Carlos Leal | |---|---| | Russia | Brazil | | 21 - 5 - 0 (14 KOs) | 22 - 6 - 0 (11 KOs) | | welterweight (170 lbs / 77,1 kg) | welterweight (170 lbs / 77,1 kg) | | Age | | | Wins | | | Losses | | | Anthropometry | | Full Fight card for Muslim Salikhov vs Carlos Leal: Fight card subject to change | Division | Fighter #1 | Fighter #2 | Notes | |---|---|---|---| | middleweight (185 lbs) | Robert Whittaker (26 - 8 - 0) | Reinier de Ridder (20 - 2 - 0) | | | bantamweight (135 lbs) | Petr Yan (18 - 5 - 0) | Marcus Mc Ghee (10 - 1 - 0) | | | bantamweight (135 lbs) | Bryce Mitchell (17 - 3 - 0) | Said Nurmagomedov (18 - 4 - 0) | | | middleweight (185 lbs) | Sharabutdin Magomedov (15 - 1 - 0) | Marc-Andre Barriault (17 - 9 - 0) | | | light heavyweight (205 lbs) | Nikita Krylov (30 - 10 - 0) | Bogdan Guskov (17 - 3 - 0) | | | strawweight (115 lbs) | Amanda Ribas (12 - 6 - 0) | Tabatha Ricci (11 - 3 - 0) | | | welterweight (170 lbs) | Muslim Salikhov (21 - 5 - 0) | Carlos Leal (22 - 6 - 0) | | | light heavyweight (205 lbs) | Ibo Aslan (14 - 2 - 0) | Billy Elekana (7 - 2 - 0) | | | flyweight (125 lbs) | Asu Almabayev (21 - 3 - 0) | Jose Ochoa (8 - 1 - 0) | | | heavyweight (265 lbs) | Martin Buday (15 - 2 - 0) | Marcus Almeida (5 - 1 - 0) | | | featherweight (145 lbs) | Mohammad Yahya (12 - 5 - 0) | Steven Nguyen (9 - 2 - 0) | | | bantamweight (135 lbs) | Davey Grant (16 - 7 - 0) | Da'Mon Blackshear (17 - 7 - 1) | On July 26, UFC on ABC returns to the Etihad Arena in Abu Dhabi with a welterweight bout between Muslim Salikhov and Carlos Leal. Muslim Salikhov, known as the ""King of Kung Fu,"" brings a 21-5 record and a reputation for striking excellence rooted in his unique martial arts background. The Russian fighter, standing 5 feet 11 inches with a 69.5-inch reach, holds a 67% knockout rate. His last fight was a knockout win over Song Kenan, demonstrating his ability to finish fights decisively despite a lengthy layoff. Carlos Leal, nicknamed ""The Lion,"" is a Brazilian competitor with a 22-6 record and a 50% knockout rate. Matching Salikhov’s height but with a slightly longer reach, Leal is an aggressive fighter who recently secured a technical knockout victory against Alex Morono. His well-rounded skills and resilience make him a tough test in the division. This matchup features two orthodox fighters with contrasting styles: Salikhov’s precision striking and unorthodox techniques versus Leal’s power and forward pressure. Both fighters aim to climb the welterweight rankings with a strong performance. The fight promises a blend of tactical striking and moments of explosive action, making it an essential viewing for fans of technical MMA battles.",2025-07-26,https://boxing-schedule.com/mma/salikhov-vs-leal/venue/
Muslim Salikhov vs Carlos Leal - Fight Start Time,"26 Jul The full fight night schedule, including local start times for various countries, is listed below. Check the schedule to see when the event begins in your region. The fight night will start on Saturday, July 26 at 11:00 AM ET (New York time). The fight night will start on Saturday, July 26 at 8:00 AM PT (Los Angeles time). The fight night will start on Saturday, July 26 at 11:00 AM ET (Toronto time). The fight night will start on Saturday, July 26 at 4:00 PM BST (London time). The fight night will start on Saturday, July 26 at 5:00 PM SAST (Johannesburg time). The fight night will start on Saturday, July 26 at 11:00 PM PHT (Manila time). The fight night will start on Sunday, July 27 at 1:00 AM AEST (Sydney time). The fight night will start on Sunday, July 27 at 3:00 AM NZST (Wellington time). Note that the main event ring walk typically takes place about 1 to 1.5 hours after the main card begins. If you're mainly interested in the headline bout, there’s still some time — but it’s always worth watching the full card. The scheduled 3-round welterweight bout will take place on July 26, 2025. You can stream the Salikhov vs Leal fight via ESPN+. Disclaimer: Some links to streaming or pay-per-view on this page may be affiliate links. If you make a purchase through them, we may earn a commission — at no extra cost to you. The fight will be held at the Etihad Arena in Abu Dhabi, Arab Emirates. The Tale of the Tape data is compiled from publicly available information on Sherdog | Muslim Salikhov | Carlos Leal | |---|---| | Russia | Brazil | | 21 - 5 - 0 (14 KOs) | 22 - 6 - 0 (11 KOs) | | welterweight (170 lbs / 77,1 kg) | welterweight (170 lbs / 77,1 kg) | | Age | | | Wins | | | Losses | | | Anthropometry | | Full Fight card for Muslim Salikhov vs Carlos Leal: Fight card subject to change | Division | Fighter #1 | Fighter #2 | Notes | |---|---|---|---| | middleweight (185 lbs) | Robert Whittaker (26 - 8 - 0) | Reinier de Ridder (20 - 2 - 0) | | | bantamweight (135 lbs) | Petr Yan (18 - 5 - 0) | Marcus Mc Ghee (10 - 1 - 0) | | | bantamweight (135 lbs) | Bryce Mitchell (17 - 3 - 0) | Said Nurmagomedov (18 - 4 - 0) | | | middleweight (185 lbs) | Sharabutdin Magomedov (15 - 1 - 0) | Marc-Andre Barriault (17 - 9 - 0) | | | light heavyweight (205 lbs) | Nikita Krylov (30 - 10 - 0) | Bogdan Guskov (17 - 3 - 0) | | | strawweight (115 lbs) | Amanda Ribas (12 - 6 - 0) | Tabatha Ricci (11 - 3 - 0) | | | welterweight (170 lbs) | Muslim Salikhov (21 - 5 - 0) | Carlos Leal (22 - 6 - 0) | | | light heavyweight (205 lbs) | Ibo Aslan (14 - 2 - 0) | Billy Elekana (7 - 2 - 0) | | | flyweight (125 lbs) | Asu Almabayev (21 - 3 - 0) | Jose Ochoa (8 - 1 - 0) | | | heavyweight (265 lbs) | Martin Buday (15 - 2 - 0) | Marcus Almeida (5 - 1 - 0) | | | featherweight (145 lbs) | Mohammad Yahya (12 - 5 - 0) | Steven Nguyen (9 - 2 - 0) | | | bantamweight (135 lbs) | Davey Grant (16 - 7 - 0) | Da'Mon Blackshear (17 - 7 - 1) | On July 26, UFC on ABC returns to the Etihad Arena in Abu Dhabi with a welterweight bout between Muslim Salikhov and Carlos Leal. Muslim Salikhov, known as the ""King of Kung Fu,"" brings a 21-5 record and a reputation for striking excellence rooted in his unique martial arts background. The Russian fighter, standing 5 feet 11 inches with a 69.5-inch reach, holds a 67% knockout rate. His last fight was a knockout win over Song Kenan, demonstrating his ability to finish fights decisively despite a lengthy layoff. Carlos Leal, nicknamed ""The Lion,"" is a Brazilian competitor with a 22-6 record and a 50% knockout rate. Matching Salikhov’s height but with a slightly longer reach, Leal is an aggressive fighter who recently secured a technical knockout victory against Alex Morono. His well-rounded skills and resilience make him a tough test in the division. This matchup features two orthodox fighters with contrasting styles: Salikhov’s precision striking and unorthodox techniques versus Leal’s power and forward pressure. Both fighters aim to climb the welterweight rankings with a strong performance. The fight promises a blend of tactical striking and moments of explosive action, making it an essential viewing for fans of technical MMA battles.",2025-07-26,https://boxing-schedule.com/mma/salikhov-vs-leal/time/
Muslim Salikhov vs Carlos Leal - Head-to-Head Comparison & Tale of the Tape,"26 Jul Before Muslim Salikhov and Carlos Leal face off, let’s break down the tale of the tape. Who’s got youth on their side? Who’s been fighting longer? Who’s sharper after a shorter layoff? We’re also looking at wins, knockouts, and physical tools — from height and reach to stance. All the key numbers, side by side, so you can size up who might have the edge when the action begins. The Tale of the Tape data is compiled from publicly available information on Sherdog | Muslim Salikhov | Carlos Leal | |---|---| | Russia | Brazil | | 21 - 5 - 0 (14 KOs) | 22 - 6 - 0 (11 KOs) | | welterweight (170 lbs / 77,1 kg) | welterweight (170 lbs / 77,1 kg) | | Age | | | Wins | | | Losses | | | Anthropometry | | The scheduled 3-round welterweight bout will take place on July 26, 2025. The full fight night schedule, including local start times for various countries, is listed below. Check the schedule to see when the event begins in your region. The fight night will start on Saturday, July 26 at 11:00 AM ET (New York time). The fight night will start on Saturday, July 26 at 8:00 AM PT (Los Angeles time). The fight night will start on Saturday, July 26 at 11:00 AM ET (Toronto time). The fight night will start on Saturday, July 26 at 4:00 PM BST (London time). The fight night will start on Saturday, July 26 at 5:00 PM SAST (Johannesburg time). The fight night will start on Saturday, July 26 at 11:00 PM PHT (Manila time). The fight night will start on Sunday, July 27 at 1:00 AM AEST (Sydney time). The fight night will start on Sunday, July 27 at 3:00 AM NZST (Wellington time). Note that the main event ring walk typically takes place about 1 to 1.5 hours after the main card begins. If you're mainly interested in the headline bout, there’s still some time — but it’s always worth watching the full card. You can stream the Salikhov vs Leal fight via ESPN+. Disclaimer: Some links to streaming or pay-per-view on this page may be affiliate links. If you make a purchase through them, we may earn a commission — at no extra cost to you. The fight will be held at the Etihad Arena in Abu Dhabi, Arab Emirates. Full Fight card for Muslim Salikhov vs Carlos Leal: Fight card subject to change | Division | Fighter #1 | Fighter #2 | Notes | |---|---|---|---| | middleweight (185 lbs) | Robert Whittaker (26 - 8 - 0) | Reinier de Ridder (20 - 2 - 0) | | | bantamweight (135 lbs) | Petr Yan (18 - 5 - 0) | Marcus Mc Ghee (10 - 1 - 0) | | | bantamweight (135 lbs) | Bryce Mitchell (17 - 3 - 0) | Said Nurmagomedov (18 - 4 - 0) | | | middleweight (185 lbs) | Sharabutdin Magomedov (15 - 1 - 0) | Marc-Andre Barriault (17 - 9 - 0) | | | light heavyweight (205 lbs) | Nikita Krylov (30 - 10 - 0) | Bogdan Guskov (17 - 3 - 0) | | | strawweight (115 lbs) | Amanda Ribas (12 - 6 - 0) | Tabatha Ricci (11 - 3 - 0) | | | welterweight (170 lbs) | Muslim Salikhov (21 - 5 - 0) | Carlos Leal (22 - 6 - 0) | | | light heavyweight (205 lbs) | Ibo Aslan (14 - 2 - 0) | Billy Elekana (7 - 2 - 0) | | | flyweight (125 lbs) | Asu Almabayev (21 - 3 - 0) | Jose Ochoa (8 - 1 - 0) | | | heavyweight (265 lbs) | Martin Buday (15 - 2 - 0) | Marcus Almeida (5 - 1 - 0) | | | featherweight (145 lbs) | Mohammad Yahya (12 - 5 - 0) | Steven Nguyen (9 - 2 - 0) | | | bantamweight (135 lbs) | Davey Grant (16 - 7 - 0) | Da'Mon Blackshear (17 - 7 - 1) | On July 26, UFC on ABC returns to the Etihad Arena in Abu Dhabi with a welterweight bout between Muslim Salikhov and Carlos Leal. Muslim Salikhov, known as the ""King of Kung Fu,"" brings a 21-5 record and a reputation for striking excellence rooted in his unique martial arts background. The Russian fighter, standing 5 feet 11 inches with a 69.5-inch reach, holds a 67% knockout rate. His last fight was a knockout win over Song Kenan, demonstrating his ability to finish fights decisively despite a lengthy layoff. Carlos Leal, nicknamed ""The Lion,"" is a Brazilian competitor with a 22-6 record and a 50% knockout rate. Matching Salikhov’s height but with a slightly longer reach, Leal is an aggressive fighter who recently secured a technical knockout victory against Alex Morono. His well-rounded skills and resilience make him a tough test in the division. This matchup features two orthodox fighters with contrasting styles: Salikhov’s precision striking and unorthodox techniques versus Leal’s power and forward pressure. Both fighters aim to climb the welterweight rankings with a strong performance. The fight promises a blend of tactical striking and moments of explosive action, making it an essential viewing for fans of technical MMA battles.",2025-07-26,https://boxing-schedule.com/mma/salikhov-vs-leal/tale/
Muslim Salikhov vs Carlos Leal Prediction: Who Wins Welterweight Contest In Abu Dhabi?,"Muslim Salikhov and Carlos Leal will battle at UFC Fight Night in Abu Dhabi on Saturday. Salikhov brings his spinning kicks and experience into this welterweight fight after a highlight-reel win in November. Leal is coming off a dominant first-round TKO win in March. Leal is a heavy favorite going into this fight. Before the first strikes are thrown, continue reading to get my Muslim Salikhov vs Carlos Leal prediction. Our Muslim Salikhov vs Carlos Leal Pick - Pick: Carlos Leal to win by TKO/KO - Confidence: ★★★★☆ - Get Your Bonus Bets: Use our DraftKings promo code to bet $5 and get $150 in bonus bets INSTANTLY, win or lose on this fight. Just click the Claim Bonus button below to start! Bet $5, Get $150 in Bonus Bets Instantly Gambling Problem? Call or TEXT 1-800-Gambler 21+ Gambling Problem? Call or TEXT 1-800-Gambler 21+ Promo Code: Click To Claim Bet $5, Get $150 in Bonus Bets Instantly Gambling Problem? Call or TEXT 1-800-Gambler 21+ Promo Code: Click To Claim Gambling Problem? Call or TEXT 1-800-Gambler 21+ Tale of the Tape | Muslim Salikhov | Carlos Leal | | |---|---|---| | Age | 41 | 31 | | Reach | 70″ | 72″ | | Stance | Orthodox | Orthodox | | Record | 21‑5‑0 | 22‑6‑0 | Muslim Salikhov vs Carlos Leal Preview Muslim Salikhov is known for his unorthodox striking and spinning attacks. He got a spinning wheel kick KO in his November bout against Song Kenan and a split-decision win over Santiago Ponzinibbio in July 2024. His finishing rate is strong with 14 of his 21 wins coming by KO. He’s earned three performance bonuses in the UFC. He’s beginning to show limitations in pace and durability as he enters this fight at 41 years of age. Carlos Leal is a younger fighter than Salikhov and combines heavy boxing with pressure and crisp timing. His highlight TKO over Alex Morono at UFC 313 was dominant. He pinned Morono against the cage and unleashed a vicious flurry to get the stoppage just before the end of round one. That win marked his first in the UFC Octagon and he is now 1‑1 in UFC bouts. He has 11 career KOs to his name and holds a two-inch reach edge in this fight. That and his youth could help him take over control on Saturday. Betting Insights - Leal is a heavy favorite at -500 to win this fight. Salikhov can be had as a +380 underdog. - Fireworks are expected in this fight. The over/under is set at 1.5 rounds and the over is juiced to -154. - Each of Leal’s last five fights have been by knockout. - Four of Salikhov’s last six fights have ended inside the distance. Salikhov vs Leal Prediction I think we are going to see a knockout in this fight. The question is which fighter will get that knockout. Salikhov has proven over a long MMA career that he has the tools to put opponents to sleep. But his best days are well behind him. I think that Leal will be able to dictate the pace of this fight by putting pressure on the slower Salikhov consistently. My pick for this fight is for Leal to win this fight by knockout. He is going to be the one moving forward the most frequently here. There is virtually no value in betting on Leal to win on the moneyline. But his price to win by knockout is more favorable, so that’s where I’ll go.",2025-07-24,https://ats.io/mma/muslim-salikhov-vs-carlos-leal-prediction/454272/
UFC Abu Dhabi Top Picks: Two Fights That Won’t Go the Distance!,"The UFC travels to the Middle East this weekend, and we’re covering all your betting needs for an Abu Dhabi fight night on ABC that’s stacked with top-ranked talent from top to bottom. My expert analysis on the UFC odds provided by Bet365 (check our Bet365 Review) is complete. it’s time to dive right into the most noteworthy, best bets and predictions for the UFC Abu Dhabi this weekend. Muslim Salikhov vs. Carlos Leal UFC Abu Dhabi Welterweight Preliminary Bout Saturday, July 26, 2025 – 09:05 PM EDT at Etihad Arena Muslim Salikhov Winning two consecutive fights at the age of 41 is impressive, but fellow aging fighters have somewhat assisted his matchmaking of late. He’s a longtime striker with some of the most lethal kicks in the game, but time isn’t on his side, as he’ll enter UFC Abu Dhabi with a 10-year gap to his opponent. - Salikhov Pro Record: 21-5 - Salikhov KO/TKO Wins: 13 - Salikhov Submission Wins: 3 Carlos Leal An absolute savage in the pocket who displayed his punching power throughout his pro career. This former LFA and PFL competitor has the experience, one-punch KO potential, and the pressure to cause nightmares for fighters like Salikhov, who enjoys striking at range. - Leal Pro Record: 22-6 - Leal KO/TKO Wins: 11 - Leal Submission Wins: 2 Salikhov vs. Leal Breakdown: Striking Styles & Key Matchup Insights Stylistically, I love how Leal cuts the cage and throws huge power shots on opponents backing up. For Salikhov, his kicking game has been crucial. However, whenever the distance is closed, he tends to struggle in these brawling situations. That’s where his technical abilities are limited. And don’t get me wrong, Salikhov is a heavy hitter himself. But he’s considerably slower than he used to be. And while his win streak should be noted, so should the fact that these opponents weren’t exactly young either. And don’t forget that primed Carlos Leal has never been knocked out while finishing his previous five pro-MMA fights with his fists! UFC Abu Dhabi Odds & Expert Fight Predictions The UFC pricing with our online sportsbooks places Leal as a favorite, but I don’t envision Salikhov surviving the expected heavy shots for 15 minutes. In fact, I wouldn’t be shocked if we witness a first-round knockout for the Brazilian. That’s why Leal by KO/TKO for -149 is the play. Davey Grant vs. Da’Mon Blackshear UFC Abu Dhabi Bantamweight Preliminary Bout Saturday, July 26, 2025 – 09:05 PM EDT at Etihad Arena Davey Grant You have to respect a 39-year-old for continuing to be competitive at the top level of bantamweight. He’s notably won 3 of his last 4 octagon appearances. However, two of said wins came against now-retired fighters, Louis Smolka and Raphael Assuncao. And despite his most recent bouts being well-fought, these men aren’t comparable to his weekend opponent. - Grant Pro Record: 14-7 - Grant KO/TKO Wins: 4 - Grant Submission Wins: 7 Da’Mon Blackshear I understand the caution of Blackshear entering any fight as a huge betting favorite. Still, he’ll be an opponent with experience and an upward trajectory. After Michael Johnson’s emphatic performance last week at UFC 318, I hate to use age as a measuring factor. However, considering Grant has had just four fights since 2022 (while Blackshear has had four in the last year alone), I feel like a passing of the torch moment is upon us. - Blackshear Pro Record: 17-7-1 - Blackshear KO/TKO Wins: 2 - Blackshear Submission Wins: 11 Grant vs. Blackshear: Striking Styles & Key Matchup Insights Blackshear, most known for his grappling and submission success, was once criticized for his striking offense. However, over the last year, he’s truly looked sharper and more technical in this area. He’ll undoubtedly be the most athletic fighter, with a higher-tempo offense and speed. And yes, the old dog in Davey is a crisp boxer who has won many fights through this aspect alone. However, Grant has reached his ceiling. Blackshear, meanwhile, is yet to peak. The latter has looked incredible in his last three outings, including two submissions over respectable grapplers. He is a hard guy to finish, but here’s the kicker: he hasn’t fought a young and slick submission artist with Blackshear’s experience. I wouldn’t be surprised to see this fight end by submission, but I’m also considering the potential for a knockout loss for Grant, as ring rust, age, and the momentum of a young opponent could finally take a toll on his chin. UFC Abu Dhabi Odds & Expert Fight Predictions The UFC odds make Blackshear a significant betting favorite. However, we’re not interested in the juice. Instead, bet on Blackshear to win with the Under 2.5 Rounds priced at +150. The torch will be passed in a statement win for Da Monster. *21+ Seek help with a gambling addiction at 1-800-Gambler *The line and/or odds referenced in this article might have changed since the content was published. For the latest information on line movements, visit OddsTrader’s free betting odds tool.",2025-07-24,https://www.oddstrader.com/betting/analysis/ufc-abu-dhabi-top-picks/
FanDuel Sportsbook,You need to enable JavaScript to run this app.,2022-12-07,https://sportsbook.fanduel.com/mma/ufc-matches/muslim-salikhov-v-carlos-leal-34527782?tab=round-props
"Muslim Salikhov plans to knock out Carlos Leal, then call out Stephen Thompson – again","Muslim Salikhov plans to knock out Carlos Leal, then call out Stephen Thompson – again ABU DHABI – Muslim Salikhov hopes an emphatic finish at UFC on ABC 9 will finally get Stephen Thompson's attention. Salikhov (21-5 MMA, 8-4 UFC) takes on Carlos Leal (22-6 MMA, 1-1 UFC) in a welterweight bout on Saturday's prelims (ABC, ESPN, ESPN+) at Etihad Arena in Abu Dhabi. Leal's past five wins have come by early knockout, and Salikhov knows the Brazilian will bring the fight to him. However, the ""King of Kung Fu"" doubts Leal will oblige in the striking. ""It's a very tough fight for everybody because this guy is strong, good chin, all the time going forward, trying to pressure,"" Salikhov told MMA Junkie of Leal. ""He's strong, fast, faster than me, stronger than me, but I'm better. I know. I believe that I am better than him. I believe that no one can fight with me in a standup fight. If he's just going to try to do striking with me, I'll knock him out for sure."" Salikhov called out Stephen Thompson (17-9-1 MMA, 12-9-1 UFC) after his spinning wheel kick knockout of Song Kenan in his most recent appearance this past November. Salikhov is yet to get his wish but won't give up on his callout should he get his hand raised against Leal. ""Of course, 'Wonderboy' is a very interesting fight,"" Salikhov said. ""I don't care that he's unranked now. I think I'd like to fight with him since my first win in the UFC, I called him out, and he didn't hear. I don't know why. I do a lot of knockouts, beautiful fights, but he still doesn't want to fight. ""I don't know why, but maybe after this fight. ... This guy very famous in America, so it's a good fight for anyone. We can see who's kung fu is better. He's a striker, karate guy. I'm kung fu. We can understand who's better now. He's (42) years, young guy, me too also. We can try. It's going to be a good fight, exciting for fans.""",2025-07-22,https://mmajunkie.usatoday.com/story/sports/ufc/2025/07/22/ufc-on-abc-9-muslim-salikhov-still-eyes-stephen-thompson-fight/85319206007/
"Muslim Salikhov vs Carlos Leal - How to Watch, Stream & TV Info","26 Jul You can stream the Muslim Salikhov vs Carlos Leal fight via: Disclaimer: Some links to streaming or pay-per-view on this page may be affiliate links. If you make a purchase through them, we may earn a commission — at no extra cost to you. TV channels and online platforms may vary by region, and we’ll update this section as new info becomes available. The scheduled 3-round welterweight bout will take place on July 26, 2025. The full fight night schedule, including local start times for various countries, is listed below. Check the schedule to see when the event begins in your region. The fight night will start on Saturday, July 26 at 11:00 AM ET (New York time). The fight night will start on Saturday, July 26 at 8:00 AM PT (Los Angeles time). The fight night will start on Saturday, July 26 at 11:00 AM ET (Toronto time). The fight night will start on Saturday, July 26 at 4:00 PM BST (London time). The fight night will start on Saturday, July 26 at 5:00 PM SAST (Johannesburg time). The fight night will start on Saturday, July 26 at 11:00 PM PHT (Manila time). The fight night will start on Sunday, July 27 at 1:00 AM AEST (Sydney time). The fight night will start on Sunday, July 27 at 3:00 AM NZST (Wellington time). Note that the main event ring walk typically takes place about 1 to 1.5 hours after the main card begins. If you're mainly interested in the headline bout, there’s still some time — but it’s always worth watching the full card. The fight will be held at the Etihad Arena in Abu Dhabi, Arab Emirates. The Tale of the Tape data is compiled from publicly available information on Sherdog | Muslim Salikhov | Carlos Leal | |---|---| | Russia | Brazil | | 21 - 5 - 0 (14 KOs) | 22 - 6 - 0 (11 KOs) | | welterweight (170 lbs / 77,1 kg) | welterweight (170 lbs / 77,1 kg) | | Age | | | Wins | | | Losses | | | Anthropometry | | Full Fight card for Muslim Salikhov vs Carlos Leal: Fight card subject to change | Division | Fighter #1 | Fighter #2 | Notes | |---|---|---|---| | middleweight (185 lbs) | Robert Whittaker (26 - 8 - 0) | Reinier de Ridder (20 - 2 - 0) | | | bantamweight (135 lbs) | Petr Yan (18 - 5 - 0) | Marcus Mc Ghee (10 - 1 - 0) | | | bantamweight (135 lbs) | Bryce Mitchell (17 - 3 - 0) | Said Nurmagomedov (18 - 4 - 0) | | | middleweight (185 lbs) | Sharabutdin Magomedov (15 - 1 - 0) | Marc-Andre Barriault (17 - 9 - 0) | | | light heavyweight (205 lbs) | Nikita Krylov (30 - 10 - 0) | Bogdan Guskov (17 - 3 - 0) | | | strawweight (115 lbs) | Amanda Ribas (12 - 6 - 0) | Tabatha Ricci (11 - 3 - 0) | | | welterweight (170 lbs) | Muslim Salikhov (21 - 5 - 0) | Carlos Leal (22 - 6 - 0) | | | light heavyweight (205 lbs) | Ibo Aslan (14 - 2 - 0) | Billy Elekana (7 - 2 - 0) | | | flyweight (125 lbs) | Asu Almabayev (21 - 3 - 0) | Jose Ochoa (8 - 1 - 0) | | | heavyweight (265 lbs) | Martin Buday (15 - 2 - 0) | Marcus Almeida (5 - 1 - 0) | | | featherweight (145 lbs) | Mohammad Yahya (12 - 5 - 0) | Steven Nguyen (9 - 2 - 0) | | | bantamweight (135 lbs) | Davey Grant (16 - 7 - 0) | Da'Mon Blackshear (17 - 7 - 1) | On July 26, UFC on ABC returns to the Etihad Arena in Abu Dhabi with a welterweight bout between Muslim Salikhov and Carlos Leal. Muslim Salikhov, known as the ""King of Kung Fu,"" brings a 21-5 record and a reputation for striking excellence rooted in his unique martial arts background. The Russian fighter, standing 5 feet 11 inches with a 69.5-inch reach, holds a 67% knockout rate. His last fight was a knockout win over Song Kenan, demonstrating his ability to finish fights decisively despite a lengthy layoff. Carlos Leal, nicknamed ""The Lion,"" is a Brazilian competitor with a 22-6 record and a 50% knockout rate. Matching Salikhov’s height but with a slightly longer reach, Leal is an aggressive fighter who recently secured a technical knockout victory against Alex Morono. His well-rounded skills and resilience make him a tough test in the division. This matchup features two orthodox fighters with contrasting styles: Salikhov’s precision striking and unorthodox techniques versus Leal’s power and forward pressure. Both fighters aim to climb the welterweight rankings with a strong performance. The fight promises a blend of tactical striking and moments of explosive action, making it an essential viewing for fans of technical MMA battles.",2025-07-26,https://boxing-schedule.com/mma/salikhov-vs-leal/stream/
"Kung Fu vs. Karate in UFC? Muslim ""King of Kung Fu"" Salikhov Wants Epic Martial Arts Showdown Against Stephen ""Wonderboy"" Thompson","Kung Fu vs. Karate in UFC? Muslim ""King of Kung Fu"" Salikhov Wants Epic Martial Arts Showdown Against Stephen ""Wonderboy"" Thompson originally appeared on Athlon Sports. Russian welterweight veteran Muslim Salikhov, also known by his nickname “King of Kung Fu”, has built his name in the UFC as an exciting action-fighter known for his spinning kicks and unorthodox Wushu-based offense. As a multiple-time Sanda world champion, he and other Sanda-based fighters have proven that the kung fu combat sport is a viable disciplinary base for MMA. He faces welterweight Carlos Leal at UFC: Whittaker vs. De Ridder in Abu Dhabi this weekend on July 26. The 41-year-old Sanda specialist enters the bout as a sizable underdog but remains confident in his striking prowess. Beyond this fight, Salikhov has a bigger goal in mind. In an interview with Farah Hannoun of MMA Junkie, he revealed that he is interested in a striking fan’s dream matchup against karate specialist Stephen ""Wonderboy"" Thompson. Watch the full interview here: ""I don't care that he's unranked now. I think I'd like to fight with him since my first win in the UFC,” Salikhov admitted. “I called him out, and he didn't hear. I don't know why. I do a lot of knockouts, beautiful fights, but he still doesn't want to fight.” Thompson, a former UFC title challenger who gained notoriety for his kickboxing pedigree, has struggled recently with three straight losses. At the age of 42, his name still carries weight in the promotion, making this an appealing matchup for hardcore and casual fans alike. “This guy (is) very famous in America, so it's a good fight for anyone. We can see whose kung fu is better. He's a striker, karate guy. I'm kung fu. We can understand who's better now. He's (42) years young guy, me too... We can try. It's going to be a good fight, exciting for fans.” A potential Kung Fu vs. Karate clash between Salikhov and Thompson would be a striking purist’s delight and has the potential to give fans a fight that looks like it came straight out of a martial arts movie. First, Salikhov must get past Leal, a Muay Thai specialist with knockout power of his own. ""It's a very tough fight for everybody because this guy is strong, good chin, all the time going forward, trying to pressure,"" he told Hannoun. ""If he's just going to try to do striking with me, I'll knock him out for sure.” If he can pull off the upset in Abu Dhabi, expect another loud callout aimed at Thompson. Hopefully, he can finally force Dana White's or any UFC matchmaker's hand in booking this unique striker’s duel. Related: Former UFC Heavyweight Rejuvenates Career With 7-Second KO This story was originally reported by Athlon Sports on Jul 23, 2025, where it first appeared.",2025-07-25,https://sports.yahoo.com/article/kung-fu-vs-karate-ufc-232437221.html?fr=sycsrp_catchall
Muslim Salikhov vs Carlos Leal - Pronóstico UFC Fight Night,"Este 26 de julio el UFC visita la Etihad Arena de los Emiratos Árabes con un evento de primer nivel, donde tendremos el duelo de peso welter entre Muslim Salikhov vs. Carlos Leal y en MiCasino.com contamos con el mejor pronóstico deportivo, apuestas, cuotas y momios para este choque de artes marciales mixtas. Dos duros noqueadores que prometen una guerra en la pelea de pie. Esto te puede interesar: Todo sobre Ilia Topuria: El nuevo rey de la UFC Muslim Salikhov vs. Carlos Leal: Pronóstico deportivo – Apuestas recomendadas – UFC Fight Night – Cuotas y Momios | Resultado | Cuota decimal | Cuota americana | |---|---|---| | Salikhov | 4.75 | +375 | | Leal | 1.20 | -500 | Podría ganar Carlos Leal Carlos Leal es sólido favorito para conseguir la victoria, puesto que, el brasileño conecta más del doble de daño significativo por minuto y cuenta con cuatro pulgadas de ventaja en el alcance. Además, ha mostrado una quijada mucho más resistente y confiable que Salikhov. No se completarían todos los rounds Esta pelea puede acabarse antes del límite, considerando que, el 77% de las peleas de Salikhov resultaron en finalizaciones. Mientras que, Leal consiguió sus últimas cinco victorias por nocaut. Análisis y resumen – Muslim Salikhov vs. Carlos Leal – UFC Fight Night – Estadísticas y Resultados Muslim Salikhov se encuentra en racha de dos victorias y en su última presentación noqueó a Kenan Song en el primer asalto con una patada de giro. Ahora, el ruso buscará un tercer triunfo consecutivo que lo regrese al top 15 del peso welter. “King of Kung Fu” que registra marca de 21-5 con 14 nocauts y dos sumisiones, es un especialista en la pelea de pie con un variado repertorio de ataques, que destaca por su habilidad para conectar patadas de giro. Además, Salikhov cuenta con una eficiente defensa de derribos del 72%. Carlos Leal, por otra parte, debutó en el UFC el año pasado con una polémica derrota ante Rinat Fakhretdinov en un duelo que para muchos ganó el carioca. Sin embargo, se recuperó noqueando a Alex Morono en el primer asalto el pasado mes de marzo. “The Lion” que posee récord de 22-6 con 11 nocauts y dos sumisiones, es un agresivo golpeador con base de muay thai, que conecta unos elevados 9.65 ataques de poder por minuto. De igual forma, Leal cuenta con excelente lucha defensiva y evita el 90% de los intentos de derribos. ¡Juega, gana y, sobre todo… cobra!",2025-07-25,https://blog.micasino.com/muslim-salikhov-vs-carlos-leal-pronostico-ufc-fight-night-deportivo-online-mma-apuestas-hoy/
UFC Fight Night: Whittaker vs. De Ridder,"""King of Kung Fu"" ""The Lion"" | Muslim Salikhov | Carlos Leal | | |---|---|---| | Tale of the tape | || | Wins/Losses/Draws | 21-5-0 | 22-6-0 | | Average Fight Time | 10:24 | 9:38 | | Height | 5' 11"" | 5' 11"" | | Weight | 170 lbs. | 170 lbs. | | Reach | 70"" | 74"" | | Stance | Orthodox | Orthodox | | DOB | Jun 09, 1984 | May 04, 1994 | | Striking (Significant Strikes) | || | Strikes Landed per Min. (SLpM) | 3.38 | 9.65 | | Striking Accuracy | 49% | 50% | | Strikes Absorbed per Min. (SApM) | 2.90 | 7.73 | | Defense | 62% | 53% | | Grappling | || | Takedowns Average/15 min. | 1.08 | 0.78 | | Takedown Accuracy | 32% | 25% | | Takedown Defense | 72% | 90% | | Submission Average/15 min. | 0.0 | 0.0 | | Most recent fights (Newest First) | || | Win - Kenan | Win - Morono | | | Win - Ponzinibbio | Loss - Fakhretdinov | | | Loss - Brown | | | | Loss - Dalby | | | | Win - Fialho | |",No date found,http://ufcstats.com/fight-details/7c075e3383198e14
UFC Abu Dhabi Top Picks: Two Fights That Won’t Go the Distance!,"The UFC travels to the Middle East this weekend, and we’re covering all your betting needs for an Abu Dhabi fight night on ABC that’s stacked with top-ranked talent from top to bottom. My expert analysis on the UFC odds provided by Bet365 (check our Bet365 Review) is complete. it’s time to dive right into the most noteworthy, best bets and predictions for the UFC Abu Dhabi this weekend. Muslim Salikhov vs. Carlos Leal UFC Abu Dhabi Welterweight Preliminary Bout Saturday, July 26, 2025 – 09:05 PM EDT at Etihad Arena Muslim Salikhov Winning two consecutive fights at the age of 41 is impressive, but fellow aging fighters have somewhat assisted his matchmaking of late. He’s a longtime striker with some of the most lethal kicks in the game, but time isn’t on his side, as he’ll enter UFC Abu Dhabi with a 10-year gap to his opponent. - Salikhov Pro Record: 21-5 - Salikhov KO/TKO Wins: 13 - Salikhov Submission Wins: 3 Carlos Leal An absolute savage in the pocket who displayed his punching power throughout his pro career. This former LFA and PFL competitor has the experience, one-punch KO potential, and the pressure to cause nightmares for fighters like Salikhov, who enjoys striking at range. - Leal Pro Record: 22-6 - Leal KO/TKO Wins: 11 - Leal Submission Wins: 2 Salikhov vs. Leal Breakdown: Striking Styles & Key Matchup Insights Stylistically, I love how Leal cuts the cage and throws huge power shots on opponents backing up. For Salikhov, his kicking game has been crucial. However, whenever the distance is closed, he tends to struggle in these brawling situations. That’s where his technical abilities are limited. And don’t get me wrong, Salikhov is a heavy hitter himself. But he’s considerably slower than he used to be. And while his win streak should be noted, so should the fact that these opponents weren’t exactly young either. And don’t forget that primed Carlos Leal has never been knocked out while finishing his previous five pro-MMA fights with his fists! UFC Abu Dhabi Odds & Expert Fight Predictions The UFC pricing with our online sportsbooks places Leal as a favorite, but I don’t envision Salikhov surviving the expected heavy shots for 15 minutes. In fact, I wouldn’t be shocked if we witness a first-round knockout for the Brazilian. That’s why Leal by KO/TKO for -149 is the play. Davey Grant vs. Da’Mon Blackshear UFC Abu Dhabi Bantamweight Preliminary Bout Saturday, July 26, 2025 – 09:05 PM EDT at Etihad Arena Davey Grant You have to respect a 39-year-old for continuing to be competitive at the top level of bantamweight. He’s notably won 3 of his last 4 octagon appearances. However, two of said wins came against now-retired fighters, Louis Smolka and Raphael Assuncao. And despite his most recent bouts being well-fought, these men aren’t comparable to his weekend opponent. - Grant Pro Record: 14-7 - Grant KO/TKO Wins: 4 - Grant Submission Wins: 7 Da’Mon Blackshear I understand the caution of Blackshear entering any fight as a huge betting favorite. Still, he’ll be an opponent with experience and an upward trajectory. After Michael Johnson’s emphatic performance last week at UFC 318, I hate to use age as a measuring factor. However, considering Grant has had just four fights since 2022 (while Blackshear has had four in the last year alone), I feel like a passing of the torch moment is upon us. - Blackshear Pro Record: 17-7-1 - Blackshear KO/TKO Wins: 2 - Blackshear Submission Wins: 11 Grant vs. Blackshear: Striking Styles & Key Matchup Insights Blackshear, most known for his grappling and submission success, was once criticized for his striking offense. However, over the last year, he’s truly looked sharper and more technical in this area. He’ll undoubtedly be the most athletic fighter, with a higher-tempo offense and speed. And yes, the old dog in Davey is a crisp boxer who has won many fights through this aspect alone. However, Grant has reached his ceiling. Blackshear, meanwhile, is yet to peak. The latter has looked incredible in his last three outings, including two submissions over respectable grapplers. He is a hard guy to finish, but here’s the kicker: he hasn’t fought a young and slick submission artist with Blackshear’s experience. I wouldn’t be surprised to see this fight end by submission, but I’m also considering the potential for a knockout loss for Grant, as ring rust, age, and the momentum of a young opponent could finally take a toll on his chin. UFC Abu Dhabi Odds & Expert Fight Predictions The UFC odds make Blackshear a significant betting favorite. However, we’re not interested in the juice. Instead, bet on Blackshear to win with the Under 2.5 Rounds priced at +150. The torch will be passed in a statement win for Da Monster. *21+ Seek help with a gambling addiction at 1-800-Gambler *The line and/or odds referenced in this article might have changed since the content was published. For the latest information on line movements, visit OddsTrader’s free betting odds tool.",2025-07-24,https://www.oddstrader.com/betting/analysis/ufc-abu-dhabi-top-picks/
FanDuel Sportsbook,You need to enable JavaScript to run this app.,2022-12-07,https://sportsbook.fanduel.com/mma/ufc-matches/muslim-salikhov-v-carlos-leal-34527782?tab=round-props
"Muslim Salikhov plans to knock out Carlos Leal, then call out Stephen Thompson – again","Muslim Salikhov plans to knock out Carlos Leal, then call out Stephen Thompson – again ABU DHABI – Muslim Salikhov hopes an emphatic finish at UFC on ABC 9 will finally get Stephen Thompson's attention. Salikhov (21-5 MMA, 8-4 UFC) takes on Carlos Leal (22-6 MMA, 1-1 UFC) in a welterweight bout on Saturday's prelims (ABC, ESPN, ESPN+) at Etihad Arena in Abu Dhabi. Leal's past five wins have come by early knockout, and Salikhov knows the Brazilian will bring the fight to him. However, the ""King of Kung Fu"" doubts Leal will oblige in the striking. ""It's a very tough fight for everybody because this guy is strong, good chin, all the time going forward, trying to pressure,"" Salikhov told MMA Junkie of Leal. ""He's strong, fast, faster than me, stronger than me, but I'm better. I know. I believe that I am better than him. I believe that no one can fight with me in a standup fight. If he's just going to try to do striking with me, I'll knock him out for sure."" Salikhov called out Stephen Thompson (17-9-1 MMA, 12-9-1 UFC) after his spinning wheel kick knockout of Song Kenan in his most recent appearance this past November. Salikhov is yet to get his wish but won't give up on his callout should he get his hand raised against Leal. ""Of course, 'Wonderboy' is a very interesting fight,"" Salikhov said. ""I don't care that he's unranked now. I think I'd like to fight with him since my first win in the UFC, I called him out, and he didn't hear. I don't know why. I do a lot of knockouts, beautiful fights, but he still doesn't want to fight. ""I don't know why, but maybe after this fight. ... This guy very famous in America, so it's a good fight for anyone. We can see who's kung fu is better. He's a striker, karate guy. I'm kung fu. We can understand who's better now. He's (42) years, young guy, me too also. We can try. It's going to be a good fight, exciting for fans.""",2025-07-22,https://mmajunkie.usatoday.com/story/sports/ufc/2025/07/22/ufc-on-abc-9-muslim-salikhov-still-eyes-stephen-thompson-fight/85319206007/
"Muslim Salikhov vs Carlos Leal - How to Watch, Stream & TV Info","26 Jul You can stream the Muslim Salikhov vs Carlos Leal fight via: Disclaimer: Some links to streaming or pay-per-view on this page may be affiliate links. If you make a purchase through them, we may earn a commission — at no extra cost to you. TV channels and online platforms may vary by region, and we’ll update this section as new info becomes available. The scheduled 3-round welterweight bout will take place on July 26, 2025. The full fight night schedule, including local start times for various countries, is listed below. Check the schedule to see when the event begins in your region. The fight night will start on Saturday, July 26 at 11:00 AM ET (New York time). The fight night will start on Saturday, July 26 at 8:00 AM PT (Los Angeles time). The fight night will start on Saturday, July 26 at 11:00 AM ET (Toronto time). The fight night will start on Saturday, July 26 at 4:00 PM BST (London time). The fight night will start on Saturday, July 26 at 5:00 PM SAST (Johannesburg time). The fight night will start on Saturday, July 26 at 11:00 PM PHT (Manila time). The fight night will start on Sunday, July 27 at 1:00 AM AEST (Sydney time). The fight night will start on Sunday, July 27 at 3:00 AM NZST (Wellington time). Note that the main event ring walk typically takes place about 1 to 1.5 hours after the main card begins. If you're mainly interested in the headline bout, there’s still some time — but it’s always worth watching the full card. The fight will be held at the Etihad Arena in Abu Dhabi, Arab Emirates. The Tale of the Tape data is compiled from publicly available information on Sherdog | Muslim Salikhov | Carlos Leal | |---|---| | Russia | Brazil | | 21 - 5 - 0 (14 KOs) | 22 - 6 - 0 (11 KOs) | | welterweight (170 lbs / 77,1 kg) | welterweight (170 lbs / 77,1 kg) | | Age | | | Wins | | | Losses | | | Anthropometry | | Full Fight card for Muslim Salikhov vs Carlos Leal: Fight card subject to change | Division | Fighter #1 | Fighter #2 | Notes | |---|---|---|---| | middleweight (185 lbs) | Robert Whittaker (26 - 8 - 0) | Reinier de Ridder (20 - 2 - 0) | | | bantamweight (135 lbs) | Petr Yan (18 - 5 - 0) | Marcus Mc Ghee (10 - 1 - 0) | | | bantamweight (135 lbs) | Bryce Mitchell (17 - 3 - 0) | Said Nurmagomedov (18 - 4 - 0) | | | middleweight (185 lbs) | Sharabutdin Magomedov (15 - 1 - 0) | Marc-Andre Barriault (17 - 9 - 0) | | | light heavyweight (205 lbs) | Nikita Krylov (30 - 10 - 0) | Bogdan Guskov (17 - 3 - 0) | | | strawweight (115 lbs) | Amanda Ribas (12 - 6 - 0) | Tabatha Ricci (11 - 3 - 0) | | | welterweight (170 lbs) | Muslim Salikhov (21 - 5 - 0) | Carlos Leal (22 - 6 - 0) | | | light heavyweight (205 lbs) | Ibo Aslan (14 - 2 - 0) | Billy Elekana (7 - 2 - 0) | | | flyweight (125 lbs) | Asu Almabayev (21 - 3 - 0) | Jose Ochoa (8 - 1 - 0) | | | heavyweight (265 lbs) | Martin Buday (15 - 2 - 0) | Marcus Almeida (5 - 1 - 0) | | | featherweight (145 lbs) | Mohammad Yahya (12 - 5 - 0) | Steven Nguyen (9 - 2 - 0) | | | bantamweight (135 lbs) | Davey Grant (16 - 7 - 0) | Da'Mon Blackshear (17 - 7 - 1) | On July 26, UFC on ABC returns to the Etihad Arena in Abu Dhabi with a welterweight bout between Muslim Salikhov and Carlos Leal. Muslim Salikhov, known as the ""King of Kung Fu,"" brings a 21-5 record and a reputation for striking excellence rooted in his unique martial arts background. The Russian fighter, standing 5 feet 11 inches with a 69.5-inch reach, holds a 67% knockout rate. His last fight was a knockout win over Song Kenan, demonstrating his ability to finish fights decisively despite a lengthy layoff. Carlos Leal, nicknamed ""The Lion,"" is a Brazilian competitor with a 22-6 record and a 50% knockout rate. Matching Salikhov’s height but with a slightly longer reach, Leal is an aggressive fighter who recently secured a technical knockout victory against Alex Morono. His well-rounded skills and resilience make him a tough test in the division. This matchup features two orthodox fighters with contrasting styles: Salikhov’s precision striking and unorthodox techniques versus Leal’s power and forward pressure. Both fighters aim to climb the welterweight rankings with a strong performance. The fight promises a blend of tactical striking and moments of explosive action, making it an essential viewing for fans of technical MMA battles.",2025-07-26,https://boxing-schedule.com/mma/salikhov-vs-leal/stream/
"Kung Fu vs. Karate in UFC? Muslim ""King of Kung Fu"" Salikhov Wants Epic Martial Arts Showdown Against Stephen ""Wonderboy"" Thompson","Kung Fu vs. Karate in UFC? Muslim ""King of Kung Fu"" Salikhov Wants Epic Martial Arts Showdown Against Stephen ""Wonderboy"" Thompson originally appeared on Athlon Sports. Russian welterweight veteran Muslim Salikhov, also known by his nickname “King of Kung Fu”, has built his name in the UFC as an exciting action-fighter known for his spinning kicks and unorthodox Wushu-based offense. As a multiple-time Sanda world champion, he and other Sanda-based fighters have proven that the kung fu combat sport is a viable disciplinary base for MMA. He faces welterweight Carlos Leal at UFC: Whittaker vs. De Ridder in Abu Dhabi this weekend on July 26. The 41-year-old Sanda specialist enters the bout as a sizable underdog but remains confident in his striking prowess. Beyond this fight, Salikhov has a bigger goal in mind. In an interview with Farah Hannoun of MMA Junkie, he revealed that he is interested in a striking fan’s dream matchup against karate specialist Stephen ""Wonderboy"" Thompson. Watch the full interview here: ""I don't care that he's unranked now. I think I'd like to fight with him since my first win in the UFC,” Salikhov admitted. “I called him out, and he didn't hear. I don't know why. I do a lot of knockouts, beautiful fights, but he still doesn't want to fight.” Thompson, a former UFC title challenger who gained notoriety for his kickboxing pedigree, has struggled recently with three straight losses. At the age of 42, his name still carries weight in the promotion, making this an appealing matchup for hardcore and casual fans alike. “This guy (is) very famous in America, so it's a good fight for anyone. We can see whose kung fu is better. He's a striker, karate guy. I'm kung fu. We can understand who's better now. He's (42) years young guy, me too... We can try. It's going to be a good fight, exciting for fans.” A potential Kung Fu vs. Karate clash between Salikhov and Thompson would be a striking purist’s delight and has the potential to give fans a fight that looks like it came straight out of a martial arts movie. First, Salikhov must get past Leal, a Muay Thai specialist with knockout power of his own. ""It's a very tough fight for everybody because this guy is strong, good chin, all the time going forward, trying to pressure,"" he told Hannoun. ""If he's just going to try to do striking with me, I'll knock him out for sure.” If he can pull off the upset in Abu Dhabi, expect another loud callout aimed at Thompson. Hopefully, he can finally force Dana White's or any UFC matchmaker's hand in booking this unique striker’s duel. Related: Former UFC Heavyweight Rejuvenates Career With 7-Second KO This story was originally reported by Athlon Sports on Jul 23, 2025, where it first appeared.",2025-07-25,https://sports.yahoo.com/article/kung-fu-vs-karate-ufc-232437221.html?fr=sycsrp_catchall
Muslim Salikhov vs Carlos Leal - Pronóstico UFC Fight Night,"Este 26 de julio el UFC visita la Etihad Arena de los Emiratos Árabes con un evento de primer nivel, donde tendremos el duelo de peso welter entre Muslim Salikhov vs. Carlos Leal y en MiCasino.com contamos con el mejor pronóstico deportivo, apuestas, cuotas y momios para este choque de artes marciales mixtas. Dos duros noqueadores que prometen una guerra en la pelea de pie. Esto te puede interesar: Todo sobre Ilia Topuria: El nuevo rey de la UFC Muslim Salikhov vs. Carlos Leal: Pronóstico deportivo – Apuestas recomendadas – UFC Fight Night – Cuotas y Momios | Resultado | Cuota decimal | Cuota americana | |---|---|---| | Salikhov | 4.75 | +375 | | Leal | 1.20 | -500 | Podría ganar Carlos Leal Carlos Leal es sólido favorito para conseguir la victoria, puesto que, el brasileño conecta más del doble de daño significativo por minuto y cuenta con cuatro pulgadas de ventaja en el alcance. Además, ha mostrado una quijada mucho más resistente y confiable que Salikhov. No se completarían todos los rounds Esta pelea puede acabarse antes del límite, considerando que, el 77% de las peleas de Salikhov resultaron en finalizaciones. Mientras que, Leal consiguió sus últimas cinco victorias por nocaut. Análisis y resumen – Muslim Salikhov vs. Carlos Leal – UFC Fight Night – Estadísticas y Resultados Muslim Salikhov se encuentra en racha de dos victorias y en su última presentación noqueó a Kenan Song en el primer asalto con una patada de giro. Ahora, el ruso buscará un tercer triunfo consecutivo que lo regrese al top 15 del peso welter. “King of Kung Fu” que registra marca de 21-5 con 14 nocauts y dos sumisiones, es un especialista en la pelea de pie con un variado repertorio de ataques, que destaca por su habilidad para conectar patadas de giro. Además, Salikhov cuenta con una eficiente defensa de derribos del 72%. Carlos Leal, por otra parte, debutó en el UFC el año pasado con una polémica derrota ante Rinat Fakhretdinov en un duelo que para muchos ganó el carioca. Sin embargo, se recuperó noqueando a Alex Morono en el primer asalto el pasado mes de marzo. “The Lion” que posee récord de 22-6 con 11 nocauts y dos sumisiones, es un agresivo golpeador con base de muay thai, que conecta unos elevados 9.65 ataques de poder por minuto. De igual forma, Leal cuenta con excelente lucha defensiva y evita el 90% de los intentos de derribos. ¡Juega, gana y, sobre todo… cobra!",2025-07-25,https://blog.micasino.com/muslim-salikhov-vs-carlos-leal-pronostico-ufc-fight-night-deportivo-online-mma-apuestas-hoy/
UFC Fight Night: Whittaker vs. De Ridder,"""King of Kung Fu"" ""The Lion"" | Muslim Salikhov | Carlos Leal | | |---|---|---| | Tale of the tape | || | Wins/Losses/Draws | 21-5-0 | 22-6-0 | | Average Fight Time | 10:24 | 9:38 | | Height | 5' 11"" | 5' 11"" | | Weight | 170 lbs. | 170 lbs. | | Reach | 70"" | 74"" | | Stance | Orthodox | Orthodox | | DOB | Jun 09, 1984 | May 04, 1994 | | Striking (Significant Strikes) | || | Strikes Landed per Min. (SLpM) | 3.38 | 9.65 | | Striking Accuracy | 49% | 50% | | Strikes Absorbed per Min. (SApM) | 2.90 | 7.73 | | Defense | 62% | 53% | | Grappling | || | Takedowns Average/15 min. | 1.08 | 0.78 | | Takedown Accuracy | 32% | 25% | | Takedown Defense | 72% | 90% | | Submission Average/15 min. | 0.0 | 0.0 | | Most recent fights (Newest First) | || | Win - Kenan | Win - Morono | | | Win - Ponzinibbio | Loss - Fakhretdinov | | | Loss - Brown | | | | Loss - Dalby | | | | Win - Fialho | |",No date found,http://ufcstats.com/fight-details/7c075e3383198e14
"UFC on ABC 9: Salikhov vs Leal - Datum, Startzeit, Kampfkarte, Ort","Muslim Salikhov und Carlos Leal werden in der Etihad Arena in Yas Island, Abu Dhabi, Vereinigte Arabische Emirate bei UFC on ABC 9 aufeinandertreffen. Sie sind Teil des Vorprogramms zum Hauptkampf Robert Whittaker vs. Reinier de Ridder. Salikhov, der ""King of Kung Fu"" aus Russland, wurde Profi mit jahrelanger Erfahrung und einer Bilanz von 14 K.o.-Siegen. Sein letzter Kampf endete mit einem Sieg über Kenan Song durch K.o. mit einem Spinning Wheel Kick. Leal, genannt ""Der Löwe"", kommt aus dem brasilianischen Team Thai Brasil und hat erst vor wenigen Monaten einen beeindruckenden TKO-Sieg über Alex Morono errungen. Wann findet der Kampf Muslim Salikhov gegen Carlos Leal statt? Die Live-Übertragung des Hauptkampfes Muslim Salikhov vs Carlos Leal beginnt um 12:00 PM EST auf ESPN+, TNT Sports Box Office. In der untenstehenden Tabelle finden Sie Ihre lokale Zeit. | Region | Datum | Sendebeginn | Muslim Salikhov gegen Carlos Leal Ring Walks (approx.) | | Schweiz | Samstag, 26. Juli 2025 | 06:00 nachm. | 07:40 nachm. | | Österreich | Samstag, 26. Juli 2025 | 06:00 nachm. | 07:40 nachm. | | Deutschland | Samstag, 26. Juli 2025 | 06:00 nachm. | 07:40 nachm. | Die Veranstaltung UFC on ABC 9 findet am 26. Juli 2025 in der Etihad Arena in Yas Island, Abu Dhabi, Vereinigte Arabische Emirate, statt. Die Startzeit ist für 01:40 PM EST angesetzt. Die Veranstaltung bietet einen Weltergewichtskampf zwischen Muslim Salikhov und Gabriel Leal als Teil des Vorprogramms. Im Hauptkampf wird Robert Whittaker gegen Reinier de Ridder antreten. Die Kämpfe sind Teil des UFC on ABC 9-Turniers. Die Kämpfe gehen jeweils über drei Runden. Bitte beachten Sie, dass die Ringzeiten aufgrund der Aufführungsdauer früherer Kämpfe im Vorprogramm variieren können. Die Zuschauer sollten sich über die Startzeiten in ihren jeweiligen Regionen informieren, um keine Kämpfe zu verpassen. Kämpfer Details Muslim Salikhov steht Carlos Leal in einem Weltergewichtskampf bei UFC on ABC 9 - Whittaker vs. de Ridder gegenüber. Es stehen keine Gürtel auf dem Spiel. Muslim Salikhov - Nationalität: Russland - Größe: 180 cm - Gewicht: 77,1 kg - Kämpfe insgesamt: 26 - Bilanz: 21 / 5 / 0 Muslim Salikhov stammt aus Russland und kämpft in der Weltergewichtsliga. Mit einer professionellen Bilanz von 21 Siegen und 5 Niederlagen ist er für seine Schlagtechniken bekannt, insbesondere für seine Spinning-Techniken. Sein jüngster Sieg gegen Kenan Song endete mit einem Spinning Wheel Kick Knockout, der seine Fähigkeit, kreative Schläge effizient auszuführen, unter Beweis stellte. Carlos Leal - Nationalität: Brasilien - Größe: 178 cm - Gewicht: 77,1 kg - Kämpfe insgesamt: 28 - Bilanz: 22 / 6 / 0 Carlos Leal aus Brasilien kämpft in der gleichen Gewichtsklasse und hat eine Bilanz von 22 Siegen und 6 Niederlagen. Sein letzter Gegner war Alex Morono, den er mit einem TKO durch Schläge besiegte, wobei er eine solide Schlagkraft bewies. Wie und wo man den Kampf Muslim Salikhov gegen Carlos Leal sehen kann Sie können Muslim Salikhov vs Carlos Leal über ESPN+, TNT Sports Box Office sehen. | Region | Live-Streaming | | USA | ESPN | | UK und Irland | TNT Sportkasse | Wenn Ihr Land von den Streaming-Diensten blockiert wird oder es einfach keine praktikablen Optionen für Ihr Land gibt, können wir nur eine Lösung empfehlen: die Verwendung einer VPN-Software zur Umgehung der Beschränkungen. Sie ermöglicht es Ihnen, Ihre IP-Adresse zu ändern und so zu tun, als ob Sie das Ereignis von einem anderen Land aus verfolgen würden. Wenn Sie also in Großbritannien, Kanada, Australien, Neuseeland, Indien, den Vereinigten Arabischen Emiraten, Mexiko, Spanien oder einem anderen Land leben und keinen funktionierenden Anbieter finden können, um den Kampf Muslim Salikhov gegen Carlos Leal zu sehen, verwenden Sie unseren empfohlenen (und getesteten) VPN und wechseln Sie zu einem Standort Ihrer Wahl. Muslim Salikhov vs Carlos Leal Kampf Karte - Robert Whittaker vs. Reinier de Ridder - Petr Yan gegen Marcus McGhee - Bryce Mitchell gegen Said Nurmagomedov - Scharabutdin Magomedow gegen Marc-Andre Barriault - Nikita Krylov gegen Bogdan Guskov - Amanda Ribas gegen Tabatha Ricci - Muslim Salikhov gegen Carlos Leal - Ibo Aslan gegen Billy Elekana - Asu Almabayev gegen Jose Ochoa - Martin Buday gegen Marcus Almeida - Mohammad Yahya gegen Steven Nguyen - Davey Grant gegen Da'Mon Blackshear",2025-07-25,https://ringside24.com/de/news/mma/235406-ufc-on-abc-9-salikhov-vs-leal-datum-startzeit-kampfkarte-ort
AI Predicts Muslim Salikhov vs Carlos Leal: Who Will Win?,"26 Jul Our AI model analyzes a wide range of data to generate a prediction for the upcoming fight between Muslim Salikhov and Carlos Leal. This includes statistics, past performance, style, and momentum. Click the button below to reveal the forecast. Disclaimer: This forecast is for informational purposes only and does not constitute betting advice or a recommendation. No responsibility is taken for any decisions based on this content. The Tale of the Tape data is compiled from publicly available information on Sherdog | Muslim Salikhov | Carlos Leal | |---|---| | Russia | Brazil | | 21 - 5 - 0 (14 KOs) | 22 - 6 - 0 (11 KOs) | | welterweight (170 lbs / 77,1 kg) | welterweight (170 lbs / 77,1 kg) | | Age | | | Wins | | | Losses | | | Anthropometry | | The scheduled 3-round welterweight bout will take place on July 26, 2025. The full fight night schedule, including local start times for various countries, is listed below. Check the schedule to see when the event begins in your region. The fight night will start on Saturday, July 26 at 11:00 AM ET (New York time). The fight night will start on Saturday, July 26 at 8:00 AM PT (Los Angeles time). The fight night will start on Saturday, July 26 at 11:00 AM ET (Toronto time). The fight night will start on Saturday, July 26 at 4:00 PM BST (London time). The fight night will start on Saturday, July 26 at 5:00 PM SAST (Johannesburg time). The fight night will start on Saturday, July 26 at 11:00 PM PHT (Manila time). The fight night will start on Sunday, July 27 at 1:00 AM AEST (Sydney time). The fight night will start on Sunday, July 27 at 3:00 AM NZST (Wellington time). Note that the main event ring walk typically takes place about 1 to 1.5 hours after the main card begins. If you're mainly interested in the headline bout, there’s still some time — but it’s always worth watching the full card. You can stream the Salikhov vs Leal fight via ESPN+. Disclaimer: Some links to streaming or pay-per-view on this page may be affiliate links. If you make a purchase through them, we may earn a commission — at no extra cost to you. The fight will be held at the Etihad Arena in Abu Dhabi, Arab Emirates. Full Fight card for Muslim Salikhov vs Carlos Leal: Fight card subject to change | Division | Fighter #1 | Fighter #2 | Notes | |---|---|---|---| | middleweight (185 lbs) | Robert Whittaker (26 - 8 - 0) | Reinier de Ridder (20 - 2 - 0) | | | bantamweight (135 lbs) | Petr Yan (18 - 5 - 0) | Marcus Mc Ghee (10 - 1 - 0) | | | bantamweight (135 lbs) | Bryce Mitchell (17 - 3 - 0) | Said Nurmagomedov (18 - 4 - 0) | | | middleweight (185 lbs) | Sharabutdin Magomedov (15 - 1 - 0) | Marc-Andre Barriault (17 - 9 - 0) | | | light heavyweight (205 lbs) | Nikita Krylov (30 - 10 - 0) | Bogdan Guskov (17 - 3 - 0) | | | strawweight (115 lbs) | Amanda Ribas (12 - 6 - 0) | Tabatha Ricci (11 - 3 - 0) | | | welterweight (170 lbs) | Muslim Salikhov (21 - 5 - 0) | Carlos Leal (22 - 6 - 0) | | | light heavyweight (205 lbs) | Ibo Aslan (14 - 2 - 0) | Billy Elekana (7 - 2 - 0) | | | flyweight (125 lbs) | Asu Almabayev (21 - 3 - 0) | Jose Ochoa (8 - 1 - 0) | | | heavyweight (265 lbs) | Martin Buday (15 - 2 - 0) | Marcus Almeida (5 - 1 - 0) | | | featherweight (145 lbs) | Mohammad Yahya (12 - 5 - 0) | Steven Nguyen (9 - 2 - 0) | | | bantamweight (135 lbs) | Davey Grant (16 - 7 - 0) | Da'Mon Blackshear (17 - 7 - 1) | On July 26, UFC on ABC returns to the Etihad Arena in Abu Dhabi with a welterweight bout between Muslim Salikhov and Carlos Leal. Muslim Salikhov, known as the ""King of Kung Fu,"" brings a 21-5 record and a reputation for striking excellence rooted in his unique martial arts background. The Russian fighter, standing 5 feet 11 inches with a 69.5-inch reach, holds a 67% knockout rate. His last fight was a knockout win over Song Kenan, demonstrating his ability to finish fights decisively despite a lengthy layoff. Carlos Leal, nicknamed ""The Lion,"" is a Brazilian competitor with a 22-6 record and a 50% knockout rate. Matching Salikhov’s height but with a slightly longer reach, Leal is an aggressive fighter who recently secured a technical knockout victory against Alex Morono. His well-rounded skills and resilience make him a tough test in the division. This matchup features two orthodox fighters with contrasting styles: Salikhov’s precision striking and unorthodox techniques versus Leal’s power and forward pressure. Both fighters aim to climb the welterweight rankings with a strong performance. The fight promises a blend of tactical striking and moments of explosive action, making it an essential viewing for fans of technical MMA battles.",2025-07-26,https://boxing-schedule.com/mma/salikhov-vs-leal/prediction/
UFC on ABC 9’s Must-See Showdowns on Saturday’s Prelims,"UFC on ABC 9 fight week is here. After a trip to New Orleans last weekend for the excitement of UFC 318 on pay-per-view, Dana White’s promotion heads to the United Arab Emirates, specifically Abu Dhabi, for the last event on the company’s schedule before the calendar shifts to August next Friday. This week’s card originates from Abu Dhabi’s Etihad Arena on Yas Island. If you’ll recall, five years ago, during the COVID-19 pandemic, the UFC set up shop on Yas Island for its Fight Island stints from July of 2020 to January of 2021. Live coverage of UFC on ABC 9 begins Saturday at 12 noon ET/ 9 am PT with the undercard. If you’re watching from inside the United States, these prelims are available via ESPN (linear television) and ESPN+ (streaming.) Main card action from UFC on ABC 9, highlighted by the main event between Robert Whittaker and Reinier de Ridder follows at 3 pm ET/ noon PT, and you won’t even need a cable plan to tune in for that portion of the show, as it’ll be accessible through your local ABC affiliate. If there are no alterations to the schedule between now and the weekend, the final version of this event will feature a full 12-fight card. At the top of the bill on the prelims is a bantamweight showcase matching No. 15 contender Bryce Mitchell (17-3 MMA, 8-3 UFC) against unranked Said Nurmagomedov (18-4 MMA, 7-3 UFC.) All fights mentioned herein are an advertised maximum of three rounds at five minutes per round. Bryce Mitchell comes into UFC on ABC 9 having posted a record of 2-3 in his last five fights. Back in April, he was on the receiving end of a second-round submission by way of ninja choke against 2021 Contender Series graduate Jean Silva (16-2 MMA, 5-0 UFC) during UFC 314 in Miami. Mitchell has had about three and a half months between fights after sitting out a year ahead of his return in December of 2024. Now that he’s back to a more consistent schedule in MMA, will he get back in the win column this weekend? Meanwhile, Said Nurmagomedov will be making the walk in Abu Dhabi this Saturday at UFC on ABC 9 with a mark of 3-2 over the course of his last five appearances in the sport. On Feb. 1, he went down in defeat via unanimous decision to Vinicius Oliveira (22-3 MMA, 4-0 UFC) after three rounds of action on the main card. Much like his opponent this weekend, Nurmagomedov is also getting back to a regular schedule of fights, something that’s welcomed by his camp. Of Said Nurmagomedov’s last five scheduled fights, three have gotten postponed without a single punch thrown. How will he fare this time? Immediately beforehand, the co-featured undercard bout of UFC on ABC 9 takes place at 170 lbs as Muslim Salikhov (21-5 MMA, 8-4 UFC) meets up with Carlos Leal (22-6 MMA, 1-1 UFC), an alum of the PFL. Salikhov has gone 3-2 over the course of the last five fights. At the moment, he’s on a two-fight winning streak. Last November in Macau, he finished Song Kenan (22-9 MMA, 6-5 UFC) with a spinning wheel kick inside the first round of the fight. An eight-month hiatus between fights can’t be easy for a competitor. How much ring rust does Muslim Salikhov have going into this one? What kind of training camp has he had? Tune in and find out the answers. Across the way, Carlos Leal is sporting his own 3-2 record in his most recent five contests. Last time out, he stopped Alex Morono (24-12, 1 NC MMA, 13-9, 1 NC UFC) with punches during the opening round of their March 8 fight in UFC 313 in Las Vegas. Numerically speaking, Leal has scored 13 wins by way of stoppage. Can he get another victory before the final horn? Also on the UFC on ABC 9 undercard, you’ll see a bantamweight fixture versing Davey Grant (14-7 MMA, 7-6 UFC) with Da’Mon Blackshear (17-7-1 MMA, 5-3-1 UFC.) Grant enters this show with a 3-2 record in his past five contests. Back in December, he trekked to Tampa for a fight versus Ramon Tavares (10-3 MMA, 1-1 UFC), winning by way of unanimous decision after 15 minutes of action. This is Grant’s first walk to the Octagon in 2025. On April 5, he was scheduled to face off against Daniel Santos inside the UFC Apex facility, but this fight wound up being canceled ahead of the show because of the latter encountering medical problems before even weighing-in the morning before. Grant would, however, weigh-in successfully that Friday. He went through an entire camp with nothing to show for it this past spring, so expect him to fight with frustration on Saturday night. In the other corner, Da’Mon Blackshear has a record of 3-2 in his five latest contests. He’s a streaky fighter of late, winning his last three after dropping two fights in a row. Most recently, he bested Alatengheli Alateng (17-10-2 MMA, 5-3-1 UFC) by unanimous decision at the end of April in Kansas City. Saturday’s fight during the UFC on ABC 9 prelims is already his third walk to the fabled Octagon thus far in 2025. Can Blackshear add another victory to his resume? Which prelim or prelims are you looking forward to on UFC on ABC 9 this Saturday? More must-reads: Get the latest news and rumors, customized to your favorite sports and teams. Emailed daily. Always free!",2025-07-23,https://www.yardbarker.com/mma/articles/ufc_on_abc_9s_must_see_showdowns_on_saturdays_prelims/s1_17211_42492289
Fight By Fight Preview | UFC Abu Dhabi,"Saturday afternoon, the Octagon returns to Etihad Arena and the action returns to ABC as the UFC brings a loaded fight card from the UAE to network television. Headlined by a critical middleweight matchup between former champ Robert Whittaker and rising contender Reinier de Ridder and featuring several pivotal divisional battles scattered up and down the lineup, this weekend’s offering promises to be full of action and potential impact in a number of key weight classes. Main Event: Robert Whittaker vs Reinier de Ridder Location: Etihad Arena — Abu Dhabi, UAE Where to Watch: ABC / ESPN / ESPN+ Other Main Card Matches: - Petr Yan vs Marcus McGhee - Bryce Mitchell vs Said Nurmagomedov - Shara Magomedov vs Marc-Andre Barriault - Nikita Krylov vs Bogdan Guskov Prelim Matches: - Amanda Ribas vs Tabatha Ricci - Muslim Salikhov vs Carlos Leal - Ibo Aslan vs Billy Elekana - Asu Almabayev vs Jose Ochoa - Martin Buday vs Marcus Buchecha - Mohammad Yahya vs Steven Nguyen - Davey Grant vs Da’Mon Blackshear Main Event: Robert Whittaker vs Reinier de Ridder Unlock MORE of your inner combat sports fan with UFC Fight Pass! Fighting is what we live for. And no one brings you MORE live fights, new shows, and events across multiple combat sports from around the world. With a never-ending supply of fighting in every discipline, there’s always something new to watch. Leave it to the world’s authority in MMA to bring you the Ultimate 24/7 platform for MORE combat sports, UFC Fight Pass! Upgrade licenceThis video is not available in your country There was a problem while loading content. Please try again. Just a couple weeks before the middleweight title goes up for grabs, Robert Whittaker and Reinier de Ridder square off in this critical divisional pairing on Saturday in Abu Dhabi. Whittaker makes his second consecutive start at Etihad Arena and third straight appearance in the MENA region, having bested Ikram Aliskerov in Riyadh, Saudi Arabia, prior to his loss to Khamzat Chimaev last October at UFC 308. “The Reaper” had remained the top end measuring stick for all hopefuls in the division, having only lost to Israel Adesanya, current champ Dricus Du Plessis, and Chimaev, rebounding from each of those setbacks with quality wins over tough opponents. GET YOUR TICKETS: UFC Abu Dhabi | UFC 319 De Ridder’s promotional debut against Gerald Meerschaert left some wondering why so many were pumped about the promotion bringing the Dutch veteran into the fold, but he’s shown why so far in 2025. In January, de Ridder dispatched Kevin Holland with swiftness, and then followed it up by bouncing Bo Nickal from the ranks of the unbeaten at the start of May to move to 20-2 overall. The key question heading into this one is pretty clear and familiar: can de Ridder get by the man who has steadily guarded the gates to contention, or will Whittaker turn back yet another hopeful? It should be a fun stylistic clash between a pair of well-rounded talents to close out the show on Saturday evening on ABC. Additional Main Card Matchups Petr Yan vs Marcus McGhee Unlock MORE of your inner combat sports fan with UFC Fight Pass! Fighting is what we live for. And no one brings you MORE live fights, new shows, and events across multiple combat sports from around the world. With a never-ending supply of fighting in every discipline, there’s always something new to watch. Leave it to the world’s authority in MMA to bring you the Ultimate 24/7 platform for MORE combat sports, UFC Fight Pass! Upgrade licenceThis video is not available in your country There was a problem while loading content. Please try again. Petr Yan and Marcus McGhee share the Octagon in this fascinating bantamweight matchup that now lands as the co-main event of the evening. The former champion Yan has won consecutive outings to silence any questions about his standing in the division following a three-fight slide to the last three men to hold the bantamweight title. He was his familiar, technical self in his twin 2024 victories, warming into his win over Song Yadong before sweeping the scorecards against Deiveson Figueiredo. McGhee touches down in Abu Dhabi having won all four of his UFC starts to date and six straight overall to climb to No. 13 in the bantamweight rankings at the time of this writing. The MMA Lab product was a late arrival to the pro ranks, debuting in 2020, but quickly ascended to the UFC and has the chance to make some real noise in the 135-pound weight class this weekend. Respectfully, all the advantages fall in Yan’s favor, which makes this a classic trap game for the Russian standout. McGhee comes into this one with little to lose and everything to gain, so it will be on Yan to keep him at bay he wants to continue his march towards another possible championship opportunity. Bryce Mitchell vs Said Nurmagomedov Unlock MORE of your inner combat sports fan with UFC Fight Pass! Fighting is what we live for. And no one brings you MORE live fights, new shows, and events across multiple combat sports from around the world. With a never-ending supply of fighting in every discipline, there’s always something new to watch. Leave it to the world’s authority in MMA to bring you the Ultimate 24/7 platform for MORE combat sports, UFC Fight Pass! Upgrade licenceThis video is not available in your country There was a problem while loading content. Please try again. Bryce Mitchell tries his hand in the bantamweight division, landing opposite Said Nurmagomedov as he makes his first foray into the dangerous waters of the 135-pound weight class. “Thug Nasty” worked his way into the Top 15 in the featherweight division by winning each of his first six appearances inside the Octagon. But alternating losses and wins over his last five outings, with each of his setbacks coming by way of stoppage, has prompted the Arkansas native to relocate to the bantamweight ranks. Nurmagomedov has been a fixture in the division for the last eight years now, posting a 7-3 record though his first 10 UFC starts. Though he’s lost two of his last three, dropping decisions to Jonathan Martinez and Vinicius Oliveira is nothing to hang your head about, and his diverse offensive arsenal makes him a threat against anyone he faces. Will Mitchell find success in his first bantamweight appearance, adding his name to the long list of standouts in the division or will Nurmagomedov show him that a change of scenery isn’t enough to change his fortunes? Shara Magomedov vs Marc-Andre Barriault The first of two middleweight bouts on Saturday’s main card pits Shara Magomedov against Marc-Andre Barriault. “Shara Bullet” returns to action for the first time since suffering the first loss of his career back in February against Michael “Venom” Page. The Russian fighter, who has a massive following in the region, earned wins in each of his first four UFC appearances, and will look to get back to that successful form here as he competes in Abu Dhabi for the fourth time in six fights. Barriault earned a first-round stoppage win, a Performance of the Night bonus, and a new contract at UFC 315 in Montreal, where he leveled Bruno Silva with a nasty elbow along the fence. The French-Canadian veteran has been a steady hand since arriving in the promotion, going 6-8 with one no contest and standing as a tough out for everyone he’s faced. This is a key moment for Magomedov, who looked very good in bouts where he was able to dictate the terms of engagement and work at his rhythm. Barriault is known for closing the distance and thriving in the clinch, so it will be interesting to see if the Russian Muay Thai stylist will be able to keep him at bay and get back to his winning ways in this one. Nikita Krylov vs Bogdan Guskov Unlock MORE of your inner combat sports fan with UFC Fight Pass! Fighting is what we live for. And no one brings you MORE live fights, new shows, and events across multiple combat sports from around the world. With a never-ending supply of fighting in every discipline, there’s always something new to watch. Leave it to the world’s authority in MMA to bring you the Ultimate 24/7 platform for MORE combat sports, UFC Fight Pass! Upgrade licenceThis video is not available in your country There was a problem while loading content. Please try again. It’s a matchup of ranked light heavyweights here as Nikita Krylov and Bogdan Guskov share the Octagon on Saturday in Abu Dhabi. Now 33 years old and more than seven years into his second stint on the UFC roster, Krylov arrives in Abu Dhabi looking to bounce back after getting stopped by Dominick Reyes last time out. The veteran earned three straight wins prior to his UFC 314 appearance, including a knockout of Alexander Gustafsson and a submission finish over Ryan Spann. READ: The 10 Fights To Tune-In For In July Guskov dropped his short-notice promotional debut to Volkan Oezdemir, but has since responded with three straight victories to climb into the Top 15 in the light heavyweight division. Last time out, he handled his business accordingly against late replacement Billy Elekana, pushing his record to 7-1 over his last eight starts. Will the veteran Krylov get back in the win column or can Guskov garner a fourth straight win to keep moving forward in the 205-pound weight class? Preliminary Card Pairings Amanda Ribas vs Tabatha Ricci Amanda Ribas and Tabatha Ricci square off in this all-Brazilian battle in the strawweight division. Ribas has spent the bulk of her UFC career bouncing between divisions, but makes her second straight start in the 115-pound ranks after falling to Mackenzie Dern in a main event rematch to open the year. Coming off a loss to former title challenger Yan Xiaonan, Ricci looks to return to the form that produced good wins over Gillian Robertson, Tecia Pennington, and Angela Hill. Muslim Salikhov vs Carlos Leal Welterweights at different stages of their UFC journeys cross paths here as Muslim Salikhov faces off with Carlos Leal. Despite turning 41 last month, Salikhov clearly still has something left in the gas tank, entering his 13th UFC appearance on a two-fight winning streak and coming off a nasty finish of Song Kenan last year in Macau. Leal makes the walk to the Octagon for just the third time, looking to build off his first-round stoppage win over Alex Morono last time out. Ibo Aslan vs Billy Elekana Unlock MORE of your inner combat sports fan with UFC Fight Pass! Fighting is what we live for. And no one brings you MORE live fights, new shows, and events across multiple combat sports from around the world. With a never-ending supply of fighting in every discipline, there’s always something new to watch. Leave it to the world’s authority in MMA to bring you the Ultimate 24/7 platform for MORE combat sports, UFC Fight Pass! Upgrade licenceThis video is not available in your country There was a problem while loading content. Please try again. Light heavyweights looking to stem the tide do battle here as Ibo Aslan and Billy Elekana clash at Etihad Arena. Aslan blew through Paulo Renato Jr. on Dana White’s Contender Series and earned finishes in each of his first two UFC appearances before running into veteran Ion Cutelaba last time out in Seattle. As mentioned earlier, Elekana got a short-notice call-up to face Guskov in January, showing a little moxie before ultimately falling to the ranked fighter from Uzbekistan at UFC 311. Asu Almabayev vs Jose Ochoa Asu Almabayev and Jose Ochoa pair off here in a fascinating flyweight fixture. Almabayev, who was originally scheduled to face Ramazan Temirov, looks to get things moving in the right direction against after having his 17-fight winning streak snapped last time out against Manel Kape. After a stellar showing in a losing effort against Lone’er Kavanagh last November, Ochoa picked up his first UFC victory in June, stopping Cody Durden 11 seconds into the second round. Martin Buday vs Marcus Buchecha Dana White’s Contender Series grad Martin Buday welcomes multiple-time Brazilian jiu jitsu world champion Marcus Buchecha to the Octagon for the first time this weekend. Slovakia’s Buday has posted a 6-1 record under the UFC banner since earning a contract in the summer of 2021, and looks to earn a third straight win as he steps in with Buchecha on Saturday. The 35-year-old Brazilian is a 13-time world champion in the gi, a two-time world champion in no-gi, and has gone 5-1 to begin his MMA career, earning each of his wins inside the distance. Mohammad Yahya vs Steven Nguyen Featherweights in search of their first UFC triumphs clash here as Mohammad Yahya welcomes Steven Nguyen to his home country on Saturday. The 31-year-old Yahya posted five straight wins to earn the opportunity to compete on the biggest stage in the sport, but has subsequently dropped consecutive outings at home in Abu Dhabi, most recently getting stopped by Kaue Fernandes last summer. A member of the DWCS Class of ’23, Nguyen landed on the wrong side of the cards in his first UFC appearance against Jarno Errens in a bout that earned the duo Fight of the Night honors. Davey Grant vs Da’Mon Blackshear Bantamweights Davey Grant and Da’Mon Blackshear open the show this weekend, pairing off in what should be an entertaining clash of veterans in the 135-pound ranks. FOLLOW @UFCNEWS: On Facebook | On Instagram | On X | On Threads Heading towards his 40th birthday in December, Grant remains a dangerous assignment for anyone in the division, having won three of his last four, with each of his two most recent setbacks coming by way of debated split decision. Blackshear enters having won three straight since suffering back-to-back losses to Mario Bautista and Montel Jackson, including earning two wins in seven weeks earlier this year. Don't miss a moment of UFC Fight Night: Whittaker vs De Ridder, live from Etihad Arena in Abu Dhabi on July 26, 2025. Prelims start at 12pm ET/9am PT, followed by the main card at 3pm ET/12pm PT.",2025-07-21,https://www.ufc.com/news/fight-fight-preview-ufc-abu-dhabi-whittaker-vs-reinier-de-ridder
"Muslim Salikhov plots KO of Carlos Leal, then Stephen Thompson callout",UFC on ABC 9 open workouts: Robert Whittaker vs. Reinier de RidderRobert Whittaker vs. Reinier De Ridder prediction | Fight BreakdownUFC on ABC 9: TJ Brown discusses cornering Bryce MitchellUFC 318 reaction: What's Dustin Poirier's legacy after losing retirement fight? UFC 318's Max Holloway closer to title shot rematch vs. Ilia TopuriaWho's next for Max Holloway after beating Dustin Poirier?UFC 318: Patricio Freire post-fight interviewUFC 318: Dustin Poirier post-fight interview UFC 318: Max Holloway post-fight interviewUFC 318: Dana White post-event interviewUFC 318: Paulo Costa post-fight interviewUFC 318: Daniel Rodriguez post-fight interview,2025-07-22,https://mmajunkie.usatoday.com/videos/sports/ufc/2025/07/22/muslim-salikhov-plots-ko-of-carlos-leal-then-stephen-thompson-callout/85327794007/
"UFC on ABC 9: Salikhov vs Leal - Datum, Startzeit, Kampfkarte, Ort","Muslim Salikhov und Carlos Leal werden in der Etihad Arena in Yas Island, Abu Dhabi, Vereinigte Arabische Emirate bei UFC on ABC 9 aufeinandertreffen. Sie sind Teil des Vorprogramms zum Hauptkampf Robert Whittaker vs. Reinier de Ridder. Salikhov, der ""King of Kung Fu"" aus Russland, wurde Profi mit jahrelanger Erfahrung und einer Bilanz von 14 K.o.-Siegen. Sein letzter Kampf endete mit einem Sieg über Kenan Song durch K.o. mit einem Spinning Wheel Kick. Leal, genannt ""Der Löwe"", kommt aus dem brasilianischen Team Thai Brasil und hat erst vor wenigen Monaten einen beeindruckenden TKO-Sieg über Alex Morono errungen. Wann findet der Kampf Muslim Salikhov gegen Carlos Leal statt? Die Live-Übertragung des Hauptkampfes Muslim Salikhov vs Carlos Leal beginnt um 12:00 PM EST auf ESPN+, TNT Sports Box Office. In der untenstehenden Tabelle finden Sie Ihre lokale Zeit. | Region | Datum | Sendebeginn | Muslim Salikhov gegen Carlos Leal Ring Walks (approx.) | | Schweiz | Samstag, 26. Juli 2025 | 06:00 nachm. | 07:40 nachm. | | Österreich | Samstag, 26. Juli 2025 | 06:00 nachm. | 07:40 nachm. | | Deutschland | Samstag, 26. Juli 2025 | 06:00 nachm. | 07:40 nachm. | Die Veranstaltung UFC on ABC 9 findet am 26. Juli 2025 in der Etihad Arena in Yas Island, Abu Dhabi, Vereinigte Arabische Emirate, statt. Die Startzeit ist für 01:40 PM EST angesetzt. Die Veranstaltung bietet einen Weltergewichtskampf zwischen Muslim Salikhov und Gabriel Leal als Teil des Vorprogramms. Im Hauptkampf wird Robert Whittaker gegen Reinier de Ridder antreten. Die Kämpfe sind Teil des UFC on ABC 9-Turniers. Die Kämpfe gehen jeweils über drei Runden. Bitte beachten Sie, dass die Ringzeiten aufgrund der Aufführungsdauer früherer Kämpfe im Vorprogramm variieren können. Die Zuschauer sollten sich über die Startzeiten in ihren jeweiligen Regionen informieren, um keine Kämpfe zu verpassen. Kämpfer Details Muslim Salikhov steht Carlos Leal in einem Weltergewichtskampf bei UFC on ABC 9 - Whittaker vs. de Ridder gegenüber. Es stehen keine Gürtel auf dem Spiel. Muslim Salikhov - Nationalität: Russland - Größe: 180 cm - Gewicht: 77,1 kg - Kämpfe insgesamt: 26 - Bilanz: 21 / 5 / 0 Muslim Salikhov stammt aus Russland und kämpft in der Weltergewichtsliga. Mit einer professionellen Bilanz von 21 Siegen und 5 Niederlagen ist er für seine Schlagtechniken bekannt, insbesondere für seine Spinning-Techniken. Sein jüngster Sieg gegen Kenan Song endete mit einem Spinning Wheel Kick Knockout, der seine Fähigkeit, kreative Schläge effizient auszuführen, unter Beweis stellte. Carlos Leal - Nationalität: Brasilien - Größe: 178 cm - Gewicht: 77,1 kg - Kämpfe insgesamt: 28 - Bilanz: 22 / 6 / 0 Carlos Leal aus Brasilien kämpft in der gleichen Gewichtsklasse und hat eine Bilanz von 22 Siegen und 6 Niederlagen. Sein letzter Gegner war Alex Morono, den er mit einem TKO durch Schläge besiegte, wobei er eine solide Schlagkraft bewies. Wie und wo man den Kampf Muslim Salikhov gegen Carlos Leal sehen kann Sie können Muslim Salikhov vs Carlos Leal über ESPN+, TNT Sports Box Office sehen. | Region | Live-Streaming | | USA | ESPN | | UK und Irland | TNT Sportkasse | Wenn Ihr Land von den Streaming-Diensten blockiert wird oder es einfach keine praktikablen Optionen für Ihr Land gibt, können wir nur eine Lösung empfehlen: die Verwendung einer VPN-Software zur Umgehung der Beschränkungen. Sie ermöglicht es Ihnen, Ihre IP-Adresse zu ändern und so zu tun, als ob Sie das Ereignis von einem anderen Land aus verfolgen würden. Wenn Sie also in Großbritannien, Kanada, Australien, Neuseeland, Indien, den Vereinigten Arabischen Emiraten, Mexiko, Spanien oder einem anderen Land leben und keinen funktionierenden Anbieter finden können, um den Kampf Muslim Salikhov gegen Carlos Leal zu sehen, verwenden Sie unseren empfohlenen (und getesteten) VPN und wechseln Sie zu einem Standort Ihrer Wahl. Muslim Salikhov vs Carlos Leal Kampf Karte - Robert Whittaker vs. Reinier de Ridder - Petr Yan gegen Marcus McGhee - Bryce Mitchell gegen Said Nurmagomedov - Scharabutdin Magomedow gegen Marc-Andre Barriault - Nikita Krylov gegen Bogdan Guskov - Amanda Ribas gegen Tabatha Ricci - Muslim Salikhov gegen Carlos Leal - Ibo Aslan gegen Billy Elekana - Asu Almabayev gegen Jose Ochoa - Martin Buday gegen Marcus Almeida - Mohammad Yahya gegen Steven Nguyen - Davey Grant gegen Da'Mon Blackshear",2025-07-25,https://ringside24.com/de/news/mma/235406-ufc-on-abc-9-salikhov-vs-leal-datum-startzeit-kampfkarte-ort
AI Predicts Muslim Salikhov vs Carlos Leal: Who Will Win?,"26 Jul Our AI model analyzes a wide range of data to generate a prediction for the upcoming fight between Muslim Salikhov and Carlos Leal. This includes statistics, past performance, style, and momentum. Click the button below to reveal the forecast. Disclaimer: This forecast is for informational purposes only and does not constitute betting advice or a recommendation. No responsibility is taken for any decisions based on this content. The Tale of the Tape data is compiled from publicly available information on Sherdog | Muslim Salikhov | Carlos Leal | |---|---| | Russia | Brazil | | 21 - 5 - 0 (14 KOs) | 22 - 6 - 0 (11 KOs) | | welterweight (170 lbs / 77,1 kg) | welterweight (170 lbs / 77,1 kg) | | Age | | | Wins | | | Losses | | | Anthropometry | | The scheduled 3-round welterweight bout will take place on July 26, 2025. The full fight night schedule, including local start times for various countries, is listed below. Check the schedule to see when the event begins in your region. The fight night will start on Saturday, July 26 at 11:00 AM ET (New York time). The fight night will start on Saturday, July 26 at 8:00 AM PT (Los Angeles time). The fight night will start on Saturday, July 26 at 11:00 AM ET (Toronto time). The fight night will start on Saturday, July 26 at 4:00 PM BST (London time). The fight night will start on Saturday, July 26 at 5:00 PM SAST (Johannesburg time). The fight night will start on Saturday, July 26 at 11:00 PM PHT (Manila time). The fight night will start on Sunday, July 27 at 1:00 AM AEST (Sydney time). The fight night will start on Sunday, July 27 at 3:00 AM NZST (Wellington time). Note that the main event ring walk typically takes place about 1 to 1.5 hours after the main card begins. If you're mainly interested in the headline bout, there’s still some time — but it’s always worth watching the full card. You can stream the Salikhov vs Leal fight via ESPN+. Disclaimer: Some links to streaming or pay-per-view on this page may be affiliate links. If you make a purchase through them, we may earn a commission — at no extra cost to you. The fight will be held at the Etihad Arena in Abu Dhabi, Arab Emirates. Full Fight card for Muslim Salikhov vs Carlos Leal: Fight card subject to change | Division | Fighter #1 | Fighter #2 | Notes | |---|---|---|---| | middleweight (185 lbs) | Robert Whittaker (26 - 8 - 0) | Reinier de Ridder (20 - 2 - 0) | | | bantamweight (135 lbs) | Petr Yan (18 - 5 - 0) | Marcus Mc Ghee (10 - 1 - 0) | | | bantamweight (135 lbs) | Bryce Mitchell (17 - 3 - 0) | Said Nurmagomedov (18 - 4 - 0) | | | middleweight (185 lbs) | Sharabutdin Magomedov (15 - 1 - 0) | Marc-Andre Barriault (17 - 9 - 0) | | | light heavyweight (205 lbs) | Nikita Krylov (30 - 10 - 0) | Bogdan Guskov (17 - 3 - 0) | | | strawweight (115 lbs) | Amanda Ribas (12 - 6 - 0) | Tabatha Ricci (11 - 3 - 0) | | | welterweight (170 lbs) | Muslim Salikhov (21 - 5 - 0) | Carlos Leal (22 - 6 - 0) | | | light heavyweight (205 lbs) | Ibo Aslan (14 - 2 - 0) | Billy Elekana (7 - 2 - 0) | | | flyweight (125 lbs) | Asu Almabayev (21 - 3 - 0) | Jose Ochoa (8 - 1 - 0) | | | heavyweight (265 lbs) | Martin Buday (15 - 2 - 0) | Marcus Almeida (5 - 1 - 0) | | | featherweight (145 lbs) | Mohammad Yahya (12 - 5 - 0) | Steven Nguyen (9 - 2 - 0) | | | bantamweight (135 lbs) | Davey Grant (16 - 7 - 0) | Da'Mon Blackshear (17 - 7 - 1) | On July 26, UFC on ABC returns to the Etihad Arena in Abu Dhabi with a welterweight bout between Muslim Salikhov and Carlos Leal. Muslim Salikhov, known as the ""King of Kung Fu,"" brings a 21-5 record and a reputation for striking excellence rooted in his unique martial arts background. The Russian fighter, standing 5 feet 11 inches with a 69.5-inch reach, holds a 67% knockout rate. His last fight was a knockout win over Song Kenan, demonstrating his ability to finish fights decisively despite a lengthy layoff. Carlos Leal, nicknamed ""The Lion,"" is a Brazilian competitor with a 22-6 record and a 50% knockout rate. Matching Salikhov’s height but with a slightly longer reach, Leal is an aggressive fighter who recently secured a technical knockout victory against Alex Morono. His well-rounded skills and resilience make him a tough test in the division. This matchup features two orthodox fighters with contrasting styles: Salikhov’s precision striking and unorthodox techniques versus Leal’s power and forward pressure. Both fighters aim to climb the welterweight rankings with a strong performance. The fight promises a blend of tactical striking and moments of explosive action, making it an essential viewing for fans of technical MMA battles.",2025-07-26,https://boxing-schedule.com/mma/salikhov-vs-leal/prediction/
UFC on ABC 9’s Must-See Showdowns on Saturday’s Prelims,"UFC on ABC 9 fight week is here. After a trip to New Orleans last weekend for the excitement of UFC 318 on pay-per-view, Dana White’s promotion heads to the United Arab Emirates, specifically Abu Dhabi, for the last event on the company’s schedule before the calendar shifts to August next Friday. This week’s card originates from Abu Dhabi’s Etihad Arena on Yas Island. If you’ll recall, five years ago, during the COVID-19 pandemic, the UFC set up shop on Yas Island for its Fight Island stints from July of 2020 to January of 2021. Live coverage of UFC on ABC 9 begins Saturday at 12 noon ET/ 9 am PT with the undercard. If you’re watching from inside the United States, these prelims are available via ESPN (linear television) and ESPN+ (streaming.) Main card action from UFC on ABC 9, highlighted by the main event between Robert Whittaker and Reinier de Ridder follows at 3 pm ET/ noon PT, and you won’t even need a cable plan to tune in for that portion of the show, as it’ll be accessible through your local ABC affiliate. If there are no alterations to the schedule between now and the weekend, the final version of this event will feature a full 12-fight card. At the top of the bill on the prelims is a bantamweight showcase matching No. 15 contender Bryce Mitchell (17-3 MMA, 8-3 UFC) against unranked Said Nurmagomedov (18-4 MMA, 7-3 UFC.) All fights mentioned herein are an advertised maximum of three rounds at five minutes per round. Bryce Mitchell comes into UFC on ABC 9 having posted a record of 2-3 in his last five fights. Back in April, he was on the receiving end of a second-round submission by way of ninja choke against 2021 Contender Series graduate Jean Silva (16-2 MMA, 5-0 UFC) during UFC 314 in Miami. Mitchell has had about three and a half months between fights after sitting out a year ahead of his return in December of 2024. Now that he’s back to a more consistent schedule in MMA, will he get back in the win column this weekend? Meanwhile, Said Nurmagomedov will be making the walk in Abu Dhabi this Saturday at UFC on ABC 9 with a mark of 3-2 over the course of his last five appearances in the sport. On Feb. 1, he went down in defeat via unanimous decision to Vinicius Oliveira (22-3 MMA, 4-0 UFC) after three rounds of action on the main card. Much like his opponent this weekend, Nurmagomedov is also getting back to a regular schedule of fights, something that’s welcomed by his camp. Of Said Nurmagomedov’s last five scheduled fights, three have gotten postponed without a single punch thrown. How will he fare this time? Immediately beforehand, the co-featured undercard bout of UFC on ABC 9 takes place at 170 lbs as Muslim Salikhov (21-5 MMA, 8-4 UFC) meets up with Carlos Leal (22-6 MMA, 1-1 UFC), an alum of the PFL. Salikhov has gone 3-2 over the course of the last five fights. At the moment, he’s on a two-fight winning streak. Last November in Macau, he finished Song Kenan (22-9 MMA, 6-5 UFC) with a spinning wheel kick inside the first round of the fight. An eight-month hiatus between fights can’t be easy for a competitor. How much ring rust does Muslim Salikhov have going into this one? What kind of training camp has he had? Tune in and find out the answers. Across the way, Carlos Leal is sporting his own 3-2 record in his most recent five contests. Last time out, he stopped Alex Morono (24-12, 1 NC MMA, 13-9, 1 NC UFC) with punches during the opening round of their March 8 fight in UFC 313 in Las Vegas. Numerically speaking, Leal has scored 13 wins by way of stoppage. Can he get another victory before the final horn? Also on the UFC on ABC 9 undercard, you’ll see a bantamweight fixture versing Davey Grant (14-7 MMA, 7-6 UFC) with Da’Mon Blackshear (17-7-1 MMA, 5-3-1 UFC.) Grant enters this show with a 3-2 record in his past five contests. Back in December, he trekked to Tampa for a fight versus Ramon Tavares (10-3 MMA, 1-1 UFC), winning by way of unanimous decision after 15 minutes of action. This is Grant’s first walk to the Octagon in 2025. On April 5, he was scheduled to face off against Daniel Santos inside the UFC Apex facility, but this fight wound up being canceled ahead of the show because of the latter encountering medical problems before even weighing-in the morning before. Grant would, however, weigh-in successfully that Friday. He went through an entire camp with nothing to show for it this past spring, so expect him to fight with frustration on Saturday night. In the other corner, Da’Mon Blackshear has a record of 3-2 in his five latest contests. He’s a streaky fighter of late, winning his last three after dropping two fights in a row. Most recently, he bested Alatengheli Alateng (17-10-2 MMA, 5-3-1 UFC) by unanimous decision at the end of April in Kansas City. Saturday’s fight during the UFC on ABC 9 prelims is already his third walk to the fabled Octagon thus far in 2025. Can Blackshear add another victory to his resume? Which prelim or prelims are you looking forward to on UFC on ABC 9 this Saturday? More must-reads: Get the latest news and rumors, customized to your favorite sports and teams. Emailed daily. Always free!",2025-07-23,https://www.yardbarker.com/mma/articles/ufc_on_abc_9s_must_see_showdowns_on_saturdays_prelims/s1_17211_42492289
Fight By Fight Preview | UFC Abu Dhabi,"Saturday afternoon, the Octagon returns to Etihad Arena and the action returns to ABC as the UFC brings a loaded fight card from the UAE to network television. Headlined by a critical middleweight matchup between former champ Robert Whittaker and rising contender Reinier de Ridder and featuring several pivotal divisional battles scattered up and down the lineup, this weekend’s offering promises to be full of action and potential impact in a number of key weight classes. Main Event: Robert Whittaker vs Reinier de Ridder Location: Etihad Arena — Abu Dhabi, UAE Where to Watch: ABC / ESPN / ESPN+ Other Main Card Matches: - Petr Yan vs Marcus McGhee - Bryce Mitchell vs Said Nurmagomedov - Shara Magomedov vs Marc-Andre Barriault - Nikita Krylov vs Bogdan Guskov Prelim Matches: - Amanda Ribas vs Tabatha Ricci - Muslim Salikhov vs Carlos Leal - Ibo Aslan vs Billy Elekana - Asu Almabayev vs Jose Ochoa - Martin Buday vs Marcus Buchecha - Mohammad Yahya vs Steven Nguyen - Davey Grant vs Da’Mon Blackshear Main Event: Robert Whittaker vs Reinier de Ridder Unlock MORE of your inner combat sports fan with UFC Fight Pass! Fighting is what we live for. And no one brings you MORE live fights, new shows, and events across multiple combat sports from around the world. With a never-ending supply of fighting in every discipline, there’s always something new to watch. Leave it to the world’s authority in MMA to bring you the Ultimate 24/7 platform for MORE combat sports, UFC Fight Pass! Upgrade licenceThis video is not available in your country There was a problem while loading content. Please try again. Just a couple weeks before the middleweight title goes up for grabs, Robert Whittaker and Reinier de Ridder square off in this critical divisional pairing on Saturday in Abu Dhabi. Whittaker makes his second consecutive start at Etihad Arena and third straight appearance in the MENA region, having bested Ikram Aliskerov in Riyadh, Saudi Arabia, prior to his loss to Khamzat Chimaev last October at UFC 308. “The Reaper” had remained the top end measuring stick for all hopefuls in the division, having only lost to Israel Adesanya, current champ Dricus Du Plessis, and Chimaev, rebounding from each of those setbacks with quality wins over tough opponents. GET YOUR TICKETS: UFC Abu Dhabi | UFC 319 De Ridder’s promotional debut against Gerald Meerschaert left some wondering why so many were pumped about the promotion bringing the Dutch veteran into the fold, but he’s shown why so far in 2025. In January, de Ridder dispatched Kevin Holland with swiftness, and then followed it up by bouncing Bo Nickal from the ranks of the unbeaten at the start of May to move to 20-2 overall. The key question heading into this one is pretty clear and familiar: can de Ridder get by the man who has steadily guarded the gates to contention, or will Whittaker turn back yet another hopeful? It should be a fun stylistic clash between a pair of well-rounded talents to close out the show on Saturday evening on ABC. Additional Main Card Matchups Petr Yan vs Marcus McGhee Unlock MORE of your inner combat sports fan with UFC Fight Pass! Fighting is what we live for. And no one brings you MORE live fights, new shows, and events across multiple combat sports from around the world. With a never-ending supply of fighting in every discipline, there’s always something new to watch. Leave it to the world’s authority in MMA to bring you the Ultimate 24/7 platform for MORE combat sports, UFC Fight Pass! Upgrade licenceThis video is not available in your country There was a problem while loading content. Please try again. Petr Yan and Marcus McGhee share the Octagon in this fascinating bantamweight matchup that now lands as the co-main event of the evening. The former champion Yan has won consecutive outings to silence any questions about his standing in the division following a three-fight slide to the last three men to hold the bantamweight title. He was his familiar, technical self in his twin 2024 victories, warming into his win over Song Yadong before sweeping the scorecards against Deiveson Figueiredo. McGhee touches down in Abu Dhabi having won all four of his UFC starts to date and six straight overall to climb to No. 13 in the bantamweight rankings at the time of this writing. The MMA Lab product was a late arrival to the pro ranks, debuting in 2020, but quickly ascended to the UFC and has the chance to make some real noise in the 135-pound weight class this weekend. Respectfully, all the advantages fall in Yan’s favor, which makes this a classic trap game for the Russian standout. McGhee comes into this one with little to lose and everything to gain, so it will be on Yan to keep him at bay he wants to continue his march towards another possible championship opportunity. Bryce Mitchell vs Said Nurmagomedov Unlock MORE of your inner combat sports fan with UFC Fight Pass! Fighting is what we live for. And no one brings you MORE live fights, new shows, and events across multiple combat sports from around the world. With a never-ending supply of fighting in every discipline, there’s always something new to watch. Leave it to the world’s authority in MMA to bring you the Ultimate 24/7 platform for MORE combat sports, UFC Fight Pass! Upgrade licenceThis video is not available in your country There was a problem while loading content. Please try again. Bryce Mitchell tries his hand in the bantamweight division, landing opposite Said Nurmagomedov as he makes his first foray into the dangerous waters of the 135-pound weight class. “Thug Nasty” worked his way into the Top 15 in the featherweight division by winning each of his first six appearances inside the Octagon. But alternating losses and wins over his last five outings, with each of his setbacks coming by way of stoppage, has prompted the Arkansas native to relocate to the bantamweight ranks. Nurmagomedov has been a fixture in the division for the last eight years now, posting a 7-3 record though his first 10 UFC starts. Though he’s lost two of his last three, dropping decisions to Jonathan Martinez and Vinicius Oliveira is nothing to hang your head about, and his diverse offensive arsenal makes him a threat against anyone he faces. Will Mitchell find success in his first bantamweight appearance, adding his name to the long list of standouts in the division or will Nurmagomedov show him that a change of scenery isn’t enough to change his fortunes? Shara Magomedov vs Marc-Andre Barriault The first of two middleweight bouts on Saturday’s main card pits Shara Magomedov against Marc-Andre Barriault. “Shara Bullet” returns to action for the first time since suffering the first loss of his career back in February against Michael “Venom” Page. The Russian fighter, who has a massive following in the region, earned wins in each of his first four UFC appearances, and will look to get back to that successful form here as he competes in Abu Dhabi for the fourth time in six fights. Barriault earned a first-round stoppage win, a Performance of the Night bonus, and a new contract at UFC 315 in Montreal, where he leveled Bruno Silva with a nasty elbow along the fence. The French-Canadian veteran has been a steady hand since arriving in the promotion, going 6-8 with one no contest and standing as a tough out for everyone he’s faced. This is a key moment for Magomedov, who looked very good in bouts where he was able to dictate the terms of engagement and work at his rhythm. Barriault is known for closing the distance and thriving in the clinch, so it will be interesting to see if the Russian Muay Thai stylist will be able to keep him at bay and get back to his winning ways in this one. Nikita Krylov vs Bogdan Guskov Unlock MORE of your inner combat sports fan with UFC Fight Pass! Fighting is what we live for. And no one brings you MORE live fights, new shows, and events across multiple combat sports from around the world. With a never-ending supply of fighting in every discipline, there’s always something new to watch. Leave it to the world’s authority in MMA to bring you the Ultimate 24/7 platform for MORE combat sports, UFC Fight Pass! Upgrade licenceThis video is not available in your country There was a problem while loading content. Please try again. It’s a matchup of ranked light heavyweights here as Nikita Krylov and Bogdan Guskov share the Octagon on Saturday in Abu Dhabi. Now 33 years old and more than seven years into his second stint on the UFC roster, Krylov arrives in Abu Dhabi looking to bounce back after getting stopped by Dominick Reyes last time out. The veteran earned three straight wins prior to his UFC 314 appearance, including a knockout of Alexander Gustafsson and a submission finish over Ryan Spann. READ: The 10 Fights To Tune-In For In July Guskov dropped his short-notice promotional debut to Volkan Oezdemir, but has since responded with three straight victories to climb into the Top 15 in the light heavyweight division. Last time out, he handled his business accordingly against late replacement Billy Elekana, pushing his record to 7-1 over his last eight starts. Will the veteran Krylov get back in the win column or can Guskov garner a fourth straight win to keep moving forward in the 205-pound weight class? Preliminary Card Pairings Amanda Ribas vs Tabatha Ricci Amanda Ribas and Tabatha Ricci square off in this all-Brazilian battle in the strawweight division. Ribas has spent the bulk of her UFC career bouncing between divisions, but makes her second straight start in the 115-pound ranks after falling to Mackenzie Dern in a main event rematch to open the year. Coming off a loss to former title challenger Yan Xiaonan, Ricci looks to return to the form that produced good wins over Gillian Robertson, Tecia Pennington, and Angela Hill. Muslim Salikhov vs Carlos Leal Welterweights at different stages of their UFC journeys cross paths here as Muslim Salikhov faces off with Carlos Leal. Despite turning 41 last month, Salikhov clearly still has something left in the gas tank, entering his 13th UFC appearance on a two-fight winning streak and coming off a nasty finish of Song Kenan last year in Macau. Leal makes the walk to the Octagon for just the third time, looking to build off his first-round stoppage win over Alex Morono last time out. Ibo Aslan vs Billy Elekana Unlock MORE of your inner combat sports fan with UFC Fight Pass! Fighting is what we live for. And no one brings you MORE live fights, new shows, and events across multiple combat sports from around the world. With a never-ending supply of fighting in every discipline, there’s always something new to watch. Leave it to the world’s authority in MMA to bring you the Ultimate 24/7 platform for MORE combat sports, UFC Fight Pass! Upgrade licenceThis video is not available in your country There was a problem while loading content. Please try again. Light heavyweights looking to stem the tide do battle here as Ibo Aslan and Billy Elekana clash at Etihad Arena. Aslan blew through Paulo Renato Jr. on Dana White’s Contender Series and earned finishes in each of his first two UFC appearances before running into veteran Ion Cutelaba last time out in Seattle. As mentioned earlier, Elekana got a short-notice call-up to face Guskov in January, showing a little moxie before ultimately falling to the ranked fighter from Uzbekistan at UFC 311. Asu Almabayev vs Jose Ochoa Asu Almabayev and Jose Ochoa pair off here in a fascinating flyweight fixture. Almabayev, who was originally scheduled to face Ramazan Temirov, looks to get things moving in the right direction against after having his 17-fight winning streak snapped last time out against Manel Kape. After a stellar showing in a losing effort against Lone’er Kavanagh last November, Ochoa picked up his first UFC victory in June, stopping Cody Durden 11 seconds into the second round. Martin Buday vs Marcus Buchecha Dana White’s Contender Series grad Martin Buday welcomes multiple-time Brazilian jiu jitsu world champion Marcus Buchecha to the Octagon for the first time this weekend. Slovakia’s Buday has posted a 6-1 record under the UFC banner since earning a contract in the summer of 2021, and looks to earn a third straight win as he steps in with Buchecha on Saturday. The 35-year-old Brazilian is a 13-time world champion in the gi, a two-time world champion in no-gi, and has gone 5-1 to begin his MMA career, earning each of his wins inside the distance. Mohammad Yahya vs Steven Nguyen Featherweights in search of their first UFC triumphs clash here as Mohammad Yahya welcomes Steven Nguyen to his home country on Saturday. The 31-year-old Yahya posted five straight wins to earn the opportunity to compete on the biggest stage in the sport, but has subsequently dropped consecutive outings at home in Abu Dhabi, most recently getting stopped by Kaue Fernandes last summer. A member of the DWCS Class of ’23, Nguyen landed on the wrong side of the cards in his first UFC appearance against Jarno Errens in a bout that earned the duo Fight of the Night honors. Davey Grant vs Da’Mon Blackshear Bantamweights Davey Grant and Da’Mon Blackshear open the show this weekend, pairing off in what should be an entertaining clash of veterans in the 135-pound ranks. FOLLOW @UFCNEWS: On Facebook | On Instagram | On X | On Threads Heading towards his 40th birthday in December, Grant remains a dangerous assignment for anyone in the division, having won three of his last four, with each of his two most recent setbacks coming by way of debated split decision. Blackshear enters having won three straight since suffering back-to-back losses to Mario Bautista and Montel Jackson, including earning two wins in seven weeks earlier this year. Don't miss a moment of UFC Fight Night: Whittaker vs De Ridder, live from Etihad Arena in Abu Dhabi on July 26, 2025. Prelims start at 12pm ET/9am PT, followed by the main card at 3pm ET/12pm PT.",2025-07-21,https://www.ufc.com/news/fight-fight-preview-ufc-abu-dhabi-whittaker-vs-reinier-de-ridder
"Muslim Salikhov plots KO of Carlos Leal, then Stephen Thompson callout",UFC on ABC 9 open workouts: Robert Whittaker vs. Reinier de RidderRobert Whittaker vs. Reinier De Ridder prediction | Fight BreakdownUFC on ABC 9: TJ Brown discusses cornering Bryce MitchellUFC 318 reaction: What's Dustin Poirier's legacy after losing retirement fight? UFC 318's Max Holloway closer to title shot rematch vs. Ilia TopuriaWho's next for Max Holloway after beating Dustin Poirier?UFC 318: Patricio Freire post-fight interviewUFC 318: Dustin Poirier post-fight interview UFC 318: Max Holloway post-fight interviewUFC 318: Dana White post-event interviewUFC 318: Paulo Costa post-fight interviewUFC 318: Daniel Rodriguez post-fight interview,2025-07-22,https://mmajunkie.usatoday.com/videos/sports/ufc/2025/07/22/muslim-salikhov-plots-ko-of-carlos-leal-then-stephen-thompson-callout/85327794007/
