title,text,publish_date,url
"Nikita Krylov vs. Bogdan Guskov, UFC Fight Night | MMA Bout | Tapology","Fighter Comparison | Krylov | Guskov | ||| | #12 Light HW (Worldwide) | Ranking | #13 Light HW (Worldwide) | || | 30-10-0 MMA | Pro Record | 17-3-0 MMA | || | 2025 2022 | Last 5 Fights | 2025 2023 | || | -190 (Slight Favorite) | Betting Odds | +165 (Slight Underdog) | || | | Nation | | || | Donetsk Donetsk Oblast | Fights out of | RU | || | 33 +3 wks, 2 days | Age at Fight | 32 +10 mos, 2 wks | || | 206.0 lbs (93.4 kgs) | Latest Weight | 205.5 lbs (93.2 kgs) | || | 6'3"" (191cm) | Height | 6'3"" (190cm) | || | 77.5"" (197cm) | Reach | 76.0"" (193cm) | || | YK Promotion | Gym | GOR MMA | Krylov vs. Guskov Fight Predictions Fight Predictions Tapology Community Picks: 1,145 Bout Information Event Poster Fight Details - Event: UFC Fight Night: Whittaker vs. de Ridder - Date: Saturday 07.26.2025 at 12:00 PM ET - Referee: - Venue: Etihad Arena - Enclosure: Octagon - Location: Abu Dhabi, United Arab Emirates - Bout Billing: Main Card (fight 8 of 12) - Pro/Am: Professional - Weight: 205 lbs (93.0 kg) - Event Links:",2025-03-20,https://www.tapology.com/fightcenter/bouts/998269-ufc-fight-night-nikita-the-miner-krylov-vs-bogdan-czarevitch-guskov
UFC Fight Night: Whittaker vs. De Ridder,"""The Miner"" ""Czarevitch"" | Nikita Krylov | Bogdan Guskov | | |---|---|---| | Tale of the tape | || | Wins/Losses/Draws | 30-10-0 | 17-3-0 | | Average Fight Time | 6:41 | 6:03 | | Height | 6' 3"" | 6' 3"" | | Weight | 205 lbs. | 205 lbs. | | Reach | 77"" | 76"" | | Stance | Orthodox | Orthodox | | DOB | Mar 07, 1992 | Sep 12, 1992 | | Striking (Significant Strikes) | || | Strikes Landed per Min. (SLpM) | 4.33 | 3.96 | | Striking Accuracy | 54% | 55% | | Strikes Absorbed per Min. (SApM) | 2.49 | 3.22 | | Defense | 44% | 43% | | Grappling | || | Takedowns Average/15 min. | 2.24 | 0.00 | | Takedown Accuracy | 38% | 0% | | Takedown Defense | 53% | 57% | | Submission Average/15 min. | 1.4 | 1.2 | | Most recent fights (Newest First) | || | Loss - Reyes | Win - Elekana | | | Win - Spann | Win - Spann | | | Win - Oezdemir | Win - Pauga | | | Win - Gustafsson | Loss - Oezdemir | | | Loss - Craig | |",No date found,http://ufcstats.com/fight-details/77f960d82cda0b76
"Nikita Krylov vs Bogdan Guskov Pick, 07/26/2025 Predictions UFC Abu Dhabi Odds","Nikita Krylov vs Bogdan Guskov Pick, 07/26/2025 Predictions UFC Abu Dhabi Odds Nikita Krylov vs Bogdan Guskov UFC Abu Dhabi Etihad Arena in Abu Dhabi Saturday, July 26, 2025 Nikita Krylov will battle Bogdan Guskov at UFC Abu Dhabi on Saturday, July 26, 2025. The opening odds have Krylov priced at -190 while Guskov is at +165. Asu ""Zulfikar"" Almabayev steps into the cage holding a mark of 30-10-0. The 33-year-old is fighting at 205 lbs and stands in at 6'3"". The orthodox fighter stretches 77"". Ramazan ""Temurlan"" Temirov stands in at 6'3"" and is fighting at 205 lbs. The orthodox fighter looks to add a victory to his record of 17-3-0. The 32-year-old has a wingspan of 76"". Concerning significant strikes, Nikita Krylov is connecting on 4.33 per minute while Bogdan Guskov is landing 3.96 significant strikes per min. Krylov lands 54% of the significant strikes he tries and Guskov lands 55%. Regarding defense, ""The Miner"" allows 2.49 significant strikes per min and ""Czarevitch"" takes 3.22. Krylov also prevents 44% of the significant strikes his opponents throw at him while Guskov stops 43% of the shots thrown in his direction. | UFC Abu Dhabi | Nikita Krylov | Bogdan Guskov | |---|---|---| | Opening Odds | -190 | +165 | | Record | 30-10-0 | 17-3-0 | | Average Fight Time | 6:41 | 6:03 | | Height | 6'3"" | 6'3"" | | Weight | 205 lbs | 205 lbs | | Reach | 77"" | 76"" | | Strikes Landed Per Minute | 4.33 | 3.96 | | Striking Accuracy | 54% | 55% | Regarding grappling, Nikita Krylov is the more skilled wrestler as he takes his opponents to the mat 2.24 times per 15 minutes. Krylov is getting his opponent to the mat on 38% of his attempts and is defending 53% of the takedowns his opponents attempt. Guskov is taking his opponents down on 15% of the takedowns he tries and thwarting 57% of the tries against him. Regarding submissions, Krylov is the more apt fighter by attempting 1.4 submissions per 3 rounds while Guskov goes for 1.2 submissions per 15 minutes. Get all of our UFC Betting Picks In his previous bout, Nikita Krylov faced Dominick Reyes and ended up losing the fight by a punch to the head in round 1. Reyes landed 8 of 17 of the strikes he threw in total in this fight. Krylov finished this fight landing 4 of 22 total strikes. When talking about significant strikes, Reyes ended up landing 8 of 17, which gave him a percentage of 47%. He landed 5 of 14 significant strikes directed at the head. On the other side of the Octagon, Krylov ended up landing 18% of his significant strikes by landing 4 of 22. In regard to the placement of these significant strikes, he was 3 of 16 aimed at the head. 75% of the significant strikes connected on by Reyes and 100% of them connected on by Krylov were tallied at distance. In the last Octagon appearance for Bogdan Guskov, he went up against Billy Elekana and took home the victory via guillotine choke in round 2. Elekana landed 65% of the significant strikes he attempted at distance while Guskov connected on 40% of the significant strikes he tried at a distance. Guskov ended up connecting on 66% of the significant strikes he attempted by landing 47 of 71. He connected on 39 of 63 significant strikes aimed at the head. Elekana landed 20 of 28 significant strikes in that battle. In regard to the placement of these significant strikes, he ended up landing 18 of 25 to the head. In terms of the total strikes thrown in this fight, Elekana ended up connecting on 28 of 37 and Guskov ended up connecting on 59 of 85 of all the strikes he threw. Other fights to keep an eye on An additional bout that shouldn't be missed is when Bryce Mitchell battles Said Nurmagomedov. Mitchell steps into the Octagon with a mark of 17-4-0. The 30-year-old weighs 135 lbs and stands in at 5'10"". The southpaw fighter has a wingspan of 70"". Nurmagomedov measures in at 5'8"" and weighs 135 lbs. The orthodox fighter has a mark of 18-4-0. The 33-year-old has a wingspan of 70"". In the grappling category, Bryce Mitchell takes his opponents down 3.27 times per 15 min and Said Nurmagomedov is averaging a takedown 1.01 times per 3 rounds. In terms of striking, Mitchell connects for an average of 2.44 strikes/minute and connecting on 59% of the strikes that he attempts. Joining him in the Octagon is Said Nurmagomedov, who is landing 47% of the strikes that he throws and connects for an average of 3.38 per min. Another bout to watch is when Carlos Leal is set to clash with Muslim Salikhov. Salikhov has a career record of 21-5-0. The 41-year-old weighs 170 lbs and stands 5'11"". The orthodox fighter has a reach of 70"". Leal comes in at 5'11"" and weighs 170 lbs. The orthodox fighter comes into this bout with a record of 22-6-0. The 31-year-old has a wingspan of 74"". Regarding wrestling, Muslim Salikhov is preventing 72% of the takedowns fighters have gone for and is getting his opponent to the mat on 32% of his tries. Leal is finishing his takedowns on 25% of the tries he takes and is able to defend against 90% of all takedown attempts. With reference to striking, Salikhov is absorbing 2.90 strikes per min and he is dealing 3.38 strikes/minute. Leal, moreover, takes 7.73 strikes/min and is dishing out 9.65 per min. Who will win tonight's UFC match against the spread? Guy Bruhn's Pick: Take Bogdan Guskov (+165) Get $60 worth of FREE premium member picks. No Obligation. No Salesman. No Credit Card. Fast Sign up with Instant Access Click Here Get all of Today's Free UFC Picks Get all of Today's Expert UFC Picks Most Recent UFC Picks - Muslim Salikhov vs Carlos Leal Pick, 07/26/2025 Predictions UFC Abu Dhabi Odds - Nikita Krylov vs Bogdan Guskov Pick, 07/26/2025 Predictions UFC Abu Dhabi Odds - Bryce Mitchell vs Said Nurmagomedov Pick, 07/26/2025 Predictions UFC Abu Dhabi Odds - Ibo Aslan vs Billy Elekana Pick, 07/26/2025 Predictions UFC Abu Dhabi Odds - Mohammad Yahya vs Steven Nguyen Pick, 07/26/2025 Predictions UFC Abu Dhabi Odds - Davey Grant vs Da'Mon Blackshear Pick, 07/26/2025 Predictions UFC Abu Dhabi Odds - Shara Magomedov vs Marc-Andre Barriault Pick, 07/26/2025 Predictions UFC Abu Dhabi Odds - Robert Whittaker vs Reinier de Ridder Pick, 07/26/2025 Predictions UFC Abu Dhabi Odds - Petr Yan vs Marcus McGhee Pick, 07/26/2025 Predictions UFC Abu Dhabi Odds - Amanda Ribas vs Tabatha Ricci Pick, 07/26/2025 Predictions UFC Abu Dhabi Odds",2025-07-22,https://www.docsports.com/free-picks/ufc/2025/nikita-krylov-vs-bogdan-guskov-pick-07-26-2025-predictions-ufc-abu-dhabi-odds.html
Nikita Krylov vs Bogdan Guskov Live Score & Stream - UFC,"--:-- -- UTC Nikita Krylov vs Bogdan Guskov Live Score & Stream UFC - MMA Match Status scheduled Nikita Krylov VS Match starts soon Sat, Jul 26, 2025 - 7:00 PM (UTC) Bogdan Guskov Streaming & Broadcast Event Details League: UFC Teams: Nikita Krylov vs Bogdan Guskov Date: Saturday, July 26, 2025 Time: 7:00 PM (UTC) Venue: Etihad Arena About This Match on Sportsurge Find details, and Sportsurge streaming information for Nikita Krylov vs Bogdan Guskov. This UFC MMA match features Nikita Krylov facing off against Bogdan Guskov at Etihad Arena on Saturday, July 26, 2025 at 7:00 PM. Check Sportsurge for live updates and post-match analysis.",2025-07-01,https://www.sportsurge1.com/events/nikita-krylov-vs-bogdan-guskov-600053545_401772659
Nikita Krylov vs Bogdan Guskov - Head-to-Head Comparison & Tale of the Tape,"26 Jul Before Nikita Krylov and Bogdan Guskov face off, let’s break down the tale of the tape. Who’s got youth on their side? Who’s been fighting longer? Who’s sharper after a shorter layoff? We’re also looking at wins, knockouts, and physical tools — from height and reach to stance. All the key numbers, side by side, so you can size up who might have the edge when the action begins. The Tale of the Tape data is compiled from publicly available information on Sherdog | Nikita Krylov | Bogdan Guskov | |---|---| | Ukraine | Uzbekistan | | 30 - 10 - 0 (12 KOs) | 17 - 3 - 0 (14 KOs) | | light heavyweight (205 lbs / 93,0 kg) | light heavyweight (205 lbs / 93,0 kg) | | Age | | | Wins | | | Losses | | | Anthropometry | | The scheduled 3-round light heavyweight bout will take place on July 26, 2025. The full fight night schedule, including local start times for various countries, is listed below. Check the schedule to see when the event begins in your region. The fight night will start on Saturday, July 26 at 11:00 AM ET (New York time). The fight night will start on Saturday, July 26 at 8:00 AM PT (Los Angeles time). The fight night will start on Saturday, July 26 at 11:00 AM ET (Toronto time). The fight night will start on Saturday, July 26 at 4:00 PM BST (London time). The fight night will start on Saturday, July 26 at 5:00 PM SAST (Johannesburg time). The fight night will start on Saturday, July 26 at 11:00 PM PHT (Manila time). The fight night will start on Sunday, July 27 at 1:00 AM AEST (Sydney time). The fight night will start on Sunday, July 27 at 3:00 AM NZST (Wellington time). Note that the main event ring walk typically takes place about 1 to 1.5 hours after the main card begins. If you're mainly interested in the headline bout, there’s still some time — but it’s always worth watching the full card. You can stream the Krylov vs Guskov fight via ESPN+. Disclaimer: Some links to streaming or pay-per-view on this page may be affiliate links. If you make a purchase through them, we may earn a commission — at no extra cost to you. The fight will be held at the Etihad Arena in Abu Dhabi, Arab Emirates. Full Fight card for Nikita Krylov vs Bogdan Guskov: Fight card subject to change | Division | Fighter #1 | Fighter #2 | Notes | |---|---|---|---| | middleweight (185 lbs) | Robert Whittaker (26 - 8 - 0) | Reinier de Ridder (20 - 2 - 0) | | | bantamweight (135 lbs) | Petr Yan (18 - 5 - 0) | Marcus Mc Ghee (10 - 1 - 0) | | | bantamweight (135 lbs) | Bryce Mitchell (17 - 3 - 0) | Said Nurmagomedov (18 - 4 - 0) | | | middleweight (185 lbs) | Sharabutdin Magomedov (15 - 1 - 0) | Marc-Andre Barriault (17 - 9 - 0) | | | light heavyweight (205 lbs) | Nikita Krylov (30 - 10 - 0) | Bogdan Guskov (17 - 3 - 0) | | | strawweight (115 lbs) | Amanda Ribas (12 - 6 - 0) | Tabatha Ricci (11 - 3 - 0) | | | welterweight (170 lbs) | Muslim Salikhov (21 - 5 - 0) | Carlos Leal (22 - 6 - 0) | | | light heavyweight (205 lbs) | Ibo Aslan (14 - 2 - 0) | Billy Elekana (7 - 2 - 0) | | | flyweight (125 lbs) | Asu Almabayev (21 - 3 - 0) | Jose Ochoa (8 - 1 - 0) | | | heavyweight (265 lbs) | Martin Buday (15 - 2 - 0) | Marcus Almeida (5 - 1 - 0) | | | featherweight (145 lbs) | Mohammad Yahya (12 - 5 - 0) | Steven Nguyen (9 - 2 - 0) | | | bantamweight (135 lbs) | Davey Grant (16 - 7 - 0) | Da'Mon Blackshear (17 - 7 - 1) | Abu Dhabi’s Etihad Arena sets the stage for a pivotal light heavyweight clash on July 26, as battle-tested Nikita ""The Miner"" Krylov faces surging finisher Bogdan ""Czarevitch"" Guskov. Krylov, a well-rounded veteran with 30 career wins, is looking to rebound after a KO loss to Dominick Reyes. Known for his slick submissions and durability, the Ukrainian thrives in scrambles but must tighten his defense against Guskov’s power. Guskov, a dangerous striker with 82% finishing rate, has won three straight—all by stoppage. His last fight ended with a brutal guillotine choke, proving he’s more than just a knockout artist. With near-identical size and reach, he’ll look to overwhelm Krylov early. The matchup hinges on pace: If Krylov survives the early storm, his experience and grappling could take over. But if Guskov lands clean, another highlight-reel finish is likely. Expect fireworks—this one won’t go the distance.",2017-07-01,https://boxing-schedule.com/mma/krylov-vs-guskov/tale/
Nikita Krylov vs Bogdan Guskov: UFC Abu Dhabi Preview,"Nikita Krylov vs Bogdan Guskov fight analysis Event Overview Mark your calendars for Saturday, July 26, 2025: Nikita Krylov vs Bogdan Guskov is set to kick off the preliminary card at UFC Fight Night: Whittaker vs de Ridder. The bout will take place at the state-of-the-art Etihad Arena in Abu Dhabi, United Arab Emirates, with the preliminary action slated to begin at 4:00 PM UTC (8:00 PM local Gulf Standard Time). Fans tuning in worldwide can catch the live stream on UFC Fight Pass and ESPN+ (U.S.), as the fighters look to make a statement early on in one of the deepest divisions in combat sports. Contender Breakdown This Light Heavyweight clash features two dynamic strikers at different crossroads of their UFC careers: - The Favorite – Nikita Krylov (-185) - Ranking: #10 in the Light Heavyweight division - Record: 30-10-0 (12 KOs, 16 submissions) - Style: Karate base with heavy hands and slick submissions - Recent Form: Coming off a first-round knockout loss to Dominick Reyes, Krylov will be eager to reassert himself among the divisional elite. - The Underdog – Bogdan Guskov (+155) - Ranking: #13 in the Light Heavyweight division - Record: 17-3-0 (14 KOs, 3 submissions) - Style: Pure MMA puncher with blistering power (12 first-round finishes) - Recent Form: Guskov suffered a decision loss to Billy Elekana in January but boasts highlight-reel knockouts over the likes of Ryan Spann and Zac Pauga. What’s at Stake With knockout power on both sides, an early finish is more than likely. Krylov needs to shake off the frustration of a rare early setback, while Guskov aims to solidify his growing reputation as one of the division’s most dangerous men in the first five minutes. A win here could catapult the victor into the top-10 discussion and set up a potential clash with a marquee name later in the year. Betting Outlook Oddsmakers have installed Nikita Krylov as a solid favorite (-185) across major books such as Caesars and BetMGM, reflecting his veteran savvy and well-rounded skill set. Meanwhile, Bogdan Guskov sits firmly on the plus side (+155), offering an enticing payout for bettors banking on his heavy-handed style and momentum in the division. As UFC returns to Abu Dhabi for this pivotal night of fights, all eyes will be on Krylov and Guskov to deliver fireworks. Will the seasoned submission artist regain his form, or will the Uzbek powerhouse shock the world and upset the rankings hierarchy? This is the Light Heavyweight showdown you won’t want to miss. Live odds Live and historic odds as well as more fighter statistics and insights for Nikita Krylov vs Bogdan Guskov can be found on the fighter matchup page. All the fighter matchups and live odds for Whittaker vs de Ridder can be found on the Whittaker vs de Ridder event page. Matchup & Individual Fighter Profiles Nikita Krylov: The Well-Rounded Veteran Age: 33 Country: Donetsk, Ukraine Fighting Style: Karate base with heavy hands and slick submission transitions Recent Form (Last 5 Fights) - Apr. 12, 2025 – Loss vs Dominick Reyes (KO/TKO, R1, 2:24) - Mar. 11, 2023 – Win vs Ryan Spann (Submission, R1, 3:38) - Oct. 22, 2022 – Win vs Volkan Oezdemir (Unanimous Decision, 5:00) - Jul. 23, 2022 – Win vs Alexander Gustafsson (KO/TKO, R1, 1:07) - Mar. 19, 2022 – Loss vs Paul Craig (Submission, R1, 3:57) Krylov enters this contest 2-1 in his last three and 3-2 in his last five. After rattling off three straight wins—including highlight-reel finishes of Gustafsson and Spann—he was dethroned by the explosive Dominick Reyes. Strengths - Finishing Instincts: 23 of his 30 wins end in Round 1, and he boasts a rapid average fight time of 6:41. - Submission Prowess: 16 career submissions; his transitions off the clinch and striking feints keep opponents guessing. - Striking Accuracy: Lands 55% of significant strikes, leveraging his karate footwork to set up counters. - Takedown Offense: 38% takedown accuracy adds a second dimension, forcing strikers to respect his level changes. Weaknesses - Defense Under Duress: His 45% significant strike defense indicates he absorbs damage when pressured. - Takedown Defense: At 53%, he can be vulnerable to heavy wrestlers who force him into scrambles. - Consistency at Elite Level: Losses to Reyes and Craig suggest difficulty when opponents match his wrestling or power. Bogdan Guskov: The Uzbek Power Puncher Age: 32 Country: Tashkent, Uzbekistan Fighting Style: MMA all-around striker with a puncher’s pedigree Recent Form (Last 4 Fights) - Jan. 18, 2025 – Loss vs Billy Elekana (Decision) - Apr. 27, 2024 – Win vs Ryan Spann (KO/TKO, R2, 3:16) - Feb. 10, 2024 – Win vs Zac Pauga (KO/TKO, R1, 3:38) - Sep. 2, 2023 – Loss vs Volkan Oezdemir (Submission, R1, 3:46) Guskov is 2-2 in his last four, with both wins coming by devastating knockout and both losses exposing gaps in his grappling and late-round pacing. Strengths - Elite Power: 14 of 17 wins by KO/TKO; 71% finishing rate via strike—dangerous anytime he closes distance. - Fast Starters: 12 first-round stoppages; opponents must weather an early onslaught. - Striking Defense: Baffles foes with 50% significant strike defense, blending head movement with high guard counters. - Volume & Pressure: Maintains high output in early rounds, forcing exchanges where he excels. Weaknesses - Grappling Void: 0% takedown accuracy demonstrates almost no wrestling threat, leaving his ground defense (50%) exposed. - Cardio Concerns: No fights beyond Round 2 end in his favor—if Krylov survives early, Guskov may fade. - Limited Adaptability: Relies heavily on power; technically precise opponents can weather storms and exploit holes in his defense. Matchup Dynamics This is a classic striker-versus-striker clash with a grappling twist. Krylov’s submission pedigree and varied attack could neutralize Guskov’s knockout power if he drags the bout into deeper waters. Conversely, Guskov’s one-punch finishing ability makes any exchange potentially fight-ending in the blink of an eye. The outcome rests on whether Krylov can impose a wrestling-striking hybrid game plan before the Uzbek bull rush unsettles him. Betting Odds & Line Movement Current Betting Odds As of July 14, 2025, Nikita Krylov is the clear favorite across all major books, while Bogdan Guskov sits firmly on the plus side. Here’s how the moneylines line up: - Nikita Krylov: - Caesars, BetMGM, BetOnline.ag: –185 - DraftKings: –192 - BetRivers: –180 (best price for favorites) - Bogdan Guskov: - Caesars: +155 - BetMGM: +150 - DraftKings: +160 (best price for underdogs) - BetRivers: +140 - BetOnline.ag: +160 The gap between –185 and +155 implies a sizable edge for Krylov, but Guskov’s power and recent line swings suggest value on the underdog. Line Movement & Swings A close look at the odds history reveals some dramatic shifts: - Krylov opened around –170 at BetOnline.ag on July 10, dropped to as low as –145, then rocketed back to –185 after a flurry of early bets. - Guskov began near +145, slid to +125 on heavy early action, then bounced back to +160 at DraftKings and BetOnline.ag as sharp money countered. These swings indicate two camps of bettors: - Sharp Action on Guskov Early: Bettors jumped on his early underdog line, pushing it from +145 to +125. - Public Backing of Krylov: As mainstream bettors piled in on the veteran, his line firmed up to nearly –200 before settling around –185. If you like Guskov, snagging +160 at DraftKings or BetOnline.ag is your best play. If you’re siding with Krylov, BetRivers offers the juiciest –180. Best Sportsbook to Bet On - Underdog Play (Guskov): DraftKings or BetOnline.ag at +160—highest return. - Favorite Play (Krylov): BetRivers at –180—smallest juice on the favorite. $1,000 Bet Payout & Implied Probability - $1,000 on Nikita Krylov (–185): - Payout: $1,555 (your $1,000 stake + $555 profit) - Implied Win Probability: about 65% - $1,000 on Bogdan Guskov (+155): - Payout: $2,550 (your $1,000 stake + $1,550 profit) - Implied Win Probability: about 39% While Krylov’s implied probability reflects his veteran savvy and all‐around skill set, Guskov’s payout is far more lucrative and caters to bettors expecting a power‐punching upset. Choose your side based on risk tolerance: a safer return backing Krylov, or a high‐upside play on Guskov’s finishing ability. AI Pick: Nikita Krylov Click the buttons below to read more about why the AI picked Nikita Krylov, or see all the AI picks for Whittaker vs de Ridder. Our AI is trained on our fight data and picks winners for every fight. You can track all the picks, accuracy, and profit for free on our ai-picks page.",2025-07-14,https://www.ufcbetcompanion.com/event-fighter/3660-Nikita%20Krylov%20vs%20Bogdan%20Guskov/fight-analysis/2397
Bogdan Guskov Fight Week Interview | UFC Abu Dhabi | UFC,"00:00 Bogdan Guskov Fight Week Interview | UFC Abu Dhabi Bogdan Guskov Fight Week Interview | UFC Abu Dhabi Interviews Bogdan Guskov Fight Week Interview | UFC Abu Dhabi Featured Up next - Robert Whittaker Fight Week Interview | UFC Abu Dhabi - Da'Mon Blackshear Fight Week Interview | UFC Abu Dhabi - Reinier De Ridder Fight Week Interview | UFC Abu Dhabi - Marcus McGhee Fight Week Interview | UFC Abu Dhabi - Tabatha Ricci Fight Week Interview | UFC Abu Dhabi - Amanda Ribas Fight Week Interview | UFC Abu Dhabi - Davey Grant Fight Week Interview | UFC Abu Dhabi - Max Holloway Octagon Interview | UFC 318 - Paulo Costa Octagon Interview | UFC 318 - Dustin Poirier Octagon Interview | UFC 318 - Patricio Pitbull Post-Fight Interview | UFC 318 - Paulo Costa Post-Fight Interview | UFC 318 Unlock MORE of your inner combat sports fan with UFC Fight Pass! Fighting is what we live for. And no one brings you MORE live fights, new shows, and events across multiple combat sports from around the world. With a never-ending supply of fighting in every discipline, there’s always something new to watch. Leave it to the world’s authority in MMA to bring you the Ultimate 24/7 platform for MORE combat sports, UFC Fight Pass! Unlock MORE of your inner combat sports fan with UFC Fight Pass! Fighting is what we live for. And no one brings you MORE live fights, new shows, and events across multiple combat sports from around the world. With a never-ending supply of fighting in every discipline, there’s always something new to watch. Leave it to the world’s authority in MMA to bring you the Ultimate 24/7 platform for MORE combat sports, UFC Fight Pass! Upgrade licenceThis video is not available in your country There was a problem while loading content. Please try again. Up next - Robert Whittaker Fight Week Interview | UFC Abu Dhabi - Da'Mon Blackshear Fight Week Interview | UFC Abu Dhabi - Reinier De Ridder Fight Week Interview | UFC Abu Dhabi - Marcus McGhee Fight Week Interview | UFC Abu Dhabi - Tabatha Ricci Fight Week Interview | UFC Abu Dhabi - Amanda Ribas Fight Week Interview | UFC Abu Dhabi - Davey Grant Fight Week Interview | UFC Abu Dhabi - Max Holloway Octagon Interview | UFC 318 - Paulo Costa Octagon Interview | UFC 318 - Dustin Poirier Octagon Interview | UFC 318 - Patricio Pitbull Post-Fight Interview | UFC 318 - Paulo Costa Post-Fight Interview | UFC 318 Starts in / Interviews Bogdan Guskov Fight Week Interview | UFC Abu Dhabi Featured Up next - Robert Whittaker Fight Week Interview | UFC Abu Dhabi - Da'Mon Blackshear Fight Week Interview | UFC Abu Dhabi - Reinier De Ridder Fight Week Interview | UFC Abu Dhabi - Marcus McGhee Fight Week Interview | UFC Abu Dhabi - Tabatha Ricci Fight Week Interview | UFC Abu Dhabi - Amanda Ribas Fight Week Interview | UFC Abu Dhabi - Davey Grant Fight Week Interview | UFC Abu Dhabi - Max Holloway Octagon Interview | UFC 318 - Paulo Costa Octagon Interview | UFC 318 - Dustin Poirier Octagon Interview | UFC 318 - Patricio Pitbull Post-Fight Interview | UFC 318 - Paulo Costa Post-Fight Interview | UFC 318",2025-07-22,https://www.ufc.com/video/149694
Nikita Krylov vs Bogdan Guskov,"Latest UFC Abu Dhabi fight card, start time, date and location for the Robert Whittaker vs. Reinier de Ridder-led MMA event on both ABC and ESPN+ on Sat., July 26, 2025 at Etihad Arena in Abu... Date: July 26, 2025 | Nikita Krylov | Bogdan Guskov | | |---|---|---| | 33 | age | | | 6'3"" | height | | | 245lbs | weight |",2025-07-21,https://www.mmafighting.com/fight/15694/nikita-krylov-vs-bogdan-guskov
Latest UFC Odds & Betting Lines,"Betting sites from across the globe have witnessed a rapid uptrend in the popularity of mixed martial arts. The unprecedented growth of MMA is continuously rising, with active fighters such as Israel Adesanya, Suga Sean O’Malley, Islam Makhachev, Paddy Pimblett, and many more of the world’s favorite fighters continue drawing significant attention to the sport. It’s expected that the future of combat sports will fall into the hands of professional MMA. With consecutive fights held every week, a massive fan base worldwide, and a style of fighting that excels beyond pro boxing, it’s difficult to argue that MMA is slowly becoming the most popular prize-fighting sport worldwide. Sports wagering operators and the UFC have long worked closely to provide fans with an avenue to bet on fights, and nobody does it better than the UFC (Ultimate Fighting Championship. Whether you’re looking to wager on a title fight or the first preliminary bout of an event, you can rest assured that the most prominent bookmakers will have available betting lines for 10-15 fights every weekend. UFC President Dana White built his MMA promotion from the ground up. And now, 29 years into the combat sports business, the UFC is the world’s largest and most-watched MMA promotion format. The company produces events worldwide, 3-4 times per month, with a marquee pay-per-view event occurring every 4-5 weeks. They showcase 12 weight divisions (eight men’s, four women’s) and adhere to the Unified Rules of Mixed Martial Arts. Under the guidance of Dana White, the UFC has evolved into a multi-billion-dollar enterprise. Regarding UFC betting at the sportsbooks, reading the available odds and understanding the essential practices of MMA wagering is simple. Betting sites will release their UFC odds across multiple markets (Moneyline, Prop Bets, Totals) one or two weeks before the scheduled event. However, as the UFC schedule has evolved, you can sometimes find available odds months in advance, depending on the importance of the event and how large the event coverage is. So long as you’ve created a sportsbook account, you’ll have access to a plethora of UFC betting markets. And if you don’t have an account, creating one is a simple process. Most UFC handicappers will begin their research by evaluating the favorites and underdogs. This process involves studying the competing fighters, coming to a conclusion based on their career fights, and coming to a conclusion about what their betting price should be. If the oddsmakers have a similar price available to what you believe holds betting value, this is where you should place a bet. Understanding the implied probability of a fight is essential in knowing if your research matches the expected outcome. You’ll then see whether it’s worth backing the favorite or the underdog. To distinguish the difference between a favorite and an underdog at a sports betting site, you will find a minus sign (-) next to the favorite and a plus sign (+) next to the underdog. Most UFC fighting odds are presented in the American format, rather than decimal and fractional formats. Similar to other major sports betting markets such as the NFL, NBA, NHL, or MLB. The moneyline wager in UFC is when the bettor predicts an outright winner. You’ll be presented with two options, the favorite and the underdog. As previously mentioned, you can distinguish the favorite as he’ll have a (-) symbol next to his name when using the American odds format, and the underdog will have a (+) alongside his name. If the UFC lightweight champion Islam Makhachev is the UFC betting favorite in a hypothetical matchup versus Alexander Volkanovski, you may see favorable odds of -150. This would require a $150 stake to win $100. On the other hand, Volkanovski would be the underdog with potential odds of +130. The underdog odds are naturally more lucrative as you’re moneyline betting on the fighter expected to lose (according to the oddsmaker’s opinion). A $100 stake on the moneyline odds for Volkanovski would return $130. Over/Under total rounds betting doesn’t differ much from other sports, but the “.5” you see in UFC betting totals represents half a round (2 minutes 30 seconds) rather than points. If you wager on over 2.5 rounds, the fight doesn’t need to go three full rounds to win the bet. It would only need to cross the halfway point of the last round, as the 2.5 equals 12 minutes 30 seconds, and an entire three-round bout is 15 minutes per fight. Total rounds markets will change for a championship or main event fights. These contests contain five rounds in total, thus giving the over/under bettor more time to work with. UFC totals markets can provide over/under 1.5, 2.5, 3.5, and 4.5. Alternatively, you can wager on the fight going the full three or five rounds or ending via stoppage within the allotted time – known as ‘fight going the distance’ or ‘fight doesn’t go the distance.’ UFC contests have three potential paths to a fight completion: Fighter A wins by decision, by knockout/TKO/DQ, or wins by submission. This is another betting opportunity for UFC fans. Knockout and submission victories are referred to as Fighter A winning inside the distance and regularly provide lucrative fight odds compared to other prop betting markets. As the popularity of UFC is at an all-time high, most sportsbooks will offer these types of bets along with obscure prop betting markets like point spreads, predicting the number of strikes thrown or the number of takedowns landed on fight night. The UFC fan base loves to discuss potential future matchups. Depending on the current trajectory of particular fights, sportsbooks will also release betting odds months in advance when a potential rivalry is lined up. These future bets are strong picks for a bettor’s bankroll, as the variables surrounding the anticipated fight of the future can change during the lead-up to the official fight night. Suppose the UFC lightweight champion wants to move up a weight class and challenge for the welterweight title after his next title defense. In that case, sportsbooks will catch on and deliver early betting options for this bout – despite the fact it hasn’t officially been announced. Is betting on UFC odds legal? Yes, betting on UFC fights is legal in the United States. However, as no one set of laws regulates sports betting in the country, each state presents its own rules and regulations. Depending on your state, different betting markets could be available to you with DraftKings Sportsbook, or FanDuel Sportsbook. What does underdog mean in UFC? An underdog is a fighter that is expected to lose their fight based on the probability taken from the moneyline odds. How often do underdogs win in the UFC? Underdogs have a favorable fight outcome at a significantly higher rate when compared to team sports. After combing through a comprehensive event archive, with a sample size taken from 27th Apr 2013 and November 2022, it was found that 1462 fighters won when the fight odds weren’t in their favor. We don’t recommend abandoning all of your other betting strategies, though. Is it better to bet live or before the fight? Pre-fight wagers are the best approach when sports fans are confident in a fighter’s ability. However, live betting is the wiser option when two fighters own similar skill sets and overall potential for success and there is no clear favorite pick. How accurate are UFC odds? UFC odds priced between -400 and -900 are incredibly accurate, with an 88-93% win rate since 2013. However, fighting odds between +100 and -122 have only landed at 51%.",2025-07-01,https://www.oddstrader.com/ufc/event/bogdan-guskov-vs-nikita-krylov/odds/
Fight By Fight Preview | UFC Abu Dhabi,"Saturday afternoon, the Octagon returns to Etihad Arena and the action returns to ABC as the UFC brings a loaded fight card from the UAE to network television. Headlined by a critical middleweight matchup between former champ Robert Whittaker and rising contender Reinier de Ridder and featuring several pivotal divisional battles scattered up and down the lineup, this weekend’s offering promises to be full of action and potential impact in a number of key weight classes. Main Event: Robert Whittaker vs Reinier de Ridder Location: Etihad Arena — Abu Dhabi, UAE Where to Watch: ABC / ESPN / ESPN+ Other Main Card Matches: - Petr Yan vs Marcus McGhee - Bryce Mitchell vs Said Nurmagomedov - Shara Magomedov vs Marc-Andre Barriault - Nikita Krylov vs Bogdan Guskov Prelim Matches: - Amanda Ribas vs Tabatha Ricci - Muslim Salikhov vs Carlos Leal - Ibo Aslan vs Billy Elekana - Asu Almabayev vs Jose Ochoa - Martin Buday vs Marcus Buchecha - Mohammad Yahya vs Steven Nguyen - Davey Grant vs Da’Mon Blackshear Main Event: Robert Whittaker vs Reinier de Ridder Unlock MORE of your inner combat sports fan with UFC Fight Pass! Fighting is what we live for. And no one brings you MORE live fights, new shows, and events across multiple combat sports from around the world. With a never-ending supply of fighting in every discipline, there’s always something new to watch. Leave it to the world’s authority in MMA to bring you the Ultimate 24/7 platform for MORE combat sports, UFC Fight Pass! Upgrade licenceThis video is not available in your country There was a problem while loading content. Please try again. Just a couple weeks before the middleweight title goes up for grabs, Robert Whittaker and Reinier de Ridder square off in this critical divisional pairing on Saturday in Abu Dhabi. Whittaker makes his second consecutive start at Etihad Arena and third straight appearance in the MENA region, having bested Ikram Aliskerov in Riyadh, Saudi Arabia, prior to his loss to Khamzat Chimaev last October at UFC 308. “The Reaper” had remained the top end measuring stick for all hopefuls in the division, having only lost to Israel Adesanya, current champ Dricus Du Plessis, and Chimaev, rebounding from each of those setbacks with quality wins over tough opponents. GET YOUR TICKETS: UFC Abu Dhabi | UFC 319 De Ridder’s promotional debut against Gerald Meerschaert left some wondering why so many were pumped about the promotion bringing the Dutch veteran into the fold, but he’s shown why so far in 2025. In January, de Ridder dispatched Kevin Holland with swiftness, and then followed it up by bouncing Bo Nickal from the ranks of the unbeaten at the start of May to move to 20-2 overall. The key question heading into this one is pretty clear and familiar: can de Ridder get by the man who has steadily guarded the gates to contention, or will Whittaker turn back yet another hopeful? It should be a fun stylistic clash between a pair of well-rounded talents to close out the show on Saturday evening on ABC. Additional Main Card Matchups Petr Yan vs Marcus McGhee Unlock MORE of your inner combat sports fan with UFC Fight Pass! Fighting is what we live for. And no one brings you MORE live fights, new shows, and events across multiple combat sports from around the world. With a never-ending supply of fighting in every discipline, there’s always something new to watch. Leave it to the world’s authority in MMA to bring you the Ultimate 24/7 platform for MORE combat sports, UFC Fight Pass! Upgrade licenceThis video is not available in your country There was a problem while loading content. Please try again. Petr Yan and Marcus McGhee share the Octagon in this fascinating bantamweight matchup that now lands as the co-main event of the evening. The former champion Yan has won consecutive outings to silence any questions about his standing in the division following a three-fight slide to the last three men to hold the bantamweight title. He was his familiar, technical self in his twin 2024 victories, warming into his win over Song Yadong before sweeping the scorecards against Deiveson Figueiredo. McGhee touches down in Abu Dhabi having won all four of his UFC starts to date and six straight overall to climb to No. 13 in the bantamweight rankings at the time of this writing. The MMA Lab product was a late arrival to the pro ranks, debuting in 2020, but quickly ascended to the UFC and has the chance to make some real noise in the 135-pound weight class this weekend. Respectfully, all the advantages fall in Yan’s favor, which makes this a classic trap game for the Russian standout. McGhee comes into this one with little to lose and everything to gain, so it will be on Yan to keep him at bay he wants to continue his march towards another possible championship opportunity. Bryce Mitchell vs Said Nurmagomedov Unlock MORE of your inner combat sports fan with UFC Fight Pass! Fighting is what we live for. And no one brings you MORE live fights, new shows, and events across multiple combat sports from around the world. With a never-ending supply of fighting in every discipline, there’s always something new to watch. Leave it to the world’s authority in MMA to bring you the Ultimate 24/7 platform for MORE combat sports, UFC Fight Pass! Upgrade licenceThis video is not available in your country There was a problem while loading content. Please try again. Bryce Mitchell tries his hand in the bantamweight division, landing opposite Said Nurmagomedov as he makes his first foray into the dangerous waters of the 135-pound weight class. “Thug Nasty” worked his way into the Top 15 in the featherweight division by winning each of his first six appearances inside the Octagon. But alternating losses and wins over his last five outings, with each of his setbacks coming by way of stoppage, has prompted the Arkansas native to relocate to the bantamweight ranks. Nurmagomedov has been a fixture in the division for the last eight years now, posting a 7-3 record though his first 10 UFC starts. Though he’s lost two of his last three, dropping decisions to Jonathan Martinez and Vinicius Oliveira is nothing to hang your head about, and his diverse offensive arsenal makes him a threat against anyone he faces. Will Mitchell find success in his first bantamweight appearance, adding his name to the long list of standouts in the division or will Nurmagomedov show him that a change of scenery isn’t enough to change his fortunes? Shara Magomedov vs Marc-Andre Barriault The first of two middleweight bouts on Saturday’s main card pits Shara Magomedov against Marc-Andre Barriault. “Shara Bullet” returns to action for the first time since suffering the first loss of his career back in February against Michael “Venom” Page. The Russian fighter, who has a massive following in the region, earned wins in each of his first four UFC appearances, and will look to get back to that successful form here as he competes in Abu Dhabi for the fourth time in six fights. Barriault earned a first-round stoppage win, a Performance of the Night bonus, and a new contract at UFC 315 in Montreal, where he leveled Bruno Silva with a nasty elbow along the fence. The French-Canadian veteran has been a steady hand since arriving in the promotion, going 6-8 with one no contest and standing as a tough out for everyone he’s faced. This is a key moment for Magomedov, who looked very good in bouts where he was able to dictate the terms of engagement and work at his rhythm. Barriault is known for closing the distance and thriving in the clinch, so it will be interesting to see if the Russian Muay Thai stylist will be able to keep him at bay and get back to his winning ways in this one. Nikita Krylov vs Bogdan Guskov Unlock MORE of your inner combat sports fan with UFC Fight Pass! Fighting is what we live for. And no one brings you MORE live fights, new shows, and events across multiple combat sports from around the world. With a never-ending supply of fighting in every discipline, there’s always something new to watch. Leave it to the world’s authority in MMA to bring you the Ultimate 24/7 platform for MORE combat sports, UFC Fight Pass! Upgrade licenceThis video is not available in your country There was a problem while loading content. Please try again. It’s a matchup of ranked light heavyweights here as Nikita Krylov and Bogdan Guskov share the Octagon on Saturday in Abu Dhabi. Now 33 years old and more than seven years into his second stint on the UFC roster, Krylov arrives in Abu Dhabi looking to bounce back after getting stopped by Dominick Reyes last time out. The veteran earned three straight wins prior to his UFC 314 appearance, including a knockout of Alexander Gustafsson and a submission finish over Ryan Spann. READ: The 10 Fights To Tune-In For In July Guskov dropped his short-notice promotional debut to Volkan Oezdemir, but has since responded with three straight victories to climb into the Top 15 in the light heavyweight division. Last time out, he handled his business accordingly against late replacement Billy Elekana, pushing his record to 7-1 over his last eight starts. Will the veteran Krylov get back in the win column or can Guskov garner a fourth straight win to keep moving forward in the 205-pound weight class? Preliminary Card Pairings Amanda Ribas vs Tabatha Ricci Amanda Ribas and Tabatha Ricci square off in this all-Brazilian battle in the strawweight division. Ribas has spent the bulk of her UFC career bouncing between divisions, but makes her second straight start in the 115-pound ranks after falling to Mackenzie Dern in a main event rematch to open the year. Coming off a loss to former title challenger Yan Xiaonan, Ricci looks to return to the form that produced good wins over Gillian Robertson, Tecia Pennington, and Angela Hill. Muslim Salikhov vs Carlos Leal Welterweights at different stages of their UFC journeys cross paths here as Muslim Salikhov faces off with Carlos Leal. Despite turning 41 last month, Salikhov clearly still has something left in the gas tank, entering his 13th UFC appearance on a two-fight winning streak and coming off a nasty finish of Song Kenan last year in Macau. Leal makes the walk to the Octagon for just the third time, looking to build off his first-round stoppage win over Alex Morono last time out. Ibo Aslan vs Billy Elekana Unlock MORE of your inner combat sports fan with UFC Fight Pass! Fighting is what we live for. And no one brings you MORE live fights, new shows, and events across multiple combat sports from around the world. With a never-ending supply of fighting in every discipline, there’s always something new to watch. Leave it to the world’s authority in MMA to bring you the Ultimate 24/7 platform for MORE combat sports, UFC Fight Pass! Upgrade licenceThis video is not available in your country There was a problem while loading content. Please try again. Light heavyweights looking to stem the tide do battle here as Ibo Aslan and Billy Elekana clash at Etihad Arena. Aslan blew through Paulo Renato Jr. on Dana White’s Contender Series and earned finishes in each of his first two UFC appearances before running into veteran Ion Cutelaba last time out in Seattle. As mentioned earlier, Elekana got a short-notice call-up to face Guskov in January, showing a little moxie before ultimately falling to the ranked fighter from Uzbekistan at UFC 311. Asu Almabayev vs Jose Ochoa Asu Almabayev and Jose Ochoa pair off here in a fascinating flyweight fixture. Almabayev, who was originally scheduled to face Ramazan Temirov, looks to get things moving in the right direction against after having his 17-fight winning streak snapped last time out against Manel Kape. After a stellar showing in a losing effort against Lone’er Kavanagh last November, Ochoa picked up his first UFC victory in June, stopping Cody Durden 11 seconds into the second round. Martin Buday vs Marcus Buchecha Dana White’s Contender Series grad Martin Buday welcomes multiple-time Brazilian jiu jitsu world champion Marcus Buchecha to the Octagon for the first time this weekend. Slovakia’s Buday has posted a 6-1 record under the UFC banner since earning a contract in the summer of 2021, and looks to earn a third straight win as he steps in with Buchecha on Saturday. The 35-year-old Brazilian is a 13-time world champion in the gi, a two-time world champion in no-gi, and has gone 5-1 to begin his MMA career, earning each of his wins inside the distance. Mohammad Yahya vs Steven Nguyen Featherweights in search of their first UFC triumphs clash here as Mohammad Yahya welcomes Steven Nguyen to his home country on Saturday. The 31-year-old Yahya posted five straight wins to earn the opportunity to compete on the biggest stage in the sport, but has subsequently dropped consecutive outings at home in Abu Dhabi, most recently getting stopped by Kaue Fernandes last summer. A member of the DWCS Class of ’23, Nguyen landed on the wrong side of the cards in his first UFC appearance against Jarno Errens in a bout that earned the duo Fight of the Night honors. Davey Grant vs Da’Mon Blackshear Bantamweights Davey Grant and Da’Mon Blackshear open the show this weekend, pairing off in what should be an entertaining clash of veterans in the 135-pound ranks. FOLLOW @UFCNEWS: On Facebook | On Instagram | On X | On Threads Heading towards his 40th birthday in December, Grant remains a dangerous assignment for anyone in the division, having won three of his last four, with each of his two most recent setbacks coming by way of debated split decision. Blackshear enters having won three straight since suffering back-to-back losses to Mario Bautista and Montel Jackson, including earning two wins in seven weeks earlier this year. Don't miss a moment of UFC Fight Night: Whittaker vs De Ridder, live from Etihad Arena in Abu Dhabi on July 26, 2025. Prelims start at 12pm ET/9am PT, followed by the main card at 3pm ET/12pm PT.",2025-07-21,https://www.ufc.com/news/fight-fight-preview-ufc-abu-dhabi-whittaker-vs-reinier-de-ridder
Bogdan Guskov Fight Week Interview | UFC Abu Dhabi | UFC,"00:00 Bogdan Guskov Fight Week Interview | UFC Abu Dhabi Bogdan Guskov Fight Week Interview | UFC Abu Dhabi Interviews Bogdan Guskov Fight Week Interview | UFC Abu Dhabi Featured Up next - Robert Whittaker Fight Week Interview | UFC Abu Dhabi - Da'Mon Blackshear Fight Week Interview | UFC Abu Dhabi - Reinier De Ridder Fight Week Interview | UFC Abu Dhabi - Marcus McGhee Fight Week Interview | UFC Abu Dhabi - Tabatha Ricci Fight Week Interview | UFC Abu Dhabi - Amanda Ribas Fight Week Interview | UFC Abu Dhabi - Davey Grant Fight Week Interview | UFC Abu Dhabi - Max Holloway Octagon Interview | UFC 318 - Paulo Costa Octagon Interview | UFC 318 - Dustin Poirier Octagon Interview | UFC 318 - Patricio Pitbull Post-Fight Interview | UFC 318 - Paulo Costa Post-Fight Interview | UFC 318 Unlock MORE of your inner combat sports fan with UFC Fight Pass! Fighting is what we live for. And no one brings you MORE live fights, new shows, and events across multiple combat sports from around the world. With a never-ending supply of fighting in every discipline, there’s always something new to watch. Leave it to the world’s authority in MMA to bring you the Ultimate 24/7 platform for MORE combat sports, UFC Fight Pass! Unlock MORE of your inner combat sports fan with UFC Fight Pass! Fighting is what we live for. And no one brings you MORE live fights, new shows, and events across multiple combat sports from around the world. With a never-ending supply of fighting in every discipline, there’s always something new to watch. Leave it to the world’s authority in MMA to bring you the Ultimate 24/7 platform for MORE combat sports, UFC Fight Pass! Upgrade licenceThis video is not available in your country There was a problem while loading content. Please try again. Up next - Robert Whittaker Fight Week Interview | UFC Abu Dhabi - Da'Mon Blackshear Fight Week Interview | UFC Abu Dhabi - Reinier De Ridder Fight Week Interview | UFC Abu Dhabi - Marcus McGhee Fight Week Interview | UFC Abu Dhabi - Tabatha Ricci Fight Week Interview | UFC Abu Dhabi - Amanda Ribas Fight Week Interview | UFC Abu Dhabi - Davey Grant Fight Week Interview | UFC Abu Dhabi - Max Holloway Octagon Interview | UFC 318 - Paulo Costa Octagon Interview | UFC 318 - Dustin Poirier Octagon Interview | UFC 318 - Patricio Pitbull Post-Fight Interview | UFC 318 - Paulo Costa Post-Fight Interview | UFC 318 Starts in / Interviews Bogdan Guskov Fight Week Interview | UFC Abu Dhabi Featured Up next - Robert Whittaker Fight Week Interview | UFC Abu Dhabi - Da'Mon Blackshear Fight Week Interview | UFC Abu Dhabi - Reinier De Ridder Fight Week Interview | UFC Abu Dhabi - Marcus McGhee Fight Week Interview | UFC Abu Dhabi - Tabatha Ricci Fight Week Interview | UFC Abu Dhabi - Amanda Ribas Fight Week Interview | UFC Abu Dhabi - Davey Grant Fight Week Interview | UFC Abu Dhabi - Max Holloway Octagon Interview | UFC 318 - Paulo Costa Octagon Interview | UFC 318 - Dustin Poirier Octagon Interview | UFC 318 - Patricio Pitbull Post-Fight Interview | UFC 318 - Paulo Costa Post-Fight Interview | UFC 318",2025-07-22,https://www.ufc.com/video/149694
Nikita Krylov vs Bogdan Guskov,"Latest UFC Abu Dhabi fight card, start time, date and location for the Robert Whittaker vs. Reinier de Ridder-led MMA event on both ABC and ESPN+ on Sat., July 26, 2025 at Etihad Arena in Abu... Date: July 26, 2025 | Nikita Krylov | Bogdan Guskov | | |---|---|---| | 33 | age | | | 6'3"" | height | | | 245lbs | weight |",2025-07-21,https://www.mmafighting.com/fight/15694/nikita-krylov-vs-bogdan-guskov
Latest UFC Odds & Betting Lines,"Betting sites from across the globe have witnessed a rapid uptrend in the popularity of mixed martial arts. The unprecedented growth of MMA is continuously rising, with active fighters such as Israel Adesanya, Suga Sean O’Malley, Islam Makhachev, Paddy Pimblett, and many more of the world’s favorite fighters continue drawing significant attention to the sport. It’s expected that the future of combat sports will fall into the hands of professional MMA. With consecutive fights held every week, a massive fan base worldwide, and a style of fighting that excels beyond pro boxing, it’s difficult to argue that MMA is slowly becoming the most popular prize-fighting sport worldwide. Sports wagering operators and the UFC have long worked closely to provide fans with an avenue to bet on fights, and nobody does it better than the UFC (Ultimate Fighting Championship. Whether you’re looking to wager on a title fight or the first preliminary bout of an event, you can rest assured that the most prominent bookmakers will have available betting lines for 10-15 fights every weekend. UFC President Dana White built his MMA promotion from the ground up. And now, 29 years into the combat sports business, the UFC is the world’s largest and most-watched MMA promotion format. The company produces events worldwide, 3-4 times per month, with a marquee pay-per-view event occurring every 4-5 weeks. They showcase 12 weight divisions (eight men’s, four women’s) and adhere to the Unified Rules of Mixed Martial Arts. Under the guidance of Dana White, the UFC has evolved into a multi-billion-dollar enterprise. Regarding UFC betting at the sportsbooks, reading the available odds and understanding the essential practices of MMA wagering is simple. Betting sites will release their UFC odds across multiple markets (Moneyline, Prop Bets, Totals) one or two weeks before the scheduled event. However, as the UFC schedule has evolved, you can sometimes find available odds months in advance, depending on the importance of the event and how large the event coverage is. So long as you’ve created a sportsbook account, you’ll have access to a plethora of UFC betting markets. And if you don’t have an account, creating one is a simple process. Most UFC handicappers will begin their research by evaluating the favorites and underdogs. This process involves studying the competing fighters, coming to a conclusion based on their career fights, and coming to a conclusion about what their betting price should be. If the oddsmakers have a similar price available to what you believe holds betting value, this is where you should place a bet. Understanding the implied probability of a fight is essential in knowing if your research matches the expected outcome. You’ll then see whether it’s worth backing the favorite or the underdog. To distinguish the difference between a favorite and an underdog at a sports betting site, you will find a minus sign (-) next to the favorite and a plus sign (+) next to the underdog. Most UFC fighting odds are presented in the American format, rather than decimal and fractional formats. Similar to other major sports betting markets such as the NFL, NBA, NHL, or MLB. The moneyline wager in UFC is when the bettor predicts an outright winner. You’ll be presented with two options, the favorite and the underdog. As previously mentioned, you can distinguish the favorite as he’ll have a (-) symbol next to his name when using the American odds format, and the underdog will have a (+) alongside his name. If the UFC lightweight champion Islam Makhachev is the UFC betting favorite in a hypothetical matchup versus Alexander Volkanovski, you may see favorable odds of -150. This would require a $150 stake to win $100. On the other hand, Volkanovski would be the underdog with potential odds of +130. The underdog odds are naturally more lucrative as you’re moneyline betting on the fighter expected to lose (according to the oddsmaker’s opinion). A $100 stake on the moneyline odds for Volkanovski would return $130. Over/Under total rounds betting doesn’t differ much from other sports, but the “.5” you see in UFC betting totals represents half a round (2 minutes 30 seconds) rather than points. If you wager on over 2.5 rounds, the fight doesn’t need to go three full rounds to win the bet. It would only need to cross the halfway point of the last round, as the 2.5 equals 12 minutes 30 seconds, and an entire three-round bout is 15 minutes per fight. Total rounds markets will change for a championship or main event fights. These contests contain five rounds in total, thus giving the over/under bettor more time to work with. UFC totals markets can provide over/under 1.5, 2.5, 3.5, and 4.5. Alternatively, you can wager on the fight going the full three or five rounds or ending via stoppage within the allotted time – known as ‘fight going the distance’ or ‘fight doesn’t go the distance.’ UFC contests have three potential paths to a fight completion: Fighter A wins by decision, by knockout/TKO/DQ, or wins by submission. This is another betting opportunity for UFC fans. Knockout and submission victories are referred to as Fighter A winning inside the distance and regularly provide lucrative fight odds compared to other prop betting markets. As the popularity of UFC is at an all-time high, most sportsbooks will offer these types of bets along with obscure prop betting markets like point spreads, predicting the number of strikes thrown or the number of takedowns landed on fight night. The UFC fan base loves to discuss potential future matchups. Depending on the current trajectory of particular fights, sportsbooks will also release betting odds months in advance when a potential rivalry is lined up. These future bets are strong picks for a bettor’s bankroll, as the variables surrounding the anticipated fight of the future can change during the lead-up to the official fight night. Suppose the UFC lightweight champion wants to move up a weight class and challenge for the welterweight title after his next title defense. In that case, sportsbooks will catch on and deliver early betting options for this bout – despite the fact it hasn’t officially been announced. Is betting on UFC odds legal? Yes, betting on UFC fights is legal in the United States. However, as no one set of laws regulates sports betting in the country, each state presents its own rules and regulations. Depending on your state, different betting markets could be available to you with DraftKings Sportsbook, or FanDuel Sportsbook. What does underdog mean in UFC? An underdog is a fighter that is expected to lose their fight based on the probability taken from the moneyline odds. How often do underdogs win in the UFC? Underdogs have a favorable fight outcome at a significantly higher rate when compared to team sports. After combing through a comprehensive event archive, with a sample size taken from 27th Apr 2013 and November 2022, it was found that 1462 fighters won when the fight odds weren’t in their favor. We don’t recommend abandoning all of your other betting strategies, though. Is it better to bet live or before the fight? Pre-fight wagers are the best approach when sports fans are confident in a fighter’s ability. However, live betting is the wiser option when two fighters own similar skill sets and overall potential for success and there is no clear favorite pick. How accurate are UFC odds? UFC odds priced between -400 and -900 are incredibly accurate, with an 88-93% win rate since 2013. However, fighting odds between +100 and -122 have only landed at 51%.",2025-07-01,https://www.oddstrader.com/ufc/event/bogdan-guskov-vs-nikita-krylov/odds/
Fight By Fight Preview | UFC Abu Dhabi,"Saturday afternoon, the Octagon returns to Etihad Arena and the action returns to ABC as the UFC brings a loaded fight card from the UAE to network television. Headlined by a critical middleweight matchup between former champ Robert Whittaker and rising contender Reinier de Ridder and featuring several pivotal divisional battles scattered up and down the lineup, this weekend’s offering promises to be full of action and potential impact in a number of key weight classes. Main Event: Robert Whittaker vs Reinier de Ridder Location: Etihad Arena — Abu Dhabi, UAE Where to Watch: ABC / ESPN / ESPN+ Other Main Card Matches: - Petr Yan vs Marcus McGhee - Bryce Mitchell vs Said Nurmagomedov - Shara Magomedov vs Marc-Andre Barriault - Nikita Krylov vs Bogdan Guskov Prelim Matches: - Amanda Ribas vs Tabatha Ricci - Muslim Salikhov vs Carlos Leal - Ibo Aslan vs Billy Elekana - Asu Almabayev vs Jose Ochoa - Martin Buday vs Marcus Buchecha - Mohammad Yahya vs Steven Nguyen - Davey Grant vs Da’Mon Blackshear Main Event: Robert Whittaker vs Reinier de Ridder Unlock MORE of your inner combat sports fan with UFC Fight Pass! Fighting is what we live for. And no one brings you MORE live fights, new shows, and events across multiple combat sports from around the world. With a never-ending supply of fighting in every discipline, there’s always something new to watch. Leave it to the world’s authority in MMA to bring you the Ultimate 24/7 platform for MORE combat sports, UFC Fight Pass! Upgrade licenceThis video is not available in your country There was a problem while loading content. Please try again. Just a couple weeks before the middleweight title goes up for grabs, Robert Whittaker and Reinier de Ridder square off in this critical divisional pairing on Saturday in Abu Dhabi. Whittaker makes his second consecutive start at Etihad Arena and third straight appearance in the MENA region, having bested Ikram Aliskerov in Riyadh, Saudi Arabia, prior to his loss to Khamzat Chimaev last October at UFC 308. “The Reaper” had remained the top end measuring stick for all hopefuls in the division, having only lost to Israel Adesanya, current champ Dricus Du Plessis, and Chimaev, rebounding from each of those setbacks with quality wins over tough opponents. GET YOUR TICKETS: UFC Abu Dhabi | UFC 319 De Ridder’s promotional debut against Gerald Meerschaert left some wondering why so many were pumped about the promotion bringing the Dutch veteran into the fold, but he’s shown why so far in 2025. In January, de Ridder dispatched Kevin Holland with swiftness, and then followed it up by bouncing Bo Nickal from the ranks of the unbeaten at the start of May to move to 20-2 overall. The key question heading into this one is pretty clear and familiar: can de Ridder get by the man who has steadily guarded the gates to contention, or will Whittaker turn back yet another hopeful? It should be a fun stylistic clash between a pair of well-rounded talents to close out the show on Saturday evening on ABC. Additional Main Card Matchups Petr Yan vs Marcus McGhee Unlock MORE of your inner combat sports fan with UFC Fight Pass! Fighting is what we live for. And no one brings you MORE live fights, new shows, and events across multiple combat sports from around the world. With a never-ending supply of fighting in every discipline, there’s always something new to watch. Leave it to the world’s authority in MMA to bring you the Ultimate 24/7 platform for MORE combat sports, UFC Fight Pass! Upgrade licenceThis video is not available in your country There was a problem while loading content. Please try again. Petr Yan and Marcus McGhee share the Octagon in this fascinating bantamweight matchup that now lands as the co-main event of the evening. The former champion Yan has won consecutive outings to silence any questions about his standing in the division following a three-fight slide to the last three men to hold the bantamweight title. He was his familiar, technical self in his twin 2024 victories, warming into his win over Song Yadong before sweeping the scorecards against Deiveson Figueiredo. McGhee touches down in Abu Dhabi having won all four of his UFC starts to date and six straight overall to climb to No. 13 in the bantamweight rankings at the time of this writing. The MMA Lab product was a late arrival to the pro ranks, debuting in 2020, but quickly ascended to the UFC and has the chance to make some real noise in the 135-pound weight class this weekend. Respectfully, all the advantages fall in Yan’s favor, which makes this a classic trap game for the Russian standout. McGhee comes into this one with little to lose and everything to gain, so it will be on Yan to keep him at bay he wants to continue his march towards another possible championship opportunity. Bryce Mitchell vs Said Nurmagomedov Unlock MORE of your inner combat sports fan with UFC Fight Pass! Fighting is what we live for. And no one brings you MORE live fights, new shows, and events across multiple combat sports from around the world. With a never-ending supply of fighting in every discipline, there’s always something new to watch. Leave it to the world’s authority in MMA to bring you the Ultimate 24/7 platform for MORE combat sports, UFC Fight Pass! Upgrade licenceThis video is not available in your country There was a problem while loading content. Please try again. Bryce Mitchell tries his hand in the bantamweight division, landing opposite Said Nurmagomedov as he makes his first foray into the dangerous waters of the 135-pound weight class. “Thug Nasty” worked his way into the Top 15 in the featherweight division by winning each of his first six appearances inside the Octagon. But alternating losses and wins over his last five outings, with each of his setbacks coming by way of stoppage, has prompted the Arkansas native to relocate to the bantamweight ranks. Nurmagomedov has been a fixture in the division for the last eight years now, posting a 7-3 record though his first 10 UFC starts. Though he’s lost two of his last three, dropping decisions to Jonathan Martinez and Vinicius Oliveira is nothing to hang your head about, and his diverse offensive arsenal makes him a threat against anyone he faces. Will Mitchell find success in his first bantamweight appearance, adding his name to the long list of standouts in the division or will Nurmagomedov show him that a change of scenery isn’t enough to change his fortunes? Shara Magomedov vs Marc-Andre Barriault The first of two middleweight bouts on Saturday’s main card pits Shara Magomedov against Marc-Andre Barriault. “Shara Bullet” returns to action for the first time since suffering the first loss of his career back in February against Michael “Venom” Page. The Russian fighter, who has a massive following in the region, earned wins in each of his first four UFC appearances, and will look to get back to that successful form here as he competes in Abu Dhabi for the fourth time in six fights. Barriault earned a first-round stoppage win, a Performance of the Night bonus, and a new contract at UFC 315 in Montreal, where he leveled Bruno Silva with a nasty elbow along the fence. The French-Canadian veteran has been a steady hand since arriving in the promotion, going 6-8 with one no contest and standing as a tough out for everyone he’s faced. This is a key moment for Magomedov, who looked very good in bouts where he was able to dictate the terms of engagement and work at his rhythm. Barriault is known for closing the distance and thriving in the clinch, so it will be interesting to see if the Russian Muay Thai stylist will be able to keep him at bay and get back to his winning ways in this one. Nikita Krylov vs Bogdan Guskov Unlock MORE of your inner combat sports fan with UFC Fight Pass! Fighting is what we live for. And no one brings you MORE live fights, new shows, and events across multiple combat sports from around the world. With a never-ending supply of fighting in every discipline, there’s always something new to watch. Leave it to the world’s authority in MMA to bring you the Ultimate 24/7 platform for MORE combat sports, UFC Fight Pass! Upgrade licenceThis video is not available in your country There was a problem while loading content. Please try again. It’s a matchup of ranked light heavyweights here as Nikita Krylov and Bogdan Guskov share the Octagon on Saturday in Abu Dhabi. Now 33 years old and more than seven years into his second stint on the UFC roster, Krylov arrives in Abu Dhabi looking to bounce back after getting stopped by Dominick Reyes last time out. The veteran earned three straight wins prior to his UFC 314 appearance, including a knockout of Alexander Gustafsson and a submission finish over Ryan Spann. READ: The 10 Fights To Tune-In For In July Guskov dropped his short-notice promotional debut to Volkan Oezdemir, but has since responded with three straight victories to climb into the Top 15 in the light heavyweight division. Last time out, he handled his business accordingly against late replacement Billy Elekana, pushing his record to 7-1 over his last eight starts. Will the veteran Krylov get back in the win column or can Guskov garner a fourth straight win to keep moving forward in the 205-pound weight class? Preliminary Card Pairings Amanda Ribas vs Tabatha Ricci Amanda Ribas and Tabatha Ricci square off in this all-Brazilian battle in the strawweight division. Ribas has spent the bulk of her UFC career bouncing between divisions, but makes her second straight start in the 115-pound ranks after falling to Mackenzie Dern in a main event rematch to open the year. Coming off a loss to former title challenger Yan Xiaonan, Ricci looks to return to the form that produced good wins over Gillian Robertson, Tecia Pennington, and Angela Hill. Muslim Salikhov vs Carlos Leal Welterweights at different stages of their UFC journeys cross paths here as Muslim Salikhov faces off with Carlos Leal. Despite turning 41 last month, Salikhov clearly still has something left in the gas tank, entering his 13th UFC appearance on a two-fight winning streak and coming off a nasty finish of Song Kenan last year in Macau. Leal makes the walk to the Octagon for just the third time, looking to build off his first-round stoppage win over Alex Morono last time out. Ibo Aslan vs Billy Elekana Unlock MORE of your inner combat sports fan with UFC Fight Pass! Fighting is what we live for. And no one brings you MORE live fights, new shows, and events across multiple combat sports from around the world. With a never-ending supply of fighting in every discipline, there’s always something new to watch. Leave it to the world’s authority in MMA to bring you the Ultimate 24/7 platform for MORE combat sports, UFC Fight Pass! Upgrade licenceThis video is not available in your country There was a problem while loading content. Please try again. Light heavyweights looking to stem the tide do battle here as Ibo Aslan and Billy Elekana clash at Etihad Arena. Aslan blew through Paulo Renato Jr. on Dana White’s Contender Series and earned finishes in each of his first two UFC appearances before running into veteran Ion Cutelaba last time out in Seattle. As mentioned earlier, Elekana got a short-notice call-up to face Guskov in January, showing a little moxie before ultimately falling to the ranked fighter from Uzbekistan at UFC 311. Asu Almabayev vs Jose Ochoa Asu Almabayev and Jose Ochoa pair off here in a fascinating flyweight fixture. Almabayev, who was originally scheduled to face Ramazan Temirov, looks to get things moving in the right direction against after having his 17-fight winning streak snapped last time out against Manel Kape. After a stellar showing in a losing effort against Lone’er Kavanagh last November, Ochoa picked up his first UFC victory in June, stopping Cody Durden 11 seconds into the second round. Martin Buday vs Marcus Buchecha Dana White’s Contender Series grad Martin Buday welcomes multiple-time Brazilian jiu jitsu world champion Marcus Buchecha to the Octagon for the first time this weekend. Slovakia’s Buday has posted a 6-1 record under the UFC banner since earning a contract in the summer of 2021, and looks to earn a third straight win as he steps in with Buchecha on Saturday. The 35-year-old Brazilian is a 13-time world champion in the gi, a two-time world champion in no-gi, and has gone 5-1 to begin his MMA career, earning each of his wins inside the distance. Mohammad Yahya vs Steven Nguyen Featherweights in search of their first UFC triumphs clash here as Mohammad Yahya welcomes Steven Nguyen to his home country on Saturday. The 31-year-old Yahya posted five straight wins to earn the opportunity to compete on the biggest stage in the sport, but has subsequently dropped consecutive outings at home in Abu Dhabi, most recently getting stopped by Kaue Fernandes last summer. A member of the DWCS Class of ’23, Nguyen landed on the wrong side of the cards in his first UFC appearance against Jarno Errens in a bout that earned the duo Fight of the Night honors. Davey Grant vs Da’Mon Blackshear Bantamweights Davey Grant and Da’Mon Blackshear open the show this weekend, pairing off in what should be an entertaining clash of veterans in the 135-pound ranks. FOLLOW @UFCNEWS: On Facebook | On Instagram | On X | On Threads Heading towards his 40th birthday in December, Grant remains a dangerous assignment for anyone in the division, having won three of his last four, with each of his two most recent setbacks coming by way of debated split decision. Blackshear enters having won three straight since suffering back-to-back losses to Mario Bautista and Montel Jackson, including earning two wins in seven weeks earlier this year. Don't miss a moment of UFC Fight Night: Whittaker vs De Ridder, live from Etihad Arena in Abu Dhabi on July 26, 2025. Prelims start at 12pm ET/9am PT, followed by the main card at 3pm ET/12pm PT.",2025-07-21,https://www.ufc.com/news/fight-fight-preview-ufc-abu-dhabi-whittaker-vs-reinier-de-ridder
Whittaker vs. de Ridder At UFC Fight Night Abu Dhabi 2025 - All You Need To Know!,"In the mood for a knockout night out in Abu Dhabi? You’re in luck, because nothing beats the electric buzz of live MMA action. This summer, the capital’s sporting calendar turns up the heat as UFC Fight Night storms back into Etihad Arena on Saturday, July 26. And topping the card? A clash fans have been waiting for: former middleweight champ Robert Whittaker goes head-to-head with undefeated Dutch submission wizard Reinier de Ridder in a showdown that promises fireworks. Before we delve deep into the Whittaker vs. de Ridder UFC fight night, let’s look at these 2 brilliant fighters. Also read: UFC Fight Night Abu Dhabi 2025: Details & How to Watch Robert Whittaker: The Resilient Veteran with a Champion’s Resume Known as “The Reaper”, Robert Whittaker is no stranger to the big stage. The New Zealand-born, Australia-raised fighter holds a storied UFC career that spans over a decade, during which he’s carved out a reputation for toughness, technique, and unwavering grit. Here’s a sneak peek into his achievements: - Former UFC Middleweight Champion (2017) - As of February this year, he is ranked #5 in the UFC middleweight rankings - Victories over elite fighters including Yoel Romero (twice), Jared Cannonier, Darren Till, Marvin Vettori, and Kelvin Gastelum - Performance bonuses galore, with Fight of the Night honors in his battles against Romero and Brunson - Widely respected for his calm demeanour outside the cage and his fierce explosiveness inside it Whittaker’s style blends his karate roots with polished boxing and elite-level takedown defense. His ability to maintain pace, adapt mid-fight, and strike with precision has made him a perennial title contender, even after losing the belt to Israel Adesanya. Despite recent setbacks, including a decision loss to Dricus du Plessis in 2023, Whittaker remains one of the most respected and dangerous men in the division – and he’s out to prove that his reign isn’t quite over yet. Also read: UAE Long Weekend Plans? Road Trip to Rainy Salalah This Khareef Season! Reinier de Ridder: The Dutch Submission Specialist Making His UFC Debut On the other side of the Octagon is Reinier “The Dutch Knight” de Ridder, a rising force with an unbeaten record and a résumé that speaks volumes. De Ridder comes into this bout with championship credentials and a reputation for technical mastery on the ground. - Former ONE Championship Middleweight and Light Heavyweight Champion - Ranked #12 in the UFC middleweight rankings as of June 2025. - Unbeaten record (16-0) at ONE Championship 159, before entering UFC in 2024, with the majority of his wins coming via submission - Holds victories over top names in Asia’s MMA scene, including Aung La N Sang and Vitaly Bigdash - Known for his Brazilian Jiu-Jitsu black belt, high fight IQ, and calm, calculated approach De Ridder’s transition from ONE Championship to UFC has been widely anticipated. His ability to control fights on the mat, combined with his physicality and composure, make him a stylistic nightmare for many strikers. Though he’s yet to be tested in the UFC, his clean record and dual-champion status in a major promotion give him legitimacy, and he’s not just here to participate; he’s here to disrupt. Why Whittaker vs. De Ridder Will Be The Highlight Of The UFC Fight Night Abu Dhabi 2025 Simple, think striker vs. grappler, UFC veteran vs. international invader or just firepower vs. finesse. Whittaker brings elite footwork, striking accuracy, and the ability to dictate range. He has shut down grapplers before, but de Ridder’s ground game is arguably on another level. De Ridder, meanwhile, will look to close the distance, drag Whittaker to the mat, and systematically work toward a finish. His ability to stay patient under pressure and capitalise on even brief openings makes him extremely dangerous. Whittaker’s takedown defense (career 83%) will be tested, while de Ridder must prove he can hang on the feet with one of the division’s best. Whittaker vs. De Ridder – An Exciting Match-up This fight has significant implications for the middleweight title picture. A dominant win for Whittaker could thrust him back into title contention, especially with Adesanya’s status uncertain and Du Plessis holding the current belt. For de Ridder, this is the litmus test, a chance to show he belongs among the best in the world and perhaps fast-track his rise toward a UFC title shot. Beyond rankings, the bout also represents global crossover appeal: - Whittaker remains one of Australia’s most beloved athletes, a fan-favourite for his humility and warrior mentality. - De Ridder is a star in the Netherlands and across Europe, especially among submission grappling enthusiasts and ONE Championship loyalists. Eyes from every corner of the world will be on Abu Dhabi, a growing hub for international MMA. More UFC Fight Nights To Look Forward To Apart from Whittaker vs. de Ridder, here are a bunch of thrilling knockouts we’re eagerly awaiting: Movsar Evloev vs. Aaron Pico A high-stakes featherweight clash between the undefeated Russian technician and a fierce American newcomer with top-tier wrestling and explosive hands Petr Yan vs. Marc McGhee The former bantamweight king, known for his razor-sharp precision and knockout power, faces a rising prospect hungry to shake up the division. Bryce Mitchell vs. Said Nurmagomedov A stylistic chess match featuring Mitchell’s unorthodox grappling against Nurmagomedov’s unpredictable striking and elusive movement. Shara Magomedov returns The one-eyed knockout machine is back – expect spinning kicks, chaos, and another viral finish. Nikita Krylov vs. Bogdan Guskov A brutal light heavyweight banger where knockout potential is sky-high and survival instincts will be put to the test. Want to Catch The UFC Fight Night Abu Dhabi 2025 Live? Here’s How! Tickets are officially on sale, with prices starting at AED 295 and options for every kind of fight fan — from standard seats to VIP packages that offer premium perks like: - Fighter meet-and-greets - Access to weigh-ins - Private lounges and premium hospitality - Front-row views so close you’ll feel the canvas shake Whether you’re cage-side or soaking in the atmosphere from a premium suite, you’re in for an unforgettable night. Book your tickets via Etihad Arena or Ticketmaster Middle East, but don’t wait too long. With a card this stacked, seats won’t last. You may also like: Salalah Khareef Festival 2025: Everything That You Need To Know",2025-07-08,https://www.gulfbuzz.com/whittaker-vs-de-ridder-at-ufc-fight-night-abu-dhabi-2025/
UFC on ABC 9: Make your predictions for Robert Whittaker vs. Reinier de Ridder,"UFC UFC on ABC 9: Make your predictions for Robert Whittaker vs. Reinier de Ridder Matt Erickson MMA Junkie We want your predictions for UFC on ABC 9. Our staff picks feature includes the consensus picks from MMA Junkie readers. Simply cast your vote for each bout below, and we'll use the official tallies that are registered by Friday at noon ET (9 a.m. PT). Those reader consensus picks will be part of the main card staff predictions we release ahead of UFC on ABC 9 (ABC, ESPN, ESPN+), which takes place Saturday at Etihad Arena in Abu Dhabi. Make your picks below. Marcus Buchecha vs. Martin Buday - Records: Buchecha (5-1 MMA, 0-0 UFC), Buday (15-2 MMA, 6-1 UFC) - Past five: Buchecha 4-1, Buday 4-1 - Division: Heavyweight - Rankings: None - Odds (as of 07.21.25): Buchecha -310, Buday +245 Steven Nguyen vs. Mohammad Yahya - Records: Nguyen (9-2 MMA, 0-1 UFC), Yahya (12-5 MMA, 0-2 UFC) - Past five: Nguyen 3-2, Yahya 3-2 - Division: Featherweight - Rankings: None - Odds (as of 07.21.25): Nguyen -350, Yahya +270 Ibo Aslan vs. Billy Elekana - Records: Aslan (14-2 MMA, 2-1 UFC), Elekana (7-2 MMA, 0-1 UFC) - Past five: Aslan 4-1, Elekana 3-2 - Division: Light heavyweight - Rankings: None - Odds (as of 07.21.25): Aslan -265, Elekana +215 Amanda Ribas vs. Tabatha Ricci - Records: Ribas (12-6 MMA, 7-5 UFC), Ricci (11-3 MMA, 6-3 UFC) - Past five: Ribas 2-3, Ricci 3-2 - Division: Women’s strawweight - Rankings: Ricci No. 10, Ribas honorable mention - Odds (as of 07.21.25): Ribas -175, Ricci +145 Da'Mon Blackshear vs. Davey Grant - Records: Blackshear (17-7-1 MMA, 5-3-1 UFC), Grant (14-7 MMA, 7-6 UFC) - Past five: Blackshear 3-2, Grant 3-2 - Division: Bantamweight - Rankings: None - Odds (as of 07.21.25): Blackshear -330, Grant +260 Carlos Leal vs. Muslim Salikhov - Records: Leal (22-6 MMA, 1-1 UFC), Salikhov (21-5 MMA, 8-4 UFC) - Past five: Leal 3-2, Salikhov 3-2 - Division: Welterweight - Rankings: None - Odds (as of 07.21.25): Leal -475, Salikhov +340 Bryce Mitchell vs. Said Nurmagomedov - Records: Mitchell (17-3 MMA, 8-3 UFC), Nurmagomedov (18-4 MMA, 7-3 UFC) - Past five: Mitchell 2-3, Nurmagomedov 3-2 - Division: Bantamweight - Rankings: Mitchell No. 10 (featherweight) - Odds (as of 07.21.25): Mitchell -115, Nurmagomedov -105 Bogdan Guskov vs. Nikita Krylov - Records: Guskov (17-3 MMA, 3-1 UFC), Krylov (30-10 MMA, 11-8 UFC) - Past five: Guskov 17-3, Krylov 3-2 - Division: Light heavyweight - Rankings: Krylov No. 10, Guskov honorable mention - Odds (as of 07.21.25): Guskov +160, Krylov -190 Asu Almabayev vs. Jose Ochoa - Records: Almabayev (21-3 MMA, 4-1 UFC), Ochoa (8-1 MMA, 1-1 UFC) - Past five: Almabayev 4-1, Ochoa 4-1 - Division: Flyweight - Rankings: Almabayev honorable mention - Odds (as of 07.21.25): Almabayev -105, Ochoa -115 Marc-Andre Barriault vs. Shara Magomedov - Records: Barriault (17-9 MMA, 6-8 UFC), Magomedov (15-1 MMA, 4-1 UFC) - Past five: Barriault 2-3, Magomedov 4-1 - Division: Middleweight - Rankings: None - Odds (as of 07.21.25): Barriault +450, Magomedov -700 Marcus McGhee vs. Petr Yan - Records: McGhee (10-1 MMA, 4-0 UFC), Yan (18-5 MMA, 10-4 UFC) - Past five: McGhee 5-0, Yan 2-3 - Division: Bantamweight - Rankings: Yan No. 3, McGhee honorable mention - Odds (as of 07.21.25): McGhee +300, Yan -400 Robert Whittaker vs. Reinier de Ridder - Records: Whittaker (26-8 MMA, 17-6 UFC), de Ridder (20-2 MMA, 3-0 UFC) - Past five: Whittaker 3-2, de Ridder 4-1 - Division: Middleweight - Rankings: Whittaker No. 6, de Ridder No. 12 - Odds (as of 07.21.25): Whittaker -150, de Ridder +125 UFC on ABC 9 fight card (as of July 21, 3 p.m. ET) MAIN CARD (ABC/ESPN+, noon ET) - Robert Whittaker vs. Reinier de Ridder/li> - Marcus McGhee vs. Petr Yan/li> - Marc-Andre Barriault vs. Shara Magomedov/li> - Asu Almabayev vs. Jose Ochoa/li> - Bogdan Guskov vs. Nikita Krylov/li> PRELIMINARY CARD (ESPN/ESPN+, 9 a.m. ET) - Bryce Mitchell vs. Said Nurmagomedov - Carlos Leal vs. Muslim Salikhov - Da'Mon Blackshear vs. Davey Grant - Amanda Ribas vs. Tabatha Ricci - Ibo Aslan vs. Billy Elekana - Steven Nguyen vs. Mohammad Yahya - Marcus Buchecha vs. Martin Buday",2025-07-22,https://mmajunkie.usatoday.com/story/sports/ufc/2025/07/22/ufc-abu-dhabi-robert-whittaker-vs-reinier-de-ridder-reader-predictions-picks/85314657007/
"Robert Whittaker Vs. Reinier De Ridder: – Fight Card, Betting Odds, Start Time","Robert Whittaker vs. Reinier de Ridder: – Fight Card, Betting Odds, Start Time All the fights for Robert Whittaker vs. Reinier de Ridder in Abu Dhabi, on Saturday, 26th July 2025. With betting odds, start time, date, fight card, and information on how to watch. - Event: Robert Whittaker vs. Reinier de Ridder - Date: Sat, August 26, 2025 - Location: Etihad Arena, Abu Dhabi, United Arab Emirates - Broadcast: ESPN PPV Main Event 3 p.m. ET Prelims 12 p.m. - Broadcast in the UK: TNT Sports 8 p.m. GMT Prelims 5 p.m. Robert Whittaker vs. Reinier de Ridder Full Fight Card Main Card - Robert Whittaker vs. Reinier de Ridder: Middleweight Main Event - Petr Yan vs. Marcus McGhee: Bantamweight - Shara Magomedov vs. Marc-Andre Barriault: Middleweight - Asu Almabayev vs. Jose Ochoa: Flyweight - Nikita Krylov vs. Bogdan Guskov: Light Heavyweight Prelims - Bryce Mitchell vs. Said Nurmagomedov: Bantamweight - Muslim Salikhov vs. Carlos Leal: Welterweight - Davey Grant vs. Da’Mon Blackshear: Bantamweight - Amanda Ribas vs. Tabatha Ricci: Women’s Strawweight - Ibo Aslan vs. Billy Elekana: Light Heavyweight - Mohammad Yahya vs. Steven Nguyen: Featherweight - Martin Buday vs. Marcus Buchecha: Heavyweight *Fight card, bout order, and number of fights are subject to change Robert Whittaker vs. Reinier de Ridder Tale of the Tape | Name: | Robert Whittaker | Reinier de Ridder | | Country: | New Zealand | Netherlands | | Age: | 34 | 34 | | Height: | 6 ft 0 in (183 cm) | 6 ft 4 in (1.93 m) | | Weight: | 186 lb (84 kg; 13 st 4 lb) | 185 lb (84 kg; 13 st 3 lb) | | Reach: | 73+1⁄2 in (187 cm) | 79 in (201 cm) | Betting Odds The highly anticipated UFC main event between Robert Whittaker and Reinier de Ridder is set for July 26, 2025, at the Etihad Arena in Abu Dhabi, United Arab Emirates. This headlining bout, featured on UFC on ABC 9, brings together two distinctly accomplished middleweights on the world stage. This is a former two-division champion from ONE facing a former UFC middleweight champion. As fight night approaches on July 26, Robert Whittaker is the slight favourite over Reinier de Ridder according to the latest odds from a range of sportsbooks. According to Betway, Whittaker is 4/6 and De Ridder is 6/5. Most bookmakers have Whittaker at odds between -162 and -145 (implied win probability around 59–60%), while de Ridder sits as the underdog with odds ranging from +120 to +136. This means a $162 bet on Whittaker would net you $100 profit if he wins, while a $100 bet on de Ridder would return between $120–136 if he pulls off the upset. Bookmakers often give de Ridder his best chance via submission – consistent with his grappling-heavy style and track record of finishing fights on the ground. Odds have narrowed over the past few weeks. Whittaker opened as a wider favourite, with lines at -190 compared to de Ridder at +165. As bets have rolled in, especially after de Ridder’s recent string of strong performances and Whittaker’s loss to Khamzat Chimaev, the line on Whittaker has shrunk to as low as -145, and de Ridder has tightened to +125, indicating increasing confidence in the underdog’s chances as fight week arrives. Major sportsbooks report steady action and minimal sudden swings, but the gap has closed somewhat since the market opened. If the bout stays standing, Whittaker’s speed and angling could be decisive. If De Ridder can close the distance and establish top control, his submission threat is substantial. Whittaker’s crisp striking and movement will be tested by De Ridder’s pressure and ground skills. The Dutch-born De Ridder has black belts in judo and Brazilian jiu-jitsu, polished in competition from a young age and recently transitioned to the UFC after his time in ONE. Whittaker remains a slight favourite on most books, with the public expecting a competitive bout potentially going the distance. Method and round betting is split along their stylistic strengths, and the odds have reflected increased respect for de Ridder’s upset potential leading up to the fight. Start date and time Robert Whittaker vs. Reinier de Ridder takes place on Saturday, 26th July 2025, at the Etihad Arena, in Abu Dhabi. The main card will start at 3 p.m. ET. In the UK, the main card starts at 8 p.m. GMT. Tickets If you are lucky enough to be near Abu Dhabi or plan to attend Robert Whittaker vs. Reinier de Ridder at the Etihad Arena, tickets are available here. PPV Price and Live Streams Robert Whittaker vs. Reinier de Ridder is live on ESPN+. In the UK, you will be able to watch it on TNT Sports. What is Next after Robert Whittaker vs. Reinier de Ridder The next event after Robert Whittaker vs. Reinier de Ridder is UFC 319: Dricus Du Plessis vs. Khamzat Chimaev on August 16th at the United Center in Chicago, IL.",2025-07-22,https://www.lowkickmma.com/robert-whittaker-vs-reinier-de-ridder-fight-card-betting-odds-start-time/
"Shara Magomedov vs Marc-Andre Barriault Pick, 07/26/2025 Predictions UFC Abu Dhabi Odds","Shara Magomedov vs Marc-Andre Barriault Pick, 07/26/2025 Predictions UFC Abu Dhabi Odds Shara Magomedov vs Marc-Andre Barriault UFC Abu Dhabi Etihad Arena in Abu Dhabi Saturday, July 26, 2025 Shara Magomedov will enter the Octagon with Marc-Andre Barriault at UFC Abu Dhabi on Saturday, July 26, 2025. The line has Magomedov coming in at -700 while Barriault is coming in at +500. Shara ""Bullet"" Magomedov walks into the Octagon holding a record of 15-1-0. The 31-year-old records a weight of 185 lbs and stands 6'2"". The orthodox fighter has an arm span of 73"". Marc-Andre ""Powerbar"" Barriault stands 6'1"" and weighs in at 185 lbs. The orthodox fighter looks to add a win to his career total of 17-9-0 (1 NC). The 35-year-old stretches 74"". Concerning significant strikes, Shara Magomedov lands 5.87 per minute and Marc-Andre Barriault is connecting on 6.02 significant strikes per min. Magomedov connects on 62% of the significant strikes he tries and Barriault is landing 47%. In terms of defending themselves, ""Bullet"" absorbs 4.13 significant strikes per minute while ""Powerbar"" allows 5.57. Magomedov also curbs 42% of the significant strikes his opponents throw at him and Barriault deflects 52% of the shots thrown in his direction. | UFC Abu Dhabi | Shara Magomedov | Marc-Andre Barriault | |---|---|---| | Opening Odds | -700 | +500 | | Record | 15-1-0 | 17-9-0 (1 NC) | | Average Fight Time | 13:28 | 9:44 | | Height | 6'2"" | 6'1"" | | Weight | 185 lbs | 185 lbs | | Reach | 73"" | 74"" | | Strikes Landed Per Minute | 5.87 | 6.02 | | Striking Accuracy | 62% | 47% | Regarding wrestling, Shara Magomedov is the more capable grappler as he takes his opponents to the canvas 0.70 times per 15 min. Magomedov is taking his opponents to the canvas on 15% of the times he tries and thwarting 72% of all takedowns attempted on him. Barriault is taking his opponents to the mat on 25% of the takedowns he tries and is defending 67% of the attempts against him. Regarding subbing the opposition, Magomedov is the more capable fighter by attempting 0.8 subs per 3 rds while Barriault looks to get 0.1 subs per 3 rds. Get all of our UFC Expert Picks In his last fight, Shara Magomedov squared up with Michael Page and was defeated by way of unanimous decision in round 3. Page ended up landing 47 of 81 total strikes that he let go in that contest. Magomedov ended the night having landed 50 of 102 total strikes. In the significant strikes category, Page ended up landing 43 of 75, giving him a percentage of 57%. He landed 23 of 53 significant strikes to the head. On the other side of the cage, Magomedov landed 43% of the significant strikes he threw by landing 38 of 87. Out of those significant strikes, he was 8 of 42 to the head. 88% of the significant strikes connected on by Page and 89% of them landed by Magomedov were thrown at distance. In the last fight for Marc-Andre Barriault, he battled Bruno Silva and took home the victory by elbows to the head in round 1. Silva landed 16% of the significant strikes he took from distance and Barriault landed 28% of his significant strikes at distance. Barriault ended up connecting on 58% of the significant strikes he attempted by landing 14 of 24. He connected on 11 of 19 significant strikes directed at the head. Silva ended up connecting on 6 of 12 significant strikes in that contest. Looking at the significant strike accuracy, he connected on 4 of 10 to the head. In terms of total strikes attempted in that contest, Silva ended up landing 6 of 12 while Barriault was 14 of 24 of all the strikes he attempted. Other fights to keep an eye on Another fight that you're going to want to watch is when Nikita Krylov faces off with Bogdan Guskov. Krylov steps into the cage holding a mark of 30-10-0. The 33-year-old is fighting at 205 lbs and stands in at 6'3"". The orthodox fighter stretches 77"". Guskov stands in at 6'3"" and is fighting at 205 lbs. The orthodox fighter looks to add a victory to his record of 17-3-0. The 32-year-old has a wingspan of 76"". In terms of takedowns, Nikita Krylov takes his opponents to the canvas 2.24 times per 15 minutes and Bogdan Guskov takes his opponents to the mat 0.70 times per 3 rounds. When talking about striking, Krylov lands 4.33 strikes per min and landing 54% out of all the strikes he attempts. Joining him in the Octagon is Bogdan Guskov, who is connecting on 55% of the strikes he attempts and is landing 3.96 per min. Another must see fight on the night is when Said Nurmagomedov is set to encounter Bryce Mitchell. Mitchell steps into the Octagon with a mark of 17-4-0. The 30-year-old weighs 135 lbs and stands in at 5'10"". The southpaw fighter has a wingspan of 70"". Nurmagomedov measures in at 5'8"" and weighs 135 lbs. The orthodox fighter has a mark of 18-4-0. The 33-year-old has a wingspan of 70"". In terms of wrestling, Bryce Mitchell is able to curb 33% of his opponents' takedown attempts and is taking his opponents to the canvas on 36% of his attempts. Nurmagomedov is taking his opponents to the mat on 15% of the tries he takes and deflects 62% of the takedowns his opponents attempt. With regard to striking, Mitchell takes 1.64 strikes per minute while he dishes out 2.44 strikes per minute. Nurmagomedov, on the other hand, takes 2.25 strikes per minute and deals 3.38 per minute. Who will win tonight's UFC match against the spread? Josh Schonwald's Pick: Take Shara Magomedov (-700) Get $60 worth of FREE premium member picks. No Obligation. No Salesman. No Credit Card. Fast Sign up with Instant Access Click Here Get all of Today's Free UFC Picks Get all of Today's Expert UFC Picks Most Recent UFC Picks - Robert Whittaker vs Reinier de Ridder Pick, 07/26/2025 Predictions UFC Abu Dhabi Odds - Amanda Ribas vs Tabatha Ricci Pick, 07/26/2025 Predictions UFC Abu Dhabi Odds - Mohammad Yahya vs Steven Nguyen Pick, 07/26/2025 Predictions UFC Abu Dhabi Odds - Bryce Mitchell vs Said Nurmagomedov Pick, 07/26/2025 Predictions UFC Abu Dhabi Odds - Nikita Krylov vs Bogdan Guskov Pick, 07/26/2025 Predictions UFC Abu Dhabi Odds - Davey Grant vs Da'Mon Blackshear Pick, 07/26/2025 Predictions UFC Abu Dhabi Odds - Shara Magomedov vs Marc-Andre Barriault Pick, 07/26/2025 Predictions UFC Abu Dhabi Odds - Petr Yan vs Marcus McGhee Pick, 07/26/2025 Predictions UFC Abu Dhabi Odds - Ibo Aslan vs Billy Elekana Pick, 07/26/2025 Predictions UFC Abu Dhabi Odds - Muslim Salikhov vs Carlos Leal Pick, 07/26/2025 Predictions UFC Abu Dhabi Odds",2025-07-22,https://www.docsports.com/free-picks/ufc/2025/shara-magomedov-vs-marc-andre-barriault-pick-07-26-2025-predictions-ufc-abu-dhabi-odds.html
Nikita Krylov vs Bogdan Guskov - Fight Card & Undercard,"26 Jul According to Sherdog, the fight card currently includes the following matchups: Fight card subject to change | Division | Fighter #1 | Fighter #2 | Notes | |---|---|---|---| | middleweight (185 lbs) | Robert Whittaker (26 - 8 - 0) | Reinier de Ridder (20 - 2 - 0) | | | bantamweight (135 lbs) | Petr Yan (18 - 5 - 0) | Marcus Mc Ghee (10 - 1 - 0) | | | bantamweight (135 lbs) | Bryce Mitchell (17 - 3 - 0) | Said Nurmagomedov (18 - 4 - 0) | | | middleweight (185 lbs) | Sharabutdin Magomedov (15 - 1 - 0) | Marc-Andre Barriault (17 - 9 - 0) | | | light heavyweight (205 lbs) | Nikita Krylov (30 - 10 - 0) | Bogdan Guskov (17 - 3 - 0) | | | strawweight (115 lbs) | Amanda Ribas (12 - 6 - 0) | Tabatha Ricci (11 - 3 - 0) | | | welterweight (170 lbs) | Muslim Salikhov (21 - 5 - 0) | Carlos Leal (22 - 6 - 0) | | | light heavyweight (205 lbs) | Ibo Aslan (14 - 2 - 0) | Billy Elekana (7 - 2 - 0) | | | flyweight (125 lbs) | Asu Almabayev (21 - 3 - 0) | Jose Ochoa (8 - 1 - 0) | | | heavyweight (265 lbs) | Martin Buday (15 - 2 - 0) | Marcus Almeida (5 - 1 - 0) | | | featherweight (145 lbs) | Mohammad Yahya (12 - 5 - 0) | Steven Nguyen (9 - 2 - 0) | | | bantamweight (135 lbs) | Davey Grant (16 - 7 - 0) | Da'Mon Blackshear (17 - 7 - 1) | The Tale of the Tape data is compiled from publicly available information on Sherdog | Nikita Krylov | Bogdan Guskov | |---|---| | Ukraine | Uzbekistan | | 30 - 10 - 0 (12 KOs) | 17 - 3 - 0 (14 KOs) | | light heavyweight (205 lbs / 93,0 kg) | light heavyweight (205 lbs / 93,0 kg) | | Age | | | Wins | | | Losses | | | Anthropometry | | The scheduled 3-round light heavyweight bout will take place on July 26, 2025. The full fight night schedule, including local start times for various countries, is listed below. Check the schedule to see when the event begins in your region. The fight night will start on Saturday, July 26 at 11:00 AM ET (New York time). The fight night will start on Saturday, July 26 at 8:00 AM PT (Los Angeles time). The fight night will start on Saturday, July 26 at 11:00 AM ET (Toronto time). The fight night will start on Saturday, July 26 at 4:00 PM BST (London time). The fight night will start on Saturday, July 26 at 5:00 PM SAST (Johannesburg time). The fight night will start on Saturday, July 26 at 11:00 PM PHT (Manila time). The fight night will start on Sunday, July 27 at 1:00 AM AEST (Sydney time). The fight night will start on Sunday, July 27 at 3:00 AM NZST (Wellington time). Note that the main event ring walk typically takes place about 1 to 1.5 hours after the main card begins. If you're mainly interested in the headline bout, there’s still some time — but it’s always worth watching the full card. You can stream the Krylov vs Guskov fight via ESPN+. Disclaimer: Some links to streaming or pay-per-view on this page may be affiliate links. If you make a purchase through them, we may earn a commission — at no extra cost to you. The fight will be held at the Etihad Arena in Abu Dhabi, Arab Emirates. Abu Dhabi’s Etihad Arena sets the stage for a pivotal light heavyweight clash on July 26, as battle-tested Nikita ""The Miner"" Krylov faces surging finisher Bogdan ""Czarevitch"" Guskov. Krylov, a well-rounded veteran with 30 career wins, is looking to rebound after a KO loss to Dominick Reyes. Known for his slick submissions and durability, the Ukrainian thrives in scrambles but must tighten his defense against Guskov’s power. Guskov, a dangerous striker with 82% finishing rate, has won three straight—all by stoppage. His last fight ended with a brutal guillotine choke, proving he’s more than just a knockout artist. With near-identical size and reach, he’ll look to overwhelm Krylov early. The matchup hinges on pace: If Krylov survives the early storm, his experience and grappling could take over. But if Guskov lands clean, another highlight-reel finish is likely. Expect fireworks—this one won’t go the distance.",2017-07-01,https://boxing-schedule.com/mma/krylov-vs-guskov/card/
Nikita Krylov vs Bogdan Guskov EN DIRECTO 26/07/2025 | MMA - Flashscore,Nikita Krylov vs Bogdan Guskov (26/07/2025) Resultados Noticias Favoritos Fútbol Tenis Baloncesto Golf Hockey Béisbol Balonmano Snooker Bádminton Baloncesto Balonmano Bandy Béisbol Boxeo Caballos Ciclismo Cricket Dardos Deportes invierno eSports Fútbol Fútbol Amer. Fútbol Aus. Fútbol playa Fútbol Sala Golf Hockey Hockey hierba Kabaddi MMA Motor Netball Pesäpallo Rugby Rugby League Snooker Tenis Tenis de mesa Unihockey Voleibol Voley Playa Waterpolo AD MMA Krylov Nikita - Guskov Bogdan,2025-07-01,https://www.flashscore.es/h2h/mma/krylov-nikita-GjvyL1gU/guskov-bogdan-vJ81U4gE/
"Shara Magomedov, Nikita Krylov added to UFC on ABC 9 card in Abu Dhabi","Shara Magomedov, Nikita Krylov added to UFC on ABC 9 card in Abu Dhabi UFC on ABC 9 is starting to take shape. In the promotion's first trip to Abu Dhabi this year, numerous fights have been added to the July 26 event headlined by former middleweight champion Robert Whittaker (26-8 MMA, 17-6 UFC) vs. Reinier de Ridder (20-2 MMA, 3-0 UFC) at Etihad Arena. Shara Magomedov (15-1 MMA, 4-1 UFC) will look to rebound from his first-career loss to Michael Page when he takes on Marc-Andre Barriault (17-9 MMA, 6-8 UFC), who makes a quick turnaround after knocking out Bruno Silva this past Saturday at UFC 315 in Montreal. UFC CEO Dana White announced the matchup in an Instagram live Tuesday night. Also on the card is a light heavyweight matchup between Nikita Krylov (30-10 MMA, 11-8 UFC) and rising contender Bogdan Guskov (17-3 MMA, 3-1 UFC). The current UFC on ABC 9 lineup includes: - Reinier de Ridder vs. Robert Whittaker - Marc-Andre Barriault vs. Shara Magomedov - Bogdan Guskov vs. Nikita Krylov - Asu Almabayev vs Ramazan Temirov - Ibo Aslan vs. Billy Elekana",2025-05-14,https://mmajunkie.usatoday.com/story/sports/ufc/2025/05/14/ufc-on-abc-9-shara-magomedov-nikita-krylov-booked/83619470007/
Nikita Krylov Record: 30-10-0,"The Miner SLpM - Significant Strikes Landed per Minute Str. Acc. - Significant Striking Accuracy SApM - Significant Strikes Absorbed per Minute Str. Def. - Significant Strike Defence (the % of opponents strikes that did not land) TD Avg. - Average Takedowns Landed per 15 minutes TD Acc. - Takedown Accuracy TD Def. - Takedown Defense (the % of opponents TD attempts that did not land) Sub. Avg. - Average Submissions Attempted per 15 minutes | W/L | Fighter | Kd | Str | Td | Sub | Event | Method | Round | Time | |---|---|---|---|---|---|---|---|---|---| | UFC Fight Night: Whittaker vs. De Ridder Jul. 26, 2025 | ||||||||| | 0 1 | 4 8 | 0 0 | 0 0 | UFC 314: Volkanovski vs. Lopes Apr. 12, 2025 | KO/TKO Punch | 1 | 2:24 | || | 0 0 | 7 5 | 2 1 | 2 1 | UFC Fight Night: Yan vs. Dvalishvili Mar. 11, 2023 | SUB Triangle Choke | 1 | 3:38 | || | 0 0 | 57 42 | 7 1 | 1 0 | UFC 280: Oliveira vs. Makhachev Oct. 22, 2022 | U-DEC | 3 | 5:00 | || | 2 0 | 26 5 | 0 0 | 0 0 | UFC Fight Night: Blaydes vs. Aspinall Jul. 23, 2022 | KO/TKO Punch | 1 | 1:07 | || | 0 0 | 19 2 | 1 1 | 0 1 | UFC Fight Night: Volkov vs. Aspinall Mar. 19, 2022 | SUB Triangle Choke | 1 | 3:57 | || | 0 0 | 47 43 | 1 3 | 0 0 | UFC Fight Night: Rozenstruik vs. Gane Feb. 27, 2021 | U-DEC | 3 | 5:00 | || | 0 0 | 45 37 | 3 0 | 0 0 | UFC Fight Night: Lee vs. Oliveira Mar. 14, 2020 | U-DEC | 3 | 5:00 | || | 0 0 | 47 43 | 2 1 | 1 2 | UFC Fight Night: Cowboy vs. Gaethje Sep. 14, 2019 | S-DEC | 3 | 5:00 | || | 0 0 | 27 4 | 1 3 | 2 0 | UFC 236: Holloway vs. Poirier 2 Apr. 13, 2019 | SUB Rear Naked Choke | 2 | 2:30 | || | 0 0 | 4 10 | 1 1 | 1 1 | UFC Fight Night: Hunt vs. Oleinik Sep. 15, 2018 | SUB Arm Triangle | 2 | 2:41 | || | 0 0 | 16 8 | 1 2 | 0 1 | Dec. 10, 2016 | SUB Guillotine Choke | 1 | 4:38 | || | 1 0 | 60 26 | 0 1 | 0 0 | Jul. 30, 2016 | KO/TKO Kick | 2 | 0:40 | || | 0 0 | 58 22 | 0 2 | 1 0 | UFC Fight Night: Overeem vs Arlovski May. 08, 2016 | SUB Rear Naked Choke | 2 | 3:11 | || | 0 0 | 21 5 | 0 0 | 1 2 | UFC Fight Night: Holloway vs Oliveira Aug. 23, 2015 | SUB Rear Naked Choke | 1 | 2:29 | || | 1 0 | 13 4 | 0 0 | 1 0 | UFC on FOX: Gustafsson vs Johnson Jan. 24, 2015 | SUB Guillotine Choke | 1 | 1:24 | || | 0 1 | 42 21 | 0 1 | 0 2 | UFC Fight Night: McGregor vs Brandao Jul. 19, 2014 | KO/TKO Punches | 1 | 4:57 | || | 0 0 | 1 1 | 0 1 | 0 1 | Mar. 15, 2014 | SUB Von Flue Choke | 1 | 1:29 | || | 1 0 | 11 1 | 0 0 | 0 0 | UFC on FOX: Henderson vs Thomson Jan. 25, 2014 | KO/TKO Kick | 1 | 0:25 | || | 0 0 | 45 29 | 0 4 | 2 0 | UFC 164: Henderson vs Pettis 2 Aug. 31, 2013 | KO/TKO Punches | 3 | 1:34 |",2013-08-31,http://ufcstats.com/fighter-details/1091d4d957141094
Nikita Krylov - Bogdan Guskov,"Nikita Krylov 🏆 25 ❌ 8 ➖ 0 Age: 33 years Height: 6′3″ / 191 cm Reach: 77″ / 197 cm Stance: Orthodox July 26, 2025 | Nikita Krylov | Stat | Bogdan Guskov | |---|---|---| | 25-0-8 (10 KO) | Record | 17-0-3 (14 KO) | | 33 years | Age | 32 years | | 6′3″ / 191 cm | Height | 6′1″ / 187 cm | | 6′5″ / 197 cm | Reach | 6′3″ / 193 cm | | Orthodox | Stance | Orthodox | | 40% | KO Ratio | 82% | Abu Dhabi, Etihad Arena, United Arab Emirates July 26, 2025 * Tickets are subject to availability Nikita Krylov 0% Bogdan Guskov 100% Nikita Krylov 0% Bogdan Guskov 100%",2025-07-21,https://ringside24.com/en/bout/12686/
Whittaker vs. de Ridder At UFC Fight Night Abu Dhabi 2025 - All You Need To Know!,"In the mood for a knockout night out in Abu Dhabi? You’re in luck, because nothing beats the electric buzz of live MMA action. This summer, the capital’s sporting calendar turns up the heat as UFC Fight Night storms back into Etihad Arena on Saturday, July 26. And topping the card? A clash fans have been waiting for: former middleweight champ Robert Whittaker goes head-to-head with undefeated Dutch submission wizard Reinier de Ridder in a showdown that promises fireworks. Before we delve deep into the Whittaker vs. de Ridder UFC fight night, let’s look at these 2 brilliant fighters. Also read: UFC Fight Night Abu Dhabi 2025: Details & How to Watch Robert Whittaker: The Resilient Veteran with a Champion’s Resume Known as “The Reaper”, Robert Whittaker is no stranger to the big stage. The New Zealand-born, Australia-raised fighter holds a storied UFC career that spans over a decade, during which he’s carved out a reputation for toughness, technique, and unwavering grit. Here’s a sneak peek into his achievements: - Former UFC Middleweight Champion (2017) - As of February this year, he is ranked #5 in the UFC middleweight rankings - Victories over elite fighters including Yoel Romero (twice), Jared Cannonier, Darren Till, Marvin Vettori, and Kelvin Gastelum - Performance bonuses galore, with Fight of the Night honors in his battles against Romero and Brunson - Widely respected for his calm demeanour outside the cage and his fierce explosiveness inside it Whittaker’s style blends his karate roots with polished boxing and elite-level takedown defense. His ability to maintain pace, adapt mid-fight, and strike with precision has made him a perennial title contender, even after losing the belt to Israel Adesanya. Despite recent setbacks, including a decision loss to Dricus du Plessis in 2023, Whittaker remains one of the most respected and dangerous men in the division – and he’s out to prove that his reign isn’t quite over yet. Also read: UAE Long Weekend Plans? Road Trip to Rainy Salalah This Khareef Season! Reinier de Ridder: The Dutch Submission Specialist Making His UFC Debut On the other side of the Octagon is Reinier “The Dutch Knight” de Ridder, a rising force with an unbeaten record and a résumé that speaks volumes. De Ridder comes into this bout with championship credentials and a reputation for technical mastery on the ground. - Former ONE Championship Middleweight and Light Heavyweight Champion - Ranked #12 in the UFC middleweight rankings as of June 2025. - Unbeaten record (16-0) at ONE Championship 159, before entering UFC in 2024, with the majority of his wins coming via submission - Holds victories over top names in Asia’s MMA scene, including Aung La N Sang and Vitaly Bigdash - Known for his Brazilian Jiu-Jitsu black belt, high fight IQ, and calm, calculated approach De Ridder’s transition from ONE Championship to UFC has been widely anticipated. His ability to control fights on the mat, combined with his physicality and composure, make him a stylistic nightmare for many strikers. Though he’s yet to be tested in the UFC, his clean record and dual-champion status in a major promotion give him legitimacy, and he’s not just here to participate; he’s here to disrupt. Why Whittaker vs. De Ridder Will Be The Highlight Of The UFC Fight Night Abu Dhabi 2025 Simple, think striker vs. grappler, UFC veteran vs. international invader or just firepower vs. finesse. Whittaker brings elite footwork, striking accuracy, and the ability to dictate range. He has shut down grapplers before, but de Ridder’s ground game is arguably on another level. De Ridder, meanwhile, will look to close the distance, drag Whittaker to the mat, and systematically work toward a finish. His ability to stay patient under pressure and capitalise on even brief openings makes him extremely dangerous. Whittaker’s takedown defense (career 83%) will be tested, while de Ridder must prove he can hang on the feet with one of the division’s best. Whittaker vs. De Ridder – An Exciting Match-up This fight has significant implications for the middleweight title picture. A dominant win for Whittaker could thrust him back into title contention, especially with Adesanya’s status uncertain and Du Plessis holding the current belt. For de Ridder, this is the litmus test, a chance to show he belongs among the best in the world and perhaps fast-track his rise toward a UFC title shot. Beyond rankings, the bout also represents global crossover appeal: - Whittaker remains one of Australia’s most beloved athletes, a fan-favourite for his humility and warrior mentality. - De Ridder is a star in the Netherlands and across Europe, especially among submission grappling enthusiasts and ONE Championship loyalists. Eyes from every corner of the world will be on Abu Dhabi, a growing hub for international MMA. More UFC Fight Nights To Look Forward To Apart from Whittaker vs. de Ridder, here are a bunch of thrilling knockouts we’re eagerly awaiting: Movsar Evloev vs. Aaron Pico A high-stakes featherweight clash between the undefeated Russian technician and a fierce American newcomer with top-tier wrestling and explosive hands Petr Yan vs. Marc McGhee The former bantamweight king, known for his razor-sharp precision and knockout power, faces a rising prospect hungry to shake up the division. Bryce Mitchell vs. Said Nurmagomedov A stylistic chess match featuring Mitchell’s unorthodox grappling against Nurmagomedov’s unpredictable striking and elusive movement. Shara Magomedov returns The one-eyed knockout machine is back – expect spinning kicks, chaos, and another viral finish. Nikita Krylov vs. Bogdan Guskov A brutal light heavyweight banger where knockout potential is sky-high and survival instincts will be put to the test. Want to Catch The UFC Fight Night Abu Dhabi 2025 Live? Here’s How! Tickets are officially on sale, with prices starting at AED 295 and options for every kind of fight fan — from standard seats to VIP packages that offer premium perks like: - Fighter meet-and-greets - Access to weigh-ins - Private lounges and premium hospitality - Front-row views so close you’ll feel the canvas shake Whether you’re cage-side or soaking in the atmosphere from a premium suite, you’re in for an unforgettable night. Book your tickets via Etihad Arena or Ticketmaster Middle East, but don’t wait too long. With a card this stacked, seats won’t last. You may also like: Salalah Khareef Festival 2025: Everything That You Need To Know",2025-07-08,https://www.gulfbuzz.com/whittaker-vs-de-ridder-at-ufc-fight-night-abu-dhabi-2025/
UFC on ABC 9: Make your predictions for Robert Whittaker vs. Reinier de Ridder,"UFC UFC on ABC 9: Make your predictions for Robert Whittaker vs. Reinier de Ridder Matt Erickson MMA Junkie We want your predictions for UFC on ABC 9. Our staff picks feature includes the consensus picks from MMA Junkie readers. Simply cast your vote for each bout below, and we'll use the official tallies that are registered by Friday at noon ET (9 a.m. PT). Those reader consensus picks will be part of the main card staff predictions we release ahead of UFC on ABC 9 (ABC, ESPN, ESPN+), which takes place Saturday at Etihad Arena in Abu Dhabi. Make your picks below. Marcus Buchecha vs. Martin Buday - Records: Buchecha (5-1 MMA, 0-0 UFC), Buday (15-2 MMA, 6-1 UFC) - Past five: Buchecha 4-1, Buday 4-1 - Division: Heavyweight - Rankings: None - Odds (as of 07.21.25): Buchecha -310, Buday +245 Steven Nguyen vs. Mohammad Yahya - Records: Nguyen (9-2 MMA, 0-1 UFC), Yahya (12-5 MMA, 0-2 UFC) - Past five: Nguyen 3-2, Yahya 3-2 - Division: Featherweight - Rankings: None - Odds (as of 07.21.25): Nguyen -350, Yahya +270 Ibo Aslan vs. Billy Elekana - Records: Aslan (14-2 MMA, 2-1 UFC), Elekana (7-2 MMA, 0-1 UFC) - Past five: Aslan 4-1, Elekana 3-2 - Division: Light heavyweight - Rankings: None - Odds (as of 07.21.25): Aslan -265, Elekana +215 Amanda Ribas vs. Tabatha Ricci - Records: Ribas (12-6 MMA, 7-5 UFC), Ricci (11-3 MMA, 6-3 UFC) - Past five: Ribas 2-3, Ricci 3-2 - Division: Women’s strawweight - Rankings: Ricci No. 10, Ribas honorable mention - Odds (as of 07.21.25): Ribas -175, Ricci +145 Da'Mon Blackshear vs. Davey Grant - Records: Blackshear (17-7-1 MMA, 5-3-1 UFC), Grant (14-7 MMA, 7-6 UFC) - Past five: Blackshear 3-2, Grant 3-2 - Division: Bantamweight - Rankings: None - Odds (as of 07.21.25): Blackshear -330, Grant +260 Carlos Leal vs. Muslim Salikhov - Records: Leal (22-6 MMA, 1-1 UFC), Salikhov (21-5 MMA, 8-4 UFC) - Past five: Leal 3-2, Salikhov 3-2 - Division: Welterweight - Rankings: None - Odds (as of 07.21.25): Leal -475, Salikhov +340 Bryce Mitchell vs. Said Nurmagomedov - Records: Mitchell (17-3 MMA, 8-3 UFC), Nurmagomedov (18-4 MMA, 7-3 UFC) - Past five: Mitchell 2-3, Nurmagomedov 3-2 - Division: Bantamweight - Rankings: Mitchell No. 10 (featherweight) - Odds (as of 07.21.25): Mitchell -115, Nurmagomedov -105 Bogdan Guskov vs. Nikita Krylov - Records: Guskov (17-3 MMA, 3-1 UFC), Krylov (30-10 MMA, 11-8 UFC) - Past five: Guskov 17-3, Krylov 3-2 - Division: Light heavyweight - Rankings: Krylov No. 10, Guskov honorable mention - Odds (as of 07.21.25): Guskov +160, Krylov -190 Asu Almabayev vs. Jose Ochoa - Records: Almabayev (21-3 MMA, 4-1 UFC), Ochoa (8-1 MMA, 1-1 UFC) - Past five: Almabayev 4-1, Ochoa 4-1 - Division: Flyweight - Rankings: Almabayev honorable mention - Odds (as of 07.21.25): Almabayev -105, Ochoa -115 Marc-Andre Barriault vs. Shara Magomedov - Records: Barriault (17-9 MMA, 6-8 UFC), Magomedov (15-1 MMA, 4-1 UFC) - Past five: Barriault 2-3, Magomedov 4-1 - Division: Middleweight - Rankings: None - Odds (as of 07.21.25): Barriault +450, Magomedov -700 Marcus McGhee vs. Petr Yan - Records: McGhee (10-1 MMA, 4-0 UFC), Yan (18-5 MMA, 10-4 UFC) - Past five: McGhee 5-0, Yan 2-3 - Division: Bantamweight - Rankings: Yan No. 3, McGhee honorable mention - Odds (as of 07.21.25): McGhee +300, Yan -400 Robert Whittaker vs. Reinier de Ridder - Records: Whittaker (26-8 MMA, 17-6 UFC), de Ridder (20-2 MMA, 3-0 UFC) - Past five: Whittaker 3-2, de Ridder 4-1 - Division: Middleweight - Rankings: Whittaker No. 6, de Ridder No. 12 - Odds (as of 07.21.25): Whittaker -150, de Ridder +125 UFC on ABC 9 fight card (as of July 21, 3 p.m. ET) MAIN CARD (ABC/ESPN+, noon ET) - Robert Whittaker vs. Reinier de Ridder/li> - Marcus McGhee vs. Petr Yan/li> - Marc-Andre Barriault vs. Shara Magomedov/li> - Asu Almabayev vs. Jose Ochoa/li> - Bogdan Guskov vs. Nikita Krylov/li> PRELIMINARY CARD (ESPN/ESPN+, 9 a.m. ET) - Bryce Mitchell vs. Said Nurmagomedov - Carlos Leal vs. Muslim Salikhov - Da'Mon Blackshear vs. Davey Grant - Amanda Ribas vs. Tabatha Ricci - Ibo Aslan vs. Billy Elekana - Steven Nguyen vs. Mohammad Yahya - Marcus Buchecha vs. Martin Buday",2025-07-22,https://mmajunkie.usatoday.com/story/sports/ufc/2025/07/22/ufc-abu-dhabi-robert-whittaker-vs-reinier-de-ridder-reader-predictions-picks/85314657007/
"Robert Whittaker Vs. Reinier De Ridder: – Fight Card, Betting Odds, Start Time","Robert Whittaker vs. Reinier de Ridder: – Fight Card, Betting Odds, Start Time All the fights for Robert Whittaker vs. Reinier de Ridder in Abu Dhabi, on Saturday, 26th July 2025. With betting odds, start time, date, fight card, and information on how to watch. - Event: Robert Whittaker vs. Reinier de Ridder - Date: Sat, August 26, 2025 - Location: Etihad Arena, Abu Dhabi, United Arab Emirates - Broadcast: ESPN PPV Main Event 3 p.m. ET Prelims 12 p.m. - Broadcast in the UK: TNT Sports 8 p.m. GMT Prelims 5 p.m. Robert Whittaker vs. Reinier de Ridder Full Fight Card Main Card - Robert Whittaker vs. Reinier de Ridder: Middleweight Main Event - Petr Yan vs. Marcus McGhee: Bantamweight - Shara Magomedov vs. Marc-Andre Barriault: Middleweight - Asu Almabayev vs. Jose Ochoa: Flyweight - Nikita Krylov vs. Bogdan Guskov: Light Heavyweight Prelims - Bryce Mitchell vs. Said Nurmagomedov: Bantamweight - Muslim Salikhov vs. Carlos Leal: Welterweight - Davey Grant vs. Da’Mon Blackshear: Bantamweight - Amanda Ribas vs. Tabatha Ricci: Women’s Strawweight - Ibo Aslan vs. Billy Elekana: Light Heavyweight - Mohammad Yahya vs. Steven Nguyen: Featherweight - Martin Buday vs. Marcus Buchecha: Heavyweight *Fight card, bout order, and number of fights are subject to change Robert Whittaker vs. Reinier de Ridder Tale of the Tape | Name: | Robert Whittaker | Reinier de Ridder | | Country: | New Zealand | Netherlands | | Age: | 34 | 34 | | Height: | 6 ft 0 in (183 cm) | 6 ft 4 in (1.93 m) | | Weight: | 186 lb (84 kg; 13 st 4 lb) | 185 lb (84 kg; 13 st 3 lb) | | Reach: | 73+1⁄2 in (187 cm) | 79 in (201 cm) | Betting Odds The highly anticipated UFC main event between Robert Whittaker and Reinier de Ridder is set for July 26, 2025, at the Etihad Arena in Abu Dhabi, United Arab Emirates. This headlining bout, featured on UFC on ABC 9, brings together two distinctly accomplished middleweights on the world stage. This is a former two-division champion from ONE facing a former UFC middleweight champion. As fight night approaches on July 26, Robert Whittaker is the slight favourite over Reinier de Ridder according to the latest odds from a range of sportsbooks. According to Betway, Whittaker is 4/6 and De Ridder is 6/5. Most bookmakers have Whittaker at odds between -162 and -145 (implied win probability around 59–60%), while de Ridder sits as the underdog with odds ranging from +120 to +136. This means a $162 bet on Whittaker would net you $100 profit if he wins, while a $100 bet on de Ridder would return between $120–136 if he pulls off the upset. Bookmakers often give de Ridder his best chance via submission – consistent with his grappling-heavy style and track record of finishing fights on the ground. Odds have narrowed over the past few weeks. Whittaker opened as a wider favourite, with lines at -190 compared to de Ridder at +165. As bets have rolled in, especially after de Ridder’s recent string of strong performances and Whittaker’s loss to Khamzat Chimaev, the line on Whittaker has shrunk to as low as -145, and de Ridder has tightened to +125, indicating increasing confidence in the underdog’s chances as fight week arrives. Major sportsbooks report steady action and minimal sudden swings, but the gap has closed somewhat since the market opened. If the bout stays standing, Whittaker’s speed and angling could be decisive. If De Ridder can close the distance and establish top control, his submission threat is substantial. Whittaker’s crisp striking and movement will be tested by De Ridder’s pressure and ground skills. The Dutch-born De Ridder has black belts in judo and Brazilian jiu-jitsu, polished in competition from a young age and recently transitioned to the UFC after his time in ONE. Whittaker remains a slight favourite on most books, with the public expecting a competitive bout potentially going the distance. Method and round betting is split along their stylistic strengths, and the odds have reflected increased respect for de Ridder’s upset potential leading up to the fight. Start date and time Robert Whittaker vs. Reinier de Ridder takes place on Saturday, 26th July 2025, at the Etihad Arena, in Abu Dhabi. The main card will start at 3 p.m. ET. In the UK, the main card starts at 8 p.m. GMT. Tickets If you are lucky enough to be near Abu Dhabi or plan to attend Robert Whittaker vs. Reinier de Ridder at the Etihad Arena, tickets are available here. PPV Price and Live Streams Robert Whittaker vs. Reinier de Ridder is live on ESPN+. In the UK, you will be able to watch it on TNT Sports. What is Next after Robert Whittaker vs. Reinier de Ridder The next event after Robert Whittaker vs. Reinier de Ridder is UFC 319: Dricus Du Plessis vs. Khamzat Chimaev on August 16th at the United Center in Chicago, IL.",2025-07-22,https://www.lowkickmma.com/robert-whittaker-vs-reinier-de-ridder-fight-card-betting-odds-start-time/
"Shara Magomedov vs Marc-Andre Barriault Pick, 07/26/2025 Predictions UFC Abu Dhabi Odds","Shara Magomedov vs Marc-Andre Barriault Pick, 07/26/2025 Predictions UFC Abu Dhabi Odds Shara Magomedov vs Marc-Andre Barriault UFC Abu Dhabi Etihad Arena in Abu Dhabi Saturday, July 26, 2025 Shara Magomedov will enter the Octagon with Marc-Andre Barriault at UFC Abu Dhabi on Saturday, July 26, 2025. The line has Magomedov coming in at -700 while Barriault is coming in at +500. Shara ""Bullet"" Magomedov walks into the Octagon holding a record of 15-1-0. The 31-year-old records a weight of 185 lbs and stands 6'2"". The orthodox fighter has an arm span of 73"". Marc-Andre ""Powerbar"" Barriault stands 6'1"" and weighs in at 185 lbs. The orthodox fighter looks to add a win to his career total of 17-9-0 (1 NC). The 35-year-old stretches 74"". Concerning significant strikes, Shara Magomedov lands 5.87 per minute and Marc-Andre Barriault is connecting on 6.02 significant strikes per min. Magomedov connects on 62% of the significant strikes he tries and Barriault is landing 47%. In terms of defending themselves, ""Bullet"" absorbs 4.13 significant strikes per minute while ""Powerbar"" allows 5.57. Magomedov also curbs 42% of the significant strikes his opponents throw at him and Barriault deflects 52% of the shots thrown in his direction. | UFC Abu Dhabi | Shara Magomedov | Marc-Andre Barriault | |---|---|---| | Opening Odds | -700 | +500 | | Record | 15-1-0 | 17-9-0 (1 NC) | | Average Fight Time | 13:28 | 9:44 | | Height | 6'2"" | 6'1"" | | Weight | 185 lbs | 185 lbs | | Reach | 73"" | 74"" | | Strikes Landed Per Minute | 5.87 | 6.02 | | Striking Accuracy | 62% | 47% | Regarding wrestling, Shara Magomedov is the more capable grappler as he takes his opponents to the canvas 0.70 times per 15 min. Magomedov is taking his opponents to the canvas on 15% of the times he tries and thwarting 72% of all takedowns attempted on him. Barriault is taking his opponents to the mat on 25% of the takedowns he tries and is defending 67% of the attempts against him. Regarding subbing the opposition, Magomedov is the more capable fighter by attempting 0.8 subs per 3 rds while Barriault looks to get 0.1 subs per 3 rds. Get all of our UFC Expert Picks In his last fight, Shara Magomedov squared up with Michael Page and was defeated by way of unanimous decision in round 3. Page ended up landing 47 of 81 total strikes that he let go in that contest. Magomedov ended the night having landed 50 of 102 total strikes. In the significant strikes category, Page ended up landing 43 of 75, giving him a percentage of 57%. He landed 23 of 53 significant strikes to the head. On the other side of the cage, Magomedov landed 43% of the significant strikes he threw by landing 38 of 87. Out of those significant strikes, he was 8 of 42 to the head. 88% of the significant strikes connected on by Page and 89% of them landed by Magomedov were thrown at distance. In the last fight for Marc-Andre Barriault, he battled Bruno Silva and took home the victory by elbows to the head in round 1. Silva landed 16% of the significant strikes he took from distance and Barriault landed 28% of his significant strikes at distance. Barriault ended up connecting on 58% of the significant strikes he attempted by landing 14 of 24. He connected on 11 of 19 significant strikes directed at the head. Silva ended up connecting on 6 of 12 significant strikes in that contest. Looking at the significant strike accuracy, he connected on 4 of 10 to the head. In terms of total strikes attempted in that contest, Silva ended up landing 6 of 12 while Barriault was 14 of 24 of all the strikes he attempted. Other fights to keep an eye on Another fight that you're going to want to watch is when Nikita Krylov faces off with Bogdan Guskov. Krylov steps into the cage holding a mark of 30-10-0. The 33-year-old is fighting at 205 lbs and stands in at 6'3"". The orthodox fighter stretches 77"". Guskov stands in at 6'3"" and is fighting at 205 lbs. The orthodox fighter looks to add a victory to his record of 17-3-0. The 32-year-old has a wingspan of 76"". In terms of takedowns, Nikita Krylov takes his opponents to the canvas 2.24 times per 15 minutes and Bogdan Guskov takes his opponents to the mat 0.70 times per 3 rounds. When talking about striking, Krylov lands 4.33 strikes per min and landing 54% out of all the strikes he attempts. Joining him in the Octagon is Bogdan Guskov, who is connecting on 55% of the strikes he attempts and is landing 3.96 per min. Another must see fight on the night is when Said Nurmagomedov is set to encounter Bryce Mitchell. Mitchell steps into the Octagon with a mark of 17-4-0. The 30-year-old weighs 135 lbs and stands in at 5'10"". The southpaw fighter has a wingspan of 70"". Nurmagomedov measures in at 5'8"" and weighs 135 lbs. The orthodox fighter has a mark of 18-4-0. The 33-year-old has a wingspan of 70"". In terms of wrestling, Bryce Mitchell is able to curb 33% of his opponents' takedown attempts and is taking his opponents to the canvas on 36% of his attempts. Nurmagomedov is taking his opponents to the mat on 15% of the tries he takes and deflects 62% of the takedowns his opponents attempt. With regard to striking, Mitchell takes 1.64 strikes per minute while he dishes out 2.44 strikes per minute. Nurmagomedov, on the other hand, takes 2.25 strikes per minute and deals 3.38 per minute. Who will win tonight's UFC match against the spread? Josh Schonwald's Pick: Take Shara Magomedov (-700) Get $60 worth of FREE premium member picks. No Obligation. No Salesman. No Credit Card. Fast Sign up with Instant Access Click Here Get all of Today's Free UFC Picks Get all of Today's Expert UFC Picks Most Recent UFC Picks - Robert Whittaker vs Reinier de Ridder Pick, 07/26/2025 Predictions UFC Abu Dhabi Odds - Amanda Ribas vs Tabatha Ricci Pick, 07/26/2025 Predictions UFC Abu Dhabi Odds - Mohammad Yahya vs Steven Nguyen Pick, 07/26/2025 Predictions UFC Abu Dhabi Odds - Bryce Mitchell vs Said Nurmagomedov Pick, 07/26/2025 Predictions UFC Abu Dhabi Odds - Nikita Krylov vs Bogdan Guskov Pick, 07/26/2025 Predictions UFC Abu Dhabi Odds - Davey Grant vs Da'Mon Blackshear Pick, 07/26/2025 Predictions UFC Abu Dhabi Odds - Shara Magomedov vs Marc-Andre Barriault Pick, 07/26/2025 Predictions UFC Abu Dhabi Odds - Petr Yan vs Marcus McGhee Pick, 07/26/2025 Predictions UFC Abu Dhabi Odds - Ibo Aslan vs Billy Elekana Pick, 07/26/2025 Predictions UFC Abu Dhabi Odds - Muslim Salikhov vs Carlos Leal Pick, 07/26/2025 Predictions UFC Abu Dhabi Odds",2025-07-22,https://www.docsports.com/free-picks/ufc/2025/shara-magomedov-vs-marc-andre-barriault-pick-07-26-2025-predictions-ufc-abu-dhabi-odds.html
Nikita Krylov vs Bogdan Guskov - Fight Card & Undercard,"26 Jul According to Sherdog, the fight card currently includes the following matchups: Fight card subject to change | Division | Fighter #1 | Fighter #2 | Notes | |---|---|---|---| | middleweight (185 lbs) | Robert Whittaker (26 - 8 - 0) | Reinier de Ridder (20 - 2 - 0) | | | bantamweight (135 lbs) | Petr Yan (18 - 5 - 0) | Marcus Mc Ghee (10 - 1 - 0) | | | bantamweight (135 lbs) | Bryce Mitchell (17 - 3 - 0) | Said Nurmagomedov (18 - 4 - 0) | | | middleweight (185 lbs) | Sharabutdin Magomedov (15 - 1 - 0) | Marc-Andre Barriault (17 - 9 - 0) | | | light heavyweight (205 lbs) | Nikita Krylov (30 - 10 - 0) | Bogdan Guskov (17 - 3 - 0) | | | strawweight (115 lbs) | Amanda Ribas (12 - 6 - 0) | Tabatha Ricci (11 - 3 - 0) | | | welterweight (170 lbs) | Muslim Salikhov (21 - 5 - 0) | Carlos Leal (22 - 6 - 0) | | | light heavyweight (205 lbs) | Ibo Aslan (14 - 2 - 0) | Billy Elekana (7 - 2 - 0) | | | flyweight (125 lbs) | Asu Almabayev (21 - 3 - 0) | Jose Ochoa (8 - 1 - 0) | | | heavyweight (265 lbs) | Martin Buday (15 - 2 - 0) | Marcus Almeida (5 - 1 - 0) | | | featherweight (145 lbs) | Mohammad Yahya (12 - 5 - 0) | Steven Nguyen (9 - 2 - 0) | | | bantamweight (135 lbs) | Davey Grant (16 - 7 - 0) | Da'Mon Blackshear (17 - 7 - 1) | The Tale of the Tape data is compiled from publicly available information on Sherdog | Nikita Krylov | Bogdan Guskov | |---|---| | Ukraine | Uzbekistan | | 30 - 10 - 0 (12 KOs) | 17 - 3 - 0 (14 KOs) | | light heavyweight (205 lbs / 93,0 kg) | light heavyweight (205 lbs / 93,0 kg) | | Age | | | Wins | | | Losses | | | Anthropometry | | The scheduled 3-round light heavyweight bout will take place on July 26, 2025. The full fight night schedule, including local start times for various countries, is listed below. Check the schedule to see when the event begins in your region. The fight night will start on Saturday, July 26 at 11:00 AM ET (New York time). The fight night will start on Saturday, July 26 at 8:00 AM PT (Los Angeles time). The fight night will start on Saturday, July 26 at 11:00 AM ET (Toronto time). The fight night will start on Saturday, July 26 at 4:00 PM BST (London time). The fight night will start on Saturday, July 26 at 5:00 PM SAST (Johannesburg time). The fight night will start on Saturday, July 26 at 11:00 PM PHT (Manila time). The fight night will start on Sunday, July 27 at 1:00 AM AEST (Sydney time). The fight night will start on Sunday, July 27 at 3:00 AM NZST (Wellington time). Note that the main event ring walk typically takes place about 1 to 1.5 hours after the main card begins. If you're mainly interested in the headline bout, there’s still some time — but it’s always worth watching the full card. You can stream the Krylov vs Guskov fight via ESPN+. Disclaimer: Some links to streaming or pay-per-view on this page may be affiliate links. If you make a purchase through them, we may earn a commission — at no extra cost to you. The fight will be held at the Etihad Arena in Abu Dhabi, Arab Emirates. Abu Dhabi’s Etihad Arena sets the stage for a pivotal light heavyweight clash on July 26, as battle-tested Nikita ""The Miner"" Krylov faces surging finisher Bogdan ""Czarevitch"" Guskov. Krylov, a well-rounded veteran with 30 career wins, is looking to rebound after a KO loss to Dominick Reyes. Known for his slick submissions and durability, the Ukrainian thrives in scrambles but must tighten his defense against Guskov’s power. Guskov, a dangerous striker with 82% finishing rate, has won three straight—all by stoppage. His last fight ended with a brutal guillotine choke, proving he’s more than just a knockout artist. With near-identical size and reach, he’ll look to overwhelm Krylov early. The matchup hinges on pace: If Krylov survives the early storm, his experience and grappling could take over. But if Guskov lands clean, another highlight-reel finish is likely. Expect fireworks—this one won’t go the distance.",2017-07-01,https://boxing-schedule.com/mma/krylov-vs-guskov/card/
Nikita Krylov vs Bogdan Guskov EN DIRECTO 26/07/2025 | MMA - Flashscore,Nikita Krylov vs Bogdan Guskov (26/07/2025) Resultados Noticias Favoritos Fútbol Tenis Baloncesto Golf Hockey Béisbol Balonmano Snooker Bádminton Baloncesto Balonmano Bandy Béisbol Boxeo Caballos Ciclismo Cricket Dardos Deportes invierno eSports Fútbol Fútbol Amer. Fútbol Aus. Fútbol playa Fútbol Sala Golf Hockey Hockey hierba Kabaddi MMA Motor Netball Pesäpallo Rugby Rugby League Snooker Tenis Tenis de mesa Unihockey Voleibol Voley Playa Waterpolo AD MMA Krylov Nikita - Guskov Bogdan,2025-07-01,https://www.flashscore.es/h2h/mma/krylov-nikita-GjvyL1gU/guskov-bogdan-vJ81U4gE/
"Shara Magomedov, Nikita Krylov added to UFC on ABC 9 card in Abu Dhabi","Shara Magomedov, Nikita Krylov added to UFC on ABC 9 card in Abu Dhabi UFC on ABC 9 is starting to take shape. In the promotion's first trip to Abu Dhabi this year, numerous fights have been added to the July 26 event headlined by former middleweight champion Robert Whittaker (26-8 MMA, 17-6 UFC) vs. Reinier de Ridder (20-2 MMA, 3-0 UFC) at Etihad Arena. Shara Magomedov (15-1 MMA, 4-1 UFC) will look to rebound from his first-career loss to Michael Page when he takes on Marc-Andre Barriault (17-9 MMA, 6-8 UFC), who makes a quick turnaround after knocking out Bruno Silva this past Saturday at UFC 315 in Montreal. UFC CEO Dana White announced the matchup in an Instagram live Tuesday night. Also on the card is a light heavyweight matchup between Nikita Krylov (30-10 MMA, 11-8 UFC) and rising contender Bogdan Guskov (17-3 MMA, 3-1 UFC). The current UFC on ABC 9 lineup includes: - Reinier de Ridder vs. Robert Whittaker - Marc-Andre Barriault vs. Shara Magomedov - Bogdan Guskov vs. Nikita Krylov - Asu Almabayev vs Ramazan Temirov - Ibo Aslan vs. Billy Elekana",2025-05-14,https://mmajunkie.usatoday.com/story/sports/ufc/2025/05/14/ufc-on-abc-9-shara-magomedov-nikita-krylov-booked/83619470007/
Nikita Krylov Record: 30-10-0,"The Miner SLpM - Significant Strikes Landed per Minute Str. Acc. - Significant Striking Accuracy SApM - Significant Strikes Absorbed per Minute Str. Def. - Significant Strike Defence (the % of opponents strikes that did not land) TD Avg. - Average Takedowns Landed per 15 minutes TD Acc. - Takedown Accuracy TD Def. - Takedown Defense (the % of opponents TD attempts that did not land) Sub. Avg. - Average Submissions Attempted per 15 minutes | W/L | Fighter | Kd | Str | Td | Sub | Event | Method | Round | Time | |---|---|---|---|---|---|---|---|---|---| | UFC Fight Night: Whittaker vs. De Ridder Jul. 26, 2025 | ||||||||| | 0 1 | 4 8 | 0 0 | 0 0 | UFC 314: Volkanovski vs. Lopes Apr. 12, 2025 | KO/TKO Punch | 1 | 2:24 | || | 0 0 | 7 5 | 2 1 | 2 1 | UFC Fight Night: Yan vs. Dvalishvili Mar. 11, 2023 | SUB Triangle Choke | 1 | 3:38 | || | 0 0 | 57 42 | 7 1 | 1 0 | UFC 280: Oliveira vs. Makhachev Oct. 22, 2022 | U-DEC | 3 | 5:00 | || | 2 0 | 26 5 | 0 0 | 0 0 | UFC Fight Night: Blaydes vs. Aspinall Jul. 23, 2022 | KO/TKO Punch | 1 | 1:07 | || | 0 0 | 19 2 | 1 1 | 0 1 | UFC Fight Night: Volkov vs. Aspinall Mar. 19, 2022 | SUB Triangle Choke | 1 | 3:57 | || | 0 0 | 47 43 | 1 3 | 0 0 | UFC Fight Night: Rozenstruik vs. Gane Feb. 27, 2021 | U-DEC | 3 | 5:00 | || | 0 0 | 45 37 | 3 0 | 0 0 | UFC Fight Night: Lee vs. Oliveira Mar. 14, 2020 | U-DEC | 3 | 5:00 | || | 0 0 | 47 43 | 2 1 | 1 2 | UFC Fight Night: Cowboy vs. Gaethje Sep. 14, 2019 | S-DEC | 3 | 5:00 | || | 0 0 | 27 4 | 1 3 | 2 0 | UFC 236: Holloway vs. Poirier 2 Apr. 13, 2019 | SUB Rear Naked Choke | 2 | 2:30 | || | 0 0 | 4 10 | 1 1 | 1 1 | UFC Fight Night: Hunt vs. Oleinik Sep. 15, 2018 | SUB Arm Triangle | 2 | 2:41 | || | 0 0 | 16 8 | 1 2 | 0 1 | Dec. 10, 2016 | SUB Guillotine Choke | 1 | 4:38 | || | 1 0 | 60 26 | 0 1 | 0 0 | Jul. 30, 2016 | KO/TKO Kick | 2 | 0:40 | || | 0 0 | 58 22 | 0 2 | 1 0 | UFC Fight Night: Overeem vs Arlovski May. 08, 2016 | SUB Rear Naked Choke | 2 | 3:11 | || | 0 0 | 21 5 | 0 0 | 1 2 | UFC Fight Night: Holloway vs Oliveira Aug. 23, 2015 | SUB Rear Naked Choke | 1 | 2:29 | || | 1 0 | 13 4 | 0 0 | 1 0 | UFC on FOX: Gustafsson vs Johnson Jan. 24, 2015 | SUB Guillotine Choke | 1 | 1:24 | || | 0 1 | 42 21 | 0 1 | 0 2 | UFC Fight Night: McGregor vs Brandao Jul. 19, 2014 | KO/TKO Punches | 1 | 4:57 | || | 0 0 | 1 1 | 0 1 | 0 1 | Mar. 15, 2014 | SUB Von Flue Choke | 1 | 1:29 | || | 1 0 | 11 1 | 0 0 | 0 0 | UFC on FOX: Henderson vs Thomson Jan. 25, 2014 | KO/TKO Kick | 1 | 0:25 | || | 0 0 | 45 29 | 0 4 | 2 0 | UFC 164: Henderson vs Pettis 2 Aug. 31, 2013 | KO/TKO Punches | 3 | 1:34 |",2013-08-31,http://ufcstats.com/fighter-details/1091d4d957141094
Nikita Krylov - Bogdan Guskov,"Nikita Krylov 🏆 25 ❌ 8 ➖ 0 Age: 33 years Height: 6′3″ / 191 cm Reach: 77″ / 197 cm Stance: Orthodox July 26, 2025 | Nikita Krylov | Stat | Bogdan Guskov | |---|---|---| | 25-0-8 (10 KO) | Record | 17-0-3 (14 KO) | | 33 years | Age | 32 years | | 6′3″ / 191 cm | Height | 6′1″ / 187 cm | | 6′5″ / 197 cm | Reach | 6′3″ / 193 cm | | Orthodox | Stance | Orthodox | | 40% | KO Ratio | 82% | Abu Dhabi, Etihad Arena, United Arab Emirates July 26, 2025 * Tickets are subject to availability Nikita Krylov 0% Bogdan Guskov 100% Nikita Krylov 0% Bogdan Guskov 100%",2025-07-21,https://ringside24.com/en/bout/12686/
