title,text,publish_date,url
"Dan Ige views Patricio Freire as top five featherweight, plans to knock him out at UFC 318","Dan Ige views Patricio Freire as top five featherweight, plans to knock him out at UFC 318 NEW ORLEANS – Despite Patricio Freire being an unranked UFC featherweight, Dan Ige sees him as a big fight. Ige (19-9 MMA, 11-8 UFC) meets former two-division Bellator champion Patricio Freire (36-8 MMA, 0-1 UFC) on Saturday's UFC 318 (pay-per-view, ESPN, ESPN+) main card at Smoothie King Center in New Orleans. Ige explains that he's been wanting to fight ""Pitbull"" for a while. ""Actually, before he even signed, (I was asking to fight him). There were talks about him signing, and I texted the UFC right away. I was like, 'I want this fight,'"" Ige said during Wednesday's media day. ""He got the Yair (Rodriguez) fight, I got the (Sean) Woodson fight, and eventually it played out the way it did because we're fighting this weekend. ""'Pitbull' has been a guy I've been watching for a long time, probably for over a decade. I've been a fan of his. I love his fighting style – one of the best to ever do it. He fell short in his debut, but take nothing away, I still believe he's one of the best featherweights in the world – definitely in my opinion top five. So this is a big fight for me."" Freire said he plans on being the first to finish Ige, but Ige thinks he'll be the one to get the knockout. ""Twenty guys in the UFC have said that, so that's not a new thing for me to hear,"" Ige said. ""How do I see myself winning is another spectacular finish by knockout.""",2025-07-17,https://mmajunkie.usatoday.com/story/sports/ufc/2025/07/17/ufc-318-dan-ige-opinion-opponent-prediction-patricio-pitbull-freire-top-five-knockout/85253748007/
"UFC 318 Fight Card Odds, Picks And Predictions: Ige Vs. Freire","The only featherweight matchup on the UFC 318 pay-per-view fight card finds the No. 12 ranked Dan Ige matched up against former Bellator two-division champion Patricio “Pitbull” Freire. We preview that 145-pound scrap, looking at the betting odds, line movement, picks, and predictions for the pivotal Ige vs. Freire bout. UFC 318 features a trilogy bout in the main event, as Max Holloway and Dustin Poirier meet in the PPV headliner. Holloway’s symbolic BMF title is on the line. Meanwhile, the fight is expected to be Poirier’s retirement bout. UFC 318 takes place on Saturday, July 19, at Smoothie King Center in New Orleans, Louisiana. The UFC 318 main card streams on ESPN+ pay-per-view following prelims on ESPN and early prelims on ESPN+. UFC 318 Fight Card Preview: Dan Ige Vs. Patricio “Pitbull” Freire Dan Ige (19-9) earned a UFC contract during Season 3 of Dana White’s Contender Series, which took place in 2017. Ige opened his UFC career with a decision loss to Julio Arce in early 2018. He put that loss behind him and went unbeaten in his next six outings. That stretch of victories secured him the No. 10 spot in the official UFC featherweight rankings, and a UFC Fight Night main event matchup against the No. 6 ranked Calvin Kattar in July 2020. Kattar won that scrap via unanimous decision. Since facing Kattar, Ige is 5-6 in the UFC. He has faced tough competition during that stretch and proven to be a game competitor. Ige raised his profile in 2024 when he agreed to meet Diego Lopes on the UFC 303 pay-per-view card on a few hour’s notice. While Ige lost to Lopes in that fight, which served as the PPV co-main event, he took the rising Lopes the distance in an entertaining battle. Ige followed his loss to Lopes with a decision setback to Lerone Murphy at UFC 308. He is coming off a third-round knockout win over Sean Woodson at UFC 314. Freire (36-7) spent the bulk of his career under the Bellator banner. He made his promotional debut on the Bellator 15 card in April 2010. Freire first fought for the Bellator featherweight belt in 2013, losing by decision to Pat Curran. He got his revenge on Curran in September 2014, winning the belt via decision. Freire defended his title twice before dropping a decision to Daniel Straus in November 2015. He regained the belt in 2017, submitting Straus via guillotine. Freire defended the title twice before adding the Bellator lightweight title to his trophy case. Freire’s May 2019 TKO win over Michael Chandler earned him the Bellator 155-pound belt. Freire defended his featherweight crown three times as a two-division champ before losing a July 2021 submission to A.J. McKee. He never put the lightweight belt up for grabs, vacating the title in October 2021. The featherweight crown returned to Freire’s mantle in April 2022 when he defeated McKee via decision. Freire defended the belt twice in his third stint as the 145-pound champ. His most recent fight was a March 2024 TKO win over Jeremy Kennedy in a title defense. Freire also dropped to bantamweight for a 2023 title shot against Sergio Pettis. Pettis won that contest via decision. In December, Freire told MMA Junkie he wanted to be done with Bellator, which the PFL purchased in November 2023. He signed with the UFC as a free agent in February 2025. Freire lost an uninspired unanimous decision to former interim UFC featherweight champion Yair Rodriguez at UFC 314. UFC 318 Fight Card Betting Lines And Movement: Dan Ige Vs. Patricio “Pitbull” Freire When the betting lines opened for this fight, Ige was the -130 betting favorite over the +110 Freire. The line has shifted in favor of Ige. Today, he is listed at -200, while Freire checks in at +170. UFC 318 Fight Card Tale Of The Tape: Dan Ige Vs. Patricio “Pitbull” Freire Dan Ige Age: 33 Height: 5’7” Reach: 71” Stance: Orthodox Patricio “Pitbull” Freire Age: 38 Height: 5’6” Reach: 67” Stance: Orthodox UFC 318 Fight Card Predictions And Picks: Dan Ige Vs. Patricio “Pitbull” Freire The UFC matchmakers did a nice job assembling this matchup. The results will inform the fans the promotion, just what they can expect from an aging Freire. While the Rodriguez fight showed that Freire will not be a threat for a UFC title, this contest will let everyone know if Freire has what it takes, at this point in his career, to compete against ranked competition in the UFC’s featherweight division. Ige is a tough and resilient fighter, who will get after it against Freire, and that aggression should be enough to carry Ige to a decision win against Freire, who did not show much against Rodriguez in his high-profile UFC debut. We will have more on the UFC 318 Johnson vs. Zellhuber bout as fight night nears, as well as live results, reactions, highlights and more for the UFC 318 pay-per-view card on fight night.",2025-07-14,https://www.forbes.com/sites/trentreinsmith/2025/07/14/ufc-318-fight-card-odds-picks-and-predictions-ige-vs-freire/
"Dan Ige vs. Patricio Pitbull, UFC 318 | MMA Bout | Tapology","Fighter Comparison | Ige | Pitbull | ||| | #12 FeatherW (Worldwide) | Ranking | #22 FeatherW (Worldwide) | || | 19-9-0 MMA | Pro Record | 36-8-0 MMA | || | 2025 2023 | Last 5 Fights | 2025 2022 | || | -180 (Slight Favorite) | Betting Odds | +150 (Slight Underdog) | || | | Nation | | || | Haleiwa Hawaii | Fights out of | Natal Rio Grande do Norte | || | 33 +11 mos, 1 week, 6 days | Age at Fight | 38 +1 week, 5 days | || | 146.0 lbs (66.2 kgs) | Latest Weight | 145.0 lbs (65.8 kgs) | || | 5'7"" (170cm) | Height | 5'6"" (168cm) | || | 71.0"" (180cm) | Reach | 65.5"" (166cm) | || | Xtreme Couture | Gym | Pitbull Brothers | Ige vs. Pitbull Fight Predictions Fight Predictions Tapology Community Picks: 1,207 Bout Information Event Poster Fight Details - Event: UFC 318: Holloway vs. Poirier 3 - Date: Saturday 07.19.2025 at 06:00 PM ET - Referee: N/A - Venue: Smoothie King Center - Enclosure: Octagon - Location: New Orleans, Louisiana, United States - Bout Billing: Main Card (fight 11 of 14) - Pro/Am: Professional - Weight: 145 lbs (65.8 kg) - Event Links:",2025-04-25,https://www.tapology.com/fightcenter/bouts/1006645-ufc-318-50k-dan-ige-vs-patricio-pitbull
"Ige Vs. Pitbull Odds, Full Fight Preview & Prediction","Ultimate Fighting Championship (UFC) Featherweight veterans Dan Ige vs. Patricio Pitbull will throw down this weekend (Sat., July 19, 2025) at UFC 318 inside Smooth King Center in New Orleans, Louisiana. Ige may be a Contenders Series pickup like most others on the roster, but he’s been around the block a time or two. The ranked Featherweight contender has really fought many of the division’s best at some point or another, establishing himself as a hard-nosed power puncher who rarely makes for an easy fight. Pitbull, conversely, spent the majority of his career (and his prime) in Bellator MMA, becoming two-division champion and arguably the promotion’s best fighter. He had already started to fall off prior to joining UFC’s roster, but the 38-year-old Brazilian is intent to prove he still has something to offer after a decidedly disappointing loss to Yair Rodriguez in his promotional debut back in April. Let’s take a closer look at the betting odds and strategic keys for each athlete: Ige vs. Pitbull Betting Odds - Dan Ige victory: -175 - Dan Ige via TKO/KO/DQ: +330 - Dan Ige via submission: +1400 - Dan Ige via decision: +110 - Patricio Pitbull victory: +145 - Patricio Pitbull via TKO/KO/DQ: +1200 - Patricio Pitbull via submission: +1800 - Patricio Pitbull via decision: +240 - Odds via DraftKings Sportsbook How Ige Wins Ige is a really interesting striker with a cinderblock of a right hand. Despite his power, he’s not a straightforward slugger, preferring to setup his connections with shifting combinations along the outside. He’s also a really nasty top player, although that aspect of his game isn’t seen as often since joining the top ranks. In this match up, Ige’s has two real paths to victory against the sharp counter puncher. First and foremost, he can feint often and hide his entrances. Ige is already pretty crafty with his combinations, so if he focuses on remaining unpredictable and dulling his opponent’s timing, he can build a volume edge or hurt the decorated Brazilian. Alternatively, this is a rare match up in which Ige has the height and reach edge. He has some powerful kicks and a nice jab, so that’s another option for the Hawaiian. He could try to jab up Pitbull and forced the counter striker to open up, lest he fall behind on the points game. Ideally, Ige will mix up both approaches. If he’s winning the range battle and setting up his combos in a smart manner, Ige could score one of the best wins of his professional career. How Pitbull Wins Pitbull has been a professional fighter for 21 years. The Brazilian is an expert of his craft, an incredibly accurate counter puncher and elite jiu-jitsu player. He’s not at his best anymore, but Pitbull is still a very good Featherweight. This is a much better match up for Pitbull than Rodriguez, who was way too long and dynamic with his kicks. Pitbull just couldn’t close distance at all without getting cracked by his younger, more athletic foe, but that’s not the situation here. Pitbull and Ige are much closer in stature, and Pitbull should be able to display his skills more effectively as a result. I would like to see patient pressure from Pitbull here. Ige’s lateral movement sometimes lands him on the fence, which would be a good time for Pitbull to shoot, as Ige has struggled with getting stuck on bottom before. If instead Ige tries to punch his way off the fence, Pitbull should have the eyes to see those shots coming and time his own connection. Ige vs. Pitbull Prediction I actually like this stylistic match up for the former Bellator kingpin. Pitbull lost to Rodriguez because of a significant size and athleticism gap, one exacerbated by the age and wear-and-tear difference. Ige still holds the latter advantages, but he’s not dramatically faster or bigger than Pitbull. As such, Pitbull should be able to trade and wrestle at a much more “fair” level, meaning his technique and experience will actually be very valuable. Between his counter shots and takedowns, I expect Pitbull to make up for a slight volume gap by having the bigger moments in each round. It’ll be a close, competitive fight, but Pitbull should earn the first win of his UFC career. Prediction: Pitbull via decision Remember that MMAmania.com will deliver LIVE round-by-round, blow-by-blow coverage of the entire UFC 318 fight card right here, starting with the ESPN/ESPN+ “Prelims” matches online, which are scheduled to begin at 6:15 p.m. ET, before the main card start time at 10 p.m. ET (also on ESPN+). To check out the latest and greatest UFC 318: “Holloway vs. Poirier 3” news and notes be sure to hit up our comprehensive event archive right here. Loading comments...",2025-07-16,https://www.mmamania.com/2025/7/16/24468051/dan-ige-vs-patricio-pitbull-odds-full-fight-preview-and-prediction-ufc-318
"Dan Ige Vs. Patrício ""Pitbull"" Freire - Fight Odds And Preview","Dan Ige vs. Patrício “Pitbull” Freire – Fight Odds and Preview Dan Ige and Patrício “Pitbull” Freire are set to clash in a featherweight bout at UFC 318 on July 19, 2025, in New Orleans. This matchup brings together two experienced and dangerous fighters, each with unique backgrounds and fighting styles. This matchup carries significant implications for both their careers. Dan Ige vs. Patrício “Pitbull” Freire Dan Ige opened as a slight favorite for his UFC 318 fight against Patrício “Pitbull” Freire, with odds around -130 for Ige and +110 for Pitbull. This means a $130 bet on Ige would win $100 if he wins, while a $100 bet on Pitbull would return $110 if he pulls off the upset. These odds reflect that the fight is expected to be competitive, with Ige having a small edge according to bookmakers such as Mostbet app download. As fight week has progressed, the odds have remained fairly steady, with no dramatic shifts in either direction. Some sportsbooks have shown minor fluctuations, but Ige has consistently been the favorite, and Pitbull the underdog. Bettors looking for value have been drawn to Pitbull’s underdog status, especially given his championship pedigree from Bellator and his finishing ability. Dan Ige by decision would be the most likely outcome according to the odds. Patrício Pitbull is a Brazilian MMA legend who recently transitioned to the UFC after a storied career in Bellator, where he was a three-time featherweight champion and a former lightweight champion. He is widely regarded as one of the best fighters outside the UFC before making the jump. After losing his UFC debut, a win over Ige is essential to prove he can compete at the highest level outside Bellator. A victory would boost his standing and could propel him toward a title run in the UFC featherweight division. For Dan Ige, beating a legendary name like Pitbull would be a major feather in his cap and help solidify his position among the division’s top contenders. It’s also a chance for Ige to show he can beat elite competition and possibly earn a shot at higher-ranked opponents. The betting market sees this as a close fight, with Ige slightly favored to win, most likely by decision, while Pitbull is a live underdog with the potential to finish the fight if he can land something big or catch Ige in a submission. Odds have not shifted dramatically since opening, indicating steady confidence in the initial lines set by oddsmakers. Both fighters are known for their toughness and finishing ability, making this a must-watch matchup for fans. The outcome will shape the future for each man in the UFC’s stacked featherweight division.",2025-07-10,https://www.lowkickmma.com/dan-ige-vs-patricio-pitbull-freire-fight-odds-and-preview/
Dan Ige vs Patricio Pitbull Preview | UFC 318 | UFC,"00:00 Dan Ige vs Patricio Pitbull Preview | UFC 318 Dan Ige vs Patricio Pitbull Preview | UFC 318 Fight Coverage Dan Ige vs Patricio Pitbull Preview | UFC 318 Featured Up next - Main Event Preview | UFC 318: Holloway vs Poirier 3 - Faceoffs | UFC Nashville - Weigh-in Highlights | UFC Nashville - Main Event Preview | UFC Nashville - Cold Open | UFC 317: Topuria vs Oliveira - Main Event Preview | UFC 317: Topuria vs Oliveira - Cold Open | UFC Baku - Main Event Preview | UFC Atlanta - Faceoffs | UFC 316: Dvalishvili vs O'Malley 2 - Cold Open | UFC 316: Dvalishvili vs O'Malley 2 - Juliann Peña vs Kayla Harrison Preview | UFC 316 - Faceoffs | UFC Fight Night: Blanchfield vs Barber Unlock MORE of your inner combat sports fan with UFC Fight Pass! Fighting is what we live for. And no one brings you MORE live fights, new shows, and events across multiple combat sports from around the world. With a never-ending supply of fighting in every discipline, there’s always something new to watch. Leave it to the world’s authority in MMA to bring you the Ultimate 24/7 platform for MORE combat sports, UFC Fight Pass! Unlock MORE of your inner combat sports fan with UFC Fight Pass! Fighting is what we live for. And no one brings you MORE live fights, new shows, and events across multiple combat sports from around the world. With a never-ending supply of fighting in every discipline, there’s always something new to watch. Leave it to the world’s authority in MMA to bring you the Ultimate 24/7 platform for MORE combat sports, UFC Fight Pass! Upgrade licenceThis video is not available in your country There was a problem while loading content. Please try again. Up next - Main Event Preview | UFC 318: Holloway vs Poirier 3 - Faceoffs | UFC Nashville - Weigh-in Highlights | UFC Nashville - Main Event Preview | UFC Nashville - Cold Open | UFC 317: Topuria vs Oliveira - Main Event Preview | UFC 317: Topuria vs Oliveira - Cold Open | UFC Baku - Main Event Preview | UFC Atlanta - Faceoffs | UFC 316: Dvalishvili vs O'Malley 2 - Cold Open | UFC 316: Dvalishvili vs O'Malley 2 - Juliann Peña vs Kayla Harrison Preview | UFC 316 - Faceoffs | UFC Fight Night: Blanchfield vs Barber Starts in / Fight Coverage Dan Ige vs Patricio Pitbull Preview | UFC 318 Featured Up next - Main Event Preview | UFC 318: Holloway vs Poirier 3 - Faceoffs | UFC Nashville - Weigh-in Highlights | UFC Nashville - Main Event Preview | UFC Nashville - Cold Open | UFC 317: Topuria vs Oliveira - Main Event Preview | UFC 317: Topuria vs Oliveira - Cold Open | UFC Baku - Main Event Preview | UFC Atlanta - Faceoffs | UFC 316: Dvalishvili vs O'Malley 2 - Cold Open | UFC 316: Dvalishvili vs O'Malley 2 - Juliann Peña vs Kayla Harrison Preview | UFC 316 - Faceoffs | UFC Fight Night: Blanchfield vs Barber",2025-07-17,https://www.ufc.com/video/149587
UFC 318 – Dan Ige vs Patricio Pitbull: Preview & Betting Tips - Boxing News,"UFC 318 – Dan Ige vs Patricio Pitbull: Preview & Betting Tips Image Credit: https://x.com/MMAUNCENSORED1/status/1930075302446641567?t=6Aw67sFWmAxQ9gkpFqHHug&s=19 The UFC 318 card brings an intriguing clash of featherweight styles as the number 12 ranked Dan Ige welcomes Patricio “Pitbull” Freire for his second UFC appearance. Ige (19-9) is a gritty, high-output striker with a knack for turning technical fights into dogfights. The Hawaiian has made a name for himself by pushing the pace, eating shots when needed, and grinding down opponents over three or five rounds. Pitbull (36-8) needs no introduction. He is a legend in Bellator after becoming the first man in the promotion’s history to simultaneously hold titles in two weight classes (featherweight and lightweight). However, after years in the promotion, he decided to test himself against the very best competition in the UFC. Having lost on his debut, he’ll be extra determined to make sure he doesn’t fall to 0-2. Tale of the Tape Dan Ige – Odds 1.50 (Sky Bet) Record: 19-9 Age: 33 Height: 5ft7 Reach: 71” Weight: Featherweight Stance: Orthodox Patricio Pitbull – Odds 2.63 (Sky Bet) Record: 36-8 Age: 38 Height: 5ft6 Reach: 67” Weight: Featherweight Stance: Orthodox Dan Ige vs Patricio Pitbull: Analysis While not elite in any single area, Ige is well-rounded, battle-tested, and dangerous against almost anyone in the top 15. The American is one of those fighters that’s slightly better than world class, but not good enough to be considered an elite featherweight, hence his defeats to the likes of Max Holloway and Movsar Evloev. On paper, Pitbull is the more skilled and experienced fighter. He carries legitimate knockout power, strong jiu-jitsu, and is a good tactical fighter. However, age and wear and tear is a real factor in this fight, and that also belongs to Pitbull. This one is definitely a great matchup stylistically, as we all know both of these men will bring it from the very first second to the last one. Unfortunately though, it’s quite clear who the fresher man is, and that will likely be a huge factor in this bout. Ige vs Pitbull: Prediction & Betting Tips Pitbull’s UFC debut against Yair Rodriguez was a tough test on paper, and it certainly looked that way in the cage too. He looked hesitant and lacked the explosion we were used to seeing in his prime. And because of this, he struggled to keep up with Rodriguez’s speed and precision striking. While Ige doesn’t possess the same level of speed as Rodriguez, he is exactly the type of fighter who can make a veteran like Pitbull look old. He doesn’t give space, he keeps a high pace, and he never breaks mentally. With this in mind, I’m willing to bet on the guy that’s proven himself in the UFC’s featherweight division over the years, and the guy that’s much more fresher. Ige moneyline isn’t good value, and I’m not sure he can finish Pitbull anyway, who is really tough. Instead, I’m tipping Dan Ige to win on points at odds of 2.30 (Sky Bet). Find all the latest boxing news and MMA breaking updates on boxingnews.com.",2025-07-16,https://boxingnews.com/ufc-318-dan-ige-vs-patricio-pitbull-preview-betting-tipsh/
Patricio 'Pitbull' Freire made drastic change ahead of UFC 318 fight against Dan Ige | BJPenn.com,"Patricio ‘Pitbull’ Freire made drastic change ahead of UFC 318 fight against Dan Ige Patricio “Pitbull” Freire is taking his second UFC fight quite seriously. Freire is hoping to rebound after his UFC debut didn’t go the way he had hoped. The former two-division Bellator champion dropped a unanimous decision against Yair Rodriguez in a fight where he was outgunned for three rounds. Freire didn’t look like the same fighter that tore through the Bellator featherweight division. With his back against the wall, the decorated Brazilian decided to make a crucial decision before his UFC 318 showdown with Dan Ige. Dire Strategy From ‘Pitbull’ Patricio Freire spoke to MMAFighting.com ahead of Saturday’s pay-per-view. “Pitbull” expressed his belief that he allowed outside distractions to hinder him prior to his UFC debut. “I was very distracted,” Pitbull said. “I think the camp had some interferences from personal situations so I decided to isolate myself and leave it all for later. Kind of a pause from social life and problems, mainly.” Freire made the decision to isolate himself from family members in an effort to get back on track and prove that he’s still a viable competitor. “I can’t lose. That’s the reason,” Pitbull said. “Anything that took my focus away, even for a few minutes, I decided to leave behind. My oldest son comes here and visits me, and that’s because he already trains and behaves himself. The younger one, I meet him a few times during the week with his mother, but only for a few moments. When it’s time to train, rest, lunch, I’m isolated. I don’t have access to part of my family. The great motivation is not to lose the next fight. “I debuted in the UFC, an organization that we’ve aimed to be part of for many years, and there was a great expectation around that,” he continued. “Yair Rodriguez is not a random guy, he’s a top 5, he was an interim champion before and was going to fight [Alexander] Volkanovski again. It won’t be possible because he’s having surgery. But anyway, that’s for myself. I didn’t like to debut with a loss. It sadly happened. What I can do now is look ahead and take my next step. My next step is this fight, and me doing what’s in my hands. To shield myself from information from outside the camp, let’s put it this way. Everything that gets to me is filtered.” We’ll see what ultimately plays out on Saturday. If you’re in need of some fight night coverage, BJPenn.com will have what you’re looking. You can count on us for live results, video highlights, and key post-fight tidbits. Visit our homepage this weekend for UFC 318 coverage. This article appeared first on BJPENN.COM Topics: Patricio ""Pitbull"" Freire UFC",2025-07-17,https://www.bjpenn.com/mma-news/patricio-freire/patricio-pitbull-freire-made-drastic-change-ahead-of-ufc-318-fight-against-dan-ige/
"Dan Ige vs Patricio Pitbull Odds & Betting Lines - Jul 20, 2025","Latest Dan Ige vs Patricio Pitbull Odds Ige Days Hours Minutes Seconds Pitbull Moneyline odds Total rounds odds These fight lines are not available at this time. Ige vs Pitbull odds explained Two of the most common ways to bet on the UFC is to bet the moneyline or who will win the fight, and the Over/Under for the number of rounds the fight will last. Almost all sportsbooks and betting sites offer UFC odds. Get in the game with the best UFC betting sites! UFC Moneyline odds The moneyline represents the odds for who will win the fight outright. These odds are listed in American format and the best odds are identified in green. When betting a favorite — identified by the minus sign in front of the odds number — in American odds, you need to wager the amount of the odds to win $100. For example, a -250 favorite would need a $250 wager to profit $100. When betting an underdog — identified by the plus sign in front of the odds number — in American odds, you can win the amount of the odds listed with a $100 wager. For example, a +180 underdog would profit $180 on a $100 bet. UFC Total rounds odds When making a wager on the total rounds odds, you’re betting as to how long the fight will last. For example, by taking the Under 2.5 rounds, you’re betting that the fight will end before the midway point of the third round. So, you're hoping the fight ends in Round 1, Round 2, or before the clock ticks below 2:30 in the third round. Again, the odds are listed in American format and the best odds are highlighted in green. You can convert American odds to other formats using our odds converter. Ige vs Pitbull FAQs Almost all sportsbooks and betting sites will offer UFC odds. Check out the best online sportsbooks in your area. No one can accurately predict who will win each UFC fight, but the favorite to win the fight is identified by the negative odds (i.e. -150). The underdog is identified by the positive odds (i.e. +200). Check out our UFC picks and predictions for betting advice on UFC events. Popular fighters | Fighter Name | Recent Results | | |---|---|---| | Alex Volkanovski 27-4-0 | D L W | | | | || | Movsar Evloev 19-0-0 | W W W | | | | || | Diego Lopes 26-7-0 | W W L | | | | || | Yair Rodriguez 17-5-0 | L L W | | | Brian Ortega 16-4-0 | L W L | | | Arnold Allen 20-3-0 | L L W | | | | || | Lerone Murphy 16-0-1 | W W W | | | | || | Aljamain Sterling 24-5-0 | L W L | | | | || | Josh Emmett 19-5-0 | L W L | | | Youssef Zalal 17-5-1 | W W W | | | | || | Jean Silva 16-2-0 | W W W | | | | || | Steve Garcia 18-5-0 | W W W | | | | || | Dan Ige 19-9-0 | L L W | | | David Onama 14-2-0 | W W W | | | | || | Giga Chikadze 15-5-0 | D L L | | | | || | Calvin Kattar 23-10-0 | L L L | | | Bryce Mitchell 17-4-0 | L W L | |",1995-01-01,https://www.covers.com/sport/mma/ufc/matchup-ige-vs-freire-odds-12905
Dan Ige - Patricio Freire,Tilbage 04:30 – søndag 20 juli Next Dan Ige – Patricio FreireUFCFeatherweight • Fighting Tilføj som kalender Windows Apple Google Copying to clipboard... Copied to clipboard Share a link to this match Spil hos DanskeSpil 18+ | Spil ansvarligt | StopSpillet.dk | ROFUS.nu Vises på Live Score Vises på Viaplay.dkNorlysDanske Spil Live Odds,2025-07-17,https://www.tvsporten.dk/program/dan-ige-patricio-freire/
UFC 318: Make your predictions for Max Holloway vs. Dustin Poirier 3,"UFC UFC 318: Make your predictions for Max Holloway vs. Dustin Poirier 3 Make picks for Holloway vs. Poirier 3, Costa-Kopylov, Holland-Rodriguez, Pitbull-Ige and more in NOLA Matt Erickson MMA Junkie We want your predictions for UFC 318. Our staff picks feature includes the consensus picks from MMA Junkie readers. Simply cast your vote for each bout below, and we'll use the official tallies that are registered by Friday at noon ET (9 a.m. PT). Those reader consensus picks will be part of the main card staff predictions we release ahead of UFC 318 (ESPN, ESPN+), which takes place Saturday at Smoothie King Center in New Orleans. Nicolle Caliari vs. Carli Judice - Records: Caliari (8-3 MMA, 0-1 UFC), Judice (4-2 MMA, 1-1 UFC) - Past five: Caliari 4-1, Judice 3-2 - Division: Women’s flyweight - Rankings: None - Odds (as of 07.14.25): Caliari +205, Judice -250 Brunno Ferreira vs. Jackson McVey - Records: Ferreira (13-2 MMA, 4-2 UFC), McVey (6-0 MMA, 0-0 UFC) - Past five: Ferreira 3-2, McVey 5-0 - Division: Middleweight - Rankings: None - Odds (as of 07.14.25): Ferreira -600, McVey +440 Lukasz Brzeski vs. Ryan Spann - Records: Brzeski (9-6-1 MMA, 1-5 UFC), Spann (22-11 MMA, 8-6 UFC) - Past five: Brzeski 1-4, Spann 1-4 - Division: Heavyweight - Rankings: None - Odds (as of 07.14.25): Brzeski +180, Spann -220 Jimmy Crute vs. Marcin Prachnio - Records: Crute (12-4-2 MMA, 4-4-2 UFC), Prachnio (17-8 MMA, 4-6 UFC) - Past five: Crute 0-3-2, Prachnio 2-3 - Division: Light heavyweight - Rankings: None - Odds (as of 07.14.25): Crute -240, Prachnio +195 Islam Dulatov vs. Adam Fugitt - Records: Dulatov (11-1 MMA, 0-0 UFC), Fugitt (10-4 MMA, 2-2 UFC) - Past five: Dulatov 5-0, Fugitt 3-2 - Division: Welterweight - Rankings: None - Odds (as of 07.14.25): Dulatov -575, Fugitt +425 Ateba Gautier vs. Robert Valentin - Records: Gautier (7-1 MMA, 1-0 UFC), Valentin (10-5 MMA, 0-2 UFC) - Past five: Gautier 5-0, Valentin 3-2 - Division: Middleweight - Rankings: None - Odds (as of 07.14.25): Gautier -470, Valentin +360 Francisco Prado vs. Nikolay Veretennikov - Records: Prado (12-3 MMA, 1-3 UFC), Veretennikov (12-6 MMA, 0-2 UFC) - Past five: Prado 2-3, Veretennikov 3-2 - Division: Welterweight - Rankings: None - Odds (as of 07.14.25): Prado -135, Veretennikov +115 Brendan Allen vs. Marvin Vettori - Records: Allen (24-7 MMA, 12-4 UFC), Vettori (19-7-1 MMA, 9-6-1 UFC) - Past five: Allen 2-3, Vettori 2-3 - Division: Middleweight - Rankings: Vettori No. 13, Allen No. 14 - Odds (as of 07.14.25): Allen -245, Vettori +200 Vinicius Oliveira vs. Kyler Phillips - Records: Oliveira (22-3 MMA, 3-0 UFC), Phillips (12-3 MMA, 6-2 UFC) - Past five: Oliveira 5-0, Phillips 3-2 - Division: Bantamweight - Rankings: Oliveira No. 13, Phillips honorable mention - Odds (as of 07.14.25): Oliveira -165, Phillips +140 Michael Johnson vs. Daniel Zellhuber - Records: Johnson (23-19 MMA, 15-15 UFC), Zellhuber (15-2 MMA, 3-2 UFC) - Past five: Johnson 3-2, Zellhuber 3-2 - Division: Lightweight - Rankings: None - Odds (as of 07.14.25): Johnson +380, Zellhuber -500 Patricio Freire vs. Dan Ige - Records: Freire (36-8 MMA, 0-1 UFC), Ige (19-9 MMA, 11-8 UFC) - Past five: Freire 2-3, Ige 3-2 - Division: Featherweight - Rankings: None - Odds (as of 07.14.25): Freire +140, Ige -170 Kevin Holland vs. Daniel Rodriguez - Records: Holland (28-13 MMA, 15-10 UFC), Rodriguez (19-5 MMA, 9-4 UFC) - Past five: Holland 3-2, Rodriguez 2-3 - Division: Welterweight - Rankings: Holland honorable mention - Odds (as of 07.14.25): Holland -395, Rodriguez +310 Paulo Costa vs. Roman Kopylov - Records: Costa (14-4 MMA, 6-4 UFC), Kopylov (14-3 MMA, 6-3 UFC) - Past five: Costa 2-3, Kopylov 4-1 - Division: Middleweight - Rankings: Kopylov honorable mention - Odds (as of 07.14.25): Costa +200, Kopylov -245 Max Holloway vs. Dustin Poirier - Records: Holloway (26-8 MMA, 22-8 UFC), Poirier (30-9 MMA, 22-8 UFC) - Past five: Holloway 3-2, Poirier 2-3 - Division: Lightweight - Rankings: Holloway No. 2 (featherweight), honorable mention pound-for-pound; Poirier No. 6 (lightweight) - Odds (as of 07.14.25): Holloway -125, Poirier +105 UFC 318 fight card (as of July 14, 3 p.m. ET) MAIN CARD (Pay-per-view, 10 p.m. ET) - Max Holloway vs. Dustin Poirier – for BMF title - Paulo Costa vs. Roman Kopylov - Kevin Holland vs. Daniel Rodriguez - Patricio Freire vs. Dan Ige - Michael Johnson vs. Daniel Zellhuber PRELIMINARY CARD (ESPN/ESPN+, 8 p.m. ET) - Vinicius Oliveira vs. Kyler Phillips - Brendan Allen vs. Marvin Vettori - Francisco Prado vs. Nikolay Veretennikov - Ateba Gautier vs. Robert Valentin PRELIMINARY CARD (ESPN+, 6 p.m. ET) - Islam Dulatov vs. Adam Fugitt - Jimmy Crute vs. Marcin Prachnio - Lukasz Brzeski vs. Ryan Spann - Brunno Ferreira vs. Jackson McVey - Nicolle Caliari vs. Carli Judice",2025-07-14,https://mmajunkie.usatoday.com/story/sports/ufc/2025/07/14/ufc-318-max-holloway-vs-dustin-poirier-3-new-orleans-retirement-trilogy-reader-predictions-picks/85198095007/
Dan Ige vs. Patricio Freire Total Rounds Bets,"Dan Ige vs. Patricio Freire Total Rounds Odds Dan Ige vs. Patricio Freire takes place on July 19, 2025 at 10:20 PM ET. They have 8 Total Rounds bets across 4 sportsbooks. Check out the odds below, or view them directly in Gambly chat for the most up-to-date odds. The Best Books To Bet Dan Ige vs. Patricio Freire Total Rounds Odds - Total Rounds: The best book to bet Total Rounds is Hard Rock, which offers Dan Ige vs. Patricio Freire (U 2.5) at +240. Line Shopping & Betting Tips Maximizing your potential returns starts with finding the best lines across multiple sportsbooks. Even a small shift in odds can lead to better payouts, so it pays to compare. Always keep an eye on Murray's listed props - you never know when a book might offer more favorable odds.",2025-03-10,https://gambly.com/ufc/dan-ige-vs-patricio-freire/total-rounds/odds
"Patricio Pitbull wants to fight Aaron Pico after UFC 318 in Bellator grudge match: ""He couldn't get to the belt"" | BJPenn.com","Patricio Pitbull wants to fight Aaron Pico after UFC 318 in Bellator grudge match: “He couldn’t get to the belt” Patricio Pitbull has his eyes set on Aaron Pico if he gets past Dan Ige at UFC 318. Pitbull is set to take on Ige on the main card of UFC 318 in Louisiana on Saturday in a pivotal bout at featherweight. The Brazilian is coming off a disappointing UFC debut loss to Yair Rodriguez. Although Pitbull is coming off a loss, he’s confident he will be able to get back to form and beat Ige to prove to everyone just how good he is. If he does get past Ige, the former Bellator champion plans to call out Pico for a fight that should have happened in Bellator years ago. “My focus now is to beat (Ige), but after that, Aaron Pico. We were in Bellator for a long time. I was the champion, but he couldn’t get to the belt. Now we can fight. Next week? Yeah. I’m ready, always ready,” Pitbull said at UFC 318 media day. A fight between Patricio Pitbull and Aaron Pico would be highly anticipated, as they were linked to fighting in Bellator, but Pico couldn’t get over the hump to get the title shot. Patricio Pitbull expecting a ‘violent fight’ against Dan Ige at UFC 318 Although Patricio Pitbull has his eyes set on Aaron Pico, he must first get past Dan Ige on Saturday at UFC 318. Pitbull is the underdog, but he has confidence that he won’t just beat Ige, but he will be able to finish him to make a statement. “For sure, (this one) will be a violent fight,” Pitbull said… “He’s a tough guy. He’s the division’s gatekeeper. He separates the good from the great. He’s going to kick down that door… I will be the first to knock him out or submit him.” Patricio Pitbull is 36-8 and coming off the loss to Rodriguez. He’s the former Bellator featherweight and lightweight champion. He has notable wins over A.J. McKee, Michael Chandler, Jeremy Kennedy, and Juan Archuleta, among others. This article appeared first on BJPENN.COM Topics: Aaron Pico Patricio ""Pitbull"" Freire UFC",2025-07-16,https://www.bjpenn.com/mma-news/patricio-freire/patricio-pitbull-wants-to-fight-aaron-pico-after-ufc-318-in-bellator-grudge-match-he-couldnt-get-to-the-belt/
"UFC 318 Predictions, Picks & Betting Odds Tonight | Pickswise","UFC 318 takes place on Saturday at the Smoothie King Center in New Orleans, Louisiana. It features a UFC Lightweight fight between Max Holloway and Dustin Poirier as the Main Event. Here are our UFC 318 best bets, which will include 2 fights on the Main Card. Be sure to also check out the rest of our UFC predictions for all of the UFC 318 Main Card fights scheduled for Saturday. UFC 318 Main Card Best Bets Odds courtesy of DraftKings Sportsbook at time of publishing Max Holloway vs. Dustin Poirier – Fight to go the Distance – No (+100) The Main Event at UFC 318 will see Max Holloway take on Dustin Poirier in the UFC Lightweight division. Holloway enters this fight with an MMA record of 26-8 and 22-8 in the UFC. As for Poirier, he enters this fight with an MMA record of 30-9 and 23-9 in the UFC. Holloway is a moderate-sized favorite, but seeing that he has lost twice to Poirier previously, we will instead target this fight to end inside the distance. Poirier has seen his last 7 UFC fights end inside the distance, while Holloway has seen each of his last 3 UFC fights do the same. Given that both fighters have seen the majority of their recent fights end inside the distance, backing the same here will be our best bet. You can also find out our UFC 318 parlay picks at +183 odds! Dan Ige vs. Patricio Freire – Fight to End by Unanimous Decision (-125) The second fight on the Main Card at UFC 318 will see Dan Ige take on Patricio Freire in the UFC Featherweight division. Ige enters this fight with an MMA record of 19-9 and 12-8 in the UFC. He averages 3.67 significant strikes per minute and has a striking accuracy of 45%. Ige absorbs 3.55 strikes and has a striking defense of 56%. His grappling is decent, averaging 0.94 takedowns every 15 minutes. He has a takedown accuracy of 25% and a takedown defense of 58%. Freire enters this fight with an MMA record of 36-8 and 0-1 in the UFC. He averages 2.45 significant strikes per minute and has a striking accuracy of 40%. Freire absorbs 4.48 strikes and has a striking defense of 57%. He also has decent grappling ability, averaging 0.69 takedowns every 15 minutes. Freire has a takedown accuracy of 20% and a takedown defense of 88%. Ige is the heavy favorite; therefore, we will be looking for this fight to end by unanimous decision. Freire saw his only UFC end by unanimous decision, while Ige has seen 4 of his last 6 UFC fights end by this method. One of these fighters will likely dominate this fight; therefore, backing this fight to end by unanimous decision will be our best bet. Check out the rest of our UFC picks for every main card fight at UFC 318!",2025-07-16,https://www.pickswise.com/news/ufc-318-predictions-picks-betting-odds-ft-max-holloway-vs-dustin-poirier-holloway-and-poirier-becomes-a-brawl/
Hawaii’s Dan Ige faces former Bellator champ at UFC 318,"While Waianae’s Max Holloway headlines UFC 318 on Saturday in a bout against Dustin Poirier for the BMF title, another Hawai‘i fighter will also step into the spotlight. Haleiwa native and Kahuku High School graduate Dan Ige will face former Bellator champion Patricio “Pitbull” Freire in a featured featherweight main card matchup at the Smoothie King Center in New Orleans. Ige (18-7), known for his striking power and durability, is coming off a third-round TKO win over Sean Woodson at UFC 314 on April 12. A win Saturday would mark his 12th since joining the UFC in 2018. “Pitbull is a guy I’ve watched for over a decade. I’ve been a fan of his,” Ige said during fight week. “He’s one of the best to ever do it. This is a big fight for me, and I just want to continue my win streak and get another W on Saturday. The featherweight division is wide open right now.” Freire (35-7), one of the most decorated fighters in Bellator history, is seeking redemption after dropping his UFC debut to Yair Rodriguez by unanimous decision on the same April 12 card. “I will be the first to knock him out,” Freire said. “I’ve finished 24 or 25 guys in my career. This is a tough opponent, but I’m used to that.” Ige was unfazed by the claim. “Yeah, 20 guys in the UFC have said that,” Ige responded. “It’s not new. I see myself winning with another spectacular knockout finish.” UFC 318 airs live Saturday at 4 p.m. HST on ESPN+ pay-per-view. The main event will feature Holloway vs. Poirier in a showdown of legends for the BMF title.",2025-07-16,https://www.khon2.com/sports/hawaiis-dan-ige-faces-former-bellator-champ-at-ufc-318/
Dan Ige vs Patricio Freire Betting Prediction UFC 318 July 19,"Dan Ige vs Patricio Freire Betting Prediction UFC 318 July 19 Dan Ige vs Patricio Freire Betting Prediction UFC 318 | July 19|. Place a UFC 318 bet on this mixed martial arts event at YouWager.lv. Dan Ige vs Patricio Freire Betting Prediction Now we have the Dan Ige vs Patricio Freire Betting Prediction for both teams. With a record of 19-9-0, Dan “50K” Ige will be trying to add another victory to his collection. The individual, who is 33 years old, has a height of 5 feet 7 inches and weighs 145 pounds. The traditional fighter has a length of 71 inches. Patricio “Pitbull” Freire measured 5 feet 6 inches tall and weighed 145 pounds when he stepped on the scale. With a record of 36-8-0, the orthodox boxer is looking to add another victory to his record. His reach is extended to 67 inches by the 38-year-old. Patricio Freire is landing 2.45 significant strikes per minute, while Dan Ige is landing 3.67 significant strikes per minute. Both fighters are performing exceptionally well. Ige is successful in landing forty-five percent of the important strikes he attempts, whereas Freire is only successful in forty percent of them. This means that “50K” takes 3.55 significant strikes per minute to defend in the cage, whereas “Pitbull” takes 4.48 significant strikes per minute. In addition, Ige is able to thwart 56% of the significant attacks that are aimed at him, and Freire is able to repel 57% of the strikes that are thrown in his direction. When it comes to wrestling, Dan Ige is the more effective grappler because he has a takedown rate of 0.94 times every three rounds with an average of 0.94 occasions. Ige is successful in bringing his opponents to the canvas 25% of the time he endeavors to do so, while he is successful in resisting 58% of all takedowns that are attempted on him. 20% of Freire’s takedown attempts result in his opponents being brought to the mat, and he is successful in blocking 88% of all takedown attempts that are made against him. Ige is the less likely of the two fighters to go for the finish by attempting 0.2 subs every three rounds, whilst Freire attempts 0.7 subs every fifteen minutes. This indicates that Ige is more interested in going for the finish. In his previous bout, Dan Ige competed against Sean Woodson and ultimately prevailed by way of a punch to the head delivered while he was on the ground in the third round. The total number of strikes that Woodson threw during this battle was 121, and he landed 57 of them. During the course of this fight, Ige successfully landed 53 of 116 total strikes. In terms of significant strikes, Woodson was successful in landing 51 out of 115, which indicates that his percentage was 48 percent. In a total of 98 important strikes aiming at the head, he completed 36 of them. Ige performed exceptionally well on the other side of the cage, landing 44 of 107 important blows, which is 41% of his total. When it came to the important blows, he received 28 of the 78 that were directed at the head. One hundred percent of the significant strokes that Woodson landed, and ninety-three percent of those that Ige hit on, were thrown at a distance. The final fight that Patricio Freire competed in was against Yair Rodriguez, and he was ultimately defeated by a unanimous decision in the third round of the battle. For the most part, Rodriguez was successful in connecting on 61% of the significant strikes he attempted at a distance, but Freire was successful in landing 100% of the significant blows he attempted at a distance. In total, Freire was successful in landing 17 of his 50 important strikes, which is 34% of his total attempts. He ended up landing eight of the thirty-eight significant blows that were intended at the head. Over the course of that fight, Rodriguez was successful in connecting on 70 of 122 major strikes. With regard to the important strike accuracy, he was successful in 38 of 82 attempts that were directed at the head. Regarding the overall number of strikes that were thrown during this fight, Rodriguez connected on 97 out of 157, while Freire connected on 23 out of 60 of all the strikes that he threw. Another fight that you are going to want to watch is the one that takes place between Daniel Zellhuber and Michael Johnson. Johnson comes into the Octagon with a record of 24-19-0 from the previous season. The 39-year-old holds a height of 5 feet 10 inches and weighs 155 pounds. An arm span of 73 inches is possessed by the southpaw boxer. Zellhuber has a height of 6 feet and one inch and a documented weight of 155 pounds. With a record of 15-2-0, the switch fighter enters the cage to compete. A 77-inch wingspan is possessed by the 26-year-old. When it comes to grappling, Michael Johnson has a takedown rate of 0.61 times per 15 minutes, whereas Daniel Zellhuber has a takedown rate of 0.18 times per 15 minutes. When it comes to striking, Johnson is able to tag his opponents 4.23 times per minute and hit on 39% of the strikes that he attempts. On the other side of the cage is Daniel Zellhuber, who tags the opponent on forty percent of the strikes he attempts and connects on six and a quarter strikes every minute. The fight between Vinicius Oliveira and Kyler Phillips, which is slated to take place in the Octagon, will be yet another bout that is worthy of being seen. Phillips is coming into the Octagon with a winning momentum, as he has a record of 12-3-0 this season. The fighter, who is thirty years old, weighs twelve hundred and thirty-five pounds and is five feet eight inches tall. It is estimated that the head height of the orthodox combatant is 72 inches. Oliveira has a height of 5 feet 9 inches and a weight of 135 pounds. To add to his record of 22-3-0, the switch fighter will be seeking to add another victory to his resume. His wingspan measures 70 inches, and he is 29 years old. Regarding takedowns, Kyler Phillips is successful in blocking 75% of the takedowns that his opponents attempt, and he is successful in taking his opponent to the mat on 51% of his efforts. Furthermore, he is successful in putting his opponent to the ground on 51% of his attempts. Sixty percent of the time, Oliveira is able to successfully get his opponents to the mat, and he is also able to successfully defend against seventy-six percent of the takedowns that his opponents try. However, Phillips is landing 5.28 strikes per minute, despite the fact that he is receiving 3.47 strikes per minute. With regard to striking, this ratio is of major importance. Oliveira, on the other hand, is able to attain a connection rate of 4.92 per minute with his ability to take in 2.77 strikes per minute. Visit the Betting School and learn how to wager on the moneyline, spread, and total; on your favorite team or an undervalued underdog. Sign up with YouWager.lv now and get in the game with the best welcome bonus, click below:",2025-07-16,https://blog.youwager.lv/2025/07/16/dan-ige-vs-patricio-freire-betting-prediction-ufc-318-july-19/
Dan Ige - Patricio Freire,Tilbage 04:30 – søndag 20 juli Next Dan Ige – Patricio FreireUFCFeatherweight • Fighting Tilføj som kalender Windows Apple Google Copying to clipboard... Copied to clipboard Share a link to this match Spil hos DanskeSpil 18+ | Spil ansvarligt | StopSpillet.dk | ROFUS.nu Vises på Live Score Vises på Viaplay.dkNorlysDanske Spil Live Odds,2025-07-17,https://www.tvsporten.dk/program/dan-ige-patricio-freire/
UFC 318: Make your predictions for Max Holloway vs. Dustin Poirier 3,"UFC UFC 318: Make your predictions for Max Holloway vs. Dustin Poirier 3 Make picks for Holloway vs. Poirier 3, Costa-Kopylov, Holland-Rodriguez, Pitbull-Ige and more in NOLA Matt Erickson MMA Junkie We want your predictions for UFC 318. Our staff picks feature includes the consensus picks from MMA Junkie readers. Simply cast your vote for each bout below, and we'll use the official tallies that are registered by Friday at noon ET (9 a.m. PT). Those reader consensus picks will be part of the main card staff predictions we release ahead of UFC 318 (ESPN, ESPN+), which takes place Saturday at Smoothie King Center in New Orleans. Nicolle Caliari vs. Carli Judice - Records: Caliari (8-3 MMA, 0-1 UFC), Judice (4-2 MMA, 1-1 UFC) - Past five: Caliari 4-1, Judice 3-2 - Division: Women’s flyweight - Rankings: None - Odds (as of 07.14.25): Caliari +205, Judice -250 Brunno Ferreira vs. Jackson McVey - Records: Ferreira (13-2 MMA, 4-2 UFC), McVey (6-0 MMA, 0-0 UFC) - Past five: Ferreira 3-2, McVey 5-0 - Division: Middleweight - Rankings: None - Odds (as of 07.14.25): Ferreira -600, McVey +440 Lukasz Brzeski vs. Ryan Spann - Records: Brzeski (9-6-1 MMA, 1-5 UFC), Spann (22-11 MMA, 8-6 UFC) - Past five: Brzeski 1-4, Spann 1-4 - Division: Heavyweight - Rankings: None - Odds (as of 07.14.25): Brzeski +180, Spann -220 Jimmy Crute vs. Marcin Prachnio - Records: Crute (12-4-2 MMA, 4-4-2 UFC), Prachnio (17-8 MMA, 4-6 UFC) - Past five: Crute 0-3-2, Prachnio 2-3 - Division: Light heavyweight - Rankings: None - Odds (as of 07.14.25): Crute -240, Prachnio +195 Islam Dulatov vs. Adam Fugitt - Records: Dulatov (11-1 MMA, 0-0 UFC), Fugitt (10-4 MMA, 2-2 UFC) - Past five: Dulatov 5-0, Fugitt 3-2 - Division: Welterweight - Rankings: None - Odds (as of 07.14.25): Dulatov -575, Fugitt +425 Ateba Gautier vs. Robert Valentin - Records: Gautier (7-1 MMA, 1-0 UFC), Valentin (10-5 MMA, 0-2 UFC) - Past five: Gautier 5-0, Valentin 3-2 - Division: Middleweight - Rankings: None - Odds (as of 07.14.25): Gautier -470, Valentin +360 Francisco Prado vs. Nikolay Veretennikov - Records: Prado (12-3 MMA, 1-3 UFC), Veretennikov (12-6 MMA, 0-2 UFC) - Past five: Prado 2-3, Veretennikov 3-2 - Division: Welterweight - Rankings: None - Odds (as of 07.14.25): Prado -135, Veretennikov +115 Brendan Allen vs. Marvin Vettori - Records: Allen (24-7 MMA, 12-4 UFC), Vettori (19-7-1 MMA, 9-6-1 UFC) - Past five: Allen 2-3, Vettori 2-3 - Division: Middleweight - Rankings: Vettori No. 13, Allen No. 14 - Odds (as of 07.14.25): Allen -245, Vettori +200 Vinicius Oliveira vs. Kyler Phillips - Records: Oliveira (22-3 MMA, 3-0 UFC), Phillips (12-3 MMA, 6-2 UFC) - Past five: Oliveira 5-0, Phillips 3-2 - Division: Bantamweight - Rankings: Oliveira No. 13, Phillips honorable mention - Odds (as of 07.14.25): Oliveira -165, Phillips +140 Michael Johnson vs. Daniel Zellhuber - Records: Johnson (23-19 MMA, 15-15 UFC), Zellhuber (15-2 MMA, 3-2 UFC) - Past five: Johnson 3-2, Zellhuber 3-2 - Division: Lightweight - Rankings: None - Odds (as of 07.14.25): Johnson +380, Zellhuber -500 Patricio Freire vs. Dan Ige - Records: Freire (36-8 MMA, 0-1 UFC), Ige (19-9 MMA, 11-8 UFC) - Past five: Freire 2-3, Ige 3-2 - Division: Featherweight - Rankings: None - Odds (as of 07.14.25): Freire +140, Ige -170 Kevin Holland vs. Daniel Rodriguez - Records: Holland (28-13 MMA, 15-10 UFC), Rodriguez (19-5 MMA, 9-4 UFC) - Past five: Holland 3-2, Rodriguez 2-3 - Division: Welterweight - Rankings: Holland honorable mention - Odds (as of 07.14.25): Holland -395, Rodriguez +310 Paulo Costa vs. Roman Kopylov - Records: Costa (14-4 MMA, 6-4 UFC), Kopylov (14-3 MMA, 6-3 UFC) - Past five: Costa 2-3, Kopylov 4-1 - Division: Middleweight - Rankings: Kopylov honorable mention - Odds (as of 07.14.25): Costa +200, Kopylov -245 Max Holloway vs. Dustin Poirier - Records: Holloway (26-8 MMA, 22-8 UFC), Poirier (30-9 MMA, 22-8 UFC) - Past five: Holloway 3-2, Poirier 2-3 - Division: Lightweight - Rankings: Holloway No. 2 (featherweight), honorable mention pound-for-pound; Poirier No. 6 (lightweight) - Odds (as of 07.14.25): Holloway -125, Poirier +105 UFC 318 fight card (as of July 14, 3 p.m. ET) MAIN CARD (Pay-per-view, 10 p.m. ET) - Max Holloway vs. Dustin Poirier – for BMF title - Paulo Costa vs. Roman Kopylov - Kevin Holland vs. Daniel Rodriguez - Patricio Freire vs. Dan Ige - Michael Johnson vs. Daniel Zellhuber PRELIMINARY CARD (ESPN/ESPN+, 8 p.m. ET) - Vinicius Oliveira vs. Kyler Phillips - Brendan Allen vs. Marvin Vettori - Francisco Prado vs. Nikolay Veretennikov - Ateba Gautier vs. Robert Valentin PRELIMINARY CARD (ESPN+, 6 p.m. ET) - Islam Dulatov vs. Adam Fugitt - Jimmy Crute vs. Marcin Prachnio - Lukasz Brzeski vs. Ryan Spann - Brunno Ferreira vs. Jackson McVey - Nicolle Caliari vs. Carli Judice",2025-07-14,https://mmajunkie.usatoday.com/story/sports/ufc/2025/07/14/ufc-318-max-holloway-vs-dustin-poirier-3-new-orleans-retirement-trilogy-reader-predictions-picks/85198095007/
Dan Ige vs. Patricio Freire Total Rounds Bets,"Dan Ige vs. Patricio Freire Total Rounds Odds Dan Ige vs. Patricio Freire takes place on July 19, 2025 at 10:20 PM ET. They have 8 Total Rounds bets across 4 sportsbooks. Check out the odds below, or view them directly in Gambly chat for the most up-to-date odds. The Best Books To Bet Dan Ige vs. Patricio Freire Total Rounds Odds - Total Rounds: The best book to bet Total Rounds is Hard Rock, which offers Dan Ige vs. Patricio Freire (U 2.5) at +240. Line Shopping & Betting Tips Maximizing your potential returns starts with finding the best lines across multiple sportsbooks. Even a small shift in odds can lead to better payouts, so it pays to compare. Always keep an eye on Murray's listed props - you never know when a book might offer more favorable odds.",2025-03-10,https://gambly.com/ufc/dan-ige-vs-patricio-freire/total-rounds/odds
"Patricio Pitbull wants to fight Aaron Pico after UFC 318 in Bellator grudge match: ""He couldn't get to the belt"" | BJPenn.com","Patricio Pitbull wants to fight Aaron Pico after UFC 318 in Bellator grudge match: “He couldn’t get to the belt” Patricio Pitbull has his eyes set on Aaron Pico if he gets past Dan Ige at UFC 318. Pitbull is set to take on Ige on the main card of UFC 318 in Louisiana on Saturday in a pivotal bout at featherweight. The Brazilian is coming off a disappointing UFC debut loss to Yair Rodriguez. Although Pitbull is coming off a loss, he’s confident he will be able to get back to form and beat Ige to prove to everyone just how good he is. If he does get past Ige, the former Bellator champion plans to call out Pico for a fight that should have happened in Bellator years ago. “My focus now is to beat (Ige), but after that, Aaron Pico. We were in Bellator for a long time. I was the champion, but he couldn’t get to the belt. Now we can fight. Next week? Yeah. I’m ready, always ready,” Pitbull said at UFC 318 media day. A fight between Patricio Pitbull and Aaron Pico would be highly anticipated, as they were linked to fighting in Bellator, but Pico couldn’t get over the hump to get the title shot. Patricio Pitbull expecting a ‘violent fight’ against Dan Ige at UFC 318 Although Patricio Pitbull has his eyes set on Aaron Pico, he must first get past Dan Ige on Saturday at UFC 318. Pitbull is the underdog, but he has confidence that he won’t just beat Ige, but he will be able to finish him to make a statement. “For sure, (this one) will be a violent fight,” Pitbull said… “He’s a tough guy. He’s the division’s gatekeeper. He separates the good from the great. He’s going to kick down that door… I will be the first to knock him out or submit him.” Patricio Pitbull is 36-8 and coming off the loss to Rodriguez. He’s the former Bellator featherweight and lightweight champion. He has notable wins over A.J. McKee, Michael Chandler, Jeremy Kennedy, and Juan Archuleta, among others. This article appeared first on BJPENN.COM Topics: Aaron Pico Patricio ""Pitbull"" Freire UFC",2025-07-16,https://www.bjpenn.com/mma-news/patricio-freire/patricio-pitbull-wants-to-fight-aaron-pico-after-ufc-318-in-bellator-grudge-match-he-couldnt-get-to-the-belt/
"UFC 318 Predictions, Picks & Betting Odds Tonight | Pickswise","UFC 318 takes place on Saturday at the Smoothie King Center in New Orleans, Louisiana. It features a UFC Lightweight fight between Max Holloway and Dustin Poirier as the Main Event. Here are our UFC 318 best bets, which will include 2 fights on the Main Card. Be sure to also check out the rest of our UFC predictions for all of the UFC 318 Main Card fights scheduled for Saturday. UFC 318 Main Card Best Bets Odds courtesy of DraftKings Sportsbook at time of publishing Max Holloway vs. Dustin Poirier – Fight to go the Distance – No (+100) The Main Event at UFC 318 will see Max Holloway take on Dustin Poirier in the UFC Lightweight division. Holloway enters this fight with an MMA record of 26-8 and 22-8 in the UFC. As for Poirier, he enters this fight with an MMA record of 30-9 and 23-9 in the UFC. Holloway is a moderate-sized favorite, but seeing that he has lost twice to Poirier previously, we will instead target this fight to end inside the distance. Poirier has seen his last 7 UFC fights end inside the distance, while Holloway has seen each of his last 3 UFC fights do the same. Given that both fighters have seen the majority of their recent fights end inside the distance, backing the same here will be our best bet. You can also find out our UFC 318 parlay picks at +183 odds! Dan Ige vs. Patricio Freire – Fight to End by Unanimous Decision (-125) The second fight on the Main Card at UFC 318 will see Dan Ige take on Patricio Freire in the UFC Featherweight division. Ige enters this fight with an MMA record of 19-9 and 12-8 in the UFC. He averages 3.67 significant strikes per minute and has a striking accuracy of 45%. Ige absorbs 3.55 strikes and has a striking defense of 56%. His grappling is decent, averaging 0.94 takedowns every 15 minutes. He has a takedown accuracy of 25% and a takedown defense of 58%. Freire enters this fight with an MMA record of 36-8 and 0-1 in the UFC. He averages 2.45 significant strikes per minute and has a striking accuracy of 40%. Freire absorbs 4.48 strikes and has a striking defense of 57%. He also has decent grappling ability, averaging 0.69 takedowns every 15 minutes. Freire has a takedown accuracy of 20% and a takedown defense of 88%. Ige is the heavy favorite; therefore, we will be looking for this fight to end by unanimous decision. Freire saw his only UFC end by unanimous decision, while Ige has seen 4 of his last 6 UFC fights end by this method. One of these fighters will likely dominate this fight; therefore, backing this fight to end by unanimous decision will be our best bet. Check out the rest of our UFC picks for every main card fight at UFC 318!",2025-07-16,https://www.pickswise.com/news/ufc-318-predictions-picks-betting-odds-ft-max-holloway-vs-dustin-poirier-holloway-and-poirier-becomes-a-brawl/
Hawaii’s Dan Ige faces former Bellator champ at UFC 318,"While Waianae’s Max Holloway headlines UFC 318 on Saturday in a bout against Dustin Poirier for the BMF title, another Hawai‘i fighter will also step into the spotlight. Haleiwa native and Kahuku High School graduate Dan Ige will face former Bellator champion Patricio “Pitbull” Freire in a featured featherweight main card matchup at the Smoothie King Center in New Orleans. Ige (18-7), known for his striking power and durability, is coming off a third-round TKO win over Sean Woodson at UFC 314 on April 12. A win Saturday would mark his 12th since joining the UFC in 2018. “Pitbull is a guy I’ve watched for over a decade. I’ve been a fan of his,” Ige said during fight week. “He’s one of the best to ever do it. This is a big fight for me, and I just want to continue my win streak and get another W on Saturday. The featherweight division is wide open right now.” Freire (35-7), one of the most decorated fighters in Bellator history, is seeking redemption after dropping his UFC debut to Yair Rodriguez by unanimous decision on the same April 12 card. “I will be the first to knock him out,” Freire said. “I’ve finished 24 or 25 guys in my career. This is a tough opponent, but I’m used to that.” Ige was unfazed by the claim. “Yeah, 20 guys in the UFC have said that,” Ige responded. “It’s not new. I see myself winning with another spectacular knockout finish.” UFC 318 airs live Saturday at 4 p.m. HST on ESPN+ pay-per-view. The main event will feature Holloway vs. Poirier in a showdown of legends for the BMF title.",2025-07-16,https://www.khon2.com/sports/hawaiis-dan-ige-faces-former-bellator-champ-at-ufc-318/
Dan Ige vs Patricio Freire Betting Prediction UFC 318 July 19,"Dan Ige vs Patricio Freire Betting Prediction UFC 318 July 19 Dan Ige vs Patricio Freire Betting Prediction UFC 318 | July 19|. Place a UFC 318 bet on this mixed martial arts event at YouWager.lv. Dan Ige vs Patricio Freire Betting Prediction Now we have the Dan Ige vs Patricio Freire Betting Prediction for both teams. With a record of 19-9-0, Dan “50K” Ige will be trying to add another victory to his collection. The individual, who is 33 years old, has a height of 5 feet 7 inches and weighs 145 pounds. The traditional fighter has a length of 71 inches. Patricio “Pitbull” Freire measured 5 feet 6 inches tall and weighed 145 pounds when he stepped on the scale. With a record of 36-8-0, the orthodox boxer is looking to add another victory to his record. His reach is extended to 67 inches by the 38-year-old. Patricio Freire is landing 2.45 significant strikes per minute, while Dan Ige is landing 3.67 significant strikes per minute. Both fighters are performing exceptionally well. Ige is successful in landing forty-five percent of the important strikes he attempts, whereas Freire is only successful in forty percent of them. This means that “50K” takes 3.55 significant strikes per minute to defend in the cage, whereas “Pitbull” takes 4.48 significant strikes per minute. In addition, Ige is able to thwart 56% of the significant attacks that are aimed at him, and Freire is able to repel 57% of the strikes that are thrown in his direction. When it comes to wrestling, Dan Ige is the more effective grappler because he has a takedown rate of 0.94 times every three rounds with an average of 0.94 occasions. Ige is successful in bringing his opponents to the canvas 25% of the time he endeavors to do so, while he is successful in resisting 58% of all takedowns that are attempted on him. 20% of Freire’s takedown attempts result in his opponents being brought to the mat, and he is successful in blocking 88% of all takedown attempts that are made against him. Ige is the less likely of the two fighters to go for the finish by attempting 0.2 subs every three rounds, whilst Freire attempts 0.7 subs every fifteen minutes. This indicates that Ige is more interested in going for the finish. In his previous bout, Dan Ige competed against Sean Woodson and ultimately prevailed by way of a punch to the head delivered while he was on the ground in the third round. The total number of strikes that Woodson threw during this battle was 121, and he landed 57 of them. During the course of this fight, Ige successfully landed 53 of 116 total strikes. In terms of significant strikes, Woodson was successful in landing 51 out of 115, which indicates that his percentage was 48 percent. In a total of 98 important strikes aiming at the head, he completed 36 of them. Ige performed exceptionally well on the other side of the cage, landing 44 of 107 important blows, which is 41% of his total. When it came to the important blows, he received 28 of the 78 that were directed at the head. One hundred percent of the significant strokes that Woodson landed, and ninety-three percent of those that Ige hit on, were thrown at a distance. The final fight that Patricio Freire competed in was against Yair Rodriguez, and he was ultimately defeated by a unanimous decision in the third round of the battle. For the most part, Rodriguez was successful in connecting on 61% of the significant strikes he attempted at a distance, but Freire was successful in landing 100% of the significant blows he attempted at a distance. In total, Freire was successful in landing 17 of his 50 important strikes, which is 34% of his total attempts. He ended up landing eight of the thirty-eight significant blows that were intended at the head. Over the course of that fight, Rodriguez was successful in connecting on 70 of 122 major strikes. With regard to the important strike accuracy, he was successful in 38 of 82 attempts that were directed at the head. Regarding the overall number of strikes that were thrown during this fight, Rodriguez connected on 97 out of 157, while Freire connected on 23 out of 60 of all the strikes that he threw. Another fight that you are going to want to watch is the one that takes place between Daniel Zellhuber and Michael Johnson. Johnson comes into the Octagon with a record of 24-19-0 from the previous season. The 39-year-old holds a height of 5 feet 10 inches and weighs 155 pounds. An arm span of 73 inches is possessed by the southpaw boxer. Zellhuber has a height of 6 feet and one inch and a documented weight of 155 pounds. With a record of 15-2-0, the switch fighter enters the cage to compete. A 77-inch wingspan is possessed by the 26-year-old. When it comes to grappling, Michael Johnson has a takedown rate of 0.61 times per 15 minutes, whereas Daniel Zellhuber has a takedown rate of 0.18 times per 15 minutes. When it comes to striking, Johnson is able to tag his opponents 4.23 times per minute and hit on 39% of the strikes that he attempts. On the other side of the cage is Daniel Zellhuber, who tags the opponent on forty percent of the strikes he attempts and connects on six and a quarter strikes every minute. The fight between Vinicius Oliveira and Kyler Phillips, which is slated to take place in the Octagon, will be yet another bout that is worthy of being seen. Phillips is coming into the Octagon with a winning momentum, as he has a record of 12-3-0 this season. The fighter, who is thirty years old, weighs twelve hundred and thirty-five pounds and is five feet eight inches tall. It is estimated that the head height of the orthodox combatant is 72 inches. Oliveira has a height of 5 feet 9 inches and a weight of 135 pounds. To add to his record of 22-3-0, the switch fighter will be seeking to add another victory to his resume. His wingspan measures 70 inches, and he is 29 years old. Regarding takedowns, Kyler Phillips is successful in blocking 75% of the takedowns that his opponents attempt, and he is successful in taking his opponent to the mat on 51% of his efforts. Furthermore, he is successful in putting his opponent to the ground on 51% of his attempts. Sixty percent of the time, Oliveira is able to successfully get his opponents to the mat, and he is also able to successfully defend against seventy-six percent of the takedowns that his opponents try. However, Phillips is landing 5.28 strikes per minute, despite the fact that he is receiving 3.47 strikes per minute. With regard to striking, this ratio is of major importance. Oliveira, on the other hand, is able to attain a connection rate of 4.92 per minute with his ability to take in 2.77 strikes per minute. Visit the Betting School and learn how to wager on the moneyline, spread, and total; on your favorite team or an undervalued underdog. Sign up with YouWager.lv now and get in the game with the best welcome bonus, click below:",2025-07-16,https://blog.youwager.lv/2025/07/16/dan-ige-vs-patricio-freire-betting-prediction-ufc-318-july-19/
"UFC 318 Poirier vs. Holloway: Picks, Predictions and Best Bets","UFC 318 Poirier vs. Holloway Predictions: New Orleans is the location for this week’s UFC 318, a PPV event featuring 14 bouts with early preliminary action beginning at 3:15 p.m. PT, prelims kick off at 5 p.m. PT, then the PPV portion of the event drops at 7 p.m. PT. A large 30-foot octagon and a house full of overserved swamp rats will cheer for the local athletes, of which Dustin Poirier is one of only two Louisiana natives on the card. Of the 14 fights, nine take place at welterweight (170 pounds) or above. Of those nine, eight are placed in the prelims of this card, so violence begins early and runs throughout the slate! Again, this week we have some ‘mature’ athletes hitting the cage. The UFC is offering us seven bouts where the age difference exceeds five years. As discussed last week, the fact that younger athletes, particularly in matchups where they are also taller and have longer limb reach over their opponents, hold an abnormal advantage, especially if the fight plays out on the feet. Last week, eight of nine younger fighters facing older competitors earned victory, with the only exception being Derrick Lewis, who arrived with an advantage in experience and level of competition faced. It pays to undertake the appropriate due diligence when assessing these bouts. The Favorite/Dog count for last week was 8-4, making favorites 65.2% in 2025. Last week’s release of Stevie Garcia parlayed to Morgan Charriere won 1.58u, making digital results for 2025: 14-16 -2.32u Let’s fight! Dustin Poirier +105 vs. Max Holloway -125 Lightweight (155 pounds) main event Trilogy fight This fight is for the ‘BMF’ title that the UFC created some years ago. Further, this fight is the third between these two men, with Poirier, a Louisiana native, having won the first two bouts, the first in dominant fashion when Max debuted in the UFC and took the fight on oh so short notice, and the second, for the lightweight title in 2019 when Poirier won in a close decision. Poirier opened -150 for this fight, but he has now been bet into the underdog position while money has come in on his opponent. Many fight investors are wary when athletes announce retirement before a fight. I believe this has much to do with the line movement in this fight. Poirier is a black belt in BJJ with dynamic boxing credentials. He is the former lightweight interim champion who has competed against the elite of this division for several years. Poirier will be the older athlete, the shorter athlete, and the athlete with a deficit in arm/leg reach. That, along with the retirement announcement, help explain why this line has been ebbing toward Holloway. Poirier packs profuse power in his strikes/kicks. He is a formidable wrestler and has great durability and cardio. He takes this challenge after realizing a 1-2 record over the last couple of years losing to Justin Gaethje via finish as well Islam Makhachev in the same manner. Poirier is a pressure fighter. He will look to force Holloway backwards in this fight, keep him on his heels and attack the longer, taller man with the formidable power of his striking/kicking. It is inside the pocket, pressed against the fence, and in a toe-to-toe confrontation that Poirier will hold his greatest advantage. His strength and unrelenting forward pressure work in his favor. Max Holloway, the current ‘BMF’ title holder, gives Poirier, a former BMF titleholder, the opportunity to retire with that BMF belt. Make no mistake, Holloway is not doing this for Poirier. He’s doing this to destroy Poirier in this third fight and ride off with a win, the BMF belt, and a future championship bout in this lightweight division. Holloway, 33, has fully evolved into the lightweight frame, and he retains his snap, quickness, and his fleet-footed ability, all while enhancing the power/effectiveness of his strikes. Except for his last battle against Topuria, Holloway has been able to evade incoming power punches and land counters off the aggression of opponents, then attack once the incoming opponent is harmed. Holloway’s height, reach and length (arms/legs) position him advantageously in this brawl while it remains standing. Holloway’s significant strike differential per five minutes of fight time stands at +2.4, while Poirier’s ratio stands +.97 significant strikes landed per round. What this highlights is the activity and volume of Max while also displaying the lower volume, higher impact/power of Poirier. Once the bell for round one rings, I expect each man to begin to try to systematically beat the other man down. These men have a total of six rounds against each other in prior competition, so I envision few surprises or new twists. I envision two proud, stubborn warriors, each hunting to incapacitate the other. Poirier has the more daunting task because when these two last tangled, Poirier was 31 while Max was 28. Now 36 and on the shelf since June of last year, Poirier prepares for a final confrontation that will take his best effort to win. Holloway does not enter this battle unscathed! He arrives off a devastating KO at the hands of Ilya Topuria last year in October, so each man enters this battle off a damaging loss. Two forceful, proud, world-class fighters who are as capable mentally as they are physically, men who are intimately familiar with each other, will meet in the middle of a 30-foot cage this Saturday in New Orleans to determine which warrior walks out of the cage with the BMF belt. In my estimation, this is an ultimate competition and one that may not make it to the final bell! What more could we ask for in a main event? Total in this fight: 4.5 Rds Over -140 Roman Kopylov -250 vs. Paulo Costa +220 Middleweight (185 pounds) co-main event Roman Kopylov, ranked 14th in the division, is a Russian striker with a deep background in combat sambo. Kopylov arrives at this fight having earned victory in his last two in a row, pushing his UFC tally to 6-3. His loss two fights ago to legitimate top-10middleweight Fluffy Hernandez is the only thing preventing Kopylov from entering the top 10 of this division. In this fight, he enters with a slight reach advantage and a negligible significant strike differential. Yes, Kopylov accepts just as many significant strikes as he unleashes. Kopylov is skilled in wrestling/grappling, but he utilizes that skill only when necessary, preferring instead to use his height and reach to deploy his striking offense against opponents. Thirteenth-ranked Brazilian hotwire Paulo Costa has a size/athletic advantage over Kopylov in this fight, besides being the more explosive combatant. Costa is the more experienced fighter because he has competed against numerous top-ranked adversaries. The brazen Brazilian is a paltry 1-4 in his last several UFC competitions, albeit against elite competition within the division. Costa’s performances sway between confounding and impressive based on nothing that I have been able to detect or handicap. Costa is a true pariah. When mentally/physically prepared to fight for a full three rounds, Costa may be regarded as a legitimate top 10 talent in the division. The issue with Costa is his lack of appropriate mental preparation, his inconsistent focus, and his fleeting fortitude. Costa enjoys all aspects of life that tend to corrode elite fighting talent. What he has shown a propensity to detest are stringent training, mental discipline, and innate confidence. What is certain is that Kopylov enters this fight prepared to do anything he can to steal Costa’s reputation and ranking. What is not certain (in this or any other battle, for that matter) is the mental condition and physical conditioning of Costa entering this fight. For this reason, I will choose to watch this bout because there is no way to trust the approach in this or any fight from Paolo Costa. Total in this fight: 2.5 Rds. Over -200 That total indicates Costa’s competence, something I am unwilling to invest in. Dan Ige -175 vs. Patricio ‘Pitbull’ Freire +145 Featherweight (145 pounds) Freire, ‘Pitbull’ as he is nicknamed, is a 38 year old legend of mixed martial arts who never had the chance to compete in the UFC until his last fight where they presented him a taller, longer, younger, ranked opponent in number three ranked featherweight Yair Rodriguez who made Pitbull look his age in a unanimous decision loss. Now, Pitbull turns it around just 12 weeks after that one-sided decision loss to Rodriguez. Pitbull is a warrior, and if given the chance to compete in the UFC six years ago, he would have been able to display his world-class talent and, without doubt, would have competed for a title. But at this age, and after the attrition he has incurred from a lifetime of mixed martial arts, his skills are waning, his reaction time is slowing, and his ability to navigate in front of larger, younger men is waning. Pitbull’s opponent for this bout is none other than 11th-ranked Dan Ige, who notably took the fight last summer against Diego Lopes on hours’ notice and fought an excellent fight in losing a decision. Ige is afforded advantages in this fight that he rarely realizes. He is five years younger, an inch taller, and he holds a six-inch reach advantage. Add to that the fact that Ige has been set back each time he fights an elite top ten talent and we have the recipe for a focused, driven Dan Ige who is prepared to utilize his physical advantages as well as his youth and quickness to further expose the proud aged Pitbull in a fight that I see going to decision. Ige -175 is the favorite in this fight, and I must say this price is very affordable given the dynamics of this fight. UFC 318 Best Bet: Dan Ige -175* *I’ll use Ige -175 as the first leg of a parlay and pair him with a fighter from next week’s slate, Da’Mon Blackshear -258, who battles England’s Davey Grant at UFC Abu Dhabi This one-unit investment returns 1.19u Total in this fight 2.5 Rds over -280 Friday midday, the ‘Bout Business Podcast drops. We are coming off a 5-0 weekend last week, so join me at GambLou.com to access this week’s UFC 318 releases! Thank you for reading, and enjoy the fights!",2025-07-17,https://vsin.com/mma/ufc-318-poirier-vs-holloway-picks-predictions-and-best-bets/
Pronóstico Dan Ige vs Patricio Pitbull (20/07/25) | UFC 318 / Peso Pluma,"Dan Ige vs Patricio Pitbull: Pronóstico y Apuestas (20/07/25) El Smoothie King Center de Nueva Orleans es el escenario elegido para el próximo UFC 318. Una velada en la que se enfrentarán Dan Ige y Patricio Pitbull en el peso pluma en uno de los combates más interesantes de la noche. Aquí te traigo mi análisis del combate y un pronóstico para que puedas hacer tus apuestas. Mejores cuotas para el combate Dan Ige vs Patricio Pitbull Las cuotas de las casas de apuestas reflejan cierta igualdad entre ambos luchadores, aunque en las últimas horas se están decantando por el estadounidense. La victoria de Dan Ige se paga a una media cercana a 1.50 euros por euro apostado, mientras que el triunfo de Pitbull se halla en torno a 2.65 euros. Creo que es un buen combate para hacer un pronóstico, ya que podemos encontrar cuotas con un valor más que interesante. Comparativa y análisis entre Dan Ige y Patricio Pitbull Dan Ige y Patricio Pitbull presentan perfiles muy similares en peso, pero Ige es ligeramente más alto y tiene una clara ventaja en alcance. Estos datos podrían ser claves en el combate que tendrán ambos en el UFC 318. Pitbull, sin embargo, tiene mucha más experiencia con un récord de 36-8 y más victorias por KO. A sus 38 años, tiene una trayectoria más amplia, mientras que Ige con 33 podría tener cierta ventaja física. | 📊 Estadística | Dan Ige (🇺🇸) | Patricio Pitbull (🇧🇷) | |---|---|---| | 🏆 Récord | 19-9 (6 KOs) | 36-8 (12 KOs) | | 📏 Altura | 1.70 m | 1.68 m | | 🔥 Alcance | 1.80 m | 1.70 m | | ⚖ Peso | 66 kg | 66 kg | | 🎂 Edad | 33 años | 38 años | ¿Cómo llega 👊 Dan Ige a la pelea? Dan Ige llega al UFC 318 tras una sólida victoria por TKO ante Sean Woodson en abril, rompiendo una racha de dos derrotas consecutivas. Aunque el nocaut fue un tanto controvertido por un posible paro prematuro, lo cierto es que Ige estaba dominando claramente el combate en ese momento. Antes había vencido por KO en el primer asalto a Andre Fili y había caído en decisiones reñidas contra Diego Lopes y Lerone Murphy. Su estilo de golpeo y lucha (es cinturón negro en BJJ) le da una gran versatilidad a sus movimientos. A sus 33 años, mantiene una excelente condición física y una gran capacidad de recuperación. Creo que llega muy motivado y en mejor forma que en su último combate, de ahí que los pronósticos de apuestas se decanten a su favor. ¿Cómo llega 👊 Patricio Pitbull a la pelea? Patricio Freire vuelve a disputar un combate en la UFC tras una extensa y exitosa carrera en Bellator. De hecho, fue bicampeón en dos divisiones y acumuló hasta 9 defensas de título. En abril, perdió por decisión unánime en el UFC 314 ante Yair Rodríguez, admitiendo que había ido “demasiado relajado” al combate. Sus estadísticas revelan que pega menos (2.45 golpes por minuto) y recibe más (4.48 golpes por minuto) comparado con Dan Ige. No obstante, posee una gran defensa y experiencia para ajustar su estrategia en función de cómo se vaya desarrollando la pelea. Veremos si es capaz de darle la vuelta a las apuestas a MMA. 5 claves para apostar al combate Dan Ige vs Patricio Pitbull - Ventaja de alcance para Ige. El 1.80 m de alcance que presenta el estadounidense puede marcar diferencias en los intercambios de pie, sobre todo si Ige consigue mantener la distancia con su jab. - Pitbull viene de una derrota en su debut en la UFC. Aunque se trata de toda una leyenda en Bellator, Patricio no convenció en su primera pelea en UFC frente a Yair Rodríguez. Le faltó ritmo y agresividad, lo que me genera dudas sobre su adaptación al octágono. - Edad y desgaste acumulado. Pitbull tiene 38 años y muchas guerras a sus espaldas. Ige, con 33, está en su mejor momento físico y ha peleado contra rivales de élite recientemente, lo que puede influir si la pelea se alarga. - Estilos diferentes. Ige combina el boxeo técnico con la lucha y una defensa muy sólida. Pitbull, en cambio, es más explosivo, con un gran poder de KO pero con menos volumen de golpes. Si no conecta pronto, puede verse superado en ritmo. - Ige llega con una confianza renovada. Su victoria ante Woodson le devolvió a la senda ganadora. Aunque fue polémico, dominó el combate y su motivación puede ser clave en las apuestas online ante un rival que aún no ha ganado en UFC. | Clave | Detalle | |---|---| | 📅 Fecha y lugar | 20 de julio de 2025 en el Smoothie King Center de Nueva Orleans | | 🏆 Títulos en juego | Pelea del UFC 318 en el peso pluma. Toda la información de la velada en nuestra Previa de apuestas a la UFC 318. | | 🛡️ Estilos enfrentados | Dan Ige presenta un estilo más equilibrado (boxeo técnico, defensa y dominio en la lucha). En cambio, Patricio Pitbull Freire es un striker más explosivo, de ritmo intenso y agresividad constante. | | ⏳ Preparación | Dan Ige se ha preparado en Las Vegas para mejorar su boxeo y su lucha. Patricio Freire ha tratado de mejorar su agresividad desde el arranque y corregir sus fallos del debut. | | 📉 Expectativas | Dan Ige parte como favorito, mientras que Patricio busca redimirse de su flojo debut en UFC. Creo que si conectan golpes limpios desde el inicio y mantienen la presión que acostumbran a hacer, veremos un duelo táctico muy interesante. | Pronóstico Dan Ige vs Patricio Pitbull Voy a aprovechar una cuota que considero de mucho valor en bet365, la mejor casa de apuestas para este combate, y que apunta a la victoria de Dan Ige por KO, TKO, descalificación o sumisión. A mi modo de ver, el estadounidense es superior en estos momentos y llega en mejor forma física al combate. Su última victoria le ha dado mucho impulso para preparar este duelo. Patricio Pitbull querrá cambiar la imagen ofrecida en el debut de la UFC, pero no lo veo lo suficientemente preparado para una pelea de este nivel. Otros pronósticos de apuestas a MMA Gráfico del pronosticador 👊 Especialista en MMA Autor tipster",2025-07-17,https://apuestasonline.net/pronosticos/dan-ige-patricio-pitbull-200725/
"UFC 318 pre-event facts: Max Holloway, Dustin Poirier conclude longest trilogy ever","UFC 318 pre-event facts: Max Holloway, Dustin Poirier conclude longest trilogy ever UFC 318 goes down Saturday at Smoothie King Center in New Orleans (ESPN+ pay-per-view, ESPN, ESPN+), and after more than 10 years the octagon returns to Louisiana to honor the career finale of an all-time great. BMF champion Max Holloway (26-8 MMA, 22-8 UFC) will look to spoil the party however when he puts his belt on the line against the retiring Dustin Poirier (30-9 MMA, 22-8 UFC), who is 2-0 in their head-to-head series with victories in 2012 and 2019. They will conclude the trilogy after more than 13 years, marking the longest three-fight stretch between opponents in UFC history. For more on the numbers inside the main event, as well as the rest of the card, check below for MMA Junkie's pre-event facts for UFC 318. Max Holloway vs. Dustin Poirier Max Holloway Holloway is the only fighter in UFC history to win an interim, undisputed and BMF title. Holloway can become the first in history to defend the BMF title. Holloway's knockout at the 4:59 mark of Round 5 at UFC 300 is the latest stoppage in a UFC championship fight (BMF bouts included). Holloway returns to the UFC lightweight division for the third time in his career. He's 1-1 when competing in the weight class. Holloway's total fight time of 8:02:43 in UFC competition is second-most in company history behind Rafael dos Anjos (8:43:19). Holloway's 22 victories in UFC competition are tied for fifth-most in company history behind Jim Miller (27), Charles Oliveira (23), Andrei Arlovski (23) and Donald Cerrone (23). Holloway's 20 victories in UFC featherweight competition are the most in divisional history. Holloway's 11 knockout victories in UFC competition are tied for fourth-most in company history behind Derrick Lewis (16), Matt Brown (13) and Vitor Belfort (12). Holloway's 11 stoppage victories in UFC featherweight competition are the most in divisional history. Holloway's nine knockout victories in UFC featherweight competition are most in divisional history. Holloway's seven third-round stoppage victories in UFC competition are most in company history. Holloway has landed 100 or more significant strikes in 16 separate UFC fights, the most in company history. No other fighter has more than 10 such performances, with Sean Strickland rankings second at nine. Holloway has landed 200 or more significant strikes in three separate UFC fights, the most in company history. Holloway has landed 3,457 significant strikes in UFC competition, the most in company history. Holloway has landed 3,706 total strikes in UFC competition are most in company history. Holloway holds the record for most consecutive UFC fights without being knocked down at 29. His streak was ended by Ilia Topuria at UFC 308. Holloway has absorbed 2,298 significant strikes in UFC competition, the most in company history. Holloway landed 445 significant strikes against Calvin Kattar at UFC on ABC 1, the single-fight UFC record. His 744 significant strike attempts in that bout are also a single-fight record. Holloway landed 447 total strikes at UFC on ABC 1, the single-fight UFC record. The previous high was 361. His 746 total strike attempts are also a single-fight record. Holloway landed 141 significant strikes in Round 4 at UFC on ABC 1, the single-round UFC record. Holloway’s 10 fight-night bonuses for UFC featherweight bouts are second-most in divisional history behind Cub Swanson (11). Dustin Poirier Poirier is one of nine fighters in UFC history to 0-3 in undisputed title fights. Poirier's 22 victories in UFC competition are tied for fifth-most in company history behind Miller (27), Oliveira (23), Arlovski (23) and Cerrone (23). Poirier's 15 stoppage victories in UFC competition are tied for fifth-most in company history behind Oliveira (20), Miller (19), Cerrone (16) and Lewis (16). Poirier's 11 knockout victories in UFC competition are tied for fourth-most in company history behind Lewis (16), Brown (13) and Belfort (12). Poirier's 14 knockdowns landed in UFC competition are tied for fifth-most in company history behind Cerrone (20), Anderson Silva (18), Jeremy Stephens (18) and Edson Barboza (16). Poirier's nine knockout victories in UFC lightweight competition are tied with Drew Dober for most in divisional history. Poirier is the only lightweight in UFC history to land 150 or more significant strikes in three separate fights. Poirier and Dan Hooker combined for 390 total strikes landed at UFC on ESPN 12, the single-fight record for a UFC lightweight bout. Poirier and Holloway combined for 359 significant strikes landed at UFC 236, the single-fight record for a UFC lightweight bout. Their 827 significant strikes attempted is also the single-fight lightweight record. Poirier is one of seven fighters in UFC history to earn two or more submission victories by D’Arce choke. Tony Ferguson, Khamzat Chimaev, Julian Erosa, Vicente Luque, Kevin Holland and Islam Makhachev also accomplished the feat. Poirier has been awarded 15 fight-night bonuses in UFC competition, tied for fourth-most in company history behind Oliveira (19), Cerrone (18) and Nate Diaz (16). Paulo Costa vs. Roman Kopylov Paulo Costa (14-4 MMA, 6-4 UFC) is 1-4 in his past five fights dating back to September 2020. Costa is the only middleweight in UFC history to begin his octagon tenure with four consecutive knockout wins. Roman Kopylov (14-3 MMA, 6-3 UFC) has earned all 12 of his career stoppage victories by knockout. That includes four of his five UFC wins. Kopylov's victory at the 4:59 mark of Round 3 at UFC Fight Night 249 is tied with six fights for the second-latest stoppage in a three-round UFC bout. Ricky Simon holds the record with his win at 5:00 of Round 3 at UFC Fight Night 128. Kevin Holland vs. Daniel Rodriguez Kevin Holland (28-13 MMA, 15-10 UFC) becomes the first fighter to make four UFC appearances in 2025. He's 2-1 this year. Holland is 6-3 since he dropped to the UFC welterweight division in March 2022. Daniel Rodriguez (19-5 MMA, 9-4 UFC) lands 7.47 significant strikes per minute in UFC welterweight competition, the highest rate in divisional history. Dan Ige vs. Patricio Freire Dan Ige (19-9 MMA, 11-8 UFC) is one of two featherweights in UFC/WEC combined history to earn multiple knockout wins in less than one minute. Chan Sung Jung also accomplished the feat. Patricio Freire (36-8 MMA, 0-1 UFC) is one of three fighters in Bellator history to have three separate title reigns in a single weight class. Michael Chandler and Douglas Lima also accomplished the feat. Freire, a former lightweight champion, is the only fighter in Bellator history with four separate championship reigns. Freire is one of two simultaneous two-division champions in Bellator history. Ryan Bader also accomplished the feat. Freire is one of three fighters in Bellator history to win titles in two weight classes. Bader and Joe Warren also accomplished the feat. Freire had the most fights (30), victories (24) and stoppage victories (15) in the history of the now-defunct Bellator organization. Freire competed in the most title fights (18) and earned the most title fight victories (15) in Bellator history. Michael Johnson vs. Daniel Zellhuber Michael Johnson (23-19 MMA, 15-15 UFC) competes in his 27th UFC lightweight bout, tied for third-most appearances in divisional history behind Miller (43) and Clay Guida (30). Johnson is 4-5 since he returned to the lightweight division in October 2019. Johnson’s 12 knockdowns landed in UFC lightweight competition are second-most in divisional history behind Melvin Guillard (13). Kyler Phillips vs. Vinicius Oliveira Kyler Phillips (12-3 MMA, 6-2 UFC) is one of 12 fighters in UFC history to earn a triangle/armbar submission victory. He accomplished the feat at UFC 271. Marvin Vettori vs. Brendan Allen Marvin Vettori (19-8-1 MMA, 9-6-1 UFC) enters the event on the first losing skid of his career. Vettori's average fight time of 16:55 in UFC middleweight competition is third-longest in divisional history behind Sean Strickland (18:11) and Israel Adesanya (17:09). Vettori and Jared Cannonier combined for 394 significant strikes landed at UFC on ESPN 47, the single-fight record for a UFC middleweight bout. Vettori is one of four fighters to land 11 or more takedowns in a UFC middleweight bout. He accomplished the feat at UFC on ABC 2. Brendan Allen's (24-7 MMA, 12-4 UFC) six submission victories in UFC middleweight competition are second-most in divisional history behind Gerald Meerschaert (11). Allen's six submission victories by rear-naked choke in UFC competition are tied for fourth-most in company history behind Demian Maia (nine), Kenny Florian (seven) and Michael Chiesa (seven). Jimmy Crute vs. Marcin Prachnio Jimmy Crute's (12-4-2 MMA, 4-4-2 UFC) five-fight winless skid is the longest of his career. He hasn't earned a victory since October 2020. Crute is one of seven fighters in history to fight to multiple draws in UFC competition. Crute completes 52.8 percent of his takedown attempts in UFC light heavyweight competition, the third-best rate in divisional history behind Lyoto Machida (65 percent) and Vitor Petrino (57.1 percent). Crute is one of five fighters in UFC history to earn multiple submission victories by kimura. Krzysztof Soszynski, Rani Yahya, Frank Mir and George Sotiropoulos also accomplished the feat. Crute's victory at the 4:51 mark of Round 3 at UFC Fight Night 142 is the second latest finish in a three-round UFC light heavyweight fight behind Paul Craig's win at 4:59 of Round 3 at UFC Fight Night 127. Marcin Prachnio (17-8 MMA, 4-6 UFC) is one of four light heavyweights in UFC history to earn a knockout stemming from a body kick. Tyson Pedro, Jan Blachowicz and Rich Franklin also accomplished the feat. Brunno Ferreira vs. Jackson McVey Brunno Ferreira (13-2 MMA, 4-2 UFC) is one of eight fighters in UFC history to earn a knockout stemming from a spinning back elbow. He accomplished the feat at UFC on ESPN 57. Ferreira's four stoppage victories since 2023 in UFC competition are tied for second-most among active fighters in the company behind Jean Silva (five). UFC research analyst and live statistics producer Michael Carroll contributed to this story. Follow him on X @MJCflipdascript.",2025-07-15,https://mmajunkie.usatoday.com/story/sports/ufc/2025/07/15/ufc-318-pre-event-facts-max-holloway-dustin-poirier-longest-trilogy-ever/85062614007/
"Dan Ige vs Patricio Pitbull: Odds, Analysis & Pick","Dan Ige vs Patricio Pitbull Fight Analysis Event Overview Mark your calendars for UFC 318: Holloway vs Poirier 3, taking place at the Smoothie King Center in New Orleans, Louisiana. The featherweight showdown between Dan Ige and Patricio “Pitbull” Freire is slated for July 20, 2025, with the main card officially kicking off at 02:00 UTC (approximately 10:00 PM ET on July 19). This non-title bout is positioned on the Main Card, offering fans an explosive clash before the highly anticipated trilogy headliner between Max Holloway and Dustin Poirier. Preview of the Contenders - Dan Ige (19–9–0) enters this matchup as the favorite, currently listed around -180 on BetRivers. The American, ranked #12 in the featherweight division, has built his UFC resume on a blend of crisp striking and relentless pace. With 7 knockouts, 5 submissions, and an average fight time of just under 13 minutes, Ige has proven himself more than capable of top-15 competition. - Patricio “Pitbull” Freire (36–8–0) makes his UFC debut fresh off a storied Cage Warriors and Bellator career, where he amassed 12 knockouts, 12 submissions, and held championship gold in multiple weight classes. Despite his legendary status, he enters as the underdog, trading around +140 on DraftKings (also seeing odds near +130 on BetOnline.ag and +125 at Caesars). At 37 years old, “Pitbull” brings a veteran’s savvy and unorthodox guard—he boasts an impressive sluggers’ resume but will need to navigate Ige’s youth and UFC-caliber striking. Key Storylines - Striking vs. Striking Both fighters are known for their precise stand-up. Ige’s 46% significant strike accuracy and forward pressure will clash with Patricio’s more measured approach, landing at 41% accuracy but compensating with heavy power and unpredictable angles. - Experience in the Cage While Ige has logged 28 UFC rounds against top 15 foes, this marks Pitbull’s UFC debut. The Brazilian’s championship pedigree in Bellator cannot be understated, but adjusting to the Octagon’s nuances poses a legitimate question. - Cardio and Durability Ige’s average fight time of 12:42 suggests he often pushes the pace early, whereas Pitbull’s 16:20 average and 12 first-round finishes hint at finishing instincts but also potential gas tank concerns in deeper waters. Why This Matters This bout blends the UFC’s youthful hunger with a legendary career’s twilight chapter. Ige looks to cement his place among the division’s elite, while Patricio Pitbull aims to remind the MMA world why he’s considered one of the greatest featherweights ever. Bettors will weigh Ige’s proven UFC track record and home-field energy against Pitbull’s veteran craft and knockout power. As the opening salvo of the main card, Dan Ige vs Patricio Pitbull promises fireworks, and with the lines favoring Ige, savvy gamblers will be eyeing potential value on the Brazilian dynamo. Whether you’re here for the stats or the spectacle, this matchup is set to deliver. Live odds Live and historic odds as well as more fighter statistics and insights for Dan Ige vs Patricio Pitbull can be found on the fighter matchup page. All the fighter matchups and live odds for Holloway vs Poirier 3 can be found on the Holloway vs Poirier 3 event page. Matchup Breakdown and Fighter Profiles Dan Ige – The #12 Contender Age: 33 Country: United States 🇺🇸 Fighting Style: Brazilian Jiu-Jitsu base with heavy boxing and relentless forward pace Record: 19–9–0 UFC Debut: Jul. 25, 2017 Recent Form (Last 5 Fights) - Win vs. Sean Woodson (KO/TKO, Round 3 – Apr. 12, 2025) - Loss vs. Lerone Murphy (Decision – Unanimous – Oct. 26, 2024) - Loss vs. Diego Lopes (Decision – Unanimous – Jun. 29, 2024) - Win vs. Andre Fili (KO/TKO, Round 1 – Feb. 10, 2024) - Loss vs. Bryce Mitchell (Decision – Unanimous – Sep. 23, 2023) Ige enters this bout 2–3 in his last five, alternating electrifying knockout finishes with hard-fought decision defeats. He’s lethal when the pace is fast, but has struggled with elusive, unorthodox strikers and crafty counter-punchers. Strengths - Striking Accuracy (46%): Lands nearly half of his significant strikes, using volume to overwhelm opponents. - KO Power & Finishing Instincts: 7 knockouts and 7 first-round finishes point to dangerous early offense. - Cardio & Pressure: Averages just 12:42 per outing, often setting a punishing pace that tests opponents’ gas tanks. Weaknesses - Takedown Defense (58%): Vulnerable against wrestlers—opponents like Lerone Murphy exploited his grappling in their decision win. - Decision Losses: Three unanimous decision defeats in five fights suggest trouble adapting when the striking exchanges slow. - Chin Durability: While resilient, he’s been dropped and controlled against high-level strikers (e.g., Diego Lopes). Patricio “Pitbull” Freire – The Legendary Underdog Age: 37 Country: Brazil 🇧🇷 Fighting Style: Well-rounded MMA with elite wrestling defense and devastating ground submissions Record: 36–8–0 UFC Debut: Apr. 12, 2025 Recent Form (Last 1 UFC Fight, plus Bellator legacy) - Loss vs. Yair Rodriguez (Decision – Unanimous – Apr. 12, 2025) Coming off his UFC debut defeat, “Pitbull” has otherwise dominated Bellator for over a decade, amassing multiple titles and first-round finishes. The lone UFC blemish came against the lightning-fast Rodriguez, exposing him to high-volume striking. Strengths - Takedown Defense (89%): One of the best in MMA—difficult to wrestle down, forcing opponents into striking exchanges. - Finishing Versatility: 12 KOs, 12 submissions; can end the fight anywhere. - Experience & Fight IQ: Over 40 world-class bouts; excels at mid-fight adjustments and grappling scrambles. Weaknesses - Striking Accuracy (41%): Less efficient on the feet, landing two-of-five significant strikes attempted. - Age & Pace: At 37, cardio in later rounds and recovery between bursts could be tested by a high-output foe. - Takedown Offense (20%): Rarely initiates ground offense, relying instead on defense and opportunistic counters. Head-to-Head Dynamics - Striking Duel: Ige’s volume punching vs. Pitbull’s power and counter-striking. - Grappling Exchange: Pitbull’s elite takedown defense against Ige’s 26% takedown accuracy—likely a stalemate unless Ige adjusts. - Cardio Test: Ige thrives on pace; Pitbull’s championship rounds experience could neutralize late-fight pressure. This fight is a classic clash of youthful aggression against veteran savvy. Dan Ige will look to bully “Pitbull” with continuous offense, while Patricio aims to weather the storm, set traps, and capitalize on any defensive lapses. Bettors and fans should watch for whether Ige can break through that 89% takedown defense or if Pitbull can drag the fight into deeper waters and exploit age-related wear. Betting Odds & Line Movement Current Betting Odds - Dan Ige (Favorite): −180 on BetRivers - Patricio “Pitbull” Freire (Underdog): +140 on DraftKings, +130 on BetOnline.ag, +125 at Caesars Dan Ige’s lone available line at BetRivers shows him as a solid favorite, requiring a $180 stake to win $100. Patricio “Pitbull” Freire enters as the clear underdog, with DraftKings offering the most generous +140 odds. If you’re shopping for value on the upset, DraftKings currently presents the best return. For bettors siding with Ige, BetRivers is your go-to site. Line Movement & Historical Swings - Patricio Pitbull (DraftKings): • July 4: +110 → July 7: +140 • A substantial drift of 30 points in three days, signaling heavy action on Dan Ige or fading support for the Brazilian veteran. - Patricio Pitbull (BetOnline.ag): • July 4 (14:10): +170 → July 4 (16:00): +165 → July 5 (03:30): +155 → July 5 (06:19): +150 → July 5 (11:40): +105 → July 7: +130 • Notable volatility, especially the sharp drop to +105, then a reversal back to +130, suggesting late money on both sides. - Patricio Pitbull (Caesars): • Posted at +125 as of July 7 with minimal movement. - Dan Ige (BetRivers): • July 5: −175 → July 7: −180 • A modest shift reinforcing his status as the favorite, with bettors steadily backing Ige. Overall, Pitbull’s odds have fluctuated wildly, reflecting uncertainty among sportsbooks and bettors alike. Ige’s line has crept slightly more negative, pointing to consistent support for the American. $1,000 Bet Outcomes & Implied Chances - Bet on Dan Ige at −180 (BetRivers): • Wager: $1,000 → Profit: $556 → Total Return: $1,556 • Implied Win Probability: ~64% - Bet on Patricio Pitbull at +140 (DraftKings): • Wager: $1,000 → Profit: $1,400 → Total Return: $2,400 • Implied Win Probability: ~42% Best Sportsbook to Use - For Ige bettors: BetRivers offers the only available line (−180)—lock it in early before further movement. - For Pitbull backers: DraftKings’ +140 is the sharpest dog price on the board, providing maximum upside on an underdog play. Why This Matters Tracking line movement can reveal where sharp money is going. The dramatic swings on Pitbull indicate both heavy betting and rapid reaction to news—perhaps Ige’s rising stock after his KO of Sean Woodson or concerns over Pitbull’s UFC debut loss. If you believe “Pitbull” still carries elite finishing power and championship experience, striking at +140 could yield a lucrative payday. Conversely, if you trust Ige’s proven UFC track record and home-field energy, −180 still represents a solid favorite price, especially if that line drifts further north as fight night approaches. AI Pick: Dan Ige Click the buttons below to read more about why the AI picked Dan Ige, or see all the AI picks for Holloway vs Poirier 3. Our AI is trained on our fight data and picks winners for every fight. You can track all the picks, accuracy, and profit for free on our ai-picks page.",2025-07-07,https://www.ufcbetcompanion.com/event-fighter/3940-Dan%20Ige%20vs%20Patricio%20Pitbull/fight-analysis/2389
UFC 318: Patricio Freire gets sophomore assignment vs. Dan Ige in New Orleans,"Ask and you shall receive. It looks like the UFC heard Dan Ige's recent callout and obliged, booking him against former two-division Bellator champion Patricio Freire for UFC 318 – a pay-per-view event that's set to go down July 19 at Smoothie King Center in New Orleans. MMA Junkie confirmed the news with two sources following a report from Super Lutas on Tuesday. Both Ige (19-9 MMA, 11-8 UFC) and Freire (36-8 MMA, 0-1 UFC) fought at UFC 314 in April in different bouts. Ige stopped fellow veteran Sean Woodson, while Freire lost his UFC debut in a unanimous decision against Yair Rodriguez. With the victory, Ige was able to snap a two-fight losing skid that had him dropping decisions against top contenders Diego Lopes and Lerone Murphy. On the other hand, Freire, who's arguably the most successful fighter in Bellator history, fell into a 1-3 rut. Prior to debuting for the UFC, ""Pitbull"" stopped Jeremy Kennedy and lost to Chihiro Suzuki and Sergio Pettis. Current UFC 318 lineup Max Holloway vs. Dustin Poirier Brendan Allen vs. Marvin Vettori Islam Dulatov vs. Adam Fugitt Amanda Ribas vs. Tabatha Ricci Patricio Freire vs. Dan Ige Ikram Aliskerov vs. Brunno Ferreira Neil Magny vs. Gunnar Nelson Vinicius Oliveira vs. Kyler Phillips Nicolle Caliari vs. Carli Judice Jimmy Crute vs. Marcin Prachnio Francisco Prado vs. Nikolay Veretennikov Ateba Gautier vs. Robert Valentin This article originally appeared on MMA Junkie: Dan Ige vs. Patricio Freire added to UFC 318 in New Orleans",2025-06-04,https://sports.yahoo.com/article/ufc-318-patricio-freire-gets-010634287.html?fr=sycsrp_catchall
Patricio 'Pitbull' reportedly booked for second chance at first UFC win against featherweight fan favorite,"Former Bellator champion Patricio ‘Pitbull’ will reportedly face a surging featherweight star who recently called him out. Patricio ‘Pitbull’ Freire will get the second chance at making a great first impression on UFC fans when he returns to the Octagon later this summer. Pitbull’s UFC 314 promotional debut fell short against former title challenger Yair Rodríguez by unanimous decision. The loss snapped a four-fight featherweight unbeaten streak, stemming from his Bellator rematch victory over AJ McKee at Bellator 277. After a tumultuous contract dispute with the PFL, Pitbull requested and was granted his release, leading to the all-time great signing with the UFC. While his UFC 314 debut was a formidable test, Pitbull’s second UFC shot isn’t a significant drop in competition. - READ MORE: Conor McGregor and Michael Chandler’s Dublin press conference cancellation spelled doom for UFC 303 Patricio ‘Pitbull’ set to potentially avenge UFC debut loss with second Octagon appearance As reported on Tuesday, Pitbull will reportedly face UFC featherweight contender Dan Ige at UFC 318 in Chicago. Brazilian MMA journalist Léo Guimaraes was the first to report the news of the Pitbull vs. Ige booking. Ige returns to the Octagon after defeating Sean Woodson by controversial TKO at UFC 314. The win snapped a recent skid of losses in three of his previous four fights, including his hours’ notice defeat to Diego Lopes at UFC 303. Ige is looking to get back into the featherweight title mix after recent victories against the likes of Nate Landwehr, Damon Jackson, and Andre Fili. The featherweight mainstay has developed into a UFC fan favorite since his appearance on Dana White’s Contender Series in 2017. After his controversial win at UFC 314, Ige called out Pitbull for his next fight, praising the former Bellator two-division champion as a ‘legend’ in MMA. At the time of his Bellator departure, Pitbull was widely regarded as the greatest fighter in the promotion’s history. Alexander Volkanovski rumored to face familiar foe for next featherweight title defense If the Pitbull vs. Ige fight comes to fruition, the featherweight matchup will take place at a time of uncertainty atop the division. UFC featherweight champion Alexander Volkanovski was originally expected to face Movsar Evloev after UFC 314, but the UFC reportedly has other plans for the undefeated Evloev’s next fight. Rumors are spreading that Volkanovski will face Rodriguez for the first title defense of his second featherweight title reign later this year. Volkanovski finished Rodriguez in a featherweight title unification bout at UFC 290. A matchup between Jean Silva and Lopes is also rumored for later this year, although nothing has been reported as of this writing. Silva called for a title shot after his finish against Bryce Mitchell at UFC 314. Pitbull has the chance to catapult back into the featherweight title mix with an impressive performance against Ige.",2025-06-03,https://bloodyelbow.com/2025/06/03/patricio-pitbull-reportedly-booked-for-second-chance-at-first-ufc-win-against-featherweight-fan-favorite/
"Kevin Holland vs Daniel Rodriguez Pick, 07/19/2025 Predictions UFC 318 Odds","Kevin Holland vs Daniel Rodriguez Pick, 07/19/2025 Predictions UFC 318 Odds Kevin Holland vs Daniel Rodriguez UFC 318 Smoothie King Center in New Orleans Saturday, July 19, 2025 Kevin Holland will enter the Octagon with Daniel Rodriguez at UFC 318 on Saturday, July 19, 2025. The moneyline has Holland coming in at -442 while Rodriguez is priced at +351. Kevin ""Trailblazer"" Holland will be looking to add a win to his career record of 28-13-0 (1 NC). The 32-year-old records a weight of 170 lbs and stands 6'3"". The orthodox fighter has a wingspan of 81"". Daniel ""D-Rod"" Rodriguez comes in at 6'1"" and steps on the scale at 170 lbs. The southpaw fighter walks into the Octagon with a record of 19-5-0. The 38-year-old reaches 74"". Regarding significant strikes, Kevin Holland lands 4.24 per min and Daniel Rodriguez connects on 7.39 significant strikes per min. Holland is connecting on 50% of the significant strikes he attempts and Rodriguez connects on 48%. When it comes to defending in the Octagon, ""Trailblazer"" allows 3.11 significant strikes per min while ""D-Rod"" takes 5.39. Holland also thwarts 50% of the significant strikes his opponents attempt and Rodriguez stops 57% of the strikes thrown in his direction. | UFC 318 | Kevin Holland | Daniel Rodriguez | |---|---|---| | Opening Odds | -442 | +351 | | Record | 28-13-0 (1 NC) | 19-5-0 | | Average Fight Time | 10:19 | 11:36 | | Height | 6'3"" | 6'1"" | | Weight | 170 lbs | 170 lbs | | Reach | 81"" | 74"" | | Strikes Landed Per Minute | 4.24 | 7.39 | | Striking Accuracy | 50% | 48% | Concerning grappling, Kevin Holland is averaging more takedowns in the cage as he takes his opponents to the canvas 0.81 times per 15 min. Holland is scoring a takedown on 39% of his attempts and is stuffing 55% of the takedowns his opponents try. Rodriguez is finishing his takedowns on 54% of the takedowns he tries and stuffing 63% of all takedowns attempted by his opposition. Regarding going for the sub, Holland is the more skilled of the two fighters by trying 0.6 finishes per 3 rounds while Rodriguez looks to get 0.1 finishes per 15 min. Get all of our UFC Expert Picks In his previous bout, Kevin Holland went up against Vicente Luque and took home the victory by way of an anaconda choke in round 2. Luque ended up landing 24 of 46 total strikes that he let go in that contest. Holland walked away from this fight having landed 44 of 78 total strikes. In the significant strikes category, Luque landed 24 of 46, giving him a percentage of 52%. He landed 14 of 32 significant strikes aimed at the head. On the other side, Holland landed 54% of his significant strikes by sticking 40 of 74. Out of those significant strikes, he landed 25 of 58 to the head. 100% of the significant strikes landed by Luque and 65% of them connected on by Holland were tallied at a distance. In the last fight for Daniel Rodriguez, he fought Santiago Ponzinibbio and wound up getting the victory by a punch to the head in round 3. Ponzinibbio ended up connecting on 100% of his significant strikes at distance and Rodriguez connected on 96% of his significant strikes at distance. Rodriguez ended up landing 39% of his significant strikes attempted by landing 66 of 166. He landed 39 of 131 significant strikes aimed at the head. Ponzinibbio ended up connecting on 49 of 111 significant strikes in that fight. Looking at the significant strike accuracy, he connected on 31 of 83 aimed at the head. In relation to total strikes attempted in that contest, Ponzinibbio landed 50 of 115 and Rodriguez connected on 70 of 170 of all the strikes he threw. Other fights to watch out for Another fight that you're going to want to watch is when Dan Ige faces off against Patricio Freire. Ige will be looking to add a win to his record of 19-9-0. The 33-year-old is weighing in at 145 lbs and stands in at 5'7"". The orthodox fighter stretches 71"". Freire stands in at 5'6"" and steps on the scale at 145 lbs. The orthodox fighter looks to add a victory to his total of 36-8-0. The 38-year-old extends his reach 67"". In terms of takedowns, Dan Ige scores a takedown 0.94 times per 15 min and Patricio Freire takes his opponents to the canvas 0.69 times per 3 rounds. When it comes to striking, Ige is connecting on 3.67 strikes per minute and connects on 45% out of all the strikes he attempts. On the other side of the cage you've got Patricio Freire, who is landing 40% of the strikes he attempts and connects on 2.45 per min. Another must see fight on the night is when Daniel Zellhuber is set to square up against Michael Johnson. Johnson steps into the Octagon holding a record of 24-19-0. The 39-year-old weighs 155 lbs and stands in at 5'10"". The southpaw fighter has an arm span of 73"". Zellhuber stands in at 6'1"" and records a weight of 155 lbs. The switch fighter walks into the cage with a record of 15-2-0. The 26-year-old has a wingspan of 77"". Regarding wrestling, Michael Johnson is able to thwart 81% of his opponents' takedown attempts and is finishing his takedown attempts on 40% of the times he tries. Zellhuber is finishing his takedowns on 25% of the attempts he tries and is able to defend against 94% of all takedown attempts. In the matter of striking, Johnson is absorbing 3.80 strikes per min while he dishes out 4.23 strikes per min. Zellhuber, on the other hand, absorbs 6.02 strikes/minute and is dealing 6.26 per minute. Who will win tonight's UFC match against the spread? Josh Schonwald's Pick: Take Kevin Holland (-442) Get $60 worth of FREE premium member picks. No Obligation. No Salesman. No Credit Card. Fast Sign up with Instant Access Click Here Get all of Today's Free UFC Picks Get all of Today's Expert UFC Picks Most Recent UFC Picks - Dan Ige vs Patricio Freire Pick, 07/19/2025 Predictions UFC 318 Odds - Jimmy Crute vs Marcin Prachnio Pick, 07/19/2025 Predictions UFC 318 Odds - Kevin Holland vs Daniel Rodriguez Pick, 07/19/2025 Predictions UFC 318 Odds - Kyler Phillips vs Vinicius Oliveira Pick, 07/19/2025 Predictions UFC 318 Odds - Michael Johnson vs Daniel Zellhuber Pick, 07/19/2025 Predictions UFC 318 Odds - Francisco Prado vs Nikolay Veretennikov Pick, 07/19/2025 Predictions UFC 318 Odds - Carli Judice vs Nicolle Caliari Pick, 07/19/2025 Predictions UFC 318 Odds - Max Holloway vs Dustin Poirier Pick, 07/19/2025 Predictions UFC 318 Odds - Ryan Spann vs Lukasz Brzeski Pick, 07/19/2025 Predictions UFC 318 Odds - Adam Fugitt vs Islam Dulatov Pick, 07/19/2025 Predictions UFC 318 Odds",2025-07-15,https://www.docsports.com/free-picks/ufc/2025/kevin-holland-vs-daniel-rodriguez-pick-07-19-2025-predictions-ufc-318-odds.html
"UFC 318 Poirier vs. Holloway: Picks, Predictions and Best Bets","UFC 318 Poirier vs. Holloway Predictions: New Orleans is the location for this week’s UFC 318, a PPV event featuring 14 bouts with early preliminary action beginning at 3:15 p.m. PT, prelims kick off at 5 p.m. PT, then the PPV portion of the event drops at 7 p.m. PT. A large 30-foot octagon and a house full of overserved swamp rats will cheer for the local athletes, of which Dustin Poirier is one of only two Louisiana natives on the card. Of the 14 fights, nine take place at welterweight (170 pounds) or above. Of those nine, eight are placed in the prelims of this card, so violence begins early and runs throughout the slate! Again, this week we have some ‘mature’ athletes hitting the cage. The UFC is offering us seven bouts where the age difference exceeds five years. As discussed last week, the fact that younger athletes, particularly in matchups where they are also taller and have longer limb reach over their opponents, hold an abnormal advantage, especially if the fight plays out on the feet. Last week, eight of nine younger fighters facing older competitors earned victory, with the only exception being Derrick Lewis, who arrived with an advantage in experience and level of competition faced. It pays to undertake the appropriate due diligence when assessing these bouts. The Favorite/Dog count for last week was 8-4, making favorites 65.2% in 2025. Last week’s release of Stevie Garcia parlayed to Morgan Charriere won 1.58u, making digital results for 2025: 14-16 -2.32u Let’s fight! Dustin Poirier +105 vs. Max Holloway -125 Lightweight (155 pounds) main event Trilogy fight This fight is for the ‘BMF’ title that the UFC created some years ago. Further, this fight is the third between these two men, with Poirier, a Louisiana native, having won the first two bouts, the first in dominant fashion when Max debuted in the UFC and took the fight on oh so short notice, and the second, for the lightweight title in 2019 when Poirier won in a close decision. Poirier opened -150 for this fight, but he has now been bet into the underdog position while money has come in on his opponent. Many fight investors are wary when athletes announce retirement before a fight. I believe this has much to do with the line movement in this fight. Poirier is a black belt in BJJ with dynamic boxing credentials. He is the former lightweight interim champion who has competed against the elite of this division for several years. Poirier will be the older athlete, the shorter athlete, and the athlete with a deficit in arm/leg reach. That, along with the retirement announcement, help explain why this line has been ebbing toward Holloway. Poirier packs profuse power in his strikes/kicks. He is a formidable wrestler and has great durability and cardio. He takes this challenge after realizing a 1-2 record over the last couple of years losing to Justin Gaethje via finish as well Islam Makhachev in the same manner. Poirier is a pressure fighter. He will look to force Holloway backwards in this fight, keep him on his heels and attack the longer, taller man with the formidable power of his striking/kicking. It is inside the pocket, pressed against the fence, and in a toe-to-toe confrontation that Poirier will hold his greatest advantage. His strength and unrelenting forward pressure work in his favor. Max Holloway, the current ‘BMF’ title holder, gives Poirier, a former BMF titleholder, the opportunity to retire with that BMF belt. Make no mistake, Holloway is not doing this for Poirier. He’s doing this to destroy Poirier in this third fight and ride off with a win, the BMF belt, and a future championship bout in this lightweight division. Holloway, 33, has fully evolved into the lightweight frame, and he retains his snap, quickness, and his fleet-footed ability, all while enhancing the power/effectiveness of his strikes. Except for his last battle against Topuria, Holloway has been able to evade incoming power punches and land counters off the aggression of opponents, then attack once the incoming opponent is harmed. Holloway’s height, reach and length (arms/legs) position him advantageously in this brawl while it remains standing. Holloway’s significant strike differential per five minutes of fight time stands at +2.4, while Poirier’s ratio stands +.97 significant strikes landed per round. What this highlights is the activity and volume of Max while also displaying the lower volume, higher impact/power of Poirier. Once the bell for round one rings, I expect each man to begin to try to systematically beat the other man down. These men have a total of six rounds against each other in prior competition, so I envision few surprises or new twists. I envision two proud, stubborn warriors, each hunting to incapacitate the other. Poirier has the more daunting task because when these two last tangled, Poirier was 31 while Max was 28. Now 36 and on the shelf since June of last year, Poirier prepares for a final confrontation that will take his best effort to win. Holloway does not enter this battle unscathed! He arrives off a devastating KO at the hands of Ilya Topuria last year in October, so each man enters this battle off a damaging loss. Two forceful, proud, world-class fighters who are as capable mentally as they are physically, men who are intimately familiar with each other, will meet in the middle of a 30-foot cage this Saturday in New Orleans to determine which warrior walks out of the cage with the BMF belt. In my estimation, this is an ultimate competition and one that may not make it to the final bell! What more could we ask for in a main event? Total in this fight: 4.5 Rds Over -140 Roman Kopylov -250 vs. Paulo Costa +220 Middleweight (185 pounds) co-main event Roman Kopylov, ranked 14th in the division, is a Russian striker with a deep background in combat sambo. Kopylov arrives at this fight having earned victory in his last two in a row, pushing his UFC tally to 6-3. His loss two fights ago to legitimate top-10middleweight Fluffy Hernandez is the only thing preventing Kopylov from entering the top 10 of this division. In this fight, he enters with a slight reach advantage and a negligible significant strike differential. Yes, Kopylov accepts just as many significant strikes as he unleashes. Kopylov is skilled in wrestling/grappling, but he utilizes that skill only when necessary, preferring instead to use his height and reach to deploy his striking offense against opponents. Thirteenth-ranked Brazilian hotwire Paulo Costa has a size/athletic advantage over Kopylov in this fight, besides being the more explosive combatant. Costa is the more experienced fighter because he has competed against numerous top-ranked adversaries. The brazen Brazilian is a paltry 1-4 in his last several UFC competitions, albeit against elite competition within the division. Costa’s performances sway between confounding and impressive based on nothing that I have been able to detect or handicap. Costa is a true pariah. When mentally/physically prepared to fight for a full three rounds, Costa may be regarded as a legitimate top 10 talent in the division. The issue with Costa is his lack of appropriate mental preparation, his inconsistent focus, and his fleeting fortitude. Costa enjoys all aspects of life that tend to corrode elite fighting talent. What he has shown a propensity to detest are stringent training, mental discipline, and innate confidence. What is certain is that Kopylov enters this fight prepared to do anything he can to steal Costa’s reputation and ranking. What is not certain (in this or any other battle, for that matter) is the mental condition and physical conditioning of Costa entering this fight. For this reason, I will choose to watch this bout because there is no way to trust the approach in this or any fight from Paolo Costa. Total in this fight: 2.5 Rds. Over -200 That total indicates Costa’s competence, something I am unwilling to invest in. Dan Ige -175 vs. Patricio ‘Pitbull’ Freire +145 Featherweight (145 pounds) Freire, ‘Pitbull’ as he is nicknamed, is a 38 year old legend of mixed martial arts who never had the chance to compete in the UFC until his last fight where they presented him a taller, longer, younger, ranked opponent in number three ranked featherweight Yair Rodriguez who made Pitbull look his age in a unanimous decision loss. Now, Pitbull turns it around just 12 weeks after that one-sided decision loss to Rodriguez. Pitbull is a warrior, and if given the chance to compete in the UFC six years ago, he would have been able to display his world-class talent and, without doubt, would have competed for a title. But at this age, and after the attrition he has incurred from a lifetime of mixed martial arts, his skills are waning, his reaction time is slowing, and his ability to navigate in front of larger, younger men is waning. Pitbull’s opponent for this bout is none other than 11th-ranked Dan Ige, who notably took the fight last summer against Diego Lopes on hours’ notice and fought an excellent fight in losing a decision. Ige is afforded advantages in this fight that he rarely realizes. He is five years younger, an inch taller, and he holds a six-inch reach advantage. Add to that the fact that Ige has been set back each time he fights an elite top ten talent and we have the recipe for a focused, driven Dan Ige who is prepared to utilize his physical advantages as well as his youth and quickness to further expose the proud aged Pitbull in a fight that I see going to decision. Ige -175 is the favorite in this fight, and I must say this price is very affordable given the dynamics of this fight. UFC 318 Best Bet: Dan Ige -175* *I’ll use Ige -175 as the first leg of a parlay and pair him with a fighter from next week’s slate, Da’Mon Blackshear -258, who battles England’s Davey Grant at UFC Abu Dhabi This one-unit investment returns 1.19u Total in this fight 2.5 Rds over -280 Friday midday, the ‘Bout Business Podcast drops. We are coming off a 5-0 weekend last week, so join me at GambLou.com to access this week’s UFC 318 releases! Thank you for reading, and enjoy the fights!",2025-07-17,https://vsin.com/mma/ufc-318-poirier-vs-holloway-picks-predictions-and-best-bets/
Pronóstico Dan Ige vs Patricio Pitbull (20/07/25) | UFC 318 / Peso Pluma,"Dan Ige vs Patricio Pitbull: Pronóstico y Apuestas (20/07/25) El Smoothie King Center de Nueva Orleans es el escenario elegido para el próximo UFC 318. Una velada en la que se enfrentarán Dan Ige y Patricio Pitbull en el peso pluma en uno de los combates más interesantes de la noche. Aquí te traigo mi análisis del combate y un pronóstico para que puedas hacer tus apuestas. Mejores cuotas para el combate Dan Ige vs Patricio Pitbull Las cuotas de las casas de apuestas reflejan cierta igualdad entre ambos luchadores, aunque en las últimas horas se están decantando por el estadounidense. La victoria de Dan Ige se paga a una media cercana a 1.50 euros por euro apostado, mientras que el triunfo de Pitbull se halla en torno a 2.65 euros. Creo que es un buen combate para hacer un pronóstico, ya que podemos encontrar cuotas con un valor más que interesante. Comparativa y análisis entre Dan Ige y Patricio Pitbull Dan Ige y Patricio Pitbull presentan perfiles muy similares en peso, pero Ige es ligeramente más alto y tiene una clara ventaja en alcance. Estos datos podrían ser claves en el combate que tendrán ambos en el UFC 318. Pitbull, sin embargo, tiene mucha más experiencia con un récord de 36-8 y más victorias por KO. A sus 38 años, tiene una trayectoria más amplia, mientras que Ige con 33 podría tener cierta ventaja física. | 📊 Estadística | Dan Ige (🇺🇸) | Patricio Pitbull (🇧🇷) | |---|---|---| | 🏆 Récord | 19-9 (6 KOs) | 36-8 (12 KOs) | | 📏 Altura | 1.70 m | 1.68 m | | 🔥 Alcance | 1.80 m | 1.70 m | | ⚖ Peso | 66 kg | 66 kg | | 🎂 Edad | 33 años | 38 años | ¿Cómo llega 👊 Dan Ige a la pelea? Dan Ige llega al UFC 318 tras una sólida victoria por TKO ante Sean Woodson en abril, rompiendo una racha de dos derrotas consecutivas. Aunque el nocaut fue un tanto controvertido por un posible paro prematuro, lo cierto es que Ige estaba dominando claramente el combate en ese momento. Antes había vencido por KO en el primer asalto a Andre Fili y había caído en decisiones reñidas contra Diego Lopes y Lerone Murphy. Su estilo de golpeo y lucha (es cinturón negro en BJJ) le da una gran versatilidad a sus movimientos. A sus 33 años, mantiene una excelente condición física y una gran capacidad de recuperación. Creo que llega muy motivado y en mejor forma que en su último combate, de ahí que los pronósticos de apuestas se decanten a su favor. ¿Cómo llega 👊 Patricio Pitbull a la pelea? Patricio Freire vuelve a disputar un combate en la UFC tras una extensa y exitosa carrera en Bellator. De hecho, fue bicampeón en dos divisiones y acumuló hasta 9 defensas de título. En abril, perdió por decisión unánime en el UFC 314 ante Yair Rodríguez, admitiendo que había ido “demasiado relajado” al combate. Sus estadísticas revelan que pega menos (2.45 golpes por minuto) y recibe más (4.48 golpes por minuto) comparado con Dan Ige. No obstante, posee una gran defensa y experiencia para ajustar su estrategia en función de cómo se vaya desarrollando la pelea. Veremos si es capaz de darle la vuelta a las apuestas a MMA. 5 claves para apostar al combate Dan Ige vs Patricio Pitbull - Ventaja de alcance para Ige. El 1.80 m de alcance que presenta el estadounidense puede marcar diferencias en los intercambios de pie, sobre todo si Ige consigue mantener la distancia con su jab. - Pitbull viene de una derrota en su debut en la UFC. Aunque se trata de toda una leyenda en Bellator, Patricio no convenció en su primera pelea en UFC frente a Yair Rodríguez. Le faltó ritmo y agresividad, lo que me genera dudas sobre su adaptación al octágono. - Edad y desgaste acumulado. Pitbull tiene 38 años y muchas guerras a sus espaldas. Ige, con 33, está en su mejor momento físico y ha peleado contra rivales de élite recientemente, lo que puede influir si la pelea se alarga. - Estilos diferentes. Ige combina el boxeo técnico con la lucha y una defensa muy sólida. Pitbull, en cambio, es más explosivo, con un gran poder de KO pero con menos volumen de golpes. Si no conecta pronto, puede verse superado en ritmo. - Ige llega con una confianza renovada. Su victoria ante Woodson le devolvió a la senda ganadora. Aunque fue polémico, dominó el combate y su motivación puede ser clave en las apuestas online ante un rival que aún no ha ganado en UFC. | Clave | Detalle | |---|---| | 📅 Fecha y lugar | 20 de julio de 2025 en el Smoothie King Center de Nueva Orleans | | 🏆 Títulos en juego | Pelea del UFC 318 en el peso pluma. Toda la información de la velada en nuestra Previa de apuestas a la UFC 318. | | 🛡️ Estilos enfrentados | Dan Ige presenta un estilo más equilibrado (boxeo técnico, defensa y dominio en la lucha). En cambio, Patricio Pitbull Freire es un striker más explosivo, de ritmo intenso y agresividad constante. | | ⏳ Preparación | Dan Ige se ha preparado en Las Vegas para mejorar su boxeo y su lucha. Patricio Freire ha tratado de mejorar su agresividad desde el arranque y corregir sus fallos del debut. | | 📉 Expectativas | Dan Ige parte como favorito, mientras que Patricio busca redimirse de su flojo debut en UFC. Creo que si conectan golpes limpios desde el inicio y mantienen la presión que acostumbran a hacer, veremos un duelo táctico muy interesante. | Pronóstico Dan Ige vs Patricio Pitbull Voy a aprovechar una cuota que considero de mucho valor en bet365, la mejor casa de apuestas para este combate, y que apunta a la victoria de Dan Ige por KO, TKO, descalificación o sumisión. A mi modo de ver, el estadounidense es superior en estos momentos y llega en mejor forma física al combate. Su última victoria le ha dado mucho impulso para preparar este duelo. Patricio Pitbull querrá cambiar la imagen ofrecida en el debut de la UFC, pero no lo veo lo suficientemente preparado para una pelea de este nivel. Otros pronósticos de apuestas a MMA Gráfico del pronosticador 👊 Especialista en MMA Autor tipster",2025-07-17,https://apuestasonline.net/pronosticos/dan-ige-patricio-pitbull-200725/
"UFC 318 pre-event facts: Max Holloway, Dustin Poirier conclude longest trilogy ever","UFC 318 pre-event facts: Max Holloway, Dustin Poirier conclude longest trilogy ever UFC 318 goes down Saturday at Smoothie King Center in New Orleans (ESPN+ pay-per-view, ESPN, ESPN+), and after more than 10 years the octagon returns to Louisiana to honor the career finale of an all-time great. BMF champion Max Holloway (26-8 MMA, 22-8 UFC) will look to spoil the party however when he puts his belt on the line against the retiring Dustin Poirier (30-9 MMA, 22-8 UFC), who is 2-0 in their head-to-head series with victories in 2012 and 2019. They will conclude the trilogy after more than 13 years, marking the longest three-fight stretch between opponents in UFC history. For more on the numbers inside the main event, as well as the rest of the card, check below for MMA Junkie's pre-event facts for UFC 318. Max Holloway vs. Dustin Poirier Max Holloway Holloway is the only fighter in UFC history to win an interim, undisputed and BMF title. Holloway can become the first in history to defend the BMF title. Holloway's knockout at the 4:59 mark of Round 5 at UFC 300 is the latest stoppage in a UFC championship fight (BMF bouts included). Holloway returns to the UFC lightweight division for the third time in his career. He's 1-1 when competing in the weight class. Holloway's total fight time of 8:02:43 in UFC competition is second-most in company history behind Rafael dos Anjos (8:43:19). Holloway's 22 victories in UFC competition are tied for fifth-most in company history behind Jim Miller (27), Charles Oliveira (23), Andrei Arlovski (23) and Donald Cerrone (23). Holloway's 20 victories in UFC featherweight competition are the most in divisional history. Holloway's 11 knockout victories in UFC competition are tied for fourth-most in company history behind Derrick Lewis (16), Matt Brown (13) and Vitor Belfort (12). Holloway's 11 stoppage victories in UFC featherweight competition are the most in divisional history. Holloway's nine knockout victories in UFC featherweight competition are most in divisional history. Holloway's seven third-round stoppage victories in UFC competition are most in company history. Holloway has landed 100 or more significant strikes in 16 separate UFC fights, the most in company history. No other fighter has more than 10 such performances, with Sean Strickland rankings second at nine. Holloway has landed 200 or more significant strikes in three separate UFC fights, the most in company history. Holloway has landed 3,457 significant strikes in UFC competition, the most in company history. Holloway has landed 3,706 total strikes in UFC competition are most in company history. Holloway holds the record for most consecutive UFC fights without being knocked down at 29. His streak was ended by Ilia Topuria at UFC 308. Holloway has absorbed 2,298 significant strikes in UFC competition, the most in company history. Holloway landed 445 significant strikes against Calvin Kattar at UFC on ABC 1, the single-fight UFC record. His 744 significant strike attempts in that bout are also a single-fight record. Holloway landed 447 total strikes at UFC on ABC 1, the single-fight UFC record. The previous high was 361. His 746 total strike attempts are also a single-fight record. Holloway landed 141 significant strikes in Round 4 at UFC on ABC 1, the single-round UFC record. Holloway’s 10 fight-night bonuses for UFC featherweight bouts are second-most in divisional history behind Cub Swanson (11). Dustin Poirier Poirier is one of nine fighters in UFC history to 0-3 in undisputed title fights. Poirier's 22 victories in UFC competition are tied for fifth-most in company history behind Miller (27), Oliveira (23), Arlovski (23) and Cerrone (23). Poirier's 15 stoppage victories in UFC competition are tied for fifth-most in company history behind Oliveira (20), Miller (19), Cerrone (16) and Lewis (16). Poirier's 11 knockout victories in UFC competition are tied for fourth-most in company history behind Lewis (16), Brown (13) and Belfort (12). Poirier's 14 knockdowns landed in UFC competition are tied for fifth-most in company history behind Cerrone (20), Anderson Silva (18), Jeremy Stephens (18) and Edson Barboza (16). Poirier's nine knockout victories in UFC lightweight competition are tied with Drew Dober for most in divisional history. Poirier is the only lightweight in UFC history to land 150 or more significant strikes in three separate fights. Poirier and Dan Hooker combined for 390 total strikes landed at UFC on ESPN 12, the single-fight record for a UFC lightweight bout. Poirier and Holloway combined for 359 significant strikes landed at UFC 236, the single-fight record for a UFC lightweight bout. Their 827 significant strikes attempted is also the single-fight lightweight record. Poirier is one of seven fighters in UFC history to earn two or more submission victories by D’Arce choke. Tony Ferguson, Khamzat Chimaev, Julian Erosa, Vicente Luque, Kevin Holland and Islam Makhachev also accomplished the feat. Poirier has been awarded 15 fight-night bonuses in UFC competition, tied for fourth-most in company history behind Oliveira (19), Cerrone (18) and Nate Diaz (16). Paulo Costa vs. Roman Kopylov Paulo Costa (14-4 MMA, 6-4 UFC) is 1-4 in his past five fights dating back to September 2020. Costa is the only middleweight in UFC history to begin his octagon tenure with four consecutive knockout wins. Roman Kopylov (14-3 MMA, 6-3 UFC) has earned all 12 of his career stoppage victories by knockout. That includes four of his five UFC wins. Kopylov's victory at the 4:59 mark of Round 3 at UFC Fight Night 249 is tied with six fights for the second-latest stoppage in a three-round UFC bout. Ricky Simon holds the record with his win at 5:00 of Round 3 at UFC Fight Night 128. Kevin Holland vs. Daniel Rodriguez Kevin Holland (28-13 MMA, 15-10 UFC) becomes the first fighter to make four UFC appearances in 2025. He's 2-1 this year. Holland is 6-3 since he dropped to the UFC welterweight division in March 2022. Daniel Rodriguez (19-5 MMA, 9-4 UFC) lands 7.47 significant strikes per minute in UFC welterweight competition, the highest rate in divisional history. Dan Ige vs. Patricio Freire Dan Ige (19-9 MMA, 11-8 UFC) is one of two featherweights in UFC/WEC combined history to earn multiple knockout wins in less than one minute. Chan Sung Jung also accomplished the feat. Patricio Freire (36-8 MMA, 0-1 UFC) is one of three fighters in Bellator history to have three separate title reigns in a single weight class. Michael Chandler and Douglas Lima also accomplished the feat. Freire, a former lightweight champion, is the only fighter in Bellator history with four separate championship reigns. Freire is one of two simultaneous two-division champions in Bellator history. Ryan Bader also accomplished the feat. Freire is one of three fighters in Bellator history to win titles in two weight classes. Bader and Joe Warren also accomplished the feat. Freire had the most fights (30), victories (24) and stoppage victories (15) in the history of the now-defunct Bellator organization. Freire competed in the most title fights (18) and earned the most title fight victories (15) in Bellator history. Michael Johnson vs. Daniel Zellhuber Michael Johnson (23-19 MMA, 15-15 UFC) competes in his 27th UFC lightweight bout, tied for third-most appearances in divisional history behind Miller (43) and Clay Guida (30). Johnson is 4-5 since he returned to the lightweight division in October 2019. Johnson’s 12 knockdowns landed in UFC lightweight competition are second-most in divisional history behind Melvin Guillard (13). Kyler Phillips vs. Vinicius Oliveira Kyler Phillips (12-3 MMA, 6-2 UFC) is one of 12 fighters in UFC history to earn a triangle/armbar submission victory. He accomplished the feat at UFC 271. Marvin Vettori vs. Brendan Allen Marvin Vettori (19-8-1 MMA, 9-6-1 UFC) enters the event on the first losing skid of his career. Vettori's average fight time of 16:55 in UFC middleweight competition is third-longest in divisional history behind Sean Strickland (18:11) and Israel Adesanya (17:09). Vettori and Jared Cannonier combined for 394 significant strikes landed at UFC on ESPN 47, the single-fight record for a UFC middleweight bout. Vettori is one of four fighters to land 11 or more takedowns in a UFC middleweight bout. He accomplished the feat at UFC on ABC 2. Brendan Allen's (24-7 MMA, 12-4 UFC) six submission victories in UFC middleweight competition are second-most in divisional history behind Gerald Meerschaert (11). Allen's six submission victories by rear-naked choke in UFC competition are tied for fourth-most in company history behind Demian Maia (nine), Kenny Florian (seven) and Michael Chiesa (seven). Jimmy Crute vs. Marcin Prachnio Jimmy Crute's (12-4-2 MMA, 4-4-2 UFC) five-fight winless skid is the longest of his career. He hasn't earned a victory since October 2020. Crute is one of seven fighters in history to fight to multiple draws in UFC competition. Crute completes 52.8 percent of his takedown attempts in UFC light heavyweight competition, the third-best rate in divisional history behind Lyoto Machida (65 percent) and Vitor Petrino (57.1 percent). Crute is one of five fighters in UFC history to earn multiple submission victories by kimura. Krzysztof Soszynski, Rani Yahya, Frank Mir and George Sotiropoulos also accomplished the feat. Crute's victory at the 4:51 mark of Round 3 at UFC Fight Night 142 is the second latest finish in a three-round UFC light heavyweight fight behind Paul Craig's win at 4:59 of Round 3 at UFC Fight Night 127. Marcin Prachnio (17-8 MMA, 4-6 UFC) is one of four light heavyweights in UFC history to earn a knockout stemming from a body kick. Tyson Pedro, Jan Blachowicz and Rich Franklin also accomplished the feat. Brunno Ferreira vs. Jackson McVey Brunno Ferreira (13-2 MMA, 4-2 UFC) is one of eight fighters in UFC history to earn a knockout stemming from a spinning back elbow. He accomplished the feat at UFC on ESPN 57. Ferreira's four stoppage victories since 2023 in UFC competition are tied for second-most among active fighters in the company behind Jean Silva (five). UFC research analyst and live statistics producer Michael Carroll contributed to this story. Follow him on X @MJCflipdascript.",2025-07-15,https://mmajunkie.usatoday.com/story/sports/ufc/2025/07/15/ufc-318-pre-event-facts-max-holloway-dustin-poirier-longest-trilogy-ever/85062614007/
UFC 318: Patricio Freire gets sophomore assignment vs. Dan Ige in New Orleans,"Ask and you shall receive. It looks like the UFC heard Dan Ige's recent callout and obliged, booking him against former two-division Bellator champion Patricio Freire for UFC 318 – a pay-per-view event that's set to go down July 19 at Smoothie King Center in New Orleans. MMA Junkie confirmed the news with two sources following a report from Super Lutas on Tuesday. Both Ige (19-9 MMA, 11-8 UFC) and Freire (36-8 MMA, 0-1 UFC) fought at UFC 314 in April in different bouts. Ige stopped fellow veteran Sean Woodson, while Freire lost his UFC debut in a unanimous decision against Yair Rodriguez. With the victory, Ige was able to snap a two-fight losing skid that had him dropping decisions against top contenders Diego Lopes and Lerone Murphy. On the other hand, Freire, who's arguably the most successful fighter in Bellator history, fell into a 1-3 rut. Prior to debuting for the UFC, ""Pitbull"" stopped Jeremy Kennedy and lost to Chihiro Suzuki and Sergio Pettis. Current UFC 318 lineup Max Holloway vs. Dustin Poirier Brendan Allen vs. Marvin Vettori Islam Dulatov vs. Adam Fugitt Amanda Ribas vs. Tabatha Ricci Patricio Freire vs. Dan Ige Ikram Aliskerov vs. Brunno Ferreira Neil Magny vs. Gunnar Nelson Vinicius Oliveira vs. Kyler Phillips Nicolle Caliari vs. Carli Judice Jimmy Crute vs. Marcin Prachnio Francisco Prado vs. Nikolay Veretennikov Ateba Gautier vs. Robert Valentin This article originally appeared on MMA Junkie: Dan Ige vs. Patricio Freire added to UFC 318 in New Orleans",2025-06-04,https://sports.yahoo.com/article/ufc-318-patricio-freire-gets-010634287.html?fr=sycsrp_catchall
Patricio 'Pitbull' reportedly booked for second chance at first UFC win against featherweight fan favorite,"Former Bellator champion Patricio ‘Pitbull’ will reportedly face a surging featherweight star who recently called him out. Patricio ‘Pitbull’ Freire will get the second chance at making a great first impression on UFC fans when he returns to the Octagon later this summer. Pitbull’s UFC 314 promotional debut fell short against former title challenger Yair Rodríguez by unanimous decision. The loss snapped a four-fight featherweight unbeaten streak, stemming from his Bellator rematch victory over AJ McKee at Bellator 277. After a tumultuous contract dispute with the PFL, Pitbull requested and was granted his release, leading to the all-time great signing with the UFC. While his UFC 314 debut was a formidable test, Pitbull’s second UFC shot isn’t a significant drop in competition. - READ MORE: Conor McGregor and Michael Chandler’s Dublin press conference cancellation spelled doom for UFC 303 Patricio ‘Pitbull’ set to potentially avenge UFC debut loss with second Octagon appearance As reported on Tuesday, Pitbull will reportedly face UFC featherweight contender Dan Ige at UFC 318 in Chicago. Brazilian MMA journalist Léo Guimaraes was the first to report the news of the Pitbull vs. Ige booking. Ige returns to the Octagon after defeating Sean Woodson by controversial TKO at UFC 314. The win snapped a recent skid of losses in three of his previous four fights, including his hours’ notice defeat to Diego Lopes at UFC 303. Ige is looking to get back into the featherweight title mix after recent victories against the likes of Nate Landwehr, Damon Jackson, and Andre Fili. The featherweight mainstay has developed into a UFC fan favorite since his appearance on Dana White’s Contender Series in 2017. After his controversial win at UFC 314, Ige called out Pitbull for his next fight, praising the former Bellator two-division champion as a ‘legend’ in MMA. At the time of his Bellator departure, Pitbull was widely regarded as the greatest fighter in the promotion’s history. Alexander Volkanovski rumored to face familiar foe for next featherweight title defense If the Pitbull vs. Ige fight comes to fruition, the featherweight matchup will take place at a time of uncertainty atop the division. UFC featherweight champion Alexander Volkanovski was originally expected to face Movsar Evloev after UFC 314, but the UFC reportedly has other plans for the undefeated Evloev’s next fight. Rumors are spreading that Volkanovski will face Rodriguez for the first title defense of his second featherweight title reign later this year. Volkanovski finished Rodriguez in a featherweight title unification bout at UFC 290. A matchup between Jean Silva and Lopes is also rumored for later this year, although nothing has been reported as of this writing. Silva called for a title shot after his finish against Bryce Mitchell at UFC 314. Pitbull has the chance to catapult back into the featherweight title mix with an impressive performance against Ige.",2025-06-03,https://bloodyelbow.com/2025/06/03/patricio-pitbull-reportedly-booked-for-second-chance-at-first-ufc-win-against-featherweight-fan-favorite/
"Kevin Holland vs Daniel Rodriguez Pick, 07/19/2025 Predictions UFC 318 Odds","Kevin Holland vs Daniel Rodriguez Pick, 07/19/2025 Predictions UFC 318 Odds Kevin Holland vs Daniel Rodriguez UFC 318 Smoothie King Center in New Orleans Saturday, July 19, 2025 Kevin Holland will enter the Octagon with Daniel Rodriguez at UFC 318 on Saturday, July 19, 2025. The moneyline has Holland coming in at -442 while Rodriguez is priced at +351. Kevin ""Trailblazer"" Holland will be looking to add a win to his career record of 28-13-0 (1 NC). The 32-year-old records a weight of 170 lbs and stands 6'3"". The orthodox fighter has a wingspan of 81"". Daniel ""D-Rod"" Rodriguez comes in at 6'1"" and steps on the scale at 170 lbs. The southpaw fighter walks into the Octagon with a record of 19-5-0. The 38-year-old reaches 74"". Regarding significant strikes, Kevin Holland lands 4.24 per min and Daniel Rodriguez connects on 7.39 significant strikes per min. Holland is connecting on 50% of the significant strikes he attempts and Rodriguez connects on 48%. When it comes to defending in the Octagon, ""Trailblazer"" allows 3.11 significant strikes per min while ""D-Rod"" takes 5.39. Holland also thwarts 50% of the significant strikes his opponents attempt and Rodriguez stops 57% of the strikes thrown in his direction. | UFC 318 | Kevin Holland | Daniel Rodriguez | |---|---|---| | Opening Odds | -442 | +351 | | Record | 28-13-0 (1 NC) | 19-5-0 | | Average Fight Time | 10:19 | 11:36 | | Height | 6'3"" | 6'1"" | | Weight | 170 lbs | 170 lbs | | Reach | 81"" | 74"" | | Strikes Landed Per Minute | 4.24 | 7.39 | | Striking Accuracy | 50% | 48% | Concerning grappling, Kevin Holland is averaging more takedowns in the cage as he takes his opponents to the canvas 0.81 times per 15 min. Holland is scoring a takedown on 39% of his attempts and is stuffing 55% of the takedowns his opponents try. Rodriguez is finishing his takedowns on 54% of the takedowns he tries and stuffing 63% of all takedowns attempted by his opposition. Regarding going for the sub, Holland is the more skilled of the two fighters by trying 0.6 finishes per 3 rounds while Rodriguez looks to get 0.1 finishes per 15 min. Get all of our UFC Expert Picks In his previous bout, Kevin Holland went up against Vicente Luque and took home the victory by way of an anaconda choke in round 2. Luque ended up landing 24 of 46 total strikes that he let go in that contest. Holland walked away from this fight having landed 44 of 78 total strikes. In the significant strikes category, Luque landed 24 of 46, giving him a percentage of 52%. He landed 14 of 32 significant strikes aimed at the head. On the other side, Holland landed 54% of his significant strikes by sticking 40 of 74. Out of those significant strikes, he landed 25 of 58 to the head. 100% of the significant strikes landed by Luque and 65% of them connected on by Holland were tallied at a distance. In the last fight for Daniel Rodriguez, he fought Santiago Ponzinibbio and wound up getting the victory by a punch to the head in round 3. Ponzinibbio ended up connecting on 100% of his significant strikes at distance and Rodriguez connected on 96% of his significant strikes at distance. Rodriguez ended up landing 39% of his significant strikes attempted by landing 66 of 166. He landed 39 of 131 significant strikes aimed at the head. Ponzinibbio ended up connecting on 49 of 111 significant strikes in that fight. Looking at the significant strike accuracy, he connected on 31 of 83 aimed at the head. In relation to total strikes attempted in that contest, Ponzinibbio landed 50 of 115 and Rodriguez connected on 70 of 170 of all the strikes he threw. Other fights to watch out for Another fight that you're going to want to watch is when Dan Ige faces off against Patricio Freire. Ige will be looking to add a win to his record of 19-9-0. The 33-year-old is weighing in at 145 lbs and stands in at 5'7"". The orthodox fighter stretches 71"". Freire stands in at 5'6"" and steps on the scale at 145 lbs. The orthodox fighter looks to add a victory to his total of 36-8-0. The 38-year-old extends his reach 67"". In terms of takedowns, Dan Ige scores a takedown 0.94 times per 15 min and Patricio Freire takes his opponents to the canvas 0.69 times per 3 rounds. When it comes to striking, Ige is connecting on 3.67 strikes per minute and connects on 45% out of all the strikes he attempts. On the other side of the cage you've got Patricio Freire, who is landing 40% of the strikes he attempts and connects on 2.45 per min. Another must see fight on the night is when Daniel Zellhuber is set to square up against Michael Johnson. Johnson steps into the Octagon holding a record of 24-19-0. The 39-year-old weighs 155 lbs and stands in at 5'10"". The southpaw fighter has an arm span of 73"". Zellhuber stands in at 6'1"" and records a weight of 155 lbs. The switch fighter walks into the cage with a record of 15-2-0. The 26-year-old has a wingspan of 77"". Regarding wrestling, Michael Johnson is able to thwart 81% of his opponents' takedown attempts and is finishing his takedown attempts on 40% of the times he tries. Zellhuber is finishing his takedowns on 25% of the attempts he tries and is able to defend against 94% of all takedown attempts. In the matter of striking, Johnson is absorbing 3.80 strikes per min while he dishes out 4.23 strikes per min. Zellhuber, on the other hand, absorbs 6.02 strikes/minute and is dealing 6.26 per minute. Who will win tonight's UFC match against the spread? Josh Schonwald's Pick: Take Kevin Holland (-442) Get $60 worth of FREE premium member picks. No Obligation. No Salesman. No Credit Card. Fast Sign up with Instant Access Click Here Get all of Today's Free UFC Picks Get all of Today's Expert UFC Picks Most Recent UFC Picks - Dan Ige vs Patricio Freire Pick, 07/19/2025 Predictions UFC 318 Odds - Jimmy Crute vs Marcin Prachnio Pick, 07/19/2025 Predictions UFC 318 Odds - Kevin Holland vs Daniel Rodriguez Pick, 07/19/2025 Predictions UFC 318 Odds - Kyler Phillips vs Vinicius Oliveira Pick, 07/19/2025 Predictions UFC 318 Odds - Michael Johnson vs Daniel Zellhuber Pick, 07/19/2025 Predictions UFC 318 Odds - Francisco Prado vs Nikolay Veretennikov Pick, 07/19/2025 Predictions UFC 318 Odds - Carli Judice vs Nicolle Caliari Pick, 07/19/2025 Predictions UFC 318 Odds - Max Holloway vs Dustin Poirier Pick, 07/19/2025 Predictions UFC 318 Odds - Ryan Spann vs Lukasz Brzeski Pick, 07/19/2025 Predictions UFC 318 Odds - Adam Fugitt vs Islam Dulatov Pick, 07/19/2025 Predictions UFC 318 Odds",2025-07-15,https://www.docsports.com/free-picks/ufc/2025/kevin-holland-vs-daniel-rodriguez-pick-07-19-2025-predictions-ufc-318-odds.html
