title,text,publish_date,url
"Paulo Costa vs. Roman Kopylov, UFC 317 | MMA Bout | Tapology","Bout Cancelled Prior to Event Reason: Bout Rescheduled Fighter Comparison | Costa | Kopylov | ||| | 14-4-0 MMA | Pro Record | 14-3-0 MMA | || | 2024 2020 | Last 5 Fights | 2025 2023 | || | | Nation | | || | Belo Horizonte Minas Gerais | Fights out of | Novosibirsk Novosibirskaya oblas | || | 34 +2 mos, 1 week | Age at Fight | 34 +1 mos, 3 wks, 3 days | || | 185.0 lbs (83.9 kgs) | Latest Weight | 185.5 lbs (84.1 kgs) | || | 6'1"" (185cm) | Height | 6'0"" (183cm) | || | 72.0"" (183cm) | Reach | 75.0"" (191cm) | || | Team Borracha | Gym | N/A | Costa vs. Kopylov Fight Predictions Fight Predictions Tapology Community Picks: 1,284 Bout Information Event Poster Fight Details - Event: UFC 317: Topuria vs. Oliveira - Date: Saturday 06.28.2025 at 07:00 PM ET - Referee: N/A - Venue: T-Mobile Arena - Enclosure: Octagon - Location: Las Vegas, Nevada, United States - Bout Billing: Main Card - Pro/Am: Professional - Weight: 185 lbs (83.9 kg) - Event Links:",2025-02-11,https://www.tapology.com/fightcenter/bouts/982658-ufc-317-paulo-the-eraser-costa-vs-roman-kopylov
"Paulo Costa vs. Roman Kopylov prediction, odds, pick for UFC 318","UFC 318: Dustin Poirier versus Max Holloway continues on the main card with a fight between Paulo Costa and Roman Kopylov in the middleweight division on Saturday. Check out our UFC odds series for our Costa-Kopylov prediction and pick. Paulo Costa (14-4) heads into UFC 318 after dropping razor-close decisions to Sean Strickland and Robert Whittaker in his last two outings. Now, the Brazilian powerhouse seeks to snap his skid and prove he’s still a top contender by turning back surging Russian Roman Kopylov this Saturday in New Orleans. Roman Kopylov (15-3) returns to UFC 318 after a highlight-reel, last-second head-kick knockout over Chris Curtis in January, rebounding from a submission loss to Anthony Hernandez. Previously, he edged César Almeida via split decision. Now, the surging Russian striker looks to keep the momentum rolling by stunning Paulo Costa this Saturday in New Orleans. Here are the UFC 318 Odds, courtesy of DraftKings. UFC 318 odds: Paulo Costa-Roman Kopylov odds Paulo Costa: +185 Roman Kopylov: -225 Over 2.5 rounds: -230 Under 2.5 rounds: +175 *Watch sports LIVE with fuboTV (Get Access | Save $30)* Why Paulo Costa will win - Last Fight: (L) Sean Strickland – DEC - Last 5: 1-4 - Finishes: 12 (11 KO/TKO/1 SUB) Paulo Costa enters UFC 318 with the physical gifts and experience to overwhelm Roman Kopylov. Costa’s blend of size, athleticism, and explosive power has given elite middleweights trouble, allowing him to land 6.22 significant strikes per minute at a highly efficient 58% accuracy rate. When Costa is focused and prepared, he pressures opponents from the opening bell, initiating brutal exchanges that sap their energy and force mistakes. Costa’s evolution into a more strategic, multi-dimensional fighter is a key advantage in this matchup. He has recently incorporated effective leg kicks and better takedown setups, making his attacks less predictable and his output more manageable over three rounds. With a 75% takedown success rate, Costa can now use wrestling threats to keep Kopylov guessing, disrupt his rhythm, and create opportunities for explosive ground-and-pound or clinch work. Kopylov thrives at range, but Costa’s forward push and improved energy management can pressure the Russian, limit his kicking game, and turn the fight into close, damaging exchanges. If Costa controls the center, mixes up his targets, and attacks the body early, he can wear Kopylov down and drag him into deeper waters, where his experience against world-class opposition could prove decisive. Expect Costa’s sharpness and finishing instincts to produce powerful moments, allowing him to dictate the tempo and secure a hard-earned win. Why Roman Kopylov will win - Last Fight: (W) Chris Curtis – KO/TKO R3 - Last 5: 4-1 - Finishes: 12 (12 KO/TKO) Roman Kopylov’s best route to victory over Paulo Costa at UFC 318 lies in his recent momentum and refined striking arsenal. The surging Russian comes in with back-to-back wins, showcasing not just his finishing ability but also improved defensive discipline and patience in the pocket. He utilizes excellent footwork and range management, avoiding heavy return fire while wearing opponents down with accurate, high-percentage shots to the body and head. Kopylov’s striking numbers are impressive, landing nearly five significant strikes per minute at a 50% clip, coupled with a superior 55% defensive rate. His body attacks, boasting an 85% success rate, can sap Costa’s cardio and slow down the explosive bursts Costa relies on. With 87% takedown defense, Kopylov is well-equipped to stifle Costa’s wrestling attempts and force a stand-up battle, the area where Kopylov’s poise and rhythm grant him a clear edge. Costa’s output has become less consistent, and he absorbs far more punishment per minute (6.56) than Kopylov (4.86). If Kopylov manages distance, conserves energy for the later rounds, and attacks the body, he can exploit defensive lapses and take over as the bout progresses. In a measured, technical war, Kopylov’s accuracy, composure, and tactical improvements put him in position to outpoint or even finish Costa, earning a breakthrough win on the UFC 318 main card. Final Paulo Costa-Roman Kopylov prediction & pick Heading into UFC 318, Paulo Costa and Roman Kopylov square off in a high-stakes middleweight clash with stylistic intrigue. Costa brings an impressive blend of size, power, and aggression, having tested himself against the division’s elite. His relentless pressure and high output often force opponents into defensive shells, creating openings for heavy shots and cage control. If Costa dictates the pace early and finds his rhythm in the pocket, his experience and explosiveness could prove overwhelming. Kopylov, meanwhile, arrives riding momentum with back-to-back wins and a technical, body-focused game that has frustrated his recent opponents. His footwork and range management allow him to strike and evade, and with superior defensive awareness, Kopylov is built to capitalize on defensive lapses, particularly if Costa wanes in the later rounds. While Costa’s experience at the top level is significant, Kopylov’s composure under fire and tactical improvements make this a closely contested battle. Expect fireworks, but the edge goes to Costa’s finishing instincts and ability to push a relentless pace, resulting in a late stoppage or unanimous decision win for the Brazilian powerhouse. Final Paulo Costa-Roman Kopylov Prediction & Pick: Paulo Costa (+185), Over 2.5 Rounds (-238)",2025-07-17,https://clutchpoints.com/betting/paulo-costa-vs-roman-kopylov-prediction-odds-pick-for-ufc-318
UFC 317 loses fan-favorite main card fight,"UFC 317 loses fan-favorite main card fight Per reports, UFC 317 has lost a massive middleweight contender fight from the main card. The Vegas PPV is headlined by two title fights, featuring Ilia Topuria vs. Charles Oliveira for the lightweight belt, and Alexandre Pantoja defending his flyweight throne against Kai Kara-France. Fans were excited for the undercard, which is set to feature a lineup of fan favorites and up-and-coming stars, including Payton Talbott and Jacobe Smith. UFC Atlanta fighter breaks silence after controversial fight ending Paulo Costa vs. Roman Kopylov no longer on the UFC 317 PPV As reported by Bert MMA, and given credence by MMA Fighting's Damon Martin, the main card fight between Paulo Costa and Roman Kopylov is off. According to Martin, the fight is indeed cancelled and should be rebooked for UFC 318- Dustin Poirier's retirement card opposite Max Holloway. Thus continues Costa's rocky history of UFC cancellations. 'The Eraser' has had eight cancellations in ten fights dating back to 2017. Costa has been responsible for four of these cancellations. It's entirely possible that the fight has been rebooked for UFC 318 to account for its lacklustre fight lineup. The BMF-headlined PPV is lacking name appeal, and would welcome Costa-Kopylov on the main card. This doesn't mean the UFC 317 card isn't diminished, with eleven fights scheduled: - Ilia Topuria vs. Charles Oliveira; vacant light title - (c) Alexandre Pantoja vs. Kai Kara-France; fly title - Beneil Dariush vs. Renato Moicano; light - Viviane Araujo vs. Tracy Cortez; fly - Jack Hermansson vs. Gregory Rodrigues; middle - Terrance McKinney vs. Viacheslav Borshchev; light - Hyder Amil vs. Jose Delgado; feather - Brandon Royval vs. Joshua Van; fly - Niko Price vs. Jacobe Smith; welter - Jhonata Diniz vs. Alvin Hines; heavy - Payton Talbott vs. Felipe Lima; bantam More MMA Knockout News - Dana White reveals when Jon Jones-Tom Aspinall fight could be announced - Hall of Famer tops latest group of UFC fighters removed from active roster - UFC star claims he's backup fighter for Ilia Topuria vs. Charles Oliveira - UFC Atlanta salaries reveal surprising fighter payouts Stick with MMAKnockout for more FREE coverage of the UFC, MMA, Boxing, WWE, and AEW. Follow MMAKnockout on Facebook, Twitter, and Instagram.",2025-06-17,https://www.si.com/fannation/mma/news/ufc-317-loses-costa-kopylov
Paulo Costa vs. Roman Kopylov officially moved from UFC 317 to next month's UFC 318,"Paulo Costa vs. Roman Kopylov officially moved from UFC 317 to next month's UFC 318 UFC 317 loses Paulo Costa vs. Roman Kopylov due to illness. UFC 317 has lost a notable bout. The middleweight clash between former UFC title challenger Paulo Costa and Roman Kopylov has been moved to next month's UFC 318, which goes down on July 19 at Smoothie King Center in New Orleans, La. Costa won't be able to compete this Saturday in Las Vegas due to illness, thus postponing the bout for the next UFC pay-per-view. The UFC officially announced the news of the change on Monday. Costa is looking to get himself out of a career rut. Since getting a middleweight title shot after going 13-0 in his professional career, Costa has gone 1-4 with his lone win being a unanimous decision victory over Luke Rockhold in 2022. Costa was last seen in action in June 2024 when he lost a split decision to Sean Strickland. In a much more different position, Kopylov attempts to build on his current winning streak. Being 6-1 in his past seven bouts and on a two-fight winning streak, Kopylov looks to establish himself as a contender and add the biggest name he's faced to date in Costa. Kopylov is coming off a TKO win over Chris Curtis in January. Updated UFC 317 fight card - Ilia Topuria vs. Charles Oliveira - Alexandre Pantoja vs. Kai Kara-France - Brandon Royval vs. Joshua Van - Beneil Dariush vs. Renato Moicano - Felipe Lima vs. Payton Talbott - Jack Hermansson vs. Gregory Rodrigues - Hyder Amil vs. Jose Delgado - Viviane Araujo vs. Tracy Cortez - Viacheslav Borshchev vs. Terrance McKinney - Sedriques Dumas vs. Jackson McVey - Jhonata Diniz vs. Alvin Hines - Niko Price vs. Jacobe Smith",2025-06-23,https://mmajunkie.usatoday.com/story/sports/ufc/2025/06/23/ufc-317-paulo-costa-vs-roman-kopylov-officially-moved-ufc-318/84326079007/
Paulo Costa vs Roman Kopylov: Fight Overview,"19 Jul A high-stakes middleweight clash is set for UFC 317 as Paulo Costa takes on Roman Kopylov. Both men are known for their striking power, and this matchup promises fireworks from the opening bell. Costa returns after over a year away following a razor-close split-decision loss to Sean Strickland. Once a title challenger, Costa brings relentless forward pressure, heavy kicks, and a brawling style that has overwhelmed many opponents. Despite recent setbacks, his physicality and fight-ending ability remain potent threats. Kopylov, riding momentum from a TKO win over Chris Curtis, enters with confidence. A technical southpaw with sharp boxing and precision timing, Kopylov has evolved from a counter-striker to a more aggressive finisher. His body attacks and striking diversity have become key weapons during his recent run. This is a stylistic battle between brute force and surgical technique. Costa will look to push the pace and impose his will early, while Kopylov aims to stay composed, use his reach, and find openings with cleaner shots. With both fighters holding double-digit knockout wins and aiming to climb the middleweight rankings, this bout could be a defining moment in either man’s late-career run. The Tale of the Tape data is compiled from publicly available information on Sherdog | Paulo Costa | Roman Kopylov | |---|---| | Brazil | Russia | | 14 - 4 - 0 (11 KOs) | 14 - 3 - 0 (12 KOs) | | middleweight (185 lbs / 83,9 kg) | middleweight (185 lbs / 83,9 kg) | | Age | | | Wins | | | Losses | | | Anthropometry | | The scheduled 3-round middleweight bout will take place on July 19, 2025. The full fight night schedule, including local start times for various countries, is listed below. Check the schedule to see when the event begins in your region. The fight night will start on Saturday, July 19 at 6:00 PM ET (New York time). The fight night will start on Saturday, July 19 at 3:00 PM PT (Los Angeles time). The fight night will start on Saturday, July 19 at 6:00 PM ET (Toronto time). The fight night will start on Saturday, July 19 at 11:00 PM BST (London time). The fight night will start on Sunday, July 20 at 12:00 AM SAST (Johannesburg time). The fight night will start on Sunday, July 20 at 6:00 AM PHT (Manila time). The fight night will start on Sunday, July 20 at 8:00 AM AEST (Sydney time). The fight night will start on Sunday, July 20 at 10:00 AM NZST (Wellington time). Note that the main event ring walk typically takes place about 1 to 1.5 hours after the main card begins. If you're mainly interested in the headline bout, there’s still some time — but it’s always worth watching the full card. You can stream the Costa vs Kopylov fight via ESPN PPV. Disclaimer: Some links to streaming or pay-per-view on this page may be affiliate links. If you make a purchase through them, we may earn a commission — at no extra cost to you. The fight will be held at the Smoothie King Center in New Orleans, Louisiana, USA. Full Fight card for Paulo Costa vs Roman Kopylov: Fight card subject to change | Division | Fighter #1 | Fighter #2 | Notes | |---|---|---|---| | lightweight (155 lbs) | Max Holloway (26 - 8 - 0) | Dustin Poirier (30 - 9 - 0) | UFC 'BMF' (vacant) | | middleweight (185 lbs) | Paulo Costa (14 - 4 - 0) | Roman Kopylov (14 - 3 - 0) | | | welterweight (170 lbs) | Kevin Holland (28 - 13 - 0) | Daniel Rodriguez (19 - 5 - 0) | | | featherweight (145 lbs) | Dan Ige (19 - 9 - 0) | Patricio Freire (36 - 8 - 0) | | | lightweight (155 lbs) | Michael Johnson (23 - 19 - 0) | Daniel Zellhuber (15 - 2 - 0) | | | bantamweight (135 lbs) | Kyler Phillips (12 - 3 - 0) | Vinicius Oliveira (22 - 3 - 0) | | | middleweight (185 lbs) | Marvin Vettori (19 - 8 - 1) | Brendan Allen (24 - 7 - 0) | | | welterweight (170 lbs) | Francisco Prado (12 - 3 - 0) | Nikolay Veretennikov (12 - 6 - 0) | | | middleweight (185 lbs) | Ateba Abega Gautier (7 - 1 - 0) | Robert Valentin (10 - 5 - 0) | | | welterweight (170 lbs) | Adam Fugitt (10 - 4 - 0) | Islam Dulatov (11 - 1 - 0) | | | light heavyweight (205 lbs) | Jimmy Crute (12 - 4 - 2) | Marcin Prachnio (17 - 8 - 0) | | | heavyweight (265 lbs) | Ryan Spann (22 - 11 - 0) | Lukasz Brzeski (9 - 6 - 1) | | | middleweight (185 lbs) | Brunno Ferreira (13 - 2 - 0) | Jackson Mc Vey (6 - 0 - 0) | | | flyweight (125 lbs) | Carli Judice (4 - 2 - 0) | Nicolle Caliari (8 - 3 - 0) |",2012-04-02,https://boxing-schedule.com/mma/costa-vs-kopylov/
Canceled Bout Paulo Costa - Roman Kopylov on UFC 317 28.06.25 | GIDStats.com,Paulo Costa - Roman Kopylov Paulo Costa Costa UFC #13 MW - Age 34 - Reach 72 cm 183 cm - Height 73 cm 185 cm - Leg Reach 39.5 cm 100 cm - Last Weigh-In 185 lbs 84 kg Roman Kopylov Kopylov UFC #14 MW - Age 34 - Reach 75 cm 191 cm - Height 72 cm 183 cm - Leg Reach 41 cm 104 cm - Last Weigh-In 185.5 lbs 84 kg Other Bouts UFC 317 - Ilia Topuria17 - 0 - 012:00 AM ET • 5 x 5Lightweight Champion 155 lbsCharles Oliveira35 - 11 - 0 1 NC - Alexandre Pantoja30 - 5 - 011:30 PM ET • 5 x 5Flyweight Champion 125 lbsKai Kara-France25 - 12 - 0 1 NC - Brandon Royval17 - 8 - 011:00 PM ET • 3 x 5Flyweight Bout 125 lbsJoshua Van15 - 2 - 0 - Beneil Dariush23 - 6 - 110:30 PM ET • 3 x 5Lightweight Bout 155 lbsRenato Moicano20 - 7 - 1 - Payton Talbott10 - 1 - 010:00 PM ET • 3 x 5Bantamweight Bout 135 lbsFelipe Lima14 - 2 - 0 - Jack Hermansson24 - 9 - 09:05 PM ET • 3 x 5Middleweight Bout 185 lbsGregory Rodrigues17 - 6 - 0 - Hyder Amil11 - 1 - 08:40 PM ET • 3 x 5Featherweight Bout 145 lbsJose Delgado10 - 1 - 0 - Viviane Araujo13 - 7 - 08:15 PM ET • 3 x 5Flyweight Bout 125 lbsTracy Cortez12 - 2 - 0 - Terrance McKinney17 - 7 - 07:50 PM ET • 3 x 5Lightweight Bout 155 lbsSlava Borshchev8 - 6 - 1 - Niko Price16 - 9 - 0 2 NC7:25 PM ET • 3 x 5Welterweight Bout 170 lbsJacobe Smith11 - 0 - 0 - Jhonata Diniz9 - 1 - 07:00 PM ET • 3 x 5Heavyweight Bout 265 lbsAlvin Hines7 - 1 - 0,2025-06-28,https://gidstats.com/canceled/ufc_317-2397~paulo_costa_vs_roman_kopylov.html
Ex-title challenger and surging KO artist reportedly targeted for fight at UFC 317,"Ex-title challenger and surging KO artist reportedly targeted for fight at UFC 317 We’re still a few months away from the UFC’s International Fight Week, but it looks like at least one high-profile fight is already coming together for UFC 317. Taking place from June 25 through June 29 in Las Vegas, NV, the UFC’s annual International Fight Week will include the promotion’s 2025 Hall of Fame induction ceremony and a number of other fan-centered events along with what should hopefully be a stacked fight card at T-Mobile Arena on Saturday night. It’s looking increasingly unlikely that UFC 317 will feature the highly-anticipated heavyweight title unification bout between Jon Jones and Tom Aspinall, and while fans are still patiently waiting on main event news it does look like the card will at least feature two of the promotion’s top middleweight contenders. READ MORE: Ian Machado Garry compares rising UFC prospect to Conor McGregor Paulo Costa vs. Roman Kopylov Targeted For UFC 317 According to Australian MMA journalist Benny P, a middleweight bout between former title challenger Paulo Costa and top contender Roman Kopylov is in the works for UFC 317. Currently sitting at #15 in the UFC middleweight rankings, Kopylov stormed into the ranks of the middleweight elite with a streak of four-straight finishes between 2022 and 2023 before running into Anthony Hernandez at UFC 298. The 32-year-old successfully rebounded with a split decision against the formerly-undefeated César Almeida at UFC 302, and he returned to his finishing ways when he stopped Chris Curtis in the final second of a matchup in January that took home “Fight of the Night” honors. READ MORE: Former RIZIN & Bellator champion campaigns for debut at Noche UFC in September Costa Looks To Snap Skid Against Kopylov One of the more unique personalities on the UFC roster, Costa joined the promotion in 2017 and stopped his first four opponents before defeating Yoel Romero via unanimous decision to earn a title shot at then-champion Israel Adesanya. The Brazilian was stopped by Adesanya in the second round and also dropped his next fight before he defeated former Middleweight Champion Luke Rockhold in a wild “Fight of the Night”-winning affair at UFC 278, but Costa came up short in both his Octagon outings last year against another pair of former titleholders in Robert Whittaker and Sean Strickland. READ MORE: UFC Mexico fighter absolutely roasts fan for complaining about lost bet “The Eraser” will look to defend his #12 spot in the middleweight rankings and also snap his current two-fight skid against Kopylov on June 28, and with the event fast-approaching fans can hopefully expect more official news from the promotion in the coming weeks regarding what will be on offer at UFC 317. More MMA Knockout News - UFC CEO Dana White partners with director Zack Snyder for MMA film ""Brawler"" - Mike Perry reveals he got the call to step in for KSI vs. Dillon Danis - UFC reportedly adds savage finisher matchup to Montreal PPV - Former Bellator double-champ teases possible UFC return before retirement Stick with MMAKnockout for more FREE coverage of the UFC, MMA, Boxing.",2025-04-01,https://www.si.com/fannation/mma/news/title-challenger-paulo-costa-ko-artist-roman-kopylov-fight-ufc-317
AI Predicts Paulo Costa vs Roman Kopylov: Who Will Win?,"19 Jul Our AI model analyzes a wide range of data to generate a prediction for the upcoming fight between Paulo Costa and Roman Kopylov. This includes statistics, past performance, style, and momentum. Click the button below to reveal the forecast. Disclaimer: This forecast is for informational purposes only and does not constitute betting advice or a recommendation. No responsibility is taken for any decisions based on this content. The Tale of the Tape data is compiled from publicly available information on Sherdog | Paulo Costa | Roman Kopylov | |---|---| | Brazil | Russia | | 14 - 4 - 0 (11 KOs) | 14 - 3 - 0 (12 KOs) | | middleweight (185 lbs / 83,9 kg) | middleweight (185 lbs / 83,9 kg) | | Age | | | Wins | | | Losses | | | Anthropometry | | The scheduled 3-round middleweight bout will take place on July 19, 2025. The full fight night schedule, including local start times for various countries, is listed below. Check the schedule to see when the event begins in your region. The fight night will start on Saturday, July 19 at 6:00 PM ET (New York time). The fight night will start on Saturday, July 19 at 3:00 PM PT (Los Angeles time). The fight night will start on Saturday, July 19 at 6:00 PM ET (Toronto time). The fight night will start on Saturday, July 19 at 11:00 PM BST (London time). The fight night will start on Sunday, July 20 at 12:00 AM SAST (Johannesburg time). The fight night will start on Sunday, July 20 at 6:00 AM PHT (Manila time). The fight night will start on Sunday, July 20 at 8:00 AM AEST (Sydney time). The fight night will start on Sunday, July 20 at 10:00 AM NZST (Wellington time). Note that the main event ring walk typically takes place about 1 to 1.5 hours after the main card begins. If you're mainly interested in the headline bout, there’s still some time — but it’s always worth watching the full card. You can stream the Costa vs Kopylov fight via ESPN PPV. Disclaimer: Some links to streaming or pay-per-view on this page may be affiliate links. If you make a purchase through them, we may earn a commission — at no extra cost to you. The fight will be held at the Smoothie King Center in New Orleans, Louisiana, USA. Full Fight card for Paulo Costa vs Roman Kopylov: Fight card subject to change | Division | Fighter #1 | Fighter #2 | Notes | |---|---|---|---| | lightweight (155 lbs) | Max Holloway (26 - 8 - 0) | Dustin Poirier (30 - 9 - 0) | UFC 'BMF' (vacant) | | middleweight (185 lbs) | Paulo Costa (14 - 4 - 0) | Roman Kopylov (14 - 3 - 0) | | | welterweight (170 lbs) | Kevin Holland (28 - 13 - 0) | Daniel Rodriguez (19 - 5 - 0) | | | featherweight (145 lbs) | Dan Ige (19 - 9 - 0) | Patricio Freire (36 - 8 - 0) | | | lightweight (155 lbs) | Michael Johnson (23 - 19 - 0) | Daniel Zellhuber (15 - 2 - 0) | | | bantamweight (135 lbs) | Kyler Phillips (12 - 3 - 0) | Vinicius Oliveira (22 - 3 - 0) | | | middleweight (185 lbs) | Marvin Vettori (19 - 8 - 1) | Brendan Allen (24 - 7 - 0) | | | welterweight (170 lbs) | Francisco Prado (12 - 3 - 0) | Nikolay Veretennikov (12 - 6 - 0) | | | middleweight (185 lbs) | Ateba Abega Gautier (7 - 1 - 0) | Robert Valentin (10 - 5 - 0) | | | welterweight (170 lbs) | Adam Fugitt (10 - 4 - 0) | Islam Dulatov (11 - 1 - 0) | | | light heavyweight (205 lbs) | Jimmy Crute (12 - 4 - 2) | Marcin Prachnio (17 - 8 - 0) | | | heavyweight (265 lbs) | Ryan Spann (22 - 11 - 0) | Lukasz Brzeski (9 - 6 - 1) | | | middleweight (185 lbs) | Brunno Ferreira (13 - 2 - 0) | Jackson Mc Vey (6 - 0 - 0) | | | flyweight (125 lbs) | Carli Judice (4 - 2 - 0) | Nicolle Caliari (8 - 3 - 0) | A high-stakes middleweight clash is set for UFC 317 as Paulo Costa takes on Roman Kopylov. Both men are known for their striking power, and this matchup promises fireworks from the opening bell. Costa returns after over a year away following a razor-close split-decision loss to Sean Strickland. Once a title challenger, Costa brings relentless forward pressure, heavy kicks, and a brawling style that has overwhelmed many opponents. Despite recent setbacks, his physicality and fight-ending ability remain potent threats. Kopylov, riding momentum from a TKO win over Chris Curtis, enters with confidence. A technical southpaw with sharp boxing and precision timing, Kopylov has evolved from a counter-striker to a more aggressive finisher. His body attacks and striking diversity have become key weapons during his recent run. This is a stylistic battle between brute force and surgical technique. Costa will look to push the pace and impose his will early, while Kopylov aims to stay composed, use his reach, and find openings with cleaner shots. With both fighters holding double-digit knockout wins and aiming to climb the middleweight rankings, this bout could be a defining moment in either man’s late-career run.",2012-04-02,https://boxing-schedule.com/mma/costa-vs-kopylov/prediction/
"UFC 318 Co-Main Event Odds, Picks And Predictions: Costa Vs. Kopylov","A middleweight matchup between one fighter looking to end a two-fight losing skid and another competitor hoping to extend a two-fight winning streak serves as the co-main event of Saturday’s UFC 318 pay-per-view fight card. In that contest, the No. 13-ranked Paulo Costa meets the No. 14-ranked Roman Kopylov. We preview Costa vs. Kopylov, the penultimate bout on the UFC 318 PPV fight card. UFC 318 features a trilogy bout in the main event, as Max Holloway and Dustin Poirier meet in the PPV headliner. Holloway’s symbolic BMF title is on the line. Meanwhile, the fight is expected to be Poirier’s retirement bout. UFC 318 takes place on Saturday, July 19, at Smoothie King Center in New Orleans, Louisiana. The UFC 318 main card streams on ESPN+ pay-per-view following prelims on ESPN and early prelims on ESPN+. UFC 318 Co-Main Event Preview: Costa Vs. Kopylov Paulo Costa (14-4) was 8-0 and coming off a defense of the Jungle Fight middleweight title when he joined the UFC in 2017. He opened his run with the promotion with four knockouts and one decision. That decision, an August 2019 win over Yoel Romero, earned Costa a shot at Adesanya in September 2020. Adesanya retained his title in that fight, knocking out Costa in the second round. Costa has not been an active competitor in the UFC. Between 2018 and 2022 he stepped into the Octagon once per year. He did not compete at all in 2023. In 2024, Costa went 0-2, losing a unanimous decision to former UFC middleweight champ Robert Whittaker in February and then dropping a split decision to ex-UFC 185 kingpin Sean Strickland in June. Costa has not competed since his loss to Strickland at UFC 302. Costa is 1-4 in his past five UFC outings. His only win during that stretch, which began with the Adesanya loss, was a August 2022 decision win over former UFC middleweight titleholder Luke Rockhold. A former Fight Nights Global middleweight champ, Roman Kopylov (14-3) joined the UFC in 2019 with an 8-0 record. Kopylov had seven straight knockout wins heading into his UFC debut, a fight he lost to Karl Roberson via submission. COVID-19 and visa issues kept Kopylov out of action until October 2021. When he returned to the Octagon, Kopylov dropped a decision to Albert Duraev. Kopylov seemed to find his footing after those back-to-back losses. Between September 2022 and September 2023, he went 4-0 with four knockout wins. That winning streak did not earn Kopylov a spot inside the top 15 of the UFC’s middleweight division, but it did get him booked opposite the No. 15 ranked Anthony Hernandez at UFC 298 in February. Hernandez won that fight via second-round submission. Kopylov came back from that defeat to beat César Almeida at UFC 302. In his most recent outing, Kopylov stopped Chris Curtis via head kick, in a “Fight of the Night” affair on A UFC Fight Night card in January 2025. UFC 318 Co-Main Event Betting Lines And Movement: Costa Vs. Kopylov When the betting lines opened for this fight, Kopylov was the -300 betting favorite over the +250 Costa. The line has shifted. Today, Kopylov is listed at -224, while Costa checks in at +189. UFC 318 Co-Main Event Tale Of The Tape: Costa Vs. Kopylov Paulo Costa Age: 34 Height: 6’1” Reach: 82” Stance: Orthodox Roman Kopylov Age: 34 Height: 6’0” Reach: 75” Stance: Southpaw UFC 318 Co-Main Event Predictions And Picks: Costa Vs. Kopylov Paulo Costa is a well-rounded fighter. However, he doesn’t often use his complete skill set. Instead, he looks to engage in striking wars, landing an average of 6.22 significant strikes per minute, while absorbing 6.56 strikes per minute, which is not a great sign against a kickboxer like Kopylov. If Costa looks to get the fight to the mat, he has a chance to pick up the win on Saturday, but he has not earned a takedown since he defeated Yoel Romero by decision in 2019. Costa is a resilient fighter, so it’s likely this one goes the distance, but look for the better striker, which is Kopylov, to win the decision. UFC 318 Pay-Per-View Card: Holloway Vs. Poirier 3 Max Holloway vs. Dustin Poirier - Lightweight - For Holloway’s BMF title Paulo Costa vs. Roman Kopylov - Middleweight Kevin Holland vs. Daniel Rodriguez - Welterweight Dan Ige vs. Patricio “Pitbull” Freire - Featherweight Michael Johnson vs. Daniel Zellhuber - Lightweight UFC 318 Preliminary Fight Card: Holloway Vs. Poirier 3 Kyler Phillips vs. Vinicius Oliveira - Bantamweight Marvin Vettori vs. Brendan Allen - Middleweight Francisco Prado vs. Nikolay Veretennikov - Welterweight Ateba Gautier vs. Robert Valentin - Middleweight UFC 318 Early Prelims Fight Card: Holloway Vs. Poirier 3 Adam Fugitt vs. Islam Dulatov - Welterweight Jimmy Crute vs. Marcin Prachnio - Light Heavyweight Ryan Spann vs. Lukasz Brzeski - Heavyweight Brunno Ferreira vs. Jackson McVey - Middleweight Carli Judice vs. Nicolle Caliari - Women’s Flyweight We will have more on the UFC 318 co-main event, Costa vs. Kopylov, as fight night nears, as well as live results, reactions, highlights and more for the UFC 318 pay-per-view card on fight night.",2025-07-16,https://www.forbes.com/sites/trentreinsmith/2025/07/16/ufc-318-co-main-event-odds-picks-and-predictions-costa-vs-kopylov/
UFC 317: Topuria vs. Oliveira,"""The Eraser"" | Paulo Costa | Roman Kopylov | | |---|---|---| | Tale of the tape | || | Wins/Losses/Draws | 14-4-0 | 14-3-0 | | Average Fight Time | 12:32 | 11:21 | | Height | 6' 1"" | 6' 0"" | | Weight | 185 lbs. | 185 lbs. | | Reach | 72"" | 75"" | | Stance | Orthodox | Southpaw | | DOB | Apr 21, 1991 | May 04, 1991 | | Striking (Significant Strikes) | || | Strikes Landed per Min. (SLpM) | 6.22 | 4.96 | | Striking Accuracy | 58% | 50% | | Strikes Absorbed per Min. (SApM) | 6.56 | 4.86 | | Defense | 49% | 55% | | Grappling | || | Takedowns Average/15 min. | 0.36 | 1.17 | | Takedown Accuracy | 75% | 42% | | Takedown Defense | 80% | 87% | | Submission Average/15 min. | 0.0 | 0.0 | | Most recent fights (Newest First) | || | Loss - Strickland | Win - Curtis | | | Loss - Whittaker | Win - Almeida | | | Win - Rockhold | Loss - Hernandez | | | Loss - Vettori | Win - Fremd | | | Loss - Adesanya | Win - Ribeiro |",No date found,http://ufcstats.com/fight-details/fce93cd29be29ac6
UFC 318 – Paulo Costa vs. Roman Kopylov: Preview & Betting Tips,"Paulo “The Eraser” Costa returns to the Octagon at UFC 318 to face the rising and dangerous middleweight contender Roman Kopylov. You would imagine that Costa (14-4) will look to approach this fight with urgency, because a third loss in four fights, especially by stoppage, could spell the end of his UFC run. And remember, it wasn’t that long ago that some fans believed the Brazilian was the man to dethrone then-champion Israel Adesanya. Kopylov (14-3) has quietly built a strong case as one of the most technical strikers on the rise at 185-pounds, and his most recent win over Chris Curtis was a big statement, showing his calmness and poise in the pocket to counter at will. Paulo Costa – Odds 2.88 Record: 14-4 Age: 34 Height: 6ft1 Reach: 72” Weight: Middleweight Stance: Orthodox Roman Kopylov – Odds 1.40 Age: 34 Height: 6ft Reach: 71” Weight: Middleweight Stance: Southpaw Costa made his name in the UFC by swarming opponents with relentless forward movement, heavy hooks, and a body attack that broke his opponents down. But recent performances have exposed some issues. Especially his cardio and defensive lapses. If Costa can’t adjust mid-fight, or if he fades again, it could be another tough night. Against an accurate southpaw in Kopylov, you do not want to be a sitting duck, and that’s exactly what Costa could be if we get past the halfway stage. The Russian’s striking efficiency is one of the very best at middleweight. He doesn’t chase finishes, but he still finds them through patience and timing. He has a sharp jab and has solid kicks, especially the sneak high kick he throws with his rear leg. It’s tough to imagine the Brazilian can fix his cardio at this point, or else it would’ve been done by now. But one adjustment he can make is the pace he fights at; a more methodical way of fighting could help him maintain good cardio for longer. The truth is, Costa fights way too recklessly for me to even consider betting on him against a guy with elite composure and kickboxing skills in Kopylov. However, as mentioned above, a change in the way he fights will help him to manage cardio much better. Though, I’m not confident he will make this change. Costa has good power and accuracy, but his volume is his downfall because his gas tank cannot hold up. Meanwhile, we just saw what Kopylov can do against a volume puncher in Chris Curtis, so he can use that same gameplan to overcome his opponent in this one. With all of this in mind, I’m taking Roman Kopylov to win in rounds 2 or 3 via KO/TKO at odds of 7.00. More must-reads: Get the latest news and rumors, customized to your favorite sports and teams. Emailed daily. Always free!",2025-07-16,https://www.yardbarker.com/mma/articles/ufc_318_paulo_costa_vs_roman_kopylov_preview_betting_tips/s1_17349_42460321
UFC 318 fight card: Paulo Costa vs. Roman Kopylov among top undercard fights to watch this weekend,"UFC 318 fight card: Paulo Costa vs. Roman Kopylov among top undercard fights to watch this weekend There's plenty worth keeping an eye on beyond Max Holloway vs. Dustin Poirier 3 at UFC 318 Max Holloway vs. Dustin Poirier 3 is a tough act to live up to. Two of UFC's most endearing and enduring stars will collide, after which Poirier will retire in his home state of Louisiana at UFC 318. The MMA world's attention will appropriately be on the main event, but it's not the only significant fight. Several intriguing storylines weave through Saturday's undercard. UFC title challenger Paulo Costa stress tests himself against a dangerous contender, while Patricio Pitbull hopes for a strong sequel to his disappointing UFC debut. Then there's Kevin Holland's curious rehabilitation process. Dedicated MMA fans might also look forward to Marvin Vettori vs. Brendan Allen, who've angled to fight each other for years, and once got physical in a casino lobby. Let's look closer at three undercard fights and a couple of honorable mentions worth your attention. Paulo Costa vs. Roman Kopylov UFC 317 took a hit when Costa vs. Kopylov was scrapped from the card. Fortunately, it didn't take long to salvage the fight. They are two of the middleweight division's most powerful strikers. Costa and Kopylov play veteran and prospect, respectively, despite both being 34. Kopylov showed pliability since losing to Anthony Hernandez, evolving his wrestling. Costa's commitment to mixed martial arts is often in question, but it's a pleasure to see him fight. Costa has enough fan cache to reward the winner with a significant follow-up. Hopefully, both men are confident in their striking because anything else would be a disappointment. How about when Roman Kopylov ended Claudio Ribeiro with a head kick knockout at #UFC291 💥 pic.twitter.com/V5OgoUR7Sr — UFC (@ufc) December 29, 2023 Dan Ige vs. Patricio Pitbull Pitbull laid an egg in his UFC debut. Pitbull, lauded as Bellator's greatest champion, looked muted against Yair Rodriguez. It wasn't entirely surprising -- Pitbull, 38, previously said he'd ""never"" be the same after a career-altering neck surgery. This fight is far more suitable for where he's probably at. Perennial contender Ige has often served as gatekeeper to the featherweight elite. Sean Woodsen, for example, failed that test via TKO. Pitbull is far from a prospect, but Ige is the perfect foil to gauge what he can muster in a late-career UFC run. For Ige, it's a chance to add a significant name to his resume without fighting the absolute best. Kevin Holland vs. Daniel Rodriguez Could Holland be a real contender again? Holland surged to the forefront with five wins in 2020 and an infectious personality. Everything fell apart shortly after. Holland lost approximately two-thirds of his fights in the next four years. Holland's grappling defense and maturity were called into question. He seemed unmotivated when losing fights and bounced between divisions unstrategically. Earlier this year, Holland committed to welterweight. The results were performance bonus showcases against Gunnar Nelson and Vicente Luque. Against Rodriguez, Holland faces another welterweight striker on the rebound. Rodriguez knocked out Santiago Ponzinibbio, his second win since snapping a career-first losing streak. Hands will fly this one as a 170-pound contender is reborn. Honorable mentions: Marvin Vettori vs. Brendan Allen, Michael Johnson vs. Daniel Zellhuber",2025-07-16,https://www.cbssports.com/mma/news/ufc-318-fight-card-paulo-costa-vs-roman-kopylov-among-top-undercard-fights-to-watch-this-weekend/
Roman Kopylov - Wikipedia,"Roman Kopylov | Roman Kopylov | | |---|---| | Born | Roman Yuryevich Kopylov 4 May 1991 Schebzavod, Belovsky District, Kemerovo Oblast, Soviet Union | | Native name | Рома́н Ю́рьевич Копыло́в | | Nationality | Russian | | Height | 6 ft 0 in (1.83 m) | | Weight | 185 lb (84 kg; 13 st 3 lb) | | Division | Light Heavyweight Middleweight | | Reach | 75 in (191 cm)[1] | | Stance | Southpaw | | Fighting out of | Bachatsky, Russia | | Team | Ratiborets | | Years active | 2016–present | | Mixed martial arts record | | | Total | 17 | | Wins | 14 | | By knockout | 12 | | By decision | 2 | | Losses | 3 | | By submission | 2 | | By decision | 1 | | Other information | | | Mixed martial arts record from Sherdog | Roman Yuryevich Kopylov[2] (born 4 May 1991) is a Russian mixed martial artist who currently competes in the Middleweight division of the Ultimate Fighting Championship. As of 29 April 2025, he is #14 in the UFC middleweight rankings.[3] Background [edit]Roman Kopylov was born in Shchebzavod, a small village in the Kemerovo region of Russia, and began his journey in martial arts at the age of 9. His parents, both former athletes, nurtured his passion for hand-to-hand combat. Gradually, Kopylov started winning trophies at various levels, from city to regional and higher-level competitions starting in 2010. He served in the National Guard of the Siberian District where he continued to compete in martial arts. After graduating from a branch of Kemerovo State University in 2014, he ventured into mixed martial arts.[4] Kopylov is a five-time world champion in hand-to-hand combat sambo, and has also won several European and Russian championships.[5] He has earned degrees in economics and physical education from Kemerovo State University and Novokuznetsk Institute. His MMA idol is Fedor Emelianenko.[6] Mixed martial arts career [edit]Early career [edit]Roman Kopylov began his MMA career in Ufa in April 2016 at the WCSA tournament. His first fight was against Filipe Aiyugono from Guinea. Despite it being his debut, Roman managed to win by unanimous decision after fighting all the rounds. Later in 2016, Roman fought in the League S-70 ring and knocked out a foreign opponent. He maintained careers in both MMA and RB and demonstrated an unmatched level of skill.[4] By the end of 2016, Roman fought Islam Gugov in the DIA, before signing a contract with Fight Nights Global. He defeated Artem Shokalo and Jacob Ortiz, then returned to League S-70 for another victory. He then fought for the Fight Nights Middleweight Championship against Abusupyan Alikhanov, who had a streak of 9 victories. Roman increased his pace round by round, and his opponent's corner gave up after the 4th round.[4] By the end of 2018, Roman won a title fight against the legendary Yasubei Enomoto in a joint tournament between Fight Nights and GTC. Despite Enomoto's impressive track record and experience, Roman's pressure proved too much, and Enomoto lost in the 4th round after a heavy hit to the body.[4] Following this victory, Roman's manager, Alexander Skaredin, started organizing a fight with Magomed Ismailov, but the plans were postponed indefinitely when Magomed left Fight Nights to join ASA.[4][5] Ultimate Fighting Championship [edit]Later, Kopylov was offered a contract for 4 fights by UFC matchmakers. He was scheduled to fight Krzysztof Jotko in St. Petersburg on 20 April 2019 at UFC Fight Night 149.[7] However, Kopylov pulled out of the bout on March 22 citing injury.[8] Kopylov made his UFC debut against Karl Roberson on 9 November 2019 at UFC Fight Night 163.[9] He lost the fight via a submission in round three, his first MMA loss.[10] Kopylov was scheduled to replace Punahele Soriano against Eric Spicely at UFC on ESPN: Ngannou vs. Rozenstruik on 28 March 2020.[11] However, the event was postponed due to the COVID-19 pandemic, leaving the bout was scrapped.[12] His next opportunity was against Tom Breese in Abu Dhabi on 4 October 2020 at UFC on ESPN: Holm vs. Aldana.[13] However, Kopylov was removed from the bout as both he and his coach tested positive for coronavirus upon arrival and had to isolate for 3 weeks.[14] Kopylov was then scheduled to face Sam Alvey on 31 July 2021, at UFC on ESPN 28.[15] However, Kopylov wasn't able to obtain his US visa in time and the bout was scrapped.[16] Kopylov faced Albert Duraev on 30 October 2021 at UFC 267. He lost the fight via unanimous decision.[17] Kopylov was scheduled to face Jordan Wright at UFC Fight Night: Lemos vs. Andrade on 23 April 2022.[18] However, Kopylov withdrew from the bout and was replaced by Marc-André Barriault.[19] Kopylov faced Alessio Di Chirico on 3 September 2022 at UFC Fight Night 209.[20] He won the fight via knockout in round three.[21] Kopylov faced Punahele Soriano on 14 January 2023 at UFC Fight Night 217.[22] He won the fight via technical knockout after knocking down Soriano with a body kick in the second round.[23] This win earned him the Performance of the Night bonus.[24] Kopylov was scheduled to face Josh Fremd on 17 June 2023 at UFC on ESPN 47.[25] However, the bout never materialized and Kopylov took on Claudio Ribeiro at UFC 291 on 29 July 2023.[26] Kopylov won the bout via head kick knockout in round two.[27] Kopylov was scheduled to face Anthony Hernandez, replacing Chris Curtis on 16 September 2023, at UFC Fight Night 227. However, Curtis withdrew due to a rib injury and was replaced by Roman Kopylov.[28] However, Hernandez pulled out of the bout due to a torn ligament and was replaced by Josh Fremd.[29] Kopylov won the fight via body punch knockout in round two.[30] This win earned him the Performance of the Night award.[31] Kopylov faced Anthony Hernandez, replacing injured Ikram Aliskerov, on 17 February 2024, at UFC 298.[32] In a competitive bout, Kopylov lost by a rear-naked choke submission in the second round.[33] Kopylov faced César Almeida on 1 June 2024 at UFC 302.[34] He won the fight by split decision.[35] Kopylov was scheduled to face Brunno Ferreira on 24 August 2024 at UFC on ESPN 62.[36] However, Kopylov withdrew from the bout after having appendicitis surgery.[37] Kopylov faced Chris Curtis on 11 January 2025 at UFC Fight Night 249.[38] In a competitive bout, Kopylov won the fight by a head kick knockout with one second left in the third round.[39] This fight earned him a Fight of the Night award.[40] Kopylov was scheduled to face former UFC Middleweight Championship challenger Paulo Costa on 28 June 2025 at UFC 317.[41] However, for unknown reasons the bout was moved to UFC 318 which will take place on 19 July 2025.[42] Championships and accomplishments [edit]Mixed martial arts [edit]- Ultimate Fighting Championship - Fight of the Night (One time) vs. Chris Curtis[40] - Performance of the Night (Two times) vs. Punahele Soriano and Josh Fremd[24][31] - Fight Nights Global - Fight Nights Middleweight Championship (One time) - One successful title defence - Fight Nights Middleweight Championship (One time) Mixed martial arts record [edit]| 17 matches | 14 wins | 3 losses | | By knockout | 12 | 0 | | By submission | 0 | 2 | | By decision | 2 | 1 | | Res. | Record | Opponent | Method | Event | Date | Round | Time | Location | Notes | |---|---|---|---|---|---|---|---|---|---| | Win | 14–3 | Chris Curtis | TKO (head kick) | UFC Fight Night: Dern vs. Ribas 2 | January 11, 2025 | 3 | 4:59 | Las Vegas, Nevada, United States | Fight of the Night. | | Win | 13–3 | César Almeida | Decision (split) | UFC 302 | June 1, 2024 | 3 | 5:00 | Newark, New Jersey, United States | | | Loss | 12–3 | Anthony Hernandez | Submission (rear-naked choke) | UFC 298 | February 17, 2024 | 2 | 3:23 | Anaheim, California, United States | | | Win | 12–2 | Josh Fremd | KO (punch to the body) | UFC Fight Night: Grasso vs. Shevchenko 2 | September 16, 2023 | 2 | 4:44 | Las Vegas, Nevada, United States | Performance of the Night. | | Win | 11–2 | Claudio Ribeiro | KO (head kick) | UFC 291 | July 29, 2023 | 2 | 0:33 | Salt Lake City, Utah, United States | | | Win | 10–2 | Punahele Soriano | TKO (body kick and punches) | UFC Fight Night: Strickland vs. Imavov | January 14, 2023 | 2 | 3:19 | Las Vegas, Nevada, United States | Performance of the Night. | | Win | 9–2 | Alessio Di Chirico | KO (punches) | UFC Fight Night: Gane vs. Tuivasa | September 3, 2022 | 3 | 1:09 | Paris, France | | | Loss | 8–2 | Albert Duraev | Decision (unanimous) | UFC 267 | October 30, 2021 | 3 | 5:00 | Abu Dhabi, United Arab Emirates | | | Loss | 8–1 | Karl Roberson | Submission (rear-naked choke) | UFC Fight Night: Magomedsharipov vs. Kattar | November 9, 2019 | 3 | 4:01 | Moscow, Russia | Kopylov was deducted a point in round 3 due to an eye poke. | | Win | 8–0 | Yasubey Enomoto | KO (punch to the body) | Fight Nights Global 91 | December 27, 2018 | 4 | 3:39 | Moscow, Russia | Defended the FNG Middleweight Championship. | | Win | 7–0 | Abusupyan Alikhanov | TKO (corner stoppage) | Fight Nights Global 85 | March 30, 2018 | 4 | 5:00 | Moscow, Russia | Won the FNG Middleweight Championship. | | Win | 6–0 | Luiz Gustavo Dutra | KO (punch) | League S-70: Plotforma Cup 2017 | August 8, 2017 | 1 | 3:15 | Sochi, Russia | | | Win | 5–0 | Kobe Ortiz | TKO (corner stoppage) | Fight Nights Global 69 | June 30, 2017 | 2 | 5:00 | Novosibirsk, Russia | | | Win | 4–0 | Artem Shokalo | TKO (punches) | Fight Nights Global 59 | February 23, 2017 | 3 | 4:11 | Khimki, Russia | Return to Middleweight. | | Win | 3–0 | Islam Gugov | KO (spinning back kick to the body) | ACB 49: Rostov Onslaught | November 26, 2016 | 2 | 3:57 | Rostov-on-Don, Russia | Catchweight (190 lb) bout. | | Win | 2–0 | José Santos | KO (punch) | League S-70: Plotforma Cup 2016 | August 21, 2016 | 3 | 4:52 | Sochi, Russia | Light Heavyweight debut. | | Win | 1–0 | Felipe Nsue | Decision (unanimous) | WCSA Combat Ring 18: X-Fight | April 1, 2016 | 3 | 5:00 | Ufa, Russia | Middleweight debut. Won the WCSA Middleweight Championship. | See also [edit]References [edit]- ^ ""Stats | UFC"". ufcstats.com. Archived from the original on 22 January 2023. Retrieved 22 January 2023. - ^ ""Roman Kopylov (MMA): next fight, last fight result, MMA record (table)"". champinon.info. Retrieved 2024-10-03. - ^ ""UFC Rankings | UFC.com"". www.ufc.com. Retrieved 2025-04-29. - ^ a b c d e ""Роман Копылов (Roman Kopylov): биография и лучшие бои средневеса UFC - MMAExpress"". mma.express. Retrieved 2023-05-14. - ^ a b Fiedel, Michael (23 February 2019). ""Undefeated Russian star Roman Kopylov signs with UFC"". The Body Lock. Archived from the original on 22 January 2023. Retrieved 22 January 2023. - ^ Knapp, Brian (31 August 2022). ""5 Things You Might Not Know About Roman Kopylov"". Sherdog. Archived from the original on 22 January 2023. Retrieved 22 January 2023. - ^ Dorff, Marcel (24 February 2019). ""FNG Kampioen Roman Kopylov maakt UFC debuut tegen Krzysztof Jotko in St.Petersburg"" (in Dutch). Retrieved 2023-07-01. - ^ Marcel Dorff (2019-03-22). ""Roman Kopylov out, Alen Amedovski against Kryzysztof Jotko during UFC St.Petersburg"" (in Dutch). mmadna.nl. Retrieved 2019-03-22. - ^ Cole Shelton (9 September 2019). ""Karl Roberson vs. Roman Kopylov booked for UFC Fight Night 163 in Moscow"". Sherdog.com. Archived from the original on 22 January 2023. Retrieved 22 January 2023. - ^ Evanoff, Josh (9 November 2019). ""UFC Moscow Results: Karl Roberson Submits Roman Kopylov"". Cageside Press. Archived from the original on 22 January 2023. Retrieved 22 January 2023. - ^ Marcel Dorff (February 21, 2020). ""Roman Kopylov pakt short notice gevecht tegen Eric Spicely tijdens UFC Columbus"" (in Dutch). - ^ Nolan King and John Morgan (2020-03-15). ""UFC postpones three events amid growing coronavirus outbreak"". mmajunkie.usatoday.com. Retrieved 2023-07-01. - ^ MMA DNA (2020-08-28). ""Tom Breese vs. Roman Kopylov toegevoegd aan UFC evenement op 3 oktober"". MMA DNA. Retrieved 2020-08-29. - ^ ""Edmonton's K.B. Bhullar to make UFC debut on Fight Island in October - Sportsnet.ca"". www.sportsnet.ca. Retrieved 2020-09-29. - ^ Dorff, Marcel (2021-07-17). ""Sam Alvey vs. Roman Kopylov toegevoegd aan UFC evenement op 31 juli"". MMA DNA (in Dutch). Retrieved 2023-07-01. - ^ Martin, Damon (2021-07-26). ""Sam Alvey vs. Roman Kopylov co-main event scrapped from UFC Vegas 33 card on Saturday"". MMA Fighting. Retrieved 2021-07-27. - ^ Evanoff, Josh (30 October 2021). ""UFC 267 Results: Albert Duraev Outworks Roman Kopylov"". Cageside Press. Archived from the original on 22 January 2023. Retrieved 22 January 2023. - ^ Jay Anderson (April 7, 2022). ""Wright vs. Kopylov, Prachnio vs. Lins Among UFC Vegas 52 Additions"". cagesidepress.com. - ^ ""Canadian Marc-Andre Barriault steps in on short notice to fight on UFC card"". tsn.ca. 2022-04-14. Retrieved 2023-07-01. - ^ ""Alessio di Chirico vs. Roman Kopylov added to UFC Paris"". mymmanews DNA. June 2022. Archived from the original on 22 January 2023. Retrieved 22 January 2023. - ^ Law, Eddie (3 September 2022). ""UFC Paris: Roman Kopylov Finishes Di Chirico With Combo In Round 3"". Cageside Press. Archived from the original on 22 January 2023. Retrieved 22 January 2023. - ^ King, Nolan (21 November 2022). ""Matchup Roundup: New UFC and Bellator fights announced in the past week (Nov. 14-20)"". MMA Junkie. Archived from the original on 22 January 2023. Retrieved 22 January 2023. - ^ Val Dewar (14 January 2023). ""UFC Vegas 67: Roman Kopylov Harnesses Body Shots to TKO Punahele Soriano"". Cageside Press. Archived from the original on 22 January 2023. Retrieved 22 January 2023. - ^ a b Matt Erickson (2023-01-14). ""UFC Fight Night 217 bonuses: Dan Ige's nickname prophetic for extra $50,000"". mmajunkie.usatoday.com. Retrieved 2023-01-14. - ^ ""New title fight, 21 UFC bouts announced - Fights on Tap"". Bloody Elbow. 2023-05-08. Retrieved 2023-05-20. - ^ Tristen Critchfield (May 31, 2023). ""Two Bouts Added to UFC 291 Lineup on July 29"". Sherdog. - ^ Dewar, Val (2023-07-29). ""UFC 291: Roman Kopylov Head Kick KO's Claudio Ribeiro After Crazy End to First Round"". Cageside Press. Retrieved 2023-08-04. - ^ Alexander K. Lee (2023-08-15). ""Roman Kopylov replaces Chris Curtis, fights Anthony Hernandez at Noche UFC"". mmafighting.com. Retrieved 2023-08-15. - ^ With Anthony Hernandez out of Noche UFC, Josh Fremd steps in to fight Roman Kopylov (2023-08-23). ""With Anthony Hernandez out of Noche UFC, Josh Fremd steps in to fight Roman Kopylov"". mmajunkie.usatoday.com. Retrieved 2023-08-23. - ^ Theodosi, Jamie (2023-09-16). ""Noche UFC: Roman Kopylov Body Shots Shut Down Josh Fremd"". Cageside Press. Retrieved 2023-09-17. - ^ a b ""Noche UFC bonuses: $50K jackpot for all finishers in Las Vegas"". MMA Junkie. 2023-09-17. Retrieved 2023-09-17. - ^ Heck, Mike (2024-01-21). ""With Ikram Aliskerov out, Anthony Hernandez now meets Roman Kopylov at UFC 298"". MMA Fighting. Retrieved 2024-01-21. - ^ Nolan King (2024-02-18). ""UFC 298 results: Anthony Hernandez snatches Roman Kopylov's neck for deep submission"". Yahoo Sports. Retrieved 2024-02-18. - ^ Navas, Julio Fernando (2024-04-10). ""Roman Kopylov vs. César Almeida agregada al UFC 302"" (in Spanish). Retrieved 2024-04-10. - ^ Hester, Bryson (2024-06-02). ""UFC 302: Wonky Scorecard Not Withstanding, Roman Kopylov Wins Clear Decision Over Cesar Almeida"". Cageside Press. Retrieved 2024-06-02. - ^ Drake Riggs (2024-06-28). ""Morning Report: Dricus du Plessis believes Israel Adesanya win puts him in GOAT conversation: 'I belong here' - Fight Announcements"". MMA Fighting. Retrieved 2024-06-28. - ^ Guilherme Cruz (2024-07-22). ""Roman Kopylov out of UFC Vegas 96 fight with Brunno Ferreira"". mmafighting.com. Retrieved 2024-07-22. - ^ Mike Heck (2024-10-05). ""Chris Curtis vs. Roman Kopylov targeted for Jan. 11 UFC event"". mmafighting.com. Retrieved 2024-10-05. - ^ Jay Anderson (2025-01-11). ""UFC Vegas 101: Last-Second Head Kick KO by Roman Kopylov Leaves Chris Curtis Fuming"". cagesidepress.com. Retrieved 2025-01-11. - ^ a b Chris Taylor (2025-01-11). ""UFC Vegas 101 Bonus Report: Mackenzie Dern one of four fighters to take home $50k"". bjpenn.com. Retrieved 2025-01-11. - ^ Alexander Behunin (2025-05-13). ""Vegas heat! Dana White drops UFC 317 fight card - Ilia Topuria vs. Charles Oliveira headlines for vacant lightweight title"". mmamania.com. Retrieved 2025-05-13. - ^ Ross Markey (2025-06-17). ""Report – Paulo Costa return fight with Roman Kopylov moved to UFC 318 in New Orleans"". lowkickmma.com. Retrieved 2025-06-17. - ^ Sherdog.com. ""Roman Kopylov"". Sherdog. Archived from the original on 22 January 2023. Retrieved 22 January 2023. External links [edit]- 1991 births - Living people - Russian male mixed martial artists - Middleweight mixed martial artists - Light heavyweight mixed martial artists - Mixed martial artists utilizing sambo - Ultimate Fighting Championship male fighters - Russian sambo practitioners - Martial artists from Kemerovo Oblast - 21st-century Russian sportsmen",2022-04-08,https://en.wikipedia.org/wiki/Roman_Kopylov
Pronóstico Paulo Costa vs Roman Kopylov (20/07/25) | UFC 318 / Peso Medio,"Paulo Costa vs Roman Kopylov: Pronóstico y Apuestas (20/07/25) Ahora sí. Tras cancelarse el combate para el UFC 317, Paulo Costa y Roman Kopylov se verán las caras en el UFC 318 en el Smoothie King Center de Nueva Orleans. Un combate muy esperado en el peso mediano y que servirá de preámbulo para el Holloway vs Poirier, la pelea estelar. Aquí te traigo mi análisis de la pelea y mi pronóstico principal. Mejores cuotas para el combate Paulo Costa vs Roman Kopylov Las casas de apuestas online otorgan el papel de favorito en esta pelea al luchador ruso. La victoria de Kopylov se paga en estos momentos a casi 1.40 euros por euro apostado de media. En cambio, el triunfo de Paulo Costa tiene un precio medio que se acerca a los 3 euros. Las cuotas, en realidad, están menos igualadas que las que vimos para el combate cancelado del UFC 317, por lo que todo apunta a una probable victoria del luchador ruso. Comparativa y análisis entre Paulo Costa y Roman Kopylov Paulo Costa y Roman Kopylov llegan al combate con unas cifras muy parejas y una gran capacidad de nocaut en ambos casos. Sin embargo, un punto clave que podría inclinar la balanza es el alcance. Kopylov cuenta con una ventaja de 8 centímetros, lo que le permitiría dominar mejor la larga distancia. En cambio, Costa suele imponer su estilo basado en una presión intensa y ataques constantes. Al compartir edad y categoría de peso, todo apunta a que el manejo del espacio y la táctica marcarán la diferencia en uno de los mejores pronósticos deportivos de hoy. | 📊 Estadística | Paulo Costa (🇧🇷) | Roman Kopylov (🇷🇺) | |---|---|---| | 🏆 Récord | 14-4 (11 KOs) | 14-3 (12 KOs) | | 📏 Altura | 1.85 m | 1.83 m | | 🔥 Alcance | 1.82 m | 1.90 m | | ⚖ Peso | 84 kg | 84 kg | | 🎂 Edad | 34 años | 34 años | ¿Cómo llega 👊 Paulo Costa a la pelea? Paulo Costa se presenta en el UFC 318 con una preparación mucho más sólida y un perfil muy directo. Su marca de 14 victorias y 4 derrotas, con 11 finalizaciones por nocaut, refleja su capacidad para resolver peleas con mucho poder. En su último campamento en Río de Janeiro, trabajó a fondo su acondicionamiento físico y corrigió detalles defensivos, sobre todo en la protección de sus piernas, un punto débil que le había costado caro en el pasado. En esta ocasión, espero una versión aún más explosiva del brasileño. Desde el primer asalto, intentará tomar el control del octágono con una presión alta y combinaciones muy agresivas. Su experiencia frente a rivales de primer nivel, junto con su mentalidad de combate, lo sitúan como una amenaza real para Kopylov en este combate. ¿Cómo llega 👊 Roman Kopylov a la pelea? Kopylov, por su parte, llega al UFC 318 como uno de los luchadores más peligrosos del peso medio. Con 14 triunfos en su carrera profesional, 12 de ellos por nocaut, el ruso ha demostrado que su pegada puede terminar combates en cualquier momento, lo que está siendo determinante en las últimas apuestas a la UFC. Su preparación más reciente en San Petersburgo ha estado centrada en perfeccionar su boxeo técnico y en reforzar su defensa frente a rivales de estilo agresivo como Paulo Costa. Kopylov destaca por su capacidad para combinar potencia con una gran precisión. Su buena preparación física y su ventaja en alcance le permiten manejar bien la distancia, un aspecto clave en este cruce de estilos. Todo parece que intentará mantener a Costa a raya desde el primer asalto, utilizando su jab y su contundencia para marcar el ritmo de la pelea. 5 claves para apostar al combate Paulo Costa vs Roman Kopylov - Potencial de definición. Ambos peleadores destacan por su capacidad para finalizar combates con las manos. Con más del 80% de sus victorias por nocaut, tanto Costa como Kopylov tienen dinamita en los puños. Esto convierte los mercados de “menos de X asaltos” o “ganará por KO” en opciones muy atractivas para apostar, sobre todo si el ritmo se acelera desde el inicio. - El alcance como ventaja estratégica. Roman Kopylov tiene una clara ventaja en alcance, por lo que va a poder controlar el combate desde fuera. Si consigue mantener la pelea en su zona de confort y frena los avances de Costa, puede desgastarlo a largo plazo y tomar el control con sus desplazamientos. - Estilo frontal de Costa. El brasileño especula muy poco. Por lo general, suele avanzar con fuerza desde el primer segundo, buscando cerrar la distancia y castigar con un gran volumen de golpes. Si logra imponer ese ritmo, podría romper el plan del ruso y llevar la pelea a su terreno. - Vulnerabilidad defensiva. A lo largo de sus carreras, Costa y Kopylov han recibido un amplio castigo. Sus defensas no son impenetrables, por lo que cualquier error puede ser aprovechado con un golpe definitivo. Algo a tener muy en cuenta si estás pensando apostar por un nocaut rápido o una victoria dentro del límite. - Combates de alto nivel. Paulo Costa tiene la ventaja de haber peleado ante nombres importantes del peso medio, incluso ex campeones. Esa experiencia puede pesar en momentos clave, especialmente si el combate se alarga y entra en una fase donde la táctica y la mente serán determinantes. | Clave | Detalle | |---|---| | 📅 Fecha y lugar | 20 de julio de 2025 en el Smoothie King Center de Nueva Orleans | | 🏆 Títulos en juego | Pelea del UFC 318 en el peso medio. Toda la información de la velada en nuestra Previa de apuestas a la UFC 318. | | 🛡️ Estilos enfrentados | Choque entre la potencia explosiva de Paulo Costa, la presión y la agresividad, frente al enfoque más técnico y calculador de Kopylov. El ruso apuesta por el control del ritmo desde la larga distancia. | | ⏳ Preparación | Paulo Costa ha entrenado su resistencia física, la protección de sus piernas y su estilo ofensivo. El ruso, en cambio, se ha centrado en pulir su boxeo, afinar la defensa y aprovechar al máximo su superioridad en alcance. | | 📉 Expectativas | Espero un combate intenso y de ritmo alto desde el primer asalto. La combinación de estilos opuestos podría hacer que la pelea fuera corta. Sin embargo, el poder de ambos me da que pensar sobre esto. ¿Veremos una decisión final de los jueces? | Pronóstico Paulo Costa vs Roman Kopylov Mi pronóstico para este combate es la victoria de Roman Kopylov por decisión, aprovechando la cuota a 1.88 que ofrece actualmente Codere. Costa lleva tiempo sin competir al más alto nivel y ha demostrado más vulnerabilidad ante rivales con buena movilidad y precisión. Espero, por tanto, un combate más táctico, a pesar del ritmo intenso, en el que se imponga el ruso y gane en las tarjetas por volumen y control. Otros pronósticos de apuestas a MMA Gráfico del pronosticador 👊 Especialista en MMA Autor tipster",2025-07-17,https://apuestasonline.net/pronosticos/paulo-costa-roman-kopylov-200725/
UFC 318 Odds and Predictions – Can Poirier Retire as “BMF” Champ Against Holloway?,"UFC 318 odds for Dustin Poirier’s retirement fight against Max Holloway are suggesting a close fight as the two finish their trilogy. It’s also Poirier’s retirement fight, while Holloway holds the “BMF” belt. How will this fight at the Smoothie King Center in New Orleans go? I’ve got UFC 318 predictions for this bout, and the rest of the card! My picks for the full card are below, but I’ll dig into three fights for analysis, starting with the main event. UFC 318 Predictions Summary | FIGHT | BETTING FAVORITE | PREDICTION | |---|---|---| | Max Holloway vs. Dustin Poirier | Max Holloway (-135) | Max Holloway (-135) | | Paulo Costa vs. Roman Kopylov | Roman Kopylov (-250) | Roman Kopylov (-250) | | Kevin Holland vs. Daniel Rodriguez | Kevin Holland (-470) | Kevin Holland (-470) | | Dan Ige vs. Patricio Pitbull | Dan Ige (-198) | Patricio Putbull (+168) | | Michael Johnson vs. Daniel Zellhuber | Daniel Zellhuber (-600) | Daniel Zellhuber (-600) | | Kyler Phillips vs. Vinicius Oliveira | Vinicius Oliveira (-160) | Vinicius Oliveira (-160) | | Marvin Vettori vs. Brendan Allen | Brendan Allen (-205) | Marvin Vettori (+173) | | Francisco Prado vs. Nikolay Veretennikov | Francisco Prado (-145) | Francisco Prado (-145) | | Ateba Abega Gautier vs. Robert Valentin | Ateba Abega Gautier (-575) | Ateba Abega Gautier (-575) | | Adam Fugitt vs. Islam Dulatov | Islam Dulatov (-625) | Islam Dulatov (-625) | | Jimmy Crute vs. Marcin Prachnio | Jimmy Crute (-330) | Jimmy Crute (-330) | | Ryan Spann vs. Lukasz Brzeski | Ryan Spann (-220) | Ryan Spann (-220) | | Brunno Ferreira vs. Jackson McVey | Brunno Ferreira (-700) | Brunno Ferreira (-700) | | Carli Judice vs. Nicolle Caliari | Carli Judice (-310) | Carli Judice (-310) | UFC 318 is sure to be a banger of a card with plenty of excitement, and intriguing lines at UFC betting sites! The “BMF” title is on the line as Max Holloway defends against Dustin Poirier, who is making his final walkout on his way to retirement. In the co-main event, middleweight sluggers Paulo Costa and Roman Kopylov clash in a match where, odds are, someone will be knocked out! You can find these UFC 318 odds at Bovada by heading to Sports > UFC/MMA > UFC 318: Holloway vs. Poirier 3. Max Holloway vs. Dustin Poirier Odds and Prediction - Max Holloway (-135) - Dustin Poirier (+115) The first two matches in this rivalry have gone to Poirier (30-9, 1 NC), who would love nothing more than to ride off into the sunset in his home state with a win. “The Diamond” beat Holloway (26-8) by submission in Holloway’s UFC debut way back in February 2012. Poirier then beat Holloway by unanimous decision in April 2019. However, Holloway moved up to lightweight for that fight. Holloway has the “BMF” title, but he’s looking at this fight as a stepping stone to a championship fight at 155 pounds. While Poirier is retiring, he’s still sixth in the UFC lightweight rankings. It also doesn’t help Holloway that the new lightweight champion is Ilia Topuria, who knocked out Holloway in October 2024 to defend the featherweight title. I’d definitely take a look at the round odds, as I think this will go the distance. Both men are tough customers and will want to put on a show. The UFC 318 odds for this match are pretty close, and I think they could swing closer to Poirier by fight night. But I’m going with Holloway at -135 in my UFC 318 predictions as he is looking to move up the ranks at 155 pounds. While Poirier might not win, he’d be satisfied with an exciting fight in his final match. Paulo Costa vs. Roman Kopylov Odds and Prediction Kopylov (14-3) is looking to move up the ladder at 185 pounds, where he is 14th in the rankings, one spot behind Costa (14-4). The Russian is coming off a thrilling head-kick win over Chris Curtis in January 2025, although it might have been a bad stoppage by the referee. Posting a HEADKICK KO EVERYDAY for one year! (212/365) Roman Kopylov vs Chris Curtis#UFC #MMATwitter #UFC313 pic.twitter.com/B42kiC0nuA — 🎱The MMA Mark🎱 (@TheMMA8Ball_) March 9, 2025 Costa might be the best example of wasted potential in the UFC. He scored knockouts in four of his first five fights, and went toe-to-toe with Yoel Romero in an incredible fight. But Costa got embarrassed by then-champion Israel Adesanya, and it has been all downhill from there. The Brazilian is 1-4 in his last five fights, and it’s strange that he’s even still in the rankings. Again, keep an eye out for round odds, as this one isn’t going the distance. Both men struggle with cardio issues, and will come out swinging for the fences. But I’m leaning towards Kopylov at -250, because I have no confidence that the best version of Costa will show up. I’m taking Roman Kopylov at these UFC 318 odds before they move, but I’ll be watching for props here to find a bigger return. Dan Ige vs. Patricio Pitbull Odds and Prediction I was disappointed with Pitbull’s (36-8) UFC debut in April, when he lost to Yair Rodriguez by unanimous decision. It was strange to see Pitbull, who accomplished so much in Bellator, look tentative. But many fighters have struggled under the bright lights of the UFC in their first match. I’m expecting the Pitbull we saw in Bellator, a much more aggressive fighter with finishing power in striking, and on the mat. That suits Ige (19-9) just fine, as he has finished 12 of his 19 wins with seven knockouts, and five submission wins. He has never been finished, but Ige has lost three of his last five fights. This should have been Pitbull’s first fight as Rodriguez is ranked third in the featherweight listings. That was too much, too soon for the Bellator veteran, and I think he’ll be more comfortable against Ige, who is 11th in the rankings. Where to Bet on UFC 318 Odds? Here are my top three picks for UFC 318: - Max Holloway (-135) - Roman Kopylov (-250) - Patricio Pitbull (+168) Bovada is the place to be on Saturday night when you’re wagering on UFC 318 lines. You’ll receive a welcome bonus, on your first deposit, of 100% matched up to $1,000. Simply use the promo code, BV1000, and you’ll be able to bet on UFC events whenever you want! Welcome Bonus 100% up to $1,000 - Wide-ranging sportsbook and live betting platform - Top-notch poker room with numerous tournaments - Impressive casino with 500+ slots and live tables You must be logged in to comment. Don't have an account? Sign up today.",2025-07-15,https://www.thesportsgeek.com/blog/ufc-318-odds-predictions-best-bets/
UFC 318 staff picks include a defeat in Dustin Poirier’s final fight and more predictions,"Dustin Poirier bids farewell to the octagon when he battles Max Holloway in his final ever MMA fight at UFC 318. “Diamond” is hanging up his gloves after UFC 318 at the end of an incredible 16-year career in MMA. In that time, Dustin Poirier became a fan-favorite to UFC fans and even won the Interim UFC Light championship in 2019 from his upcoming opponent. This fight will be Poirier’s third bout against Max Holloway, where he will be hoping to make it 3-0 at the top of a packed card at UFC 318. However, Holloway is a different fighter from their earlier bouts and is now considered one of the greatest Featherweights in UFC history. He will want to finally get a win over Poirier in what will be a tense and emotional main event. Ahead of UFC 318, the experts at Bloody Elbow have made their staff picks for the two main event fights, as well as the Performance of the Night and the Fight of the Night. Max Holloway vs Dustin Poirier 3 prediction - Jamie Theodosi – Max Holloway - Donagh Corby – Max Holloway - Jordan Ellis – Max Holloway - Ross Markey – Max Holloway While it would be a fantastic story to see Poirier going out with a win, the Bloody Elbow experts have unanimously predicted that Holloway will leave UFC 318 with the win. Poirier hasn’t fought since losing to Islam Makhachev in June last year, as he missed out on the chance to become the UFC Lightweight champion proper. “Diamond” has had a mixed record in the last few years, losing three of his last five fights since winning back-to-back bouts against Conor McGregor, in what were some of Poirier’s best performances to date. This poor record at the end of his career hints that Holloway will win the fight against Poirier, at the third time of asking. The Hawaiian fighter was on a three-strike win streak before being knocked out by Ilia Topuria, although it is hard to hold that loss against him, given how dominant Topuria has been since. This should be a close fight between two icons of the UFC, but it is hard to look past Holloway when picking the winner in Poirier’s swansong. Paulo Costa vs Roman Kopylov prediction - Jamie Theodosi – Paulo Costa - Donagh Corby – Paulo Costa - Jordan Ellis – Roman Kopylov - Ross Markey – Paulo Costa The co-main event of UFC 318 has been moved around a lot before finding its home just before Poirier’s final fight. Paulo Costa vs Roman Kopylov was supposed to take place at UFC 317 before being moved to UFC 319, then back to this show on July 19. Jordan is backing Kopylov to win the bout after picking up back-to-back wins in his last fights, while Costa is still licking his wounds after his UFC 302 loss to Sean Strickland. Despite his record of four losses in his past five fights, Jamie, Donagh, and Ross are all predicting Costa to end his poor form to beat Kopylov in the fight, turning the tables on the Russian and ending his own good form in the process. Fight of the Night - Jamie Theodosi – Max Holloway vs Dustin Poirier - Donagh Corby – Dan Ige vs Patricio Pitbull - Jordan Ellis – Max Holloway vs Dustin Poirier - Ross Markey – Max Holloway vs Dustin Poirier The main event is expected to be the best Fight of the Night at UFC 318, with Jamie, Jordan, and Ross all predicting it to win that night’s bonus. Their previous two matches both impressed, and this being Poirier’s last fight, he will want to go all out to put on the best performance he can, even if he doesn’t walk out the winner. However, Donagh thinks that the undercard bout between Dan Ige and Patricio Pitbull will win the Fight of the Night bonus. Pitbull suffered defeat in his UFC debut, and time is running out to make himself a fixture in the promotion. He will need to be at his best to take on Ige, who will hope to build on his KO win at UFC 314 to catapult himself towards a title shot, at the Brazilian’s expense. Performance of the Night - Jamie Theodosi -Daniel Zellhuber - Donagh Corby – Daniel Rodriguez - Jordan Ellis – Dan Ige - Ross Markey – Dan Ige The experts have three different picks for who will win the coveted Performance of the Night bonus at UFC 318. Jamie is predicting Daniel Zellhuber to earn the Performance of the Night bonus when he takes on Michael Johnson. The Mexican fighter is 3-2 in his UFC career so far, and he will hope to build some momentum against a fighter who handily beat his last two opponents to end a poor run of results. Meanwhile, Donagh is backing Daniel Rodriguez to earn a $50,000 bonus at UFC 318. He is fighting the impressive Kevin Holland, who is deadly in the octagon but is susceptible when facing a top fighter, as Rodriguez hopes to be. “D-Rod” has a history in boxing and is deadly with his hands in the UFC, so he will be aiming for a knockout win against Holland at UFC 318. Finally, both Ellis and Ross think that Ige will have too much for Pitbull on July 19 and will put away the Bellator legend, potentially for good, in his second UFC fight.",2025-07-16,https://bloodyelbow.com/2025/07/16/ufc-318-staff-picks-include-a-defeat-in-dustin-poiriers-final-fight-and-more-predictions/
Roman Kopylov | MMA Fighter Page | Tapology,Fighter Details Worldwide MMA Rankings Rankings FAQ Regional MMA Rankings Rankings FAQ Fighting for a major organization has made Roman Kopylov ineligible for Tapology's regional MMA rankings. Roman Kopylov MMA Fight Record Articles mentioning Roman Kopylov,2025-06-17,https://www.tapology.com/fightcenter/fighters/138424-roman-kopylov
"Paulo Costa vs Roman Kopylov Pick, 07/19/2025 Predictions UFC 318 Odds","Paulo Costa vs Roman Kopylov Pick, 07/19/2025 Predictions UFC 318 Odds Paulo Costa vs Roman Kopylov UFC 318 Smoothie King Center in New Orleans Saturday, July 19, 2025 Paulo Costa will battle Roman Kopylov at UFC 318 on Saturday, July 19, 2025. The opening odds have Costa priced at +195 while Kopylov is priced at -241. Paulo ""The Eraser"" Costa holds a career record of 14-4-0. The 34-year-old steps on the scale at 185 lbs and measures in at 6'1"". The orthodox fighter reaches 72"". Roman Kopylov stands 6'0"" and records a weight of 185 lbs. The southpaw fighter will be looking to add a victory to his career total of 14-3-0. The 34-year-old has a wingspan of 75"". Concerning significant strikes, Paulo Costa connects on 6.22 per min and Roman Kopylov is connecting on 4.96 significant strikes per min. Costa is landing 58% of the significant strikes he tries while Kopylov lands 50%. When it comes to defending themselves, ""The Eraser"" allows 6.56 significant strikes per minute while Kopylov absorbs 4.86. Costa also thwarts 49% of the significant strikes his opponents throw at him while Kopylov is able to stop 55% of the strikes thrown in his direction. | UFC 318 | Paulo Costa | Roman Kopylov | |---|---|---| | Opening Odds | +195 | -241 | | Record | 14-4-0 | 14-3-0 | | Average Fight Time | 12:32 | 11:21 | | Height | 6'1"" | 6'0"" | | Weight | 185 lbs | 185 lbs | | Reach | 72"" | 75"" | | Strikes Landed Per Minute | 6.22 | 4.96 | | Striking Accuracy | 58% | 50% | In terms of wrestling, Paulo Costa is the not as competent as a wrestler as he takes his opponents to the mat 0.36 times per 15 minutes. Costa is getting his opponent to the mat on 75% of his attempts and is stopping 80% of all takedowns attempted on him. Kopylov is finishing his takedown attempts on 42% of the takedowns he attempts and defending 87% of the attempts against him. In terms of subbing opponents, Costa is not as skilled of a technician by going for 0.7 subs per 3 rounds while Kopylov tries 0.9 subs per 15 minutes. Get all of our UFC Betting Picks In his last appearance in the Octagon, Paulo Costa squared up with Sean Strickland and walked away with a loss via split decision in round 5. Strickland landed 182 of 402 total strikes that he threw in that fight. Costa ended the night having landed 158 of 266 total strikes. When it comes to significant strikes, Strickland landed 182 of 402, which gave him a rate of 45%. He landed 104 of 258 significant strikes directed at the head. In terms of stats for the opponent, Costa ended up landing 59% of the significant strikes he threw by landing 158 of 266. Of those significant strikes, he was 28 of 100 aimed at the head. 98% of the significant strikes connected on by Strickland and 99% of them landed by Costa were thrown at a distance. In the last fight for Roman Kopylov, he went up against Chris Curtis and wound up getting the win via a kick to the head in round 3. Curtis ended up connecting on 100% of the significant strikes he tried at a distance while Kopylov connected on 95% of the significant strikes he attempted from distance. Kopylov landed 42% of the significant strikes he attempted by landing 130 of 307. He connected on 91 of 266 significant strikes to the head. Curtis ended up connecting on 142 of 261 significant strikes in that contest. In regard to the placement of these significant strikes, he connected on 107 of 204 aimed at the head. In terms of total strikes attempted in that fight, Curtis ended up connecting on 146 of 265 and Kopylov connected on 133 of 310 of all the strikes he attempted. Other bouts to watch Another bout that you're not going to want to miss is when Kevin Holland battles Daniel Rodriguez. Holland will be looking to add a win to his career record of 28-13-0 (1 NC). The 32-year-old records a weight of 170 lbs and stands 6'3"". The orthodox fighter has a wingspan of 81"". Rodriguez comes in at 6'1"" and steps on the scale at 170 lbs. The southpaw fighter walks into the Octagon with a record of 19-5-0. The 38-year-old reaches 74"". Regarding grappling, Kevin Holland scores a takedown 0.81 times per 15 min while Daniel Rodriguez is averaging a takedown 0.55 times per 3 rds. When it comes to striking, Holland tags his opponents 4.24 strikes/min and is landing 50% of the strikes that he throws. The other guy in this fight is Daniel Rodriguez, who tags his opponent on 48% of the strikes he has thrown and connects for an average of 7.39 per minute. If you're into fun fights, you're going to want to see when Patricio Freire is set to face off against Dan Ige. Ige will be looking to add a win to his record of 19-9-0. The 33-year-old is weighing in at 145 lbs and stands in at 5'7"". The orthodox fighter stretches 71"". Freire stands in at 5'6"" and steps on the scale at 145 lbs. The orthodox fighter looks to add a victory to his total of 36-8-0. The 38-year-old extends his reach 67"". Concerning grappling, Dan Ige is preventing 58% of the takedowns fighters have attempted and is finishing his takedown attempts on 25% of his tries. Freire is taking his opponents down on 20% of the attempts he tries and is able to defend against 88% of the takedowns his opponents try. In the category of striking, Ige is taking 3.55 strikes per minute and he lands 3.67 strikes per min. Freire, in contrast, takes 4.48 strikes per minute and is dealing 2.45 per minute. Who will win tonight's UFC match against the spread? Tony Sink's Pick: Take Roman Kopylov (-241) Get $60 worth of FREE premium member picks. No Obligation. No Salesman. No Credit Card. Fast Sign up with Instant Access Click Here Get all of Today's Free UFC Picks Get all of Today's Expert UFC Picks Most Recent UFC Picks - Dan Ige vs Patricio Freire Pick, 07/19/2025 Predictions UFC 318 Odds - Jimmy Crute vs Marcin Prachnio Pick, 07/19/2025 Predictions UFC 318 Odds - Kevin Holland vs Daniel Rodriguez Pick, 07/19/2025 Predictions UFC 318 Odds - Kyler Phillips vs Vinicius Oliveira Pick, 07/19/2025 Predictions UFC 318 Odds - Michael Johnson vs Daniel Zellhuber Pick, 07/19/2025 Predictions UFC 318 Odds - Francisco Prado vs Nikolay Veretennikov Pick, 07/19/2025 Predictions UFC 318 Odds - Carli Judice vs Nicolle Caliari Pick, 07/19/2025 Predictions UFC 318 Odds - Max Holloway vs Dustin Poirier Pick, 07/19/2025 Predictions UFC 318 Odds - Ryan Spann vs Lukasz Brzeski Pick, 07/19/2025 Predictions UFC 318 Odds - Adam Fugitt vs Islam Dulatov Pick, 07/19/2025 Predictions UFC 318 Odds",2025-07-15,https://www.docsports.com/free-picks/ufc/2025/paulo-costa-vs-roman-kopylov-pick-07-19-2025-predictions-ufc-318-odds.html
Roman Kopylov - Wikipedia,"Roman Kopylov | Roman Kopylov | | |---|---| | Born | Roman Yuryevich Kopylov 4 May 1991 Schebzavod, Belovsky District, Kemerovo Oblast, Soviet Union | | Native name | Рома́н Ю́рьевич Копыло́в | | Nationality | Russian | | Height | 6 ft 0 in (1.83 m) | | Weight | 185 lb (84 kg; 13 st 3 lb) | | Division | Light Heavyweight Middleweight | | Reach | 75 in (191 cm)[1] | | Stance | Southpaw | | Fighting out of | Bachatsky, Russia | | Team | Ratiborets | | Years active | 2016–present | | Mixed martial arts record | | | Total | 17 | | Wins | 14 | | By knockout | 12 | | By decision | 2 | | Losses | 3 | | By submission | 2 | | By decision | 1 | | Other information | | | Mixed martial arts record from Sherdog | Roman Yuryevich Kopylov[2] (born 4 May 1991) is a Russian mixed martial artist who currently competes in the Middleweight division of the Ultimate Fighting Championship. As of 29 April 2025, he is #14 in the UFC middleweight rankings.[3] Background [edit]Roman Kopylov was born in Shchebzavod, a small village in the Kemerovo region of Russia, and began his journey in martial arts at the age of 9. His parents, both former athletes, nurtured his passion for hand-to-hand combat. Gradually, Kopylov started winning trophies at various levels, from city to regional and higher-level competitions starting in 2010. He served in the National Guard of the Siberian District where he continued to compete in martial arts. After graduating from a branch of Kemerovo State University in 2014, he ventured into mixed martial arts.[4] Kopylov is a five-time world champion in hand-to-hand combat sambo, and has also won several European and Russian championships.[5] He has earned degrees in economics and physical education from Kemerovo State University and Novokuznetsk Institute. His MMA idol is Fedor Emelianenko.[6] Mixed martial arts career [edit]Early career [edit]Roman Kopylov began his MMA career in Ufa in April 2016 at the WCSA tournament. His first fight was against Filipe Aiyugono from Guinea. Despite it being his debut, Roman managed to win by unanimous decision after fighting all the rounds. Later in 2016, Roman fought in the League S-70 ring and knocked out a foreign opponent. He maintained careers in both MMA and RB and demonstrated an unmatched level of skill.[4] By the end of 2016, Roman fought Islam Gugov in the DIA, before signing a contract with Fight Nights Global. He defeated Artem Shokalo and Jacob Ortiz, then returned to League S-70 for another victory. He then fought for the Fight Nights Middleweight Championship against Abusupyan Alikhanov, who had a streak of 9 victories. Roman increased his pace round by round, and his opponent's corner gave up after the 4th round.[4] By the end of 2018, Roman won a title fight against the legendary Yasubei Enomoto in a joint tournament between Fight Nights and GTC. Despite Enomoto's impressive track record and experience, Roman's pressure proved too much, and Enomoto lost in the 4th round after a heavy hit to the body.[4] Following this victory, Roman's manager, Alexander Skaredin, started organizing a fight with Magomed Ismailov, but the plans were postponed indefinitely when Magomed left Fight Nights to join ASA.[4][5] Ultimate Fighting Championship [edit]Later, Kopylov was offered a contract for 4 fights by UFC matchmakers. He was scheduled to fight Krzysztof Jotko in St. Petersburg on 20 April 2019 at UFC Fight Night 149.[7] However, Kopylov pulled out of the bout on March 22 citing injury.[8] Kopylov made his UFC debut against Karl Roberson on 9 November 2019 at UFC Fight Night 163.[9] He lost the fight via a submission in round three, his first MMA loss.[10] Kopylov was scheduled to replace Punahele Soriano against Eric Spicely at UFC on ESPN: Ngannou vs. Rozenstruik on 28 March 2020.[11] However, the event was postponed due to the COVID-19 pandemic, leaving the bout was scrapped.[12] His next opportunity was against Tom Breese in Abu Dhabi on 4 October 2020 at UFC on ESPN: Holm vs. Aldana.[13] However, Kopylov was removed from the bout as both he and his coach tested positive for coronavirus upon arrival and had to isolate for 3 weeks.[14] Kopylov was then scheduled to face Sam Alvey on 31 July 2021, at UFC on ESPN 28.[15] However, Kopylov wasn't able to obtain his US visa in time and the bout was scrapped.[16] Kopylov faced Albert Duraev on 30 October 2021 at UFC 267. He lost the fight via unanimous decision.[17] Kopylov was scheduled to face Jordan Wright at UFC Fight Night: Lemos vs. Andrade on 23 April 2022.[18] However, Kopylov withdrew from the bout and was replaced by Marc-André Barriault.[19] Kopylov faced Alessio Di Chirico on 3 September 2022 at UFC Fight Night 209.[20] He won the fight via knockout in round three.[21] Kopylov faced Punahele Soriano on 14 January 2023 at UFC Fight Night 217.[22] He won the fight via technical knockout after knocking down Soriano with a body kick in the second round.[23] This win earned him the Performance of the Night bonus.[24] Kopylov was scheduled to face Josh Fremd on 17 June 2023 at UFC on ESPN 47.[25] However, the bout never materialized and Kopylov took on Claudio Ribeiro at UFC 291 on 29 July 2023.[26] Kopylov won the bout via head kick knockout in round two.[27] Kopylov was scheduled to face Anthony Hernandez, replacing Chris Curtis on 16 September 2023, at UFC Fight Night 227. However, Curtis withdrew due to a rib injury and was replaced by Roman Kopylov.[28] However, Hernandez pulled out of the bout due to a torn ligament and was replaced by Josh Fremd.[29] Kopylov won the fight via body punch knockout in round two.[30] This win earned him the Performance of the Night award.[31] Kopylov faced Anthony Hernandez, replacing injured Ikram Aliskerov, on 17 February 2024, at UFC 298.[32] In a competitive bout, Kopylov lost by a rear-naked choke submission in the second round.[33] Kopylov faced César Almeida on 1 June 2024 at UFC 302.[34] He won the fight by split decision.[35] Kopylov was scheduled to face Brunno Ferreira on 24 August 2024 at UFC on ESPN 62.[36] However, Kopylov withdrew from the bout after having appendicitis surgery.[37] Kopylov faced Chris Curtis on 11 January 2025 at UFC Fight Night 249.[38] In a competitive bout, Kopylov won the fight by a head kick knockout with one second left in the third round.[39] This fight earned him a Fight of the Night award.[40] Kopylov was scheduled to face former UFC Middleweight Championship challenger Paulo Costa on 28 June 2025 at UFC 317.[41] However, for unknown reasons the bout was moved to UFC 318 which will take place on 19 July 2025.[42] Championships and accomplishments [edit]Mixed martial arts [edit]- Ultimate Fighting Championship - Fight of the Night (One time) vs. Chris Curtis[40] - Performance of the Night (Two times) vs. Punahele Soriano and Josh Fremd[24][31] - Fight Nights Global - Fight Nights Middleweight Championship (One time) - One successful title defence - Fight Nights Middleweight Championship (One time) Mixed martial arts record [edit]| 17 matches | 14 wins | 3 losses | | By knockout | 12 | 0 | | By submission | 0 | 2 | | By decision | 2 | 1 | | Res. | Record | Opponent | Method | Event | Date | Round | Time | Location | Notes | |---|---|---|---|---|---|---|---|---|---| | Win | 14–3 | Chris Curtis | TKO (head kick) | UFC Fight Night: Dern vs. Ribas 2 | January 11, 2025 | 3 | 4:59 | Las Vegas, Nevada, United States | Fight of the Night. | | Win | 13–3 | César Almeida | Decision (split) | UFC 302 | June 1, 2024 | 3 | 5:00 | Newark, New Jersey, United States | | | Loss | 12–3 | Anthony Hernandez | Submission (rear-naked choke) | UFC 298 | February 17, 2024 | 2 | 3:23 | Anaheim, California, United States | | | Win | 12–2 | Josh Fremd | KO (punch to the body) | UFC Fight Night: Grasso vs. Shevchenko 2 | September 16, 2023 | 2 | 4:44 | Las Vegas, Nevada, United States | Performance of the Night. | | Win | 11–2 | Claudio Ribeiro | KO (head kick) | UFC 291 | July 29, 2023 | 2 | 0:33 | Salt Lake City, Utah, United States | | | Win | 10–2 | Punahele Soriano | TKO (body kick and punches) | UFC Fight Night: Strickland vs. Imavov | January 14, 2023 | 2 | 3:19 | Las Vegas, Nevada, United States | Performance of the Night. | | Win | 9–2 | Alessio Di Chirico | KO (punches) | UFC Fight Night: Gane vs. Tuivasa | September 3, 2022 | 3 | 1:09 | Paris, France | | | Loss | 8–2 | Albert Duraev | Decision (unanimous) | UFC 267 | October 30, 2021 | 3 | 5:00 | Abu Dhabi, United Arab Emirates | | | Loss | 8–1 | Karl Roberson | Submission (rear-naked choke) | UFC Fight Night: Magomedsharipov vs. Kattar | November 9, 2019 | 3 | 4:01 | Moscow, Russia | Kopylov was deducted a point in round 3 due to an eye poke. | | Win | 8–0 | Yasubey Enomoto | KO (punch to the body) | Fight Nights Global 91 | December 27, 2018 | 4 | 3:39 | Moscow, Russia | Defended the FNG Middleweight Championship. | | Win | 7–0 | Abusupyan Alikhanov | TKO (corner stoppage) | Fight Nights Global 85 | March 30, 2018 | 4 | 5:00 | Moscow, Russia | Won the FNG Middleweight Championship. | | Win | 6–0 | Luiz Gustavo Dutra | KO (punch) | League S-70: Plotforma Cup 2017 | August 8, 2017 | 1 | 3:15 | Sochi, Russia | | | Win | 5–0 | Kobe Ortiz | TKO (corner stoppage) | Fight Nights Global 69 | June 30, 2017 | 2 | 5:00 | Novosibirsk, Russia | | | Win | 4–0 | Artem Shokalo | TKO (punches) | Fight Nights Global 59 | February 23, 2017 | 3 | 4:11 | Khimki, Russia | Return to Middleweight. | | Win | 3–0 | Islam Gugov | KO (spinning back kick to the body) | ACB 49: Rostov Onslaught | November 26, 2016 | 2 | 3:57 | Rostov-on-Don, Russia | Catchweight (190 lb) bout. | | Win | 2–0 | José Santos | KO (punch) | League S-70: Plotforma Cup 2016 | August 21, 2016 | 3 | 4:52 | Sochi, Russia | Light Heavyweight debut. | | Win | 1–0 | Felipe Nsue | Decision (unanimous) | WCSA Combat Ring 18: X-Fight | April 1, 2016 | 3 | 5:00 | Ufa, Russia | Middleweight debut. Won the WCSA Middleweight Championship. | See also [edit]References [edit]- ^ ""Stats | UFC"". ufcstats.com. Archived from the original on 22 January 2023. Retrieved 22 January 2023. - ^ ""Roman Kopylov (MMA): next fight, last fight result, MMA record (table)"". champinon.info. Retrieved 2024-10-03. - ^ ""UFC Rankings | UFC.com"". www.ufc.com. Retrieved 2025-04-29. - ^ a b c d e ""Роман Копылов (Roman Kopylov): биография и лучшие бои средневеса UFC - MMAExpress"". mma.express. Retrieved 2023-05-14. - ^ a b Fiedel, Michael (23 February 2019). ""Undefeated Russian star Roman Kopylov signs with UFC"". The Body Lock. Archived from the original on 22 January 2023. Retrieved 22 January 2023. - ^ Knapp, Brian (31 August 2022). ""5 Things You Might Not Know About Roman Kopylov"". Sherdog. Archived from the original on 22 January 2023. Retrieved 22 January 2023. - ^ Dorff, Marcel (24 February 2019). ""FNG Kampioen Roman Kopylov maakt UFC debuut tegen Krzysztof Jotko in St.Petersburg"" (in Dutch). Retrieved 2023-07-01. - ^ Marcel Dorff (2019-03-22). ""Roman Kopylov out, Alen Amedovski against Kryzysztof Jotko during UFC St.Petersburg"" (in Dutch). mmadna.nl. Retrieved 2019-03-22. - ^ Cole Shelton (9 September 2019). ""Karl Roberson vs. Roman Kopylov booked for UFC Fight Night 163 in Moscow"". Sherdog.com. Archived from the original on 22 January 2023. Retrieved 22 January 2023. - ^ Evanoff, Josh (9 November 2019). ""UFC Moscow Results: Karl Roberson Submits Roman Kopylov"". Cageside Press. Archived from the original on 22 January 2023. Retrieved 22 January 2023. - ^ Marcel Dorff (February 21, 2020). ""Roman Kopylov pakt short notice gevecht tegen Eric Spicely tijdens UFC Columbus"" (in Dutch). - ^ Nolan King and John Morgan (2020-03-15). ""UFC postpones three events amid growing coronavirus outbreak"". mmajunkie.usatoday.com. Retrieved 2023-07-01. - ^ MMA DNA (2020-08-28). ""Tom Breese vs. Roman Kopylov toegevoegd aan UFC evenement op 3 oktober"". MMA DNA. Retrieved 2020-08-29. - ^ ""Edmonton's K.B. Bhullar to make UFC debut on Fight Island in October - Sportsnet.ca"". www.sportsnet.ca. Retrieved 2020-09-29. - ^ Dorff, Marcel (2021-07-17). ""Sam Alvey vs. Roman Kopylov toegevoegd aan UFC evenement op 31 juli"". MMA DNA (in Dutch). Retrieved 2023-07-01. - ^ Martin, Damon (2021-07-26). ""Sam Alvey vs. Roman Kopylov co-main event scrapped from UFC Vegas 33 card on Saturday"". MMA Fighting. Retrieved 2021-07-27. - ^ Evanoff, Josh (30 October 2021). ""UFC 267 Results: Albert Duraev Outworks Roman Kopylov"". Cageside Press. Archived from the original on 22 January 2023. Retrieved 22 January 2023. - ^ Jay Anderson (April 7, 2022). ""Wright vs. Kopylov, Prachnio vs. Lins Among UFC Vegas 52 Additions"". cagesidepress.com. - ^ ""Canadian Marc-Andre Barriault steps in on short notice to fight on UFC card"". tsn.ca. 2022-04-14. Retrieved 2023-07-01. - ^ ""Alessio di Chirico vs. Roman Kopylov added to UFC Paris"". mymmanews DNA. June 2022. Archived from the original on 22 January 2023. Retrieved 22 January 2023. - ^ Law, Eddie (3 September 2022). ""UFC Paris: Roman Kopylov Finishes Di Chirico With Combo In Round 3"". Cageside Press. Archived from the original on 22 January 2023. Retrieved 22 January 2023. - ^ King, Nolan (21 November 2022). ""Matchup Roundup: New UFC and Bellator fights announced in the past week (Nov. 14-20)"". MMA Junkie. Archived from the original on 22 January 2023. Retrieved 22 January 2023. - ^ Val Dewar (14 January 2023). ""UFC Vegas 67: Roman Kopylov Harnesses Body Shots to TKO Punahele Soriano"". Cageside Press. Archived from the original on 22 January 2023. Retrieved 22 January 2023. - ^ a b Matt Erickson (2023-01-14). ""UFC Fight Night 217 bonuses: Dan Ige's nickname prophetic for extra $50,000"". mmajunkie.usatoday.com. Retrieved 2023-01-14. - ^ ""New title fight, 21 UFC bouts announced - Fights on Tap"". Bloody Elbow. 2023-05-08. Retrieved 2023-05-20. - ^ Tristen Critchfield (May 31, 2023). ""Two Bouts Added to UFC 291 Lineup on July 29"". Sherdog. - ^ Dewar, Val (2023-07-29). ""UFC 291: Roman Kopylov Head Kick KO's Claudio Ribeiro After Crazy End to First Round"". Cageside Press. Retrieved 2023-08-04. - ^ Alexander K. Lee (2023-08-15). ""Roman Kopylov replaces Chris Curtis, fights Anthony Hernandez at Noche UFC"". mmafighting.com. Retrieved 2023-08-15. - ^ With Anthony Hernandez out of Noche UFC, Josh Fremd steps in to fight Roman Kopylov (2023-08-23). ""With Anthony Hernandez out of Noche UFC, Josh Fremd steps in to fight Roman Kopylov"". mmajunkie.usatoday.com. Retrieved 2023-08-23. - ^ Theodosi, Jamie (2023-09-16). ""Noche UFC: Roman Kopylov Body Shots Shut Down Josh Fremd"". Cageside Press. Retrieved 2023-09-17. - ^ a b ""Noche UFC bonuses: $50K jackpot for all finishers in Las Vegas"". MMA Junkie. 2023-09-17. Retrieved 2023-09-17. - ^ Heck, Mike (2024-01-21). ""With Ikram Aliskerov out, Anthony Hernandez now meets Roman Kopylov at UFC 298"". MMA Fighting. Retrieved 2024-01-21. - ^ Nolan King (2024-02-18). ""UFC 298 results: Anthony Hernandez snatches Roman Kopylov's neck for deep submission"". Yahoo Sports. Retrieved 2024-02-18. - ^ Navas, Julio Fernando (2024-04-10). ""Roman Kopylov vs. César Almeida agregada al UFC 302"" (in Spanish). Retrieved 2024-04-10. - ^ Hester, Bryson (2024-06-02). ""UFC 302: Wonky Scorecard Not Withstanding, Roman Kopylov Wins Clear Decision Over Cesar Almeida"". Cageside Press. Retrieved 2024-06-02. - ^ Drake Riggs (2024-06-28). ""Morning Report: Dricus du Plessis believes Israel Adesanya win puts him in GOAT conversation: 'I belong here' - Fight Announcements"". MMA Fighting. Retrieved 2024-06-28. - ^ Guilherme Cruz (2024-07-22). ""Roman Kopylov out of UFC Vegas 96 fight with Brunno Ferreira"". mmafighting.com. Retrieved 2024-07-22. - ^ Mike Heck (2024-10-05). ""Chris Curtis vs. Roman Kopylov targeted for Jan. 11 UFC event"". mmafighting.com. Retrieved 2024-10-05. - ^ Jay Anderson (2025-01-11). ""UFC Vegas 101: Last-Second Head Kick KO by Roman Kopylov Leaves Chris Curtis Fuming"". cagesidepress.com. Retrieved 2025-01-11. - ^ a b Chris Taylor (2025-01-11). ""UFC Vegas 101 Bonus Report: Mackenzie Dern one of four fighters to take home $50k"". bjpenn.com. Retrieved 2025-01-11. - ^ Alexander Behunin (2025-05-13). ""Vegas heat! Dana White drops UFC 317 fight card - Ilia Topuria vs. Charles Oliveira headlines for vacant lightweight title"". mmamania.com. Retrieved 2025-05-13. - ^ Ross Markey (2025-06-17). ""Report – Paulo Costa return fight with Roman Kopylov moved to UFC 318 in New Orleans"". lowkickmma.com. Retrieved 2025-06-17. - ^ Sherdog.com. ""Roman Kopylov"". Sherdog. Archived from the original on 22 January 2023. Retrieved 22 January 2023. External links [edit]- 1991 births - Living people - Russian male mixed martial artists - Middleweight mixed martial artists - Light heavyweight mixed martial artists - Mixed martial artists utilizing sambo - Ultimate Fighting Championship male fighters - Russian sambo practitioners - Martial artists from Kemerovo Oblast - 21st-century Russian sportsmen",2022-04-08,https://en.wikipedia.org/wiki/Roman_Kopylov
Pronóstico Paulo Costa vs Roman Kopylov (20/07/25) | UFC 318 / Peso Medio,"Paulo Costa vs Roman Kopylov: Pronóstico y Apuestas (20/07/25) Ahora sí. Tras cancelarse el combate para el UFC 317, Paulo Costa y Roman Kopylov se verán las caras en el UFC 318 en el Smoothie King Center de Nueva Orleans. Un combate muy esperado en el peso mediano y que servirá de preámbulo para el Holloway vs Poirier, la pelea estelar. Aquí te traigo mi análisis de la pelea y mi pronóstico principal. Mejores cuotas para el combate Paulo Costa vs Roman Kopylov Las casas de apuestas online otorgan el papel de favorito en esta pelea al luchador ruso. La victoria de Kopylov se paga en estos momentos a casi 1.40 euros por euro apostado de media. En cambio, el triunfo de Paulo Costa tiene un precio medio que se acerca a los 3 euros. Las cuotas, en realidad, están menos igualadas que las que vimos para el combate cancelado del UFC 317, por lo que todo apunta a una probable victoria del luchador ruso. Comparativa y análisis entre Paulo Costa y Roman Kopylov Paulo Costa y Roman Kopylov llegan al combate con unas cifras muy parejas y una gran capacidad de nocaut en ambos casos. Sin embargo, un punto clave que podría inclinar la balanza es el alcance. Kopylov cuenta con una ventaja de 8 centímetros, lo que le permitiría dominar mejor la larga distancia. En cambio, Costa suele imponer su estilo basado en una presión intensa y ataques constantes. Al compartir edad y categoría de peso, todo apunta a que el manejo del espacio y la táctica marcarán la diferencia en uno de los mejores pronósticos deportivos de hoy. | 📊 Estadística | Paulo Costa (🇧🇷) | Roman Kopylov (🇷🇺) | |---|---|---| | 🏆 Récord | 14-4 (11 KOs) | 14-3 (12 KOs) | | 📏 Altura | 1.85 m | 1.83 m | | 🔥 Alcance | 1.82 m | 1.90 m | | ⚖ Peso | 84 kg | 84 kg | | 🎂 Edad | 34 años | 34 años | ¿Cómo llega 👊 Paulo Costa a la pelea? Paulo Costa se presenta en el UFC 318 con una preparación mucho más sólida y un perfil muy directo. Su marca de 14 victorias y 4 derrotas, con 11 finalizaciones por nocaut, refleja su capacidad para resolver peleas con mucho poder. En su último campamento en Río de Janeiro, trabajó a fondo su acondicionamiento físico y corrigió detalles defensivos, sobre todo en la protección de sus piernas, un punto débil que le había costado caro en el pasado. En esta ocasión, espero una versión aún más explosiva del brasileño. Desde el primer asalto, intentará tomar el control del octágono con una presión alta y combinaciones muy agresivas. Su experiencia frente a rivales de primer nivel, junto con su mentalidad de combate, lo sitúan como una amenaza real para Kopylov en este combate. ¿Cómo llega 👊 Roman Kopylov a la pelea? Kopylov, por su parte, llega al UFC 318 como uno de los luchadores más peligrosos del peso medio. Con 14 triunfos en su carrera profesional, 12 de ellos por nocaut, el ruso ha demostrado que su pegada puede terminar combates en cualquier momento, lo que está siendo determinante en las últimas apuestas a la UFC. Su preparación más reciente en San Petersburgo ha estado centrada en perfeccionar su boxeo técnico y en reforzar su defensa frente a rivales de estilo agresivo como Paulo Costa. Kopylov destaca por su capacidad para combinar potencia con una gran precisión. Su buena preparación física y su ventaja en alcance le permiten manejar bien la distancia, un aspecto clave en este cruce de estilos. Todo parece que intentará mantener a Costa a raya desde el primer asalto, utilizando su jab y su contundencia para marcar el ritmo de la pelea. 5 claves para apostar al combate Paulo Costa vs Roman Kopylov - Potencial de definición. Ambos peleadores destacan por su capacidad para finalizar combates con las manos. Con más del 80% de sus victorias por nocaut, tanto Costa como Kopylov tienen dinamita en los puños. Esto convierte los mercados de “menos de X asaltos” o “ganará por KO” en opciones muy atractivas para apostar, sobre todo si el ritmo se acelera desde el inicio. - El alcance como ventaja estratégica. Roman Kopylov tiene una clara ventaja en alcance, por lo que va a poder controlar el combate desde fuera. Si consigue mantener la pelea en su zona de confort y frena los avances de Costa, puede desgastarlo a largo plazo y tomar el control con sus desplazamientos. - Estilo frontal de Costa. El brasileño especula muy poco. Por lo general, suele avanzar con fuerza desde el primer segundo, buscando cerrar la distancia y castigar con un gran volumen de golpes. Si logra imponer ese ritmo, podría romper el plan del ruso y llevar la pelea a su terreno. - Vulnerabilidad defensiva. A lo largo de sus carreras, Costa y Kopylov han recibido un amplio castigo. Sus defensas no son impenetrables, por lo que cualquier error puede ser aprovechado con un golpe definitivo. Algo a tener muy en cuenta si estás pensando apostar por un nocaut rápido o una victoria dentro del límite. - Combates de alto nivel. Paulo Costa tiene la ventaja de haber peleado ante nombres importantes del peso medio, incluso ex campeones. Esa experiencia puede pesar en momentos clave, especialmente si el combate se alarga y entra en una fase donde la táctica y la mente serán determinantes. | Clave | Detalle | |---|---| | 📅 Fecha y lugar | 20 de julio de 2025 en el Smoothie King Center de Nueva Orleans | | 🏆 Títulos en juego | Pelea del UFC 318 en el peso medio. Toda la información de la velada en nuestra Previa de apuestas a la UFC 318. | | 🛡️ Estilos enfrentados | Choque entre la potencia explosiva de Paulo Costa, la presión y la agresividad, frente al enfoque más técnico y calculador de Kopylov. El ruso apuesta por el control del ritmo desde la larga distancia. | | ⏳ Preparación | Paulo Costa ha entrenado su resistencia física, la protección de sus piernas y su estilo ofensivo. El ruso, en cambio, se ha centrado en pulir su boxeo, afinar la defensa y aprovechar al máximo su superioridad en alcance. | | 📉 Expectativas | Espero un combate intenso y de ritmo alto desde el primer asalto. La combinación de estilos opuestos podría hacer que la pelea fuera corta. Sin embargo, el poder de ambos me da que pensar sobre esto. ¿Veremos una decisión final de los jueces? | Pronóstico Paulo Costa vs Roman Kopylov Mi pronóstico para este combate es la victoria de Roman Kopylov por decisión, aprovechando la cuota a 1.88 que ofrece actualmente Codere. Costa lleva tiempo sin competir al más alto nivel y ha demostrado más vulnerabilidad ante rivales con buena movilidad y precisión. Espero, por tanto, un combate más táctico, a pesar del ritmo intenso, en el que se imponga el ruso y gane en las tarjetas por volumen y control. Otros pronósticos de apuestas a MMA Gráfico del pronosticador 👊 Especialista en MMA Autor tipster",2025-07-17,https://apuestasonline.net/pronosticos/paulo-costa-roman-kopylov-200725/
UFC 318 Odds and Predictions – Can Poirier Retire as “BMF” Champ Against Holloway?,"UFC 318 odds for Dustin Poirier’s retirement fight against Max Holloway are suggesting a close fight as the two finish their trilogy. It’s also Poirier’s retirement fight, while Holloway holds the “BMF” belt. How will this fight at the Smoothie King Center in New Orleans go? I’ve got UFC 318 predictions for this bout, and the rest of the card! My picks for the full card are below, but I’ll dig into three fights for analysis, starting with the main event. UFC 318 Predictions Summary | FIGHT | BETTING FAVORITE | PREDICTION | |---|---|---| | Max Holloway vs. Dustin Poirier | Max Holloway (-135) | Max Holloway (-135) | | Paulo Costa vs. Roman Kopylov | Roman Kopylov (-250) | Roman Kopylov (-250) | | Kevin Holland vs. Daniel Rodriguez | Kevin Holland (-470) | Kevin Holland (-470) | | Dan Ige vs. Patricio Pitbull | Dan Ige (-198) | Patricio Putbull (+168) | | Michael Johnson vs. Daniel Zellhuber | Daniel Zellhuber (-600) | Daniel Zellhuber (-600) | | Kyler Phillips vs. Vinicius Oliveira | Vinicius Oliveira (-160) | Vinicius Oliveira (-160) | | Marvin Vettori vs. Brendan Allen | Brendan Allen (-205) | Marvin Vettori (+173) | | Francisco Prado vs. Nikolay Veretennikov | Francisco Prado (-145) | Francisco Prado (-145) | | Ateba Abega Gautier vs. Robert Valentin | Ateba Abega Gautier (-575) | Ateba Abega Gautier (-575) | | Adam Fugitt vs. Islam Dulatov | Islam Dulatov (-625) | Islam Dulatov (-625) | | Jimmy Crute vs. Marcin Prachnio | Jimmy Crute (-330) | Jimmy Crute (-330) | | Ryan Spann vs. Lukasz Brzeski | Ryan Spann (-220) | Ryan Spann (-220) | | Brunno Ferreira vs. Jackson McVey | Brunno Ferreira (-700) | Brunno Ferreira (-700) | | Carli Judice vs. Nicolle Caliari | Carli Judice (-310) | Carli Judice (-310) | UFC 318 is sure to be a banger of a card with plenty of excitement, and intriguing lines at UFC betting sites! The “BMF” title is on the line as Max Holloway defends against Dustin Poirier, who is making his final walkout on his way to retirement. In the co-main event, middleweight sluggers Paulo Costa and Roman Kopylov clash in a match where, odds are, someone will be knocked out! You can find these UFC 318 odds at Bovada by heading to Sports > UFC/MMA > UFC 318: Holloway vs. Poirier 3. Max Holloway vs. Dustin Poirier Odds and Prediction - Max Holloway (-135) - Dustin Poirier (+115) The first two matches in this rivalry have gone to Poirier (30-9, 1 NC), who would love nothing more than to ride off into the sunset in his home state with a win. “The Diamond” beat Holloway (26-8) by submission in Holloway’s UFC debut way back in February 2012. Poirier then beat Holloway by unanimous decision in April 2019. However, Holloway moved up to lightweight for that fight. Holloway has the “BMF” title, but he’s looking at this fight as a stepping stone to a championship fight at 155 pounds. While Poirier is retiring, he’s still sixth in the UFC lightweight rankings. It also doesn’t help Holloway that the new lightweight champion is Ilia Topuria, who knocked out Holloway in October 2024 to defend the featherweight title. I’d definitely take a look at the round odds, as I think this will go the distance. Both men are tough customers and will want to put on a show. The UFC 318 odds for this match are pretty close, and I think they could swing closer to Poirier by fight night. But I’m going with Holloway at -135 in my UFC 318 predictions as he is looking to move up the ranks at 155 pounds. While Poirier might not win, he’d be satisfied with an exciting fight in his final match. Paulo Costa vs. Roman Kopylov Odds and Prediction Kopylov (14-3) is looking to move up the ladder at 185 pounds, where he is 14th in the rankings, one spot behind Costa (14-4). The Russian is coming off a thrilling head-kick win over Chris Curtis in January 2025, although it might have been a bad stoppage by the referee. Posting a HEADKICK KO EVERYDAY for one year! (212/365) Roman Kopylov vs Chris Curtis#UFC #MMATwitter #UFC313 pic.twitter.com/B42kiC0nuA — 🎱The MMA Mark🎱 (@TheMMA8Ball_) March 9, 2025 Costa might be the best example of wasted potential in the UFC. He scored knockouts in four of his first five fights, and went toe-to-toe with Yoel Romero in an incredible fight. But Costa got embarrassed by then-champion Israel Adesanya, and it has been all downhill from there. The Brazilian is 1-4 in his last five fights, and it’s strange that he’s even still in the rankings. Again, keep an eye out for round odds, as this one isn’t going the distance. Both men struggle with cardio issues, and will come out swinging for the fences. But I’m leaning towards Kopylov at -250, because I have no confidence that the best version of Costa will show up. I’m taking Roman Kopylov at these UFC 318 odds before they move, but I’ll be watching for props here to find a bigger return. Dan Ige vs. Patricio Pitbull Odds and Prediction I was disappointed with Pitbull’s (36-8) UFC debut in April, when he lost to Yair Rodriguez by unanimous decision. It was strange to see Pitbull, who accomplished so much in Bellator, look tentative. But many fighters have struggled under the bright lights of the UFC in their first match. I’m expecting the Pitbull we saw in Bellator, a much more aggressive fighter with finishing power in striking, and on the mat. That suits Ige (19-9) just fine, as he has finished 12 of his 19 wins with seven knockouts, and five submission wins. He has never been finished, but Ige has lost three of his last five fights. This should have been Pitbull’s first fight as Rodriguez is ranked third in the featherweight listings. That was too much, too soon for the Bellator veteran, and I think he’ll be more comfortable against Ige, who is 11th in the rankings. Where to Bet on UFC 318 Odds? Here are my top three picks for UFC 318: - Max Holloway (-135) - Roman Kopylov (-250) - Patricio Pitbull (+168) Bovada is the place to be on Saturday night when you’re wagering on UFC 318 lines. You’ll receive a welcome bonus, on your first deposit, of 100% matched up to $1,000. Simply use the promo code, BV1000, and you’ll be able to bet on UFC events whenever you want! Welcome Bonus 100% up to $1,000 - Wide-ranging sportsbook and live betting platform - Top-notch poker room with numerous tournaments - Impressive casino with 500+ slots and live tables You must be logged in to comment. Don't have an account? Sign up today.",2025-07-15,https://www.thesportsgeek.com/blog/ufc-318-odds-predictions-best-bets/
UFC 318 staff picks include a defeat in Dustin Poirier’s final fight and more predictions,"Dustin Poirier bids farewell to the octagon when he battles Max Holloway in his final ever MMA fight at UFC 318. “Diamond” is hanging up his gloves after UFC 318 at the end of an incredible 16-year career in MMA. In that time, Dustin Poirier became a fan-favorite to UFC fans and even won the Interim UFC Light championship in 2019 from his upcoming opponent. This fight will be Poirier’s third bout against Max Holloway, where he will be hoping to make it 3-0 at the top of a packed card at UFC 318. However, Holloway is a different fighter from their earlier bouts and is now considered one of the greatest Featherweights in UFC history. He will want to finally get a win over Poirier in what will be a tense and emotional main event. Ahead of UFC 318, the experts at Bloody Elbow have made their staff picks for the two main event fights, as well as the Performance of the Night and the Fight of the Night. Max Holloway vs Dustin Poirier 3 prediction - Jamie Theodosi – Max Holloway - Donagh Corby – Max Holloway - Jordan Ellis – Max Holloway - Ross Markey – Max Holloway While it would be a fantastic story to see Poirier going out with a win, the Bloody Elbow experts have unanimously predicted that Holloway will leave UFC 318 with the win. Poirier hasn’t fought since losing to Islam Makhachev in June last year, as he missed out on the chance to become the UFC Lightweight champion proper. “Diamond” has had a mixed record in the last few years, losing three of his last five fights since winning back-to-back bouts against Conor McGregor, in what were some of Poirier’s best performances to date. This poor record at the end of his career hints that Holloway will win the fight against Poirier, at the third time of asking. The Hawaiian fighter was on a three-strike win streak before being knocked out by Ilia Topuria, although it is hard to hold that loss against him, given how dominant Topuria has been since. This should be a close fight between two icons of the UFC, but it is hard to look past Holloway when picking the winner in Poirier’s swansong. Paulo Costa vs Roman Kopylov prediction - Jamie Theodosi – Paulo Costa - Donagh Corby – Paulo Costa - Jordan Ellis – Roman Kopylov - Ross Markey – Paulo Costa The co-main event of UFC 318 has been moved around a lot before finding its home just before Poirier’s final fight. Paulo Costa vs Roman Kopylov was supposed to take place at UFC 317 before being moved to UFC 319, then back to this show on July 19. Jordan is backing Kopylov to win the bout after picking up back-to-back wins in his last fights, while Costa is still licking his wounds after his UFC 302 loss to Sean Strickland. Despite his record of four losses in his past five fights, Jamie, Donagh, and Ross are all predicting Costa to end his poor form to beat Kopylov in the fight, turning the tables on the Russian and ending his own good form in the process. Fight of the Night - Jamie Theodosi – Max Holloway vs Dustin Poirier - Donagh Corby – Dan Ige vs Patricio Pitbull - Jordan Ellis – Max Holloway vs Dustin Poirier - Ross Markey – Max Holloway vs Dustin Poirier The main event is expected to be the best Fight of the Night at UFC 318, with Jamie, Jordan, and Ross all predicting it to win that night’s bonus. Their previous two matches both impressed, and this being Poirier’s last fight, he will want to go all out to put on the best performance he can, even if he doesn’t walk out the winner. However, Donagh thinks that the undercard bout between Dan Ige and Patricio Pitbull will win the Fight of the Night bonus. Pitbull suffered defeat in his UFC debut, and time is running out to make himself a fixture in the promotion. He will need to be at his best to take on Ige, who will hope to build on his KO win at UFC 314 to catapult himself towards a title shot, at the Brazilian’s expense. Performance of the Night - Jamie Theodosi -Daniel Zellhuber - Donagh Corby – Daniel Rodriguez - Jordan Ellis – Dan Ige - Ross Markey – Dan Ige The experts have three different picks for who will win the coveted Performance of the Night bonus at UFC 318. Jamie is predicting Daniel Zellhuber to earn the Performance of the Night bonus when he takes on Michael Johnson. The Mexican fighter is 3-2 in his UFC career so far, and he will hope to build some momentum against a fighter who handily beat his last two opponents to end a poor run of results. Meanwhile, Donagh is backing Daniel Rodriguez to earn a $50,000 bonus at UFC 318. He is fighting the impressive Kevin Holland, who is deadly in the octagon but is susceptible when facing a top fighter, as Rodriguez hopes to be. “D-Rod” has a history in boxing and is deadly with his hands in the UFC, so he will be aiming for a knockout win against Holland at UFC 318. Finally, both Ellis and Ross think that Ige will have too much for Pitbull on July 19 and will put away the Bellator legend, potentially for good, in his second UFC fight.",2025-07-16,https://bloodyelbow.com/2025/07/16/ufc-318-staff-picks-include-a-defeat-in-dustin-poiriers-final-fight-and-more-predictions/
Roman Kopylov | MMA Fighter Page | Tapology,Fighter Details Worldwide MMA Rankings Rankings FAQ Regional MMA Rankings Rankings FAQ Fighting for a major organization has made Roman Kopylov ineligible for Tapology's regional MMA rankings. Roman Kopylov MMA Fight Record Articles mentioning Roman Kopylov,2025-06-17,https://www.tapology.com/fightcenter/fighters/138424-roman-kopylov
"Paulo Costa vs Roman Kopylov Pick, 07/19/2025 Predictions UFC 318 Odds","Paulo Costa vs Roman Kopylov Pick, 07/19/2025 Predictions UFC 318 Odds Paulo Costa vs Roman Kopylov UFC 318 Smoothie King Center in New Orleans Saturday, July 19, 2025 Paulo Costa will battle Roman Kopylov at UFC 318 on Saturday, July 19, 2025. The opening odds have Costa priced at +195 while Kopylov is priced at -241. Paulo ""The Eraser"" Costa holds a career record of 14-4-0. The 34-year-old steps on the scale at 185 lbs and measures in at 6'1"". The orthodox fighter reaches 72"". Roman Kopylov stands 6'0"" and records a weight of 185 lbs. The southpaw fighter will be looking to add a victory to his career total of 14-3-0. The 34-year-old has a wingspan of 75"". Concerning significant strikes, Paulo Costa connects on 6.22 per min and Roman Kopylov is connecting on 4.96 significant strikes per min. Costa is landing 58% of the significant strikes he tries while Kopylov lands 50%. When it comes to defending themselves, ""The Eraser"" allows 6.56 significant strikes per minute while Kopylov absorbs 4.86. Costa also thwarts 49% of the significant strikes his opponents throw at him while Kopylov is able to stop 55% of the strikes thrown in his direction. | UFC 318 | Paulo Costa | Roman Kopylov | |---|---|---| | Opening Odds | +195 | -241 | | Record | 14-4-0 | 14-3-0 | | Average Fight Time | 12:32 | 11:21 | | Height | 6'1"" | 6'0"" | | Weight | 185 lbs | 185 lbs | | Reach | 72"" | 75"" | | Strikes Landed Per Minute | 6.22 | 4.96 | | Striking Accuracy | 58% | 50% | In terms of wrestling, Paulo Costa is the not as competent as a wrestler as he takes his opponents to the mat 0.36 times per 15 minutes. Costa is getting his opponent to the mat on 75% of his attempts and is stopping 80% of all takedowns attempted on him. Kopylov is finishing his takedown attempts on 42% of the takedowns he attempts and defending 87% of the attempts against him. In terms of subbing opponents, Costa is not as skilled of a technician by going for 0.7 subs per 3 rounds while Kopylov tries 0.9 subs per 15 minutes. Get all of our UFC Betting Picks In his last appearance in the Octagon, Paulo Costa squared up with Sean Strickland and walked away with a loss via split decision in round 5. Strickland landed 182 of 402 total strikes that he threw in that fight. Costa ended the night having landed 158 of 266 total strikes. When it comes to significant strikes, Strickland landed 182 of 402, which gave him a rate of 45%. He landed 104 of 258 significant strikes directed at the head. In terms of stats for the opponent, Costa ended up landing 59% of the significant strikes he threw by landing 158 of 266. Of those significant strikes, he was 28 of 100 aimed at the head. 98% of the significant strikes connected on by Strickland and 99% of them landed by Costa were thrown at a distance. In the last fight for Roman Kopylov, he went up against Chris Curtis and wound up getting the win via a kick to the head in round 3. Curtis ended up connecting on 100% of the significant strikes he tried at a distance while Kopylov connected on 95% of the significant strikes he attempted from distance. Kopylov landed 42% of the significant strikes he attempted by landing 130 of 307. He connected on 91 of 266 significant strikes to the head. Curtis ended up connecting on 142 of 261 significant strikes in that contest. In regard to the placement of these significant strikes, he connected on 107 of 204 aimed at the head. In terms of total strikes attempted in that fight, Curtis ended up connecting on 146 of 265 and Kopylov connected on 133 of 310 of all the strikes he attempted. Other bouts to watch Another bout that you're not going to want to miss is when Kevin Holland battles Daniel Rodriguez. Holland will be looking to add a win to his career record of 28-13-0 (1 NC). The 32-year-old records a weight of 170 lbs and stands 6'3"". The orthodox fighter has a wingspan of 81"". Rodriguez comes in at 6'1"" and steps on the scale at 170 lbs. The southpaw fighter walks into the Octagon with a record of 19-5-0. The 38-year-old reaches 74"". Regarding grappling, Kevin Holland scores a takedown 0.81 times per 15 min while Daniel Rodriguez is averaging a takedown 0.55 times per 3 rds. When it comes to striking, Holland tags his opponents 4.24 strikes/min and is landing 50% of the strikes that he throws. The other guy in this fight is Daniel Rodriguez, who tags his opponent on 48% of the strikes he has thrown and connects for an average of 7.39 per minute. If you're into fun fights, you're going to want to see when Patricio Freire is set to face off against Dan Ige. Ige will be looking to add a win to his record of 19-9-0. The 33-year-old is weighing in at 145 lbs and stands in at 5'7"". The orthodox fighter stretches 71"". Freire stands in at 5'6"" and steps on the scale at 145 lbs. The orthodox fighter looks to add a victory to his total of 36-8-0. The 38-year-old extends his reach 67"". Concerning grappling, Dan Ige is preventing 58% of the takedowns fighters have attempted and is finishing his takedown attempts on 25% of his tries. Freire is taking his opponents down on 20% of the attempts he tries and is able to defend against 88% of the takedowns his opponents try. In the category of striking, Ige is taking 3.55 strikes per minute and he lands 3.67 strikes per min. Freire, in contrast, takes 4.48 strikes per minute and is dealing 2.45 per minute. Who will win tonight's UFC match against the spread? Tony Sink's Pick: Take Roman Kopylov (-241) Get $60 worth of FREE premium member picks. No Obligation. No Salesman. No Credit Card. Fast Sign up with Instant Access Click Here Get all of Today's Free UFC Picks Get all of Today's Expert UFC Picks Most Recent UFC Picks - Dan Ige vs Patricio Freire Pick, 07/19/2025 Predictions UFC 318 Odds - Jimmy Crute vs Marcin Prachnio Pick, 07/19/2025 Predictions UFC 318 Odds - Kevin Holland vs Daniel Rodriguez Pick, 07/19/2025 Predictions UFC 318 Odds - Kyler Phillips vs Vinicius Oliveira Pick, 07/19/2025 Predictions UFC 318 Odds - Michael Johnson vs Daniel Zellhuber Pick, 07/19/2025 Predictions UFC 318 Odds - Francisco Prado vs Nikolay Veretennikov Pick, 07/19/2025 Predictions UFC 318 Odds - Carli Judice vs Nicolle Caliari Pick, 07/19/2025 Predictions UFC 318 Odds - Max Holloway vs Dustin Poirier Pick, 07/19/2025 Predictions UFC 318 Odds - Ryan Spann vs Lukasz Brzeski Pick, 07/19/2025 Predictions UFC 318 Odds - Adam Fugitt vs Islam Dulatov Pick, 07/19/2025 Predictions UFC 318 Odds",2025-07-15,https://www.docsports.com/free-picks/ufc/2025/paulo-costa-vs-roman-kopylov-pick-07-19-2025-predictions-ufc-318-odds.html
ROMAN KOPYLOV CONTINUES TO SETTLE IN,"Roman Kopylov is nine fights into his UFC career, and after dropping his first two appearances, the 34-year-old Russian middleweight has put together a 6-1 record over his last seven bouts to earn a place in the Top 15. Not bad for someone that still doesn’t feel fully at home inside the Octagon yet. “When I fought in amateur hand-to-hand combat, I was super calm and confident; I knew this game perfectly,” began Kopylov, who faces off with Paulo Costa on Saturday’s UFC 318 pay-per-view main card at Smoothie King Center in New Orleans when asked about his general development over the course of his UFC tenure. “In MMA I don't feel so good yet, but step-by-step I am becoming a better fighter and feel the cage better and better. POWER SLAP 14: Live And Free On YouTube | Get Tickets | More Info “This fight with Costa is very special and I would like to show a better version of myself here.” If there is a better version still to be unleashed, it should send shivers through the rest of the 185-pound ranks, as the ascending middleweight has already been showing steady improvement over his last handful of fights. Last time out, Kopylov was paired off with fellow veteran Chris Curtis, with the two men getting into a competitive back-and-forth. Kopylov started well and Curtis warmed into the fight, leaving the outcome resting on how the final five minutes played out. Both had their moments, but shortly before the final horn sounded, Kopylov connected with a head kick that put the American stalwart on the deck and halted the action. Heading into the contest, the 14th-ranked middleweight called the bout a “big fight.” Six months removed from the triumph, Kopylov reflected on what the outing meant for him. WATCH: UFC 318 Embedded “Chris Curtis was a real test for me,” he said. “It was hard fight; I’m happy to get this victory and move forward. I am happy to get my spot among the best fighters in the world; my journey for the title continues. “I am excited about it, and expecting harder and harder fights.” The first of those more difficult fights is now at his doorstep in the form of Costa, who resides one spot ahead of him in the rankings at the moment. The Brazilian has been a fixture in the middleweight rankings for the eight years, having burst unto the scene with an unbeaten record and 100 percent finishing rate early in 2017. Four consecutive stoppage victories elevated him into the title conversation and a bout with Yoel Romero, which he won by unanimous decision, setting up a contentious championship clash with “The Last Stylebender,” Israel Adesanya. UFC 318 FULL FIGHTS: Poirier vs Holloway 2 | Holloway vs Korean Zombie | Poirier vs Saint Denis | Ige vs Woodson Positive results and consistent appearances have escaped the now 34-year-old Costa since his 13-0 start, as he has gone 1-3 over his last four outings, competing once in 2020, 2021, 2022, and 2024. Despite his inactivity and lone win over his last four, Costa’s name still rings out within the division, as the setbacks came against former champs Adesanya and Robert Whittaker, as well as ex-title challenger Marvin Vettori, while his victory was garnered in an exhausting, yet thrilling, battle against former titleholder Luke Rockhold at UFC 278 that earned the duo Fight of the Night honors. Though he’s slipped in the rankings, Costa remains a stern test, and Kopylov is eager to test himself against the dangerous Brazilian this weekend in NOLA. “I am happy that Mick Maynard and Dana (White) believe in me and are giving me such a great fight on one of the best events of the year,” he said in regards to being paired with Costa, whom he was first penciled in to face last month during International Fight Week before the bout was shifted to UFC 318 on Saturday. “I will do my best to justify their hopes. Canelo vs Crawford Presale Begins July 17. Sign Up Now! “He’s a great fighter — very skilled and experienced; hard punches, very good takedown defense,” Kopylov continued, shifting into his analysis of his foe. “I think i have some speed advantage and I will try to use it. “Only top fighters could (beat) Paulo,” he added, underscoring why this contest carries such importance to him. “If I beat him, I will belong to this special group of best in the world.” The significance of the matchup and anticipating an earlier assignment date meant that Kopylov has spent longer than usual in camp, preparing for this weekend’s clash, leaving him little time to do anything other than focus on the task at hand. That being said, there were a few opponent-specific changes made in anticipation of facing the powerful striker. GET YOUR TICKETS: UFC 318 | UFC Abu Dhabi | UFC 319 “After (my last fight), I took some time to heal my leg and then started conditioning training for Costa,” Kopylov said, tracing the timeline and activities since his victory over Curtis on the first fight card of the year. “At first we planned it for May, so my camp was longer than I expected. I was bringing my family in different cities; their support means much for me. “To tell the truth, I don't have enough time for general training and development,” he continued, speaking with refreshing candidness. “As soon as I got the fight offer, we have special training for the new opponent. This time, I did some work with my taekwondo coach, and we also brought a strategy coach from the national taekwondo team for a complete breakdown of Costa. “I know my opponent better than ever before.” And by being well-versed in all things Costa heading into the weekend, Kopylov was able to give a clear and concise assessment of how he sees Saturday’s main card opener playing out. “I am sure it will be a standup battle with many exchanges,” he said. “It can go the distance and be super-exciting, but also can be finished earlier, as we both are very aggressive.” WATCH: UFC 318 Countdown Should things work out in his favor and he runs his winning streak to three, the always-active Russian already has a clear idea of who he would like to see standing across the Octagon from him next. “I am never looking behind my opponent's back, but for sure I want another fight this year; probably two,” Kopylov answered when asked to forecast how the rest of his year maps out. “I cut less than 20 pounds, so I can do three or four fights in 12 months easily. “I was looking for a Sean Strickland fight before, and I still think we can show a great fight."" Don't miss a moment of UFC 318: Holloway vs Poirier 3, live from Smoothie King Center in New Orleans, Louisiana on July 19, 2025. Prelims start at 8pm ET/5pm PT, followed by the main card live on PPV at 10pm ET/7pm PT.",2025-07-14,https://www.ufc.com/news/roman-kopylov-continues-to-settle-in-ufc-318
UFC 318: Roman Kopylov vs. Paulo Costa Prediction,"UFC 318: Roman Kopylov vs. Paulo Costa Prediction for Tomorrow, 07/19/25 UFC 318: Roman Kopylov vs. Paulo Costa Pickswise Expert Predictions The Co-Main Event at UFC 318 will see Paulo Costa take on Roman Kopylov. This will be a fight in the UFC Middleweight division. Costa enters this fight with an MMA record of 14-4 and 6-4 in the UFC. He averages 6.22 significant strikes per minute and has a striking accuracy of 58%. Costa absorbs 6.56 strikes and has a striking defense of 49%. His grappling has not been strong, averaging 0.36 takedowns every 15 minutes. Costa has a takedown accuracy of 75% and a takedown defense of 80%. Kopylov enters this fight with an MMA record of 14-3 and 6-3 in the UFC. He is averaging 4.96 significant strikes per minute and has a striking accuracy of 50%. Kopylov absorbs 4.86 strikes and has a striking defense of 55%. His grappling is decent as well, averaging 1.17 takedowns every 15 minutes. He has a takedown accuracy of 42% and a takedown defense of 87%. Kopylov is the heavy favorite in this fight, but still looks to be the best betting option. Costa has been inconsistent recently, going 1-4 in his last 5 UFC fights, while Kopylov is 4-1 over the same stretch. Based on this, backing Kopylov to remain in good form and win will be our lean. UFC Analysis See All UFC NewsUFC 318 Predictions, Picks & Betting Odds ft. Max Holloway vs. Dustin Poirier: Holloway and Poirier Becomes a Brawl UFC 318 takes place on Saturday at the Smoothie King Center in New Orleans, Louisiana. It features a UFC Lightweight fight between Max Holloway and Dustin Poirier as the Main Event. Here are our U...",2025-07-16,https://www.pickswise.com/ufc/predictions/ufc-318-roman-kopylov-vs-paulo-costa-predictions-picks/
UFC 317 Main Card Woes - Why Is Costa vs Kopylov Fight Cancelled? - The Playoffs,"Middleweight banger fight between Paulo Costa and Roman Kopylov scrapped from UFC 317 main card on July 29! Building a successful UFC pay-per-view card is hard. Promoters spend months carefully selecting matchups that will excite fans and generate buzz, only to watch their plans crumble when fighters get injured, sick, or simply can’t make it to the cage. The UFC has dealt with countless last-minute changes over the years, from Conor McGregor pulling out of UFC 303 to Khabib Numagomedov vs Tony Ferguson’s numerous cancellations that left fans heartbroken and cards scrambled. The sport’s unpredictable nature stems from its fundamental brutality and the intense physical demands placed on fighters during training camps. A small cut during sparring or a illness due to extreme exertion can ruin months of preparation. And unfortunately, UFC 317 has become the latest victim of this cruel realit, losing one of its most anticipated fights just days before the event. Paulo Costa has become the poster child for fight cancellations. And unfortunately, his latest withdrawal from UFC 317 adds another chapter to his frustrating story. The Brazilian middleweight was supposed to face Roman Kopylov in what promised to be an exciting striking battle. However, illness has forced him to pull out of the contest. Specific details about Costa’s condition haven’t been shared yet. This latest cancellation marks another disappointment in what has become a troubling pattern for ‘The Eraser.’ He has now been involved in eight fight cancellations over his last ten scheduled bouts! What makes Costa’s situation particularly frustrating is that he’s been responsible for four of those eight cancelations himself. Whether it’s injuries, weight cutting issues, or now illness, something always seems to go wrong when Paulo Costa is scheduled to fight. This isn’t entirely his fault, as injuries and sickness are part of the sport. But the frequency has become almost comical at this point. Fans have started joking that betting on a Costa fight actually happening might be riskier than betting on the outcome. The UFC has shown remarkable patience with the Brazilian slugger, likely because his exciting fighting style and knockout power make him a valuable asset when he actually makes it to the cage. The silver lining in this fight will reportedly be moved to UFC 318. This card, headlined by Dustin Poirier’s retirement fight against Max Holloway, has been criticized for lacking depth and star power beyond the main event. Adding a high-level middleweight bout featuring two dangerous fighters would give fans more reasons to tune in and strengthen what many consider a weak pay-per-view offering. While losing Costa vs Kopylov hurts UFC 317’s overall appeal, the remaining eleven fights still offer plenty of excitement. These include the lightweight title clash between Ilia Topuria and Charles Oliveira. Moreover, Alexandre Pantoja will defend his flyweight crown against Kai Kara-France. (Image Credit: Gary A. Vasquez – Imagn Images) I am a dedicated MMA and Boxing content writer at The Playoffs. I was instantly hooked on MMA after watching the fight between Lyoto Machida vs. Gegard Mousasi back in 2014, and since then, i have been an avid writer with a deep love for the sport and its techniques, providing readers with a thorough understanding of the sport. My favorite aspect of working at The Playoffs is the creative freedom it provides. The diverse range of topics, from listicles and SEO to news articles, keeps me engaged and motivates me to continuously improve my skills! I aim to capture the excitement of the combat sports world in my writing, acting as the middleman between fighters and their die-hard fans. It is kind of like a referee, but with words! Read moreGet the biggest stories delivered straight to you - for free! By signing up, you consent to our Privacy Policy and Cookie Policy, nad to receive marketing and account-related emails from The Playoffs. You can subscribe at any time. For over 10 years, The Playoffs has been a go-to source for sports and sports betting enthusiasts. Our mission: To help bettors make the best choices with in-depth analysis, reliable data, and passionate expertise. Our motto: Share our passion for sports and betting. At The Playoffs, we live and breathe sports. Every day, our editorial teams work to deliver the most accurate and relevant information so you can place bets with confidence—and most importantly, enjoy the experience. Gambling can be fun and exciting, but it’s essential to keep it responsible. Set limits on your time and spending, never chase your losses, and understand that betting is a form of entertainment—not a way to earn money. If gambling stops being enjoyable or starts affecting your life negatively, don’t hesitate to seek support or take advantage of self-exclusion tools provided by betting platforms. Remember, responsible betting is the key to a safe and enjoyable gaming experience. DISCLAIMER for users in the USA: This site is 100% for entertainment purposes only and does not involve real money betting. Gambling problem? Call 1-800-Gambler. DISCLAIMER for users in other countries: This content is intended for adults only. Gambling services and offers may not be legal or available in your jurisdiction. It is your responsibility to ensure you comply with local laws before engaging in any gambling activities. Gambling involves financial risk and may be addictive. Please play responsibly. If you or someone you know is struggling with gambling, support is available through responsible gambling organizations. COPYRIGHT © 2025 - THE PLAYOFFS - SHARE THE PASSION FOR SPORTS AND BETTING",2025-06-19,https://theplayoffs.news/en/ufc-317-main-card-woes-why-is-costa-vs-kopylov-fight-cancelled/
Paulo Costa vs Roman Kopylov,"Find the best odds and up to date statistics for for Paulo Costa vs Roman Kopylov. Date: Jun 29, 2025 Location: T-Mobile Arena Las Vegas, NV United States Cards: Main Card 2:00 am ● Prelim Card 12:00 am ● Early Prelim Card 11:00 pm Odds are not available yet | 14/4/0 | Record (W::L::D) | 14/3/0 | | 11 | Wins By Knockout | 12 | | 1 | Wins By Submission | N/A | | 9 | First Round Finishes | 1 | | 12:32 | Avg Fight Time | 11:21 | | 58% | Sig Strike Accuracy % | 51% | | 49% | Sig Strike Defense % | 55% | | 75% | Take Down Accuracy % | 42% | | 80% | Takedown Defence % | 87% | | #13 Middleweight Division | Tags | #14 Middleweight Division | | 73.00 | Height (in) | 72.00 | | 185.00 | Weight (lb) | 185.50 | | 72.00 | Arm Reach (in) | 75.00 | | 39.50 | Leg Reach (in) | 41.00 | | Mar. 12, 2017 | UFC Debut | Nov. 9, 2019 | | State of Minas Gerais, Brazil | Born | Kemerovo Oblast, Russia | | Striker | Fighting Style | N/A | | 34 | Age | 33 | | Opponent | Method | Method | Opponent | |---|---|---|---| | Sean Strickland 06-01-2024 | Decision - Split 5 - 5:00 | KO/TKO 3 - 4:59 | Chris Curtis 01-11-2025 | | Robert Whittaker 02-17-2024 | Decision - Unanimous 3 - 5:00 | Decision - Split 3 - 5:00 | Cesar Almeida 06-01-2024 | | Ruku Rotsukuhoruto 08-20-2022 | Decision - Unanimous 3 - 5:00 | Submission 2 - 3:23 | Anthony Hernandez 02-17-2024 | | Marvin Vettori 10-23-2021 | Decision - Unanimous 5 - 5:00 | KO/TKO 2 - 4:44 | Josh Fremd 09-16-2023 | | Israel Adesanya 09-26-2020 | KO/TKO 2 - 04:00 | KO/TKO 2 - 0:33 | Claudio Ribeiro 07-29-2023 | Card: Main Card Card Start Time: 2:00 AM Explore our in-depth fight analysis articles, providing expert predictions and bettor insights for the upcoming clash between these two fighters. Our analysts dive deep into fighters' stats, strategies, and previous performances to offer you the best betting tips and predictions. Paulo Costa vs Roman Kopylov starts at 2025-06-29 02:00:00 UTC.",2025-06-29,https://www.ufcbetcompanion.com/event-fighter/3668-Paulo%20Costa%20vs%20Roman%20Kopylov
Paulo Costa vs. Roman Kopylov Head to Head Record,"Paulo Costa is a prominent professional mixed martial artist and a former middleweight title contender of the UFC. He made his professional debut in 2012 and competed in various promotions before making his debut in the UFC. Costa signed with the UFC in 2017 and has been competing in the promotion since then. Roman Kopylov, on the other hand is also an impressive up-and-coming fighter in the UFC. He became a professional in 2019 and has since been fighting in the company. As of June 2025, Kopylov is ranked No. 14 in the middleweight rankings of the company. Paulo Costa vs. Roman Kopylov Tale of the Tape | Stats | Paulo Costa | Roman Kopylov | | MMA Record | 14-4-0 | 14-3 | | UFC Ranking (middleweight) | 13 | 14 | | Last Fight | Loss | Win | | Nationality | Brazilian | Russian | | Height | 6'1"" | 6'0"" | | Weight | 185 lbs. | 185 lbs. | | Age | 34 | 34 | | Reach | 72 in | 75 in | | Striking Accuracy | 58% | 50% | | Takedown Accuracy | 75% | 42% | | Takedown Defense | 80% | 87% | | Win Streak (Active) | 0 | 2 | | MMA Debut | 2012 | 2016 | Paulo Costa Record Paulo Costa has a professional record of 14 wins and four losses as of June 13, 2025. Costa has 11 wins by knockout, one by submission, and two victories by decision. Costa has suffered one loss by knockout and three by decision. | 18 matches | 14 wins | 4 losses | | By knockout | 11 | 1 | | By submission | 1 | 0 | | By decision | 2 | 3 | Roman Kopylov Record Roman Kopylov has a professional record of 14 wins and three losses as of June 13, 2025. Kopylov has 12 knockout and two decision victories. He has lost two fights by submission and one by decision. | 17 matches | 14 wins | 3 losses | | By knockout | 12 | 0 | | By submission | 0 | 2 | | By decision | 2 | 1 | FAQs on Paulo Costa vs. Roman Kopylov A. They will face each other at UFC 317. A. The pair will face each other at the T-Mobile Arena in Las Vegas, USA. A. As of June 13, 2025, he is 34 years old. A. As of June 13, 2025, he is 34 years old. A. He has an orthodox stance.",2025-06-14,https://www.sportskeeda.com/mma/paulo-costa-vs-roman-kopylov-head-to-head-record
Fight By Fight Preview | UFC 318: Holloway vs Poirier 3,"Back in “The Big Easy” for the first time in a decade, UFC 318 touches down at Smoothie King Center on Saturday for a pay-per-view event that also serves as a send-off for one of Louisiana’s own. Headlined by a BMF title fight and third pairing between Max Holloway and the pride of Lafayette, Dustin Poirier, the familiar foes will run things back for a third time, with Holloway looking to successfully defend his title and gain a win over the dangerous veteran that has bettered him twice in the past, while “The Diamond” seeks to close things out with a third victory over the Hawaiian standout. GET YOUR TICKETS: UFC 318 | UFC Abu Dhabi | UFC 319 Supported by a bushel of crucial divisional contest and intriguing matchups up and down the undercard, this weekend’s return to pay-per-view should provide a ton of excitement as we start working into the thick of the summer schedule. Main Event: Max Holloway vs Dustin Poirier Location: Smoothie King Center — New Orleans, LA Where to Watch: ESPN / ESPN+ / Disney+ Other Main Card Matches: - Paulo Costa vs Roman Kopylov - Kevin Holland vs Daniel Rodriguez - Dan Ige vs Patricio Pitbull - Michael Johnson vs Daniel Zellhuber Prelim Matches: - Kyler Phillips vs Vinicius Oliveira - Marvin Vettori vs Brendan Allen - Francisco Prado vs Nikolay Veretennikov - Ateba Gautier vs Robert Valentin - Adam Fugitt vs Islam Dulatov - Jimmy Crute vs Marcin Prachnio - Ryan Spann vs Lukasz Brzekski - Brunno Ferreira vs Jackson McVey - Carli Judice vs Nicolle Caliari BMF Title Main Event: Max Holloway vs Dustin Poirier There is plenty at stake as Max Holloway and Dustin Poirier clash for a third time in the UFC 318 main event, with the BMF title hanging in the balance. Holloway claimed the title with an outstanding performance and emphatic finish of Justin Gaethje last year at UFC 300. He moved back down to featherweight following that win with designs on ascending to the throne once again, only to be felled by Ilia Topuria. Poirier competes in his home state for the first time since that June 2015 fight card, where he quickly stopped Yancy Medeiros. Following his second-round victory over Benoit Saint Denis last March, the 36-year-old came up short in his bid to wrest the lightweight title away from Islam Makhachev at UFC 302. Order UFC 318: Holloway vs Poirier 3 These two are intimately familiar with one another, having fought twice in the past. While their first meeting came early in their careers and on short notice, they got reacquainted in an interim lightweight title bout back at UFC 236, with Poirier claiming a unanimous decision win. This is the final walk to the Octagon for the beloved veteran competitor, and Holloway is the ideal opponent for the moment, as he looks to defend his title and spoil Poirier’s swan song while gaining a measure of revenge. No matter how this one shakes out, it promises to be exhilarating, and a fitting way for one of the most all-action fighters in UFC history to ride off into the sunset Additional Main Card Matchups Paulo Costa vs Roman Kopylov Originally scheduled for International Fight Week, Paulo Costa and Roman Kopylov finally share the Octagon in Saturday’s co-main event. The 34-year-old Costa competes for the first time since UFC 302 where he landed on the wrong side of the scorecards against Sean Strickland. After opening his career with 13 consecutive victories to earn a championship opportunity, the Brazilian has now dropped four of his last five, leaving him in dire need of a strong effort this weekend in New Orleans. HALF-YEAR AWARDS: Newcomers | Submissions | Knockouts | Fights | Fighters Kopylov enters from the opposite end of things than his adversary, having earned back-to-back wins and victories in six of his last seven outings. The ascending Russian gutted out a split decision win over Cesar Almeida at UFC 302 following his loss to “Fluffy” Hernandez and followed it up earlier this year with a late-fight finish of Chris Curtis. The middleweight rankings are in a state of flux at the moment and could see more change this weekend depending on results. Costa has maintained his residency in the exclusive community throughout his struggles, while Kopylov will be trying to earn a number next to his name for the first time by handing him another defeat. Kevin Holland vs Daniel Rodriguez Perpetually active welterweights cross paths in Louisiana as Kevin Holland and Daniel Rodriguez share the Octagon on Saturday night. Holland makes his fourth appearance of the year, aiming to collect his third victory since dropping back down to the 170-pound ranks. After out-hustling Gunnar Nelson in London, the 32-year-old “Trailblazer” dominated Vicente Luque at UFC 316, piecing him up before choking him out to earn his 15th victory under the UFC banner. READ: The 10 Fights To Tune-In For In July Rodriguez halted a three-fight slide with a split decision win over Alex Morono last October to get himself back in the win column. Earlier this year, the 38-year-old Los Angeleno collected a second consecutive win, garnering a third-round stoppage in over Santiago Ponzinibbio in Des Moines. These two have combined to make 25 appearances over the last five years, spending the majority of that time on the fringes of the Top 15. Holland has pushed his way into the rankings with his recent successes, and Rodriguez aims to claim his spot by collecting a third straight win this weekend. Dan Ige vs Patricio Pitbull Ultra-game featherweight staple Dan Ige lines up opposite Patricio Pitbull in an intriguing matchup between UFC 314 competitors. Ige defended his place in the rankings back in April, registering a third-round stoppage win over Sean Woodson, halting the St. Louis native’s extended run of success. The Las Vegas-based Hawaiian is as well-prepared and dialed in as anyone in the division, ready to battle hard against anyone and everyone, even when he only gets four hours’ notice. READ: Where We Stand In The Lightweight Division | Where We Stand In The Flyweight Division Following a lengthy run as the top name on the Bellator roster, Pitbull made his UFC debut in the spring, dropping a unanimous decision to former interim champ Yair Rodriguez in a bout where he looked a little hesitant to throw. He touches down in Vegas here in an interesting position, having dropped three of his last four and facing questions about his place in the hierarchy and how much gas he’s got left in the tank. Given their histories and how they typically fight, this should be a barnburner from Jump Street, as Ige once again looks to affirm his standing as one of the toughest outs in the 145-pound ranks, while his Brazilian foe aims to avoid an 0-2 start to his UFC career. Michael Johnson vs Daniel Zellhuber Entertaining lightweights Michael Johnson and Daniel Zellhuber kick off Saturday’s main card. Johnson touches down in New Orleans in the midst of a mini renaissance, having earned consecutive wins for the first time in a number of years, most recently collecting a second-round knockout win over Ottman Azaitar at the end of last year. Zellhuber landed on the wrong side of a split decision verdict in his epic UFC 306 clash with Esteban Ribovics, which halted his three-fight winning streak. Preliminary Card Pairings Kyler Phillips vs Vinicius Oliveira It’s a meeting of ranked bantamweights as Kyler Phillips faces off with Vinicius Oliveira. FOLLOW @UFCNEWS: On Facebook | On Instagram | On X | On Threads Phillips’ UFC career has played out in a pattern thus far, with the MMA Lab representative earning three straight wins before dropping a decision in consecutive four-fight packets. Oliveira followed up his strong rookie campaign in 2024 with a unanimous decision win over Said Nurmagomedov in February, extending his overall winning streak to five. Marvin Vettori vs Brendan Allen Rankings mainstays in the middleweight division Marvin Vettori and Brendan Allen clash on Saturday’s UFC 318 prelims. How To Watch And Stream UFC 318: Holloway vs Poirier 3 A former title challenger, the 31-year-old Vettori has slipped to No. 10 in the divisional rankings after dropping back-to-back fights and three of his last four. Allen returns to his home state also nursing a two-fight skid, having most recently dropped a decision to the previously mentioned Hernandez in a competitive February clash in Seattle. Francisco Prado vs Nikolay Veretennikov Welterweights looking to right the ship cross paths here as Francisco Prado and Nikolay Veretennikov face off in the bayou. Updates To UFC 318: Holloway vs Poirier 3 The 23-year-old Argentinian Prado went 1-2 in three lightweight starts before venturing up to welterweight for the first time in his most recent outing, dropping a decision to Jake Matthews. Veretennikov has landed on the wrong side of things in each of his first two appearances, most recently getting stopped by Austin Vanderford in February. Ateba Gautier vs Robert Valentin Middleweight prospects square off as Ateba Gautier faces Robert Valentin. A member of the Dana White’s Contender Series Class of ’24, Gautier impressed in his contract-winning turn last summer, showcasing nasty power and tremendous upside in finishing Yura Kaito. The Manchester-based prospect raised the bar in his promotional debut in March, earning a Performance of the Night bonus for his first-round stoppage win over Jose Media. Valentin advanced to the finals of the middleweight tournament on Season 32 of The Ultimate Fighter, losing to Ryan Loder. He made his post-TUF debut in April, dropping a split decision to Torrez Finney, sending him into this one with a point to prove. Will Gautier earn another finish and victory, or can Valentin rebound and get things moving in the right direction? Adam Fugitt vs Islam Dulatov The first of Saturday’s three welterweight clashes pits Adam Fugitt against recent Dana White’s Contender Series grad Islam Dulatov. Watch FURY FC 106 Friday, Only On UFC FIGHT PASS Fugitt picked up his second UFC victory last time out, landing on the happy side of a split decision verdict in a clash with Josh Quinlan just over a year ago. The 26-year-old Dulatov scored a vicious first-round knockout win to claim his place on the roster, finishing Vanilton Antunes with a nasty elbow along the fence to advance to 11-1. Jimmy Crute vs Marcin Prachnio After returning to action in February, Jimmy Crute looks to end a lengthy run without a victory as he steps in opposite Polish veteran Marcin Prachnio. POWER SLAP 14: Live And Free On YouTube | Get Tickets | More Info Still just 29 years old, Crute ended an 18-month sabbatical in February, battling Rodolfo Bellato to a draw, leaving him 0-3-2 over his last five outings. Prachnio competes for the first time in nearly a year, venturing to New Orleans in hopes of maintaining his pattern of alternating wins and losses after falling to Modestas Bukauskas last time out. Ryan Spann vs Lukasz Brzekski Ryan Spann and Lukasz Brzeski square off in a meeting of Dana White’s Contender Series alums in need of a win. WATCH: UFC 318 Embedded Fortis MMA’s Spann made his UFC heavyweight debut in March, getting stopped by Waldo Cortes Acosta to fall to 1-4 over his last five. Brzeski has also managed just one win over his last five, sandwiching a decision nod over Valter Walker between tandem setbacks, arriving here off consecutive first-round stoppage losses. Brunno Ferreira vs Jackson McVey Brazilian finisher Brunno Ferreira welcomes Jackson McVey to the Octagon for this first time in what should be a combustible clash at 185 pounds. Canelo vs Crawford Presale Begins July 17. Sign Up Now! Ferreira has gone 4-2 through his first six UFC starts, maintaining his 100 percent finishing rate, having most recently scored a second-round submission win over Armen Petrosyan. McVey was tabbed to debut on short notice at UFC 317, only for his fight to fall through, leaving the door open for him to replace Ikram Aliskerov here instead. Carli Judice vs Nicolle Caliari Saturday’s action gets underway in the flyweight division, with Carli Judice taking on fellow DWCS alum Nicolle Caliari. Judice scored one of the bigger upsets and most emphatic knockouts of the year in her 2025 debut, flooring Yuneisy Duben back in March to register her first UFC win. Caliari punched her ticket to the big stage last September, but dropped a split decision to Ernesta Kareckaite in January, which snapped a four-fight winning streak.",2025-07-15,https://www.ufc.com/news/fight-fight-preview-ufc-318-holloway-vs-poirier-3
ROMAN KOPYLOV CONTINUES TO SETTLE IN,"Roman Kopylov is nine fights into his UFC career, and after dropping his first two appearances, the 34-year-old Russian middleweight has put together a 6-1 record over his last seven bouts to earn a place in the Top 15. Not bad for someone that still doesn’t feel fully at home inside the Octagon yet. “When I fought in amateur hand-to-hand combat, I was super calm and confident; I knew this game perfectly,” began Kopylov, who faces off with Paulo Costa on Saturday’s UFC 318 pay-per-view main card at Smoothie King Center in New Orleans when asked about his general development over the course of his UFC tenure. “In MMA I don't feel so good yet, but step-by-step I am becoming a better fighter and feel the cage better and better. POWER SLAP 14: Live And Free On YouTube | Get Tickets | More Info “This fight with Costa is very special and I would like to show a better version of myself here.” If there is a better version still to be unleashed, it should send shivers through the rest of the 185-pound ranks, as the ascending middleweight has already been showing steady improvement over his last handful of fights. Last time out, Kopylov was paired off with fellow veteran Chris Curtis, with the two men getting into a competitive back-and-forth. Kopylov started well and Curtis warmed into the fight, leaving the outcome resting on how the final five minutes played out. Both had their moments, but shortly before the final horn sounded, Kopylov connected with a head kick that put the American stalwart on the deck and halted the action. Heading into the contest, the 14th-ranked middleweight called the bout a “big fight.” Six months removed from the triumph, Kopylov reflected on what the outing meant for him. WATCH: UFC 318 Embedded “Chris Curtis was a real test for me,” he said. “It was hard fight; I’m happy to get this victory and move forward. I am happy to get my spot among the best fighters in the world; my journey for the title continues. “I am excited about it, and expecting harder and harder fights.” The first of those more difficult fights is now at his doorstep in the form of Costa, who resides one spot ahead of him in the rankings at the moment. The Brazilian has been a fixture in the middleweight rankings for the eight years, having burst unto the scene with an unbeaten record and 100 percent finishing rate early in 2017. Four consecutive stoppage victories elevated him into the title conversation and a bout with Yoel Romero, which he won by unanimous decision, setting up a contentious championship clash with “The Last Stylebender,” Israel Adesanya. UFC 318 FULL FIGHTS: Poirier vs Holloway 2 | Holloway vs Korean Zombie | Poirier vs Saint Denis | Ige vs Woodson Positive results and consistent appearances have escaped the now 34-year-old Costa since his 13-0 start, as he has gone 1-3 over his last four outings, competing once in 2020, 2021, 2022, and 2024. Despite his inactivity and lone win over his last four, Costa’s name still rings out within the division, as the setbacks came against former champs Adesanya and Robert Whittaker, as well as ex-title challenger Marvin Vettori, while his victory was garnered in an exhausting, yet thrilling, battle against former titleholder Luke Rockhold at UFC 278 that earned the duo Fight of the Night honors. Though he’s slipped in the rankings, Costa remains a stern test, and Kopylov is eager to test himself against the dangerous Brazilian this weekend in NOLA. “I am happy that Mick Maynard and Dana (White) believe in me and are giving me such a great fight on one of the best events of the year,” he said in regards to being paired with Costa, whom he was first penciled in to face last month during International Fight Week before the bout was shifted to UFC 318 on Saturday. “I will do my best to justify their hopes. Canelo vs Crawford Presale Begins July 17. Sign Up Now! “He’s a great fighter — very skilled and experienced; hard punches, very good takedown defense,” Kopylov continued, shifting into his analysis of his foe. “I think i have some speed advantage and I will try to use it. “Only top fighters could (beat) Paulo,” he added, underscoring why this contest carries such importance to him. “If I beat him, I will belong to this special group of best in the world.” The significance of the matchup and anticipating an earlier assignment date meant that Kopylov has spent longer than usual in camp, preparing for this weekend’s clash, leaving him little time to do anything other than focus on the task at hand. That being said, there were a few opponent-specific changes made in anticipation of facing the powerful striker. GET YOUR TICKETS: UFC 318 | UFC Abu Dhabi | UFC 319 “After (my last fight), I took some time to heal my leg and then started conditioning training for Costa,” Kopylov said, tracing the timeline and activities since his victory over Curtis on the first fight card of the year. “At first we planned it for May, so my camp was longer than I expected. I was bringing my family in different cities; their support means much for me. “To tell the truth, I don't have enough time for general training and development,” he continued, speaking with refreshing candidness. “As soon as I got the fight offer, we have special training for the new opponent. This time, I did some work with my taekwondo coach, and we also brought a strategy coach from the national taekwondo team for a complete breakdown of Costa. “I know my opponent better than ever before.” And by being well-versed in all things Costa heading into the weekend, Kopylov was able to give a clear and concise assessment of how he sees Saturday’s main card opener playing out. “I am sure it will be a standup battle with many exchanges,” he said. “It can go the distance and be super-exciting, but also can be finished earlier, as we both are very aggressive.” WATCH: UFC 318 Countdown Should things work out in his favor and he runs his winning streak to three, the always-active Russian already has a clear idea of who he would like to see standing across the Octagon from him next. “I am never looking behind my opponent's back, but for sure I want another fight this year; probably two,” Kopylov answered when asked to forecast how the rest of his year maps out. “I cut less than 20 pounds, so I can do three or four fights in 12 months easily. “I was looking for a Sean Strickland fight before, and I still think we can show a great fight."" Don't miss a moment of UFC 318: Holloway vs Poirier 3, live from Smoothie King Center in New Orleans, Louisiana on July 19, 2025. Prelims start at 8pm ET/5pm PT, followed by the main card live on PPV at 10pm ET/7pm PT.",2025-07-14,https://www.ufc.com/news/roman-kopylov-continues-to-settle-in-ufc-318
UFC 318: Roman Kopylov vs. Paulo Costa Prediction,"UFC 318: Roman Kopylov vs. Paulo Costa Prediction for Tomorrow, 07/19/25 UFC 318: Roman Kopylov vs. Paulo Costa Pickswise Expert Predictions The Co-Main Event at UFC 318 will see Paulo Costa take on Roman Kopylov. This will be a fight in the UFC Middleweight division. Costa enters this fight with an MMA record of 14-4 and 6-4 in the UFC. He averages 6.22 significant strikes per minute and has a striking accuracy of 58%. Costa absorbs 6.56 strikes and has a striking defense of 49%. His grappling has not been strong, averaging 0.36 takedowns every 15 minutes. Costa has a takedown accuracy of 75% and a takedown defense of 80%. Kopylov enters this fight with an MMA record of 14-3 and 6-3 in the UFC. He is averaging 4.96 significant strikes per minute and has a striking accuracy of 50%. Kopylov absorbs 4.86 strikes and has a striking defense of 55%. His grappling is decent as well, averaging 1.17 takedowns every 15 minutes. He has a takedown accuracy of 42% and a takedown defense of 87%. Kopylov is the heavy favorite in this fight, but still looks to be the best betting option. Costa has been inconsistent recently, going 1-4 in his last 5 UFC fights, while Kopylov is 4-1 over the same stretch. Based on this, backing Kopylov to remain in good form and win will be our lean. UFC Analysis See All UFC NewsUFC 318 Predictions, Picks & Betting Odds ft. Max Holloway vs. Dustin Poirier: Holloway and Poirier Becomes a Brawl UFC 318 takes place on Saturday at the Smoothie King Center in New Orleans, Louisiana. It features a UFC Lightweight fight between Max Holloway and Dustin Poirier as the Main Event. Here are our U...",2025-07-16,https://www.pickswise.com/ufc/predictions/ufc-318-roman-kopylov-vs-paulo-costa-predictions-picks/
UFC 317 Main Card Woes - Why Is Costa vs Kopylov Fight Cancelled? - The Playoffs,"Middleweight banger fight between Paulo Costa and Roman Kopylov scrapped from UFC 317 main card on July 29! Building a successful UFC pay-per-view card is hard. Promoters spend months carefully selecting matchups that will excite fans and generate buzz, only to watch their plans crumble when fighters get injured, sick, or simply can’t make it to the cage. The UFC has dealt with countless last-minute changes over the years, from Conor McGregor pulling out of UFC 303 to Khabib Numagomedov vs Tony Ferguson’s numerous cancellations that left fans heartbroken and cards scrambled. The sport’s unpredictable nature stems from its fundamental brutality and the intense physical demands placed on fighters during training camps. A small cut during sparring or a illness due to extreme exertion can ruin months of preparation. And unfortunately, UFC 317 has become the latest victim of this cruel realit, losing one of its most anticipated fights just days before the event. Paulo Costa has become the poster child for fight cancellations. And unfortunately, his latest withdrawal from UFC 317 adds another chapter to his frustrating story. The Brazilian middleweight was supposed to face Roman Kopylov in what promised to be an exciting striking battle. However, illness has forced him to pull out of the contest. Specific details about Costa’s condition haven’t been shared yet. This latest cancellation marks another disappointment in what has become a troubling pattern for ‘The Eraser.’ He has now been involved in eight fight cancellations over his last ten scheduled bouts! What makes Costa’s situation particularly frustrating is that he’s been responsible for four of those eight cancelations himself. Whether it’s injuries, weight cutting issues, or now illness, something always seems to go wrong when Paulo Costa is scheduled to fight. This isn’t entirely his fault, as injuries and sickness are part of the sport. But the frequency has become almost comical at this point. Fans have started joking that betting on a Costa fight actually happening might be riskier than betting on the outcome. The UFC has shown remarkable patience with the Brazilian slugger, likely because his exciting fighting style and knockout power make him a valuable asset when he actually makes it to the cage. The silver lining in this fight will reportedly be moved to UFC 318. This card, headlined by Dustin Poirier’s retirement fight against Max Holloway, has been criticized for lacking depth and star power beyond the main event. Adding a high-level middleweight bout featuring two dangerous fighters would give fans more reasons to tune in and strengthen what many consider a weak pay-per-view offering. While losing Costa vs Kopylov hurts UFC 317’s overall appeal, the remaining eleven fights still offer plenty of excitement. These include the lightweight title clash between Ilia Topuria and Charles Oliveira. Moreover, Alexandre Pantoja will defend his flyweight crown against Kai Kara-France. (Image Credit: Gary A. Vasquez – Imagn Images) I am a dedicated MMA and Boxing content writer at The Playoffs. I was instantly hooked on MMA after watching the fight between Lyoto Machida vs. Gegard Mousasi back in 2014, and since then, i have been an avid writer with a deep love for the sport and its techniques, providing readers with a thorough understanding of the sport. My favorite aspect of working at The Playoffs is the creative freedom it provides. The diverse range of topics, from listicles and SEO to news articles, keeps me engaged and motivates me to continuously improve my skills! I aim to capture the excitement of the combat sports world in my writing, acting as the middleman between fighters and their die-hard fans. It is kind of like a referee, but with words! Read moreGet the biggest stories delivered straight to you - for free! By signing up, you consent to our Privacy Policy and Cookie Policy, nad to receive marketing and account-related emails from The Playoffs. You can subscribe at any time. For over 10 years, The Playoffs has been a go-to source for sports and sports betting enthusiasts. Our mission: To help bettors make the best choices with in-depth analysis, reliable data, and passionate expertise. Our motto: Share our passion for sports and betting. At The Playoffs, we live and breathe sports. Every day, our editorial teams work to deliver the most accurate and relevant information so you can place bets with confidence—and most importantly, enjoy the experience. Gambling can be fun and exciting, but it’s essential to keep it responsible. Set limits on your time and spending, never chase your losses, and understand that betting is a form of entertainment—not a way to earn money. If gambling stops being enjoyable or starts affecting your life negatively, don’t hesitate to seek support or take advantage of self-exclusion tools provided by betting platforms. Remember, responsible betting is the key to a safe and enjoyable gaming experience. DISCLAIMER for users in the USA: This site is 100% for entertainment purposes only and does not involve real money betting. Gambling problem? Call 1-800-Gambler. DISCLAIMER for users in other countries: This content is intended for adults only. Gambling services and offers may not be legal or available in your jurisdiction. It is your responsibility to ensure you comply with local laws before engaging in any gambling activities. Gambling involves financial risk and may be addictive. Please play responsibly. If you or someone you know is struggling with gambling, support is available through responsible gambling organizations. COPYRIGHT © 2025 - THE PLAYOFFS - SHARE THE PASSION FOR SPORTS AND BETTING",2025-06-19,https://theplayoffs.news/en/ufc-317-main-card-woes-why-is-costa-vs-kopylov-fight-cancelled/
Paulo Costa vs. Roman Kopylov Head to Head Record,"Paulo Costa is a prominent professional mixed martial artist and a former middleweight title contender of the UFC. He made his professional debut in 2012 and competed in various promotions before making his debut in the UFC. Costa signed with the UFC in 2017 and has been competing in the promotion since then. Roman Kopylov, on the other hand is also an impressive up-and-coming fighter in the UFC. He became a professional in 2019 and has since been fighting in the company. As of June 2025, Kopylov is ranked No. 14 in the middleweight rankings of the company. Paulo Costa vs. Roman Kopylov Tale of the Tape | Stats | Paulo Costa | Roman Kopylov | | MMA Record | 14-4-0 | 14-3 | | UFC Ranking (middleweight) | 13 | 14 | | Last Fight | Loss | Win | | Nationality | Brazilian | Russian | | Height | 6'1"" | 6'0"" | | Weight | 185 lbs. | 185 lbs. | | Age | 34 | 34 | | Reach | 72 in | 75 in | | Striking Accuracy | 58% | 50% | | Takedown Accuracy | 75% | 42% | | Takedown Defense | 80% | 87% | | Win Streak (Active) | 0 | 2 | | MMA Debut | 2012 | 2016 | Paulo Costa Record Paulo Costa has a professional record of 14 wins and four losses as of June 13, 2025. Costa has 11 wins by knockout, one by submission, and two victories by decision. Costa has suffered one loss by knockout and three by decision. | 18 matches | 14 wins | 4 losses | | By knockout | 11 | 1 | | By submission | 1 | 0 | | By decision | 2 | 3 | Roman Kopylov Record Roman Kopylov has a professional record of 14 wins and three losses as of June 13, 2025. Kopylov has 12 knockout and two decision victories. He has lost two fights by submission and one by decision. | 17 matches | 14 wins | 3 losses | | By knockout | 12 | 0 | | By submission | 0 | 2 | | By decision | 2 | 1 | FAQs on Paulo Costa vs. Roman Kopylov A. They will face each other at UFC 317. A. The pair will face each other at the T-Mobile Arena in Las Vegas, USA. A. As of June 13, 2025, he is 34 years old. A. As of June 13, 2025, he is 34 years old. A. He has an orthodox stance.",2025-06-14,https://www.sportskeeda.com/mma/paulo-costa-vs-roman-kopylov-head-to-head-record
Fight By Fight Preview | UFC 318: Holloway vs Poirier 3,"Back in “The Big Easy” for the first time in a decade, UFC 318 touches down at Smoothie King Center on Saturday for a pay-per-view event that also serves as a send-off for one of Louisiana’s own. Headlined by a BMF title fight and third pairing between Max Holloway and the pride of Lafayette, Dustin Poirier, the familiar foes will run things back for a third time, with Holloway looking to successfully defend his title and gain a win over the dangerous veteran that has bettered him twice in the past, while “The Diamond” seeks to close things out with a third victory over the Hawaiian standout. GET YOUR TICKETS: UFC 318 | UFC Abu Dhabi | UFC 319 Supported by a bushel of crucial divisional contest and intriguing matchups up and down the undercard, this weekend’s return to pay-per-view should provide a ton of excitement as we start working into the thick of the summer schedule. Main Event: Max Holloway vs Dustin Poirier Location: Smoothie King Center — New Orleans, LA Where to Watch: ESPN / ESPN+ / Disney+ Other Main Card Matches: - Paulo Costa vs Roman Kopylov - Kevin Holland vs Daniel Rodriguez - Dan Ige vs Patricio Pitbull - Michael Johnson vs Daniel Zellhuber Prelim Matches: - Kyler Phillips vs Vinicius Oliveira - Marvin Vettori vs Brendan Allen - Francisco Prado vs Nikolay Veretennikov - Ateba Gautier vs Robert Valentin - Adam Fugitt vs Islam Dulatov - Jimmy Crute vs Marcin Prachnio - Ryan Spann vs Lukasz Brzekski - Brunno Ferreira vs Jackson McVey - Carli Judice vs Nicolle Caliari BMF Title Main Event: Max Holloway vs Dustin Poirier There is plenty at stake as Max Holloway and Dustin Poirier clash for a third time in the UFC 318 main event, with the BMF title hanging in the balance. Holloway claimed the title with an outstanding performance and emphatic finish of Justin Gaethje last year at UFC 300. He moved back down to featherweight following that win with designs on ascending to the throne once again, only to be felled by Ilia Topuria. Poirier competes in his home state for the first time since that June 2015 fight card, where he quickly stopped Yancy Medeiros. Following his second-round victory over Benoit Saint Denis last March, the 36-year-old came up short in his bid to wrest the lightweight title away from Islam Makhachev at UFC 302. Order UFC 318: Holloway vs Poirier 3 These two are intimately familiar with one another, having fought twice in the past. While their first meeting came early in their careers and on short notice, they got reacquainted in an interim lightweight title bout back at UFC 236, with Poirier claiming a unanimous decision win. This is the final walk to the Octagon for the beloved veteran competitor, and Holloway is the ideal opponent for the moment, as he looks to defend his title and spoil Poirier’s swan song while gaining a measure of revenge. No matter how this one shakes out, it promises to be exhilarating, and a fitting way for one of the most all-action fighters in UFC history to ride off into the sunset Additional Main Card Matchups Paulo Costa vs Roman Kopylov Originally scheduled for International Fight Week, Paulo Costa and Roman Kopylov finally share the Octagon in Saturday’s co-main event. The 34-year-old Costa competes for the first time since UFC 302 where he landed on the wrong side of the scorecards against Sean Strickland. After opening his career with 13 consecutive victories to earn a championship opportunity, the Brazilian has now dropped four of his last five, leaving him in dire need of a strong effort this weekend in New Orleans. HALF-YEAR AWARDS: Newcomers | Submissions | Knockouts | Fights | Fighters Kopylov enters from the opposite end of things than his adversary, having earned back-to-back wins and victories in six of his last seven outings. The ascending Russian gutted out a split decision win over Cesar Almeida at UFC 302 following his loss to “Fluffy” Hernandez and followed it up earlier this year with a late-fight finish of Chris Curtis. The middleweight rankings are in a state of flux at the moment and could see more change this weekend depending on results. Costa has maintained his residency in the exclusive community throughout his struggles, while Kopylov will be trying to earn a number next to his name for the first time by handing him another defeat. Kevin Holland vs Daniel Rodriguez Perpetually active welterweights cross paths in Louisiana as Kevin Holland and Daniel Rodriguez share the Octagon on Saturday night. Holland makes his fourth appearance of the year, aiming to collect his third victory since dropping back down to the 170-pound ranks. After out-hustling Gunnar Nelson in London, the 32-year-old “Trailblazer” dominated Vicente Luque at UFC 316, piecing him up before choking him out to earn his 15th victory under the UFC banner. READ: The 10 Fights To Tune-In For In July Rodriguez halted a three-fight slide with a split decision win over Alex Morono last October to get himself back in the win column. Earlier this year, the 38-year-old Los Angeleno collected a second consecutive win, garnering a third-round stoppage in over Santiago Ponzinibbio in Des Moines. These two have combined to make 25 appearances over the last five years, spending the majority of that time on the fringes of the Top 15. Holland has pushed his way into the rankings with his recent successes, and Rodriguez aims to claim his spot by collecting a third straight win this weekend. Dan Ige vs Patricio Pitbull Ultra-game featherweight staple Dan Ige lines up opposite Patricio Pitbull in an intriguing matchup between UFC 314 competitors. Ige defended his place in the rankings back in April, registering a third-round stoppage win over Sean Woodson, halting the St. Louis native’s extended run of success. The Las Vegas-based Hawaiian is as well-prepared and dialed in as anyone in the division, ready to battle hard against anyone and everyone, even when he only gets four hours’ notice. READ: Where We Stand In The Lightweight Division | Where We Stand In The Flyweight Division Following a lengthy run as the top name on the Bellator roster, Pitbull made his UFC debut in the spring, dropping a unanimous decision to former interim champ Yair Rodriguez in a bout where he looked a little hesitant to throw. He touches down in Vegas here in an interesting position, having dropped three of his last four and facing questions about his place in the hierarchy and how much gas he’s got left in the tank. Given their histories and how they typically fight, this should be a barnburner from Jump Street, as Ige once again looks to affirm his standing as one of the toughest outs in the 145-pound ranks, while his Brazilian foe aims to avoid an 0-2 start to his UFC career. Michael Johnson vs Daniel Zellhuber Entertaining lightweights Michael Johnson and Daniel Zellhuber kick off Saturday’s main card. Johnson touches down in New Orleans in the midst of a mini renaissance, having earned consecutive wins for the first time in a number of years, most recently collecting a second-round knockout win over Ottman Azaitar at the end of last year. Zellhuber landed on the wrong side of a split decision verdict in his epic UFC 306 clash with Esteban Ribovics, which halted his three-fight winning streak. Preliminary Card Pairings Kyler Phillips vs Vinicius Oliveira It’s a meeting of ranked bantamweights as Kyler Phillips faces off with Vinicius Oliveira. FOLLOW @UFCNEWS: On Facebook | On Instagram | On X | On Threads Phillips’ UFC career has played out in a pattern thus far, with the MMA Lab representative earning three straight wins before dropping a decision in consecutive four-fight packets. Oliveira followed up his strong rookie campaign in 2024 with a unanimous decision win over Said Nurmagomedov in February, extending his overall winning streak to five. Marvin Vettori vs Brendan Allen Rankings mainstays in the middleweight division Marvin Vettori and Brendan Allen clash on Saturday’s UFC 318 prelims. How To Watch And Stream UFC 318: Holloway vs Poirier 3 A former title challenger, the 31-year-old Vettori has slipped to No. 10 in the divisional rankings after dropping back-to-back fights and three of his last four. Allen returns to his home state also nursing a two-fight skid, having most recently dropped a decision to the previously mentioned Hernandez in a competitive February clash in Seattle. Francisco Prado vs Nikolay Veretennikov Welterweights looking to right the ship cross paths here as Francisco Prado and Nikolay Veretennikov face off in the bayou. Updates To UFC 318: Holloway vs Poirier 3 The 23-year-old Argentinian Prado went 1-2 in three lightweight starts before venturing up to welterweight for the first time in his most recent outing, dropping a decision to Jake Matthews. Veretennikov has landed on the wrong side of things in each of his first two appearances, most recently getting stopped by Austin Vanderford in February. Ateba Gautier vs Robert Valentin Middleweight prospects square off as Ateba Gautier faces Robert Valentin. A member of the Dana White’s Contender Series Class of ’24, Gautier impressed in his contract-winning turn last summer, showcasing nasty power and tremendous upside in finishing Yura Kaito. The Manchester-based prospect raised the bar in his promotional debut in March, earning a Performance of the Night bonus for his first-round stoppage win over Jose Media. Valentin advanced to the finals of the middleweight tournament on Season 32 of The Ultimate Fighter, losing to Ryan Loder. He made his post-TUF debut in April, dropping a split decision to Torrez Finney, sending him into this one with a point to prove. Will Gautier earn another finish and victory, or can Valentin rebound and get things moving in the right direction? Adam Fugitt vs Islam Dulatov The first of Saturday’s three welterweight clashes pits Adam Fugitt against recent Dana White’s Contender Series grad Islam Dulatov. Watch FURY FC 106 Friday, Only On UFC FIGHT PASS Fugitt picked up his second UFC victory last time out, landing on the happy side of a split decision verdict in a clash with Josh Quinlan just over a year ago. The 26-year-old Dulatov scored a vicious first-round knockout win to claim his place on the roster, finishing Vanilton Antunes with a nasty elbow along the fence to advance to 11-1. Jimmy Crute vs Marcin Prachnio After returning to action in February, Jimmy Crute looks to end a lengthy run without a victory as he steps in opposite Polish veteran Marcin Prachnio. POWER SLAP 14: Live And Free On YouTube | Get Tickets | More Info Still just 29 years old, Crute ended an 18-month sabbatical in February, battling Rodolfo Bellato to a draw, leaving him 0-3-2 over his last five outings. Prachnio competes for the first time in nearly a year, venturing to New Orleans in hopes of maintaining his pattern of alternating wins and losses after falling to Modestas Bukauskas last time out. Ryan Spann vs Lukasz Brzekski Ryan Spann and Lukasz Brzeski square off in a meeting of Dana White’s Contender Series alums in need of a win. WATCH: UFC 318 Embedded Fortis MMA’s Spann made his UFC heavyweight debut in March, getting stopped by Waldo Cortes Acosta to fall to 1-4 over his last five. Brzeski has also managed just one win over his last five, sandwiching a decision nod over Valter Walker between tandem setbacks, arriving here off consecutive first-round stoppage losses. Brunno Ferreira vs Jackson McVey Brazilian finisher Brunno Ferreira welcomes Jackson McVey to the Octagon for this first time in what should be a combustible clash at 185 pounds. Canelo vs Crawford Presale Begins July 17. Sign Up Now! Ferreira has gone 4-2 through his first six UFC starts, maintaining his 100 percent finishing rate, having most recently scored a second-round submission win over Armen Petrosyan. McVey was tabbed to debut on short notice at UFC 317, only for his fight to fall through, leaving the door open for him to replace Ikram Aliskerov here instead. Carli Judice vs Nicolle Caliari Saturday’s action gets underway in the flyweight division, with Carli Judice taking on fellow DWCS alum Nicolle Caliari. Judice scored one of the bigger upsets and most emphatic knockouts of the year in her 2025 debut, flooring Yuneisy Duben back in March to register her first UFC win. Caliari punched her ticket to the big stage last September, but dropped a split decision to Ernesta Kareckaite in January, which snapped a four-fight winning streak.",2025-07-15,https://www.ufc.com/news/fight-fight-preview-ufc-318-holloway-vs-poirier-3
