title,text,publish_date,url
"Petr Yan vs. Marcus McGhee, UFC Fight Night | MMA Bout | Tapology","Fighter Comparison | Yan | McGhee | ||| | #3 BantamW (Worldwide) | Ranking | #12 BantamW (Worldwide) | || | 18-5-0 MMA | Pro Record | 10-1-0 MMA | || | 2024 2022 | Last 5 Fights | 2024 2023 | || | -370 (Moderate Favorite) | Betting Odds | +285 (Moderate Underdog) | || | | Nation | | || | Omsk Omskaya oblast | Fights out of | Phoenix Arizona | || | 32 +5 mos, 2 wks, 1 day | Age at Fight | 35 +2 mos, 2 wks, 5 days | || | 135.5 lbs (61.5 kgs) | Latest Weight | 135.6 lbs (61.5 kgs) | || | 5'7"" (169cm) | Height | 5'8"" (173cm) | || | 67.0"" (170cm) | Reach | 69.0"" (175cm) | || | RCC Academy Tiger Muay Thai | Gym | MMA Lab | Yan vs. McGhee Fight Predictions Fight Predictions Tapology Community Picks: 1,171 Bout Information Event Poster Fight Details - Event: UFC Fight Night: Whittaker vs. de Ridder - Date: Saturday 07.26.2025 at 12:00 PM ET - Referee: - Venue: Etihad Arena - Enclosure: Octagon - Location: Abu Dhabi, United Arab Emirates - Bout Billing: Co-Main Event (fight 11 of 12) - Pro/Am: Professional - Weight: 135 lbs (61.2 kg) - Event Links:",2025-03-20,https://www.tapology.com/fightcenter/bouts/1004774-ufc-fight-night-petr-no-mercy-yan-vs-marcus-the-maniac-mcghee
UFC Fight Night – Petr Yan vs Marcus McGhee: Preview & Betting Tips - Boxing News,"UFC Fight Night – Petr Yan vs Marcus McGhee: Preview & Betting Tips The upcoming UFC Fight Night card in Abu Dhabi has an interesting bantamweight matchup between fan-favourite Petr Yan vs Marcus McGhee. Yan (18-5) is looking to solidify his place in the title picture once again. After a rough stretch that included narrow decision losses to Aljamain Sterling, Sean O’Malley, and Merab Dvalishvili, Yan rebounded in 2024 with decision wins over Song Yadong and former flyweight king Deiveson Figueiredo. Another win here could mean he’s next in line for gold at 135-pounds. McGhee (10-1) has quickly made a name for himself since joining the UFC in 2023. Now riding a four-fight winning streak, McGhee has shown flashes of elite potential. However, this is without a doubt the toughest fight of his career thus far. Tale of the Tape Petr Yan – Odds 1.24 (Bet MGM) Record: 18-5 Age: 32 Height: 5ft7 Reach: 67” Weight: Bantamweight Stance: Switch Marcus McGhee – Odds 4.10 (Bet MGM) Record: 10-1 Age: 35 Height: 5ft8 Reach: 69” Weight: Bantamweight Stance: Orthodox Petr Yan vs Marcus McGhee: Analysis This bout between number two ranked bantamweight Petr Yan and number 13 ranked Marcus McGhee seems a strange fight to schedule on paper from Yan’s perspective. However this one should be fireworks from start to finish. Yan is loved by MMA fans because he has a well-rounded skillset, he has a pressure-heavy striking style combined with sharp defensive wrestling. Plus, Yan’s durability, experience in five-round wars, and technical boxing make him fun to watch against just about anybody. The American has shown that he loves to throw punches in bunches, which is one of the reasons for his high knockout rate. But, he has not faced anyone with the same ability as the Russian. It is interesting to note that McGhee trains alongside former bantamweight champion Sean O’Malley, who has beaten Yan in the past, adding an extra layer of intrigue to this matchup. McGhee is no O’Malley though. Besides, it was a largely contentious decision victory that O’Malley scored over Yan anyway. Yan vs McGhee: Prediction & Betting Tips Yan has a very high-level fight IQ, and has proven performances against elite competition on multiple occasions. His ability to pressure opponents, land clean combinations, and mix in sneaky trips, to take opponents to the mat when necessary, makes him the deserved favourite here. That said, he will need to respect McGhee’s power and speed, especially early in the fight. McGhee needs to find a way to disrupt Yan’s rhythm and land effectively in exchanges early. He does like to throw combinations, so landing multiple strikes during exchanges could sway the judges over someone like Yan who likes to pick his shots with precision. I am taking Petr Yan to win this inside the distance purely because I think he is levels above McGhee, even though the American is tough. My pick is Petr Yan to win by KO/TKO or DQ at odds of 5.60 (Bet MGM). Find all the latest boxing news and MMA breaking updates on boxingnews.com.",2025-07-23,https://boxingnews.com/ufc-fight-night-petr-yan-vs-marcus-mcghee-preview-betting-tips/
Petr Yan reportedly set for UFC return against low-profile bogeyman,"Petr Yan reportedly set for UFC return against low-profile bogeyman No easy fights for Petr Yan, as 'No Mercy' is reportedly on a collision course with the next generation of bantamweight MMA fighters. Yan has recouped from a three-fight skid by piecing together two wins against top opposition in Song Yadong and Deiveson Figueiredo. While many fans thought a title eliminator or a title shot rematch with Merab Dvalishvili or Sean O'Malley could be in order, new reports suggest he's taking on a freshly ranked bantamweight killer. Dustin Poirier's retirement card isn't looking so good Petr Yan to fight Marcus McGhee on the undercard of Robert Whittaker vs. Reinier de Ridder at UFC Abu Dhabi As per a report from Cageside Press, Yan will be fighting No. 13-ranked Marcus McGhee in a bantamweight contest at UFC Abu Dhabi on July 26. The bout has been rumored for some time, and should now be 'signed and official.' McGhee (10-1, 4-0 UFC) just came off a close decision win against Jonathan Martinez in November 2024. He started his UFC career with back-to-back-to-back knockouts. This could be the UFC's attempt at breathing life into the bantamweight elite, since fresh contenders for Merab Dvalishvili are slim pickings. Yan will square off with 'The Maniac' on the undercard of Robert Whittaker vs. Reinier de Ridder. UFC Abu Dhabi is looking exceptionally stacked thus far (subject to change): - Robert Whittaker vs. Reinier de Ridder; middle - Aaron Pico (debut) vs. Movsar Evloev; unofficial bantam - Petr Yan vs. Marcus McGhee; reported bantam - Nikita Krylov vs. Bogdan Guskov; light heavy - Shara Magomedov vs. Marc-André Barriault; middle - Asu Almabayev vs. Ramazan Temirov; fly - Ibo Aslan vs. Billy Elekana; light heavy More MMA Knockout News - Jon Jones shares disappointing update on Tom Aspinall UFC mega fight - Jon Jones puts himself on MMA Mount Rushmore alongside 3 legendary UFC champions - Jon Jones names most overrated fighter in UFC - Robert Whittaker baffled by UFC letting Jon Jones stall heavyweight division Stick with MMAKnockout for more FREE coverage of the UFC, MMA, Boxing. Follow MMAKnockout on Facebook, Twitter, and Instagram.",2025-05-30,https://www.si.com/fannation/mma/news/ufc-report-petr-yan-marcus-mcghee-abu-dhabi
UFC Fight Night: Whittaker vs. De Ridder,"""No Mercy"" ""The Maniac"" | Petr Yan | Marcus McGhee | | |---|---|---| | Tale of the tape | || | Wins/Losses/Draws | 18-5-0 | 10-1-0 | | Average Fight Time | 17:17 | 8:13 | | Height | 5' 7"" | 5' 8"" | | Weight | 135 lbs. | 135 lbs. | | Reach | 67"" | 69"" | | Stance | Switch | Orthodox | | DOB | Feb 11, 1993 | May 07, 1990 | | Striking (Significant Strikes) | || | Strikes Landed per Min. (SLpM) | 5.11 | 6.06 | | Striking Accuracy | 54% | 48% | | Strikes Absorbed per Min. (SApM) | 4.13 | 2.83 | | Defense | 58% | 64% | | Grappling | || | Takedowns Average/15 min. | 1.61 | 0.46 | | Takedown Accuracy | 49% | 33% | | Takedown Defense | 84% | 100% | | Submission Average/15 min. | 0.1 | 0.5 | | Most recent fights (Newest First) | || | Win - Figueiredo | Win - Martinez | | | Win - Yadong | Win - Bolanos | | | Loss - Dvalishvili | Win - Buys | | | Loss - O'Malley | Win - Newson | | | Loss - Sterling | |",No date found,http://ufcstats.com/fight-details/d4d4ee045b0ca695
Petr Yan vs Marcus McGhee: Fight Overview,"26 Jul On July 26, former UFC bantamweight champion Petr Yan returns to action against heavy-hitting contender Marcus “The Maniac” McGhee. The bout takes place at the Etihad Arena in Abu Dhabi as part of the UFC on ABC card and could have a direct impact on the top of the 135-pound division. Yan snapped a three-fight skid with a composed decision victory over Deiveson Figueiredo in November. Known for his tight boxing and calculated pressure, Yan has been tested against the best in the division and brings championship experience into the Octagon once again. McGhee rides a wave of momentum, having won four straight, including a clean decision over veteran Jonathan Martinez. With an aggressive style and finishing instincts, McGhee has earned a reputation as a dangerous striker, particularly early in fights. His power and size advantage could pose challenges for Yan, especially in open exchanges. Both men are southpaws, which adds a technical layer to the striking battle. Yan’s patience and fight IQ will be key against McGhee’s forward pressure and knockout threat. The matchup is a pivotal moment for each fighter — for Yan, a path back to title contention; for McGhee, a shot to break into the elite. The Tale of the Tape data is compiled from publicly available information on Sherdog | Petr Yan | Marcus McGhee | |---|---| | Russia | USA | | 18 - 5 - 0 (7 KOs) | 10 - 1 - 0 (8 KOs) | | bantamweight (135 lbs / 61,2 kg) | bantamweight (135 lbs / 61,2 kg) | | Age | | | Wins | | | Losses | | | Anthropometry | | The scheduled 3-round bantamweight bout will take place on July 26, 2025. The full fight night schedule, including local start times for various countries, is listed below. Check the schedule to see when the event begins in your region. The fight night will start on Saturday, July 26 at 11:00 AM ET (New York time). The fight night will start on Saturday, July 26 at 8:00 AM PT (Los Angeles time). The fight night will start on Saturday, July 26 at 11:00 AM ET (Toronto time). The fight night will start on Saturday, July 26 at 4:00 PM BST (London time). The fight night will start on Saturday, July 26 at 5:00 PM SAST (Johannesburg time). The fight night will start on Saturday, July 26 at 11:00 PM PHT (Manila time). The fight night will start on Sunday, July 27 at 1:00 AM AEST (Sydney time). The fight night will start on Sunday, July 27 at 3:00 AM NZST (Wellington time). Note that the main event ring walk typically takes place about 1 to 1.5 hours after the main card begins. If you're mainly interested in the headline bout, there’s still some time — but it’s always worth watching the full card. You can stream the Yan vs McGhee fight via ESPN+. Disclaimer: Some links to streaming or pay-per-view on this page may be affiliate links. If you make a purchase through them, we may earn a commission — at no extra cost to you. The fight will be held at the Etihad Arena in Abu Dhabi, Arab Emirates. Full Fight card for Petr Yan vs Marcus McGhee: Fight card subject to change | Division | Fighter #1 | Fighter #2 | Notes | |---|---|---|---| | middleweight (185 lbs) | Robert Whittaker (26 - 8 - 0) | Reinier de Ridder (20 - 2 - 0) | | | bantamweight (135 lbs) | Petr Yan (18 - 5 - 0) | Marcus Mc Ghee (10 - 1 - 0) | | | bantamweight (135 lbs) | Bryce Mitchell (17 - 3 - 0) | Said Nurmagomedov (18 - 4 - 0) | | | middleweight (185 lbs) | Sharabutdin Magomedov (15 - 1 - 0) | Marc-Andre Barriault (17 - 9 - 0) | | | light heavyweight (205 lbs) | Nikita Krylov (30 - 10 - 0) | Bogdan Guskov (17 - 3 - 0) | | | strawweight (115 lbs) | Amanda Ribas (12 - 6 - 0) | Tabatha Ricci (11 - 3 - 0) | | | welterweight (170 lbs) | Muslim Salikhov (21 - 5 - 0) | Carlos Leal (22 - 6 - 0) | | | light heavyweight (205 lbs) | Ibo Aslan (14 - 2 - 0) | Billy Elekana (7 - 2 - 0) | | | flyweight (125 lbs) | Asu Almabayev (21 - 3 - 0) | Jose Ochoa (8 - 1 - 0) | | | heavyweight (265 lbs) | Martin Buday (15 - 2 - 0) | Marcus Almeida (5 - 1 - 0) | | | featherweight (145 lbs) | Mohammad Yahya (12 - 5 - 0) | Steven Nguyen (9 - 2 - 0) | | | bantamweight (135 lbs) | Davey Grant (16 - 7 - 0) | Da'Mon Blackshear (17 - 7 - 1) |",2017-07-01,https://boxing-schedule.com/mma/yan-vs-mcghee/
"Petr Yan vs Marcus McGhee Pick, 07/26/2025 Predictions UFC Abu Dhabi Odds","Petr Yan vs Marcus McGhee Pick, 07/26/2025 Predictions UFC Abu Dhabi Odds Petr Yan vs Marcus McGhee UFC Abu Dhabi Etihad Arena in Abu Dhabi Saturday, July 26, 2025 Petr Yan will battle Marcus McGhee at UFC Abu Dhabi on Saturday, July 26, 2025. The opening moneyline has Yan priced at -350 while McGhee is coming in at +285. Petr ""No Mercy"" Yan steps into the Octagon holding a record of 18-5-0. The 32-year-old steps on the scale at 135 lbs and stands in at 5'7"". The switch fighter extends his reach 67"". Marcus ""The Maniac"" McGhee measures in at 5'8"" and steps on the scale at 135 lbs. The orthodox fighter comes into this fight holding a mark of 10-1-0. The 35-year-old reaches 69"". When talking about significant strikes, Petr Yan lands 5.11 per min and Marcus McGhee is connecting on 6.06 significant strikes per minute. Yan is landing 54% of the significant strikes he throws and McGhee connects on 48%. Regarding defending in the Octagon, ""No Mercy"" allows 4.13 significant strikes per minute and ""The Maniac"" takes 2.83. Yan also stops 58% of the significant strikes his opponents throw his way while McGhee deflects 64% of the shots thrown. | UFC Abu Dhabi | Petr Yan | Marcus McGhee | |---|---|---| | Opening Odds | -350 | +285 | | Record | 18-5-0 | 10-1-0 | | Average Fight Time | 17:17 | 8:13 | | Height | 5'7"" | 5'8"" | | Weight | 135 lbs | 135 lbs | | Reach | 67"" | 69"" | | Strikes Landed Per Minute | 5.11 | 6.06 | | Striking Accuracy | 54% | 48% | Regarding takedowns, Petr Yan is averaging more takedowns in the cage as he is able to score a takedown 1.61 times per 3 rds. Yan is taking his opponents to the canvas on 49% of his attempts and thwarting 84% of all takedown tries against him. McGhee is finishing his takedowns on 33% of the takedowns he tries and is stopping 85% of all takedowns attempted on him. Regarding submissions, Yan is less apt at going for the finish by going for 0.1 submissions per 15 minutes while McGhee goes for 0.5 submissions per 3 rds. Get all of our UFC Betting Picks In his last bout, Petr Yan went up against Deiveson Figueiredo and wound up getting the victory by way of unanimous decision in round 5. Figueiredo landed 53 of 119 total strikes that he threw in that contest. Yan finished this fight landing 190 of 263 total strikes. In terms of significant strikes, Figueiredo landed 53 of 119, which means his percentage was 44%. He finished the fight landing 23 of 75 significant strikes aimed at the head. Statistically, Yan landed 62% of his significant strikes by sticking 121 of 193. Of those significant strikes, he connected on 78 of 142 pointed at the head. 92% of the significant strikes landed by Figueiredo and 85% of them connected on by Yan were thrown at distance. In the last Octagon appearance for Marcus McGhee, he fought Jonathan Martinez and took home the victory via unanimous decision in round 3. Martinez ended up landing 95% of his significant strikes at distance and McGhee ended up connecting on 98% of the significant strikes he tried at a distance. McGhee landed 45% of his significant strikes attempted by landing 102 of 223. He connected on 60 of 167 significant strikes directed at the head. Martinez ended up landing 48 of 108 significant strikes in that contest. Of those significant strikes, he connected on 24 of 76 to the head. Relating to the total strikes thrown in this fight, Martinez was 49 of 109 and McGhee was 105 of 226 of the strikes he threw in total. Other bouts to watch Another fight that you're going to want to watch is when Shara Magomedov encounters Marc-Andre Barriault. Magomedov walks into the Octagon holding a record of 15-1-0. The 31-year-old records a weight of 185 lbs and stands 6'2"". The orthodox fighter has an arm span of 73"". Barriault stands 6'1"" and weighs in at 185 lbs. The orthodox fighter looks to add a win to his career total of 17-9-0 (1 NC). The 35-year-old stretches 74"". Regarding grappling, Shara Magomedov gets his opposition to the mat 0.70 times per 3 rounds while Marc-Andre Barriault gets a takedown 0.21 times per 15 min. When talking about striking, Magomedov is landing 5.87 strikes/minute and lands 62% of the strikes that he throws. On the other side of the cage we have Marc-Andre Barriault, who tags his opponent on 47% of the strikes he has tried and is connecting on 6.02 per minute. An additional fight that you're going to want to see is when Bogdan Guskov is set to square up against Nikita Krylov. Krylov steps into the cage holding a mark of 30-10-0. The 33-year-old is fighting at 205 lbs and stands in at 6'3"". The orthodox fighter stretches 77"". Guskov stands in at 6'3"" and is fighting at 205 lbs. The orthodox fighter looks to add a victory to his record of 17-3-0. The 32-year-old has a wingspan of 76"". In terms of grappling, Nikita Krylov is preventing 53% of the takedowns his opponents go for and is taking his opponents to the canvas on 38% of his tries. Guskov is finishing his takedowns on 15% of the tries he takes and is able to curb 57% of the takedowns his opponents try. With reference to striking, Krylov is taking 2.49 strikes per minute and he lands 4.33 strikes per min. Guskov, on the other hand, takes 3.22 strikes/minute and connects on 3.96 per min. Who will win tonight's UFC match against the spread? Tony Sink's Pick: Take Marcus McGhee (+285) Get $60 worth of FREE premium member picks. No Obligation. No Salesman. No Credit Card. Fast Sign up with Instant Access Click Here Get all of Today's Free UFC Picks Get all of Today's Expert UFC Picks Most Recent UFC Picks - Amanda Ribas vs Tabatha Ricci Pick, 07/26/2025 Predictions UFC Abu Dhabi Odds - Shara Magomedov vs Marc-Andre Barriault Pick, 07/26/2025 Predictions UFC Abu Dhabi Odds - Muslim Salikhov vs Carlos Leal Pick, 07/26/2025 Predictions UFC Abu Dhabi Odds - Robert Whittaker vs Reinier de Ridder Pick, 07/26/2025 Predictions UFC Abu Dhabi Odds - Petr Yan vs Marcus McGhee Pick, 07/26/2025 Predictions UFC Abu Dhabi Odds - Bryce Mitchell vs Said Nurmagomedov Pick, 07/26/2025 Predictions UFC Abu Dhabi Odds - Nikita Krylov vs Bogdan Guskov Pick, 07/26/2025 Predictions UFC Abu Dhabi Odds - Davey Grant vs Da'Mon Blackshear Pick, 07/26/2025 Predictions UFC Abu Dhabi Odds - Mohammad Yahya vs Steven Nguyen Pick, 07/26/2025 Predictions UFC Abu Dhabi Odds - Ibo Aslan vs Billy Elekana Pick, 07/26/2025 Predictions UFC Abu Dhabi Odds",2025-07-22,https://www.docsports.com/free-picks/ufc/2025/petr-yan-vs-marcus-mcghee-pick-07-26-2025-predictions-ufc-abu-dhabi-odds.html
Former UFC champ Petr Yan to take big step down in competition for next fight | BJPenn.com,"Former UFC champ Petr Yan to take big step down in competition for next fight Petr Yan will be taking a huge step down in competition for his next UFC fight — unless his fellow contender Cory Sandhagen agrees to a matchup. Yan is the former UFC bantamweight champion, and is ranked No. 2 in the weight class at present. He is currently riding back-to-back decision wins over Song Yadong and Deiveson Figueiredo. Ordinarily, that might be enough to warrant a title shot. There’s just one problem. Yan has already lost to champion Merab Dvalishvili, as well as No. 1 contender Sean O’Malley, who will challenge for the belt at UFC 316 in June. As a result, Yan will need to win at least one more fight to earn another crack at the belt. If he gets his way, it will be a fight with Cory Sandhagen next. Sandhagen was back in action in the main event of the dramatic UFC Des Moines card last weekend, beating Figueiredo by second-round TKO due to injury. It is widely expected he will be next for the Dvalishvili-O’Malley winner. However, he could also be booked for a rematch with Yan, who he lost to several years ago. That seems to be Yan’s top choice at the moment. However, during an interview with Submission Radio, the Russian made a shocking reveal: if Sandhagen doesn’t agree to fight, he’ll take on Marcus McGhee instead. BREAKING: @PetrYanUFC CONFIRMS Marcus McGhee fight rumours are true and the fight will happen if Cory Sandhagen doesn’t accept rematch in July! 👀 🎥: https://t.co/5KgBJ58pIp pic.twitter.com/tXISpjheQM — Submission Radio (@SubmissionRadio) May 6, 2025 Why is Petr Yan possibly fighting Marcus McGhee? McGhee is an excellent fighter. That being said, the American is only ranked No. 13 at bantamweight — 11 spots below Yan. He is riding six-straight wins, but he has only beaten one ranked fighter in Jonathan Martinez, who was only in the top-15 for a short time. For all his talent, there is no question that booking him against Petr Yan would be a major curveball. That’s especially true when you consider the other options Yan has. Outside of Sandhagen, he could also be matched up with Henry Cejudo. The winner of an upcoming fight between Marlon “Chito” Vera and Mario Bautista would also make sense. Who would you like to see Petr Yan fight next? This article appeared first on BJPENN.COM Topics: Petr Yan UFC",2025-05-06,https://www.bjpenn.com/mma-news/petr-yan/former-ufc-champ-petr-yan-to-take-big-step-down-in-competition-for-next-fight/
"Petr Yan reportedly getting booked against Marcus McGhee for UFC Abu Dhabi card triggers mixed fan reactions: ""BANGER,"" ""Wtf is this?""","Petr Yan is reportedly scheduled to face No.13-ranked UFC bantamweight Marcus McGhee in his next fight. This update has captured the attention of fans and sparked various reactions.Initially, @Cagesidepress on X reported that, according to multiple sources, the fight has been officially confirmed with signed documents for July 26 at the Etihad Arena in Yas Island, Abu Dhabi.Check out the fight announcement below (via @ChampRDS on X):Notably, recent reports from @Cagesidepress on X indicate that there have been no official confirmations made yet, and they have apologized for reporting prematurely.Many fight fans have already taken to the comments section of @ChampRDS’ post to share their reactions. One user wrote:&quot;BANGER&quot;Another user had a contrasting reaction:&quot;Wtf is this?&quot;Others commented:&quot;Lowk love this fight&quot;&quot;Huge Step up for Marcus! Yan can't be pleased with this&quot;&quot;Don’t get the matchmaking at all unless Yan just wanted to be active. I got Yan by finish&quot;Check out more fan reactions below:Fans' reaction to Petr Yan reportedly facing Marcus McGhee next. [Screenshots courtesy: @ChampRDS on X]Petr Yan previously expressed his desire to fight Umar Nurmagomedov nextPetr Yan is currently on a two-fight win streak, having defeated Song Yadong and Deiveson Figueiredo in his recent matches. With his ambition to reclaim the UFC bantamweight title, Yan has been calling out other top contenders in the division.A few weeks ago, 'No Mercy' shared on his Instagram Story that he wants to face Umar Nurmagomedov in his next UFC fight. In the post, Yan wrote:&quot;Let's do it! Baku or Abu Dhabi.&quot;Check out Petr Yan's post below (via @SpinninBackfist on X):Nurmagomedov was undefeated in MMA until he faced Merab Dvalishvili for the bantamweight title. At UFC 311, the Dagestani experienced the first defeat of his career at the hands of the champion.Nurmagomedov is currently recovering from a hand injury, and there have been no official announcements regarding his next fight yet.",2025-05-30,https://www.sportskeeda.com/mma/news-petr-yan-getting-booked-marcus-mcghee-ufc-abu-dhabi-card-triggers-mixed-fan-reactions-banger-wtf-this
Petr Yan Vs. Marcus McGhee - Odds And Match Preview,"Petr Yan vs. Marcus McGhee – Odds and Match Preview Petr Yan and Marcus McGhee are set to face off in a highly anticipated bantamweight fight on July 26, 2025, at the Etihad Arena in Abu Dhabi. This main card matchup is drawing attention due to its high stakes and the contrasting styles. Petr Yan is the clear favorite to win against Marcus McGhee, according to current betting odds. Most sportsbooks have Yan at around -350 to -410 (meaning you’d need to bet $350–$410 to win $100), while McGhee is a significant underdog at +285 to +385 (a $100 bet on McGhee would return $285–$385 if he wins). These odds have been fairly stable since opening, with Yan consistently favored and little major movement as fight week approaches. Play different numbers with some of the best casinos at sweepstakes24.com. For the method of victory, sportsbooks generally expect Yan to win by decision or possibly by knockout. The odds for Yan to win by decision are usually shorter than for a finish, but exact numbers can vary by site. McGhee, known for his knockout power, is most likely to be backed for a win by KO/TKO if bettors are picking the upset. Yan is favored to win in the later rounds or by decision, while McGhee’s best chance is seen as an early stoppage, typically in the first or second round. This fight is crucial for both men. Petr Yan, a former UFC bantamweight champion, is on a comeback streak after a tough period in his career. He’s looking for his third straight win to re-establish himself as a top contender in the division and potentially earn another shot at the title. For Marcus McGhee, this is the biggest fight of his career. Undefeated in his first four UFC bouts, a win over an established former champion like Yan would catapult him into the title conversation and cement his status as a real threat in the bantamweight division. The winner will move closer to a title shot, while the loser may have to regroup in a crowded and competitive weight class. The market expects Yan to control the fight and win, most likely by decision or late stoppage. McGhee is seen as a live underdog with knockout potential, especially early. Both fighters have momentum and are hungry for a win that could define the next stage of their careers. The stakes are high, and the winner will likely find themselves on the doorstep of a UFC title shot.",2025-07-12,https://www.lowkickmma.com/petr-yan-vs-marcus-mcghee-odds-and-match-preview/
Petr Yan's Resurgence; What's Next? - Boxing News,"Petr Yan’s Resurgence; What’s Next? Petr Yan is reportedly set to return at UFC Abu Dhabi on July 26 on the Robert Whittaker vs. Reinier de Ridder card against Marcus McGhee, as we look at Yan’s future bouts. Yan is on a two-fight win streak after back-to-back decision victories over Song Yadong and Deiveson Figueiredo. The wins revived Yan’s career following a three-fight losing streak, marked by losses to Aljamain Sterling, Sean O’Malley, and Merab Dvalishvili. Meanwhile, McGhee has racked up four straight wins, his latest against Jonathan Martinez at UFC 309. Three of those wins have come by stoppage, making him one of the most dangerous fighters in the bantamweight division. The winner takes themselves a step closer to a title shot, with the belt currently held by Merab Dvalishvili. Current Card Robert Whittaker vs. Reinier de Ridder; middleweight Shara Magomedov vs. Marc-Andre Barriault; middleweight Petr Yan vs. Marcus McGhee; bantamweight Nikita Krylov vs. Bogdan Guskov; light heavyweight Asu Almabayev vs. Ramazan Temirov; flyweight Ibo Aslan vs. Billy Elekana; light heavyweight Options If Yan does not get the winner of Merab vs. O’Malley, he could turn his attention towards Henry Cejudo. The latter has previously stated he would like to face Yan after his technical decision defeat at UFC Seattle against Song Yadong. Henry could not continue after suffering from an accidental poke near the close of the third round. Cejudo could not carry on at the start of the fourth, as he called out Yan as an alternative. Cejudo is a massive name on anyone’s resume since he is a two-weight world champion, giving Yan a chance to secure a big scalp. Equally, Yan could turn his attention to a rematch with Cory Sandhagen. Yan beat Cory in 2021 at UFC 267. Since then, Cory has bounced back much stronger, winning four out of his last five fights. Cory is now ranked fourth in the rankings, making him a credible name, as Yan continues his recent resurgence. Find all the latest boxing news and MMA breaking updates on boxingnews.com.",2025-05-31,https://boxingnews.com/petr-yans-resurgence-whats-next/
Petr Yan vs Marcus McGhee Betting Odds & AI Picks,"Petr Yan vs Marcus McGhee Fight Analysis Fight Overview The bantamweight clash between Petr Yan and Marcus McGhee is set to headline the Main Card of UFC Fight Night on July 26, 2025, at the iconic Etihad Arena in Abu Dhabi, United Arab Emirates. The action kicks off at 7:00 PM local time (UTC+4) and will be broadcast live across UFC’s global media partners. As the third-ranked contender in the division, Yan brings championship pedigree and elite striking to his showdown with the surging No. 13-ranked American, McGhee. Event Context This non-title bout comes on the heels of a stacked main event featuring Robert Whittaker vs. Jack de Ridder, but all eyes will quickly turn to the cage when Yan makes his maiden trip to the Middle East. Etihad Arena’s state-of-the-art setting and electric atmosphere provide the perfect backdrop for two top pros with contrasting styles: Yan’s boxing-based offense versus McGhee’s powerful knockout arsenal and Brazilian Jiu-Jitsu foundation. The Favorite and the Underdog Analysts and oddsmakers agree that Petr Yan enters as the strong favorite, with American odds hovering around -350 (FanDuel: -400; DraftKings: -380; BetOnline.ag: -335; Caesars: -350). Yan’s resume speaks volumes: a former two-time title challenger with an 18–5 record, 7 knockouts, and proven durability in five-round wars. His crisp combinations, defensive footwork, and 54% significant strike accuracy make him a nightmare for anyone in the 135-pound division. In contrast, Marcus McGhee is firmly cast as the underdog at approximately +275 (FanDuel: +285; DraftKings: +300; BetOnline.ag: +275; Caesars: +275). The 35-year-old Detroit native boasts a 10–1 professional mark, including 8 knockouts and 1 submission finish. While his 65% significant strike defense and perfect takedown defense signal solid fundamentals, McGhee’s UFC tenure is still in its infancy. He must overcome a unanimous decision win over Jonathan Martinez and two knockout victories to prove he can hang with a sensor as refined as Yan. Why This Fight Matters Beyond the numbers, this matchup could determine the next true title contender in the bantamweight landscape. A convincing Yan performance solidifies his claim for another shot at the belt and keeps the Russian contender in the championship conversation. Conversely, a statement win for McGhee would catapult him into the divisional elite and create an instant buzz around the underdog who toppled a former title challenger. What’s at Stake - For Petr Yan: Revenge, validation, and the opportunity to surge toward a third title shot. - For Marcus McGhee: Career-defining momentum, potential entry into the Top 5, and the chance to rewrite his own narrative by upsetting a former champion. This Petr Yan vs Marcus McGhee bout promises electrifying striking exchanges, critical grappling scrambles, and the high stakes befitting a pivotal night in Abu Dhabi. Stay tuned as two of bantamweight’s most dangerous competitors collide in what could be the most consequential non-title fight of 2025. Live odds Live and historic odds as well as more fighter statistics and insights for Petr Yan vs Marcus McGhee can be found on the fighter matchup page. All the fighter matchups and live odds for Whittaker vs de Ridder can be found on the Whittaker vs de Ridder event page. Matchup & Fighter Profiles Petr Yan Profile - Age: 32 - Country: Russia - Fighting Style: Boxer - UFC Record: 18–5–0 Recent Form - Nov. 23, 2024 – Win vs. Deiveson Figueiredo (Decision – Unanimous) - Mar. 9, 2024 – Win vs. Song Yadong (Decision – Unanimous) - Mar. 11, 2023 – Loss vs. Merab Dvalishvili (Decision – Unanimous) - Oct. 22, 2022 – Loss vs. Sean O’Malley (Decision – Split) - Apr. 9, 2022 – Loss vs. Aljamain Sterling (Decision – Split) Petr Yan enters this bout on a two-fight winning streak, having outboxed former champ Deiveson Figueiredo in November and dominated rising contender Song Yadong in March. His three losses—all by decision—came against the division’s elite and demonstrate his ability to hang in five-round wars. Strengths - Elite Striking Accuracy (54%): Yan lands more than half of his significant strikes, combining crisp straight punches with powerful hooks. - Durability & Conditioning: An average fight time of 17:17 indicates comfort in deep waters, rarely gassing late. - Takedown Offense & Defense: 49% takedown accuracy and 85% takedown defense allow him to dictate the fight’s range and avoid being grounded. - High-Level Experience: Former two-time title challenger with 23 UFC bouts under his belt, Yan excels under pressure and in high stakes. Weaknesses - Limited Finishing Rate: Just 7 knockouts and 1 submission in 18 wins; may struggle to put away tougher opponents. - Vulnerability to Speed: Against dynamic, southpaw or switch‐stance fighters, Yan’s timing can be disrupted, as seen in his split decision losses. - 60% Significant Strike Defense: Allows roughly 0.6 significant strikes per attempt, which could be exploited by volume strikers. Marcus McGhee Profile - Age: 35 - Country: United States - Fighting Style: Brazilian Jiu-Jitsu - UFC Record: 10–1–0 Recent Form - Nov. 16, 2024 – Win vs. Jonathan Martinez (Decision – Unanimous) - Jan. 13, 2024 – Win vs. Gaston Bolanos (KO/TKO, 2nd Round) - Aug. 12, 2023 – Win vs. JP Buys (KO/TKO, 1st Round) - Apr. 29, 2023 – Loss vs. Journey Newson (Decision) Marcus McGhee has rattled off three straight victories since his only professional loss, including two knockout finishes. His unanimous decision over veteran Jonathan Martinez showcased an evolving all-around game, blending striking and grappling prowess. Strengths - Power & Finishing Ability: With 8 KOs in 10 wins, McGhee packs heavy hands and explosive transitions. - Defensive Grappling: 100% takedown defense means he rarely gets taken down, forcing opponents to trade strikes. - Efficient Defense (65%): He avoids a high volume of significant strikes, making him difficult to finish on the feet. - Aggressive Start: Average fight time of 08:13 suggests he pushes pace early, looking to end fights before deep waters. Weaknesses - Striking Accuracy (48%): Nearly half of his significant strikes miss, which could leave him off-balance against an accurate boxer like Yan. - Limited Top-Level Experience: Only four UFC fights to his name; untested over five rounds and against elite wrestling. - Grappling Offense (33% Takedown Accuracy): Reliance on defensive grappling means he may struggle to control Yan against the cage or secure submissions. In this stylistic contrast—Yan’s boxing mastery versus McGhee’s knockout power and BJJ background—each fighter brings clear strengths. Yan must use precision and pace to neutralize McGhee’s early explosiveness, while McGhee will look to land heavy shots and avoid Yan’s jab to seize the upset. Betting Odds & Line Movement Current Betting Odds As fight night approaches, Petr Yan stands out as a heavy favorite across all major sportsbooks, while Marcus McGhee carries the underdog tag: - FanDuel: Yan –400 | McGhee +285 - DraftKings: Yan –380 | McGhee +300 - BetOnline.ag: Yan –335 | McGhee +275 - Caesars: Yan –350 | McGhee +275 The gap between –400 on FanDuel for Yan and +300 on DraftKings for McGhee underscores the market’s conviction: Yan is expected to win roughly three out of four times, while McGhee is seen landing the upset just once in four outings. Best Sportsbook for Value - For underdog bettors, DraftKings (+300) currently offers the juiciest return on Marcus McGhee. - For backing the favorite, BetOnline.ag (–335) provides the softest line on Petr Yan, meaning you risk less per dollar to secure your profit. Line Movement & Swing Analysis A closer look at recent line shifts reveals where smart money is flowing: - Marcus McGhee (DraftKings): • July 4: +310 → +275 • July 9–11: scans between +280 and +270 • July 13: dipped to +260 • July 14: surged back to +300McGhee’s odds initially shortened—implying early underdog support—before drifting wider again, suggesting late heavy wagers on Yan. - Petr Yan (DraftKings): • July 4: –395 → –345 • July 9: –355 • July 11: –340 • July 13: –325 • July 14: hardened to –380Yan’s line trended more negative as the week progressed, highlighting sharp bettors piling on the former title challenger. This contrast—McGhee drifting and Yan sharpening—confirms a consensus in favor of Yan’s superior skill set and experience. Late money on Yan has pushed him into even larger favorite status. Potential Payouts & Implied Probabilities If you had $1,000 riding on either fighter tonight: - Betting Marcus McGhee at +300 (DraftKings): • Profit: $3,000 • Total Return: $4,000 • Implied Win Probability: ~25% - Betting Petr Yan at –335 (BetOnline.ag): • Profit: ~$298 • Total Return: ~$1,298 • Implied Win Probability: ~77% While Yan’s payout is modest, his implied probability of victory is significantly higher. Conversely, McGhee offers the chance for a four-to-one return if he pulls off the upset. By tracking these odds and movements, bettors can identify where “smart money” is leaning and secure the best lines before they shift again. Whether you back the seasoned veteran Yan or chase the explosive underdog McGhee, understanding these dynamics is crucial for maximizing your UFC wager. AI Pick: Petr Yan Click the buttons below to read more about why the AI picked Petr Yan, or see all the AI picks for Whittaker vs de Ridder. Our AI is trained on our fight data and picks winners for every fight. You can track all the picks, accuracy, and profit for free on our ai-picks page.",2025-07-14,https://www.ufcbetcompanion.com/event-fighter/3924-Petr%20Yan%20vs%20Marcus%20McGhee/fight-analysis/2399
Petr Yan vs. Marcus McGhee Booked for UFC Abu Dhabi Return on July 26,"Petr Yan vs. Marcus McGhee Booked for UFC Abu Dhabi Return on July 26 - Mark Myword - Jun 12 - 5 min read Petr Yan is set to face Marcus McGhee in a highly anticipated bantamweight contest at UFC Abu Dhabi on July 26. This event marks the UFC’s return to Abu Dhabi and features a former champion, Yan, looking to continue his comeback after winning two straight fights, including victories over Deiveson Figueiredo and Song Yadong. The matchup comes just eight months after Yan’s last main event, adding extra excitement to the upcoming card. Marcus McGhee will step into the biggest challenge of his UFC career as he meets Yan at the Etihad Arena. McGhee has made a strong impression with a 4-0 start in the UFC, featuring three finishes and a recent decision win over Jonathan Martinez. As a rising contender, McGhee aims to make a statement against a seasoned former champion in Abu Dhabi’s signature UFC event. Fight fans are eager to see how the experienced Yan will handle the pressure from McGhee, who is known for his knockout power and relentless style. With both fighters motivated and the stakes high, this July 26 matchup promises plenty of action as the UFC returns to Yas Island. For more on this matchup, visit details on UFC Abu Dhabi: Petr Yan vs. Marcus McGhee. Main Event Preview: Petr Yan vs. Marcus McGhee Petr Yan, a former UFC bantamweight champion, steps back into the octagon to face Marcus McGhee, a fast-rising contender. The fight is scheduled for July 26 at Etihad Arena on Yas Island in Abu Dhabi. Both fighters enter this bout on winning streaks, and the bantamweight division holds major stakes for each man. Significance of the Matchup This bout is crucial for both fighters’ careers. Petr Yan, once the top bantamweight in the world, is looking to secure his third straight victory and re-establish himself as a true contender for the title. Back-to-back wins over Deiveson Figueiredo and Song Yadong have given him momentum after a tricky stretch of losses to Aljamain Sterling, Sean O’Malley, and Merab Dvalishvili. For Marcus McGhee, this is the biggest test so far in his UFC journey. He enters with an undefeated 4-0 record in the UFC, including three finishes. A victory over a former champion like Yan would move McGhee into the title picture and cement his status as a bantamweight threat. This fight will push both men further toward a title shot or set them back in the crowded contender field. Fans and analysts see it as one of the most competitive matchups this summer. Tale of the Tape Stat | Petr Yan | Marcus McGhee | Nickname | No Mercy | N/A | Record | 18-5 | 10-1 | UFC Experience | Former bantamweight champion | New bantamweight contender | Recent Streak | 2 wins (Figueiredo, Yadong) | 4 UFC wins (3 finishes) | Fighting Style | Boxing, pressure, cardio | Heavy hands, finish-focused | Height | 5'7"" | 5'8"" | Reach | 67"" | 70"" | Yan brings championship experience and technical boxing, while McGhee offers reach, youth, and knockout power. Both fighters are known for pushing the pace and never backing down in a slugfest. Path to Abu Dhabi Petr Yan returned to the win column by defeating Song Yadong and then scoring a main event win over Deiveson Figueiredo in China. These performances helped him recover from his previous three-fight losing streak and showed that “No Mercy” is still a serious contender at bantamweight. Each win has made him more determined to reclaim gold. For Marcus McGhee, rapid success in the UFC has been built on versatility and finishing ability. He debuted with a submission win and followed with back-to-back knockouts. His most recent outing was a decision victory over Jonathan Martinez in November, proving he can also outlast durable fighters. Both men now face a high-stakes showdown at Etihad Arena in Abu Dhabi. The winner will strengthen his place among the elite bantamweight contenders and move closer to a future title shot. Recent Performance and Career Overview Petr Yan has worked his way back into the bantamweight title picture after a tough losing streak, while Marcus McGhee has quickly made a name for himself with a series of strong wins in the UFC. Both fighters bring notable momentum as they head into this high-stakes matchup. Petr Yan’s Comeback Streak Petr Yan, former UFC bantamweight champion, rebounded from a difficult period in his career with two important wins. After suffering a split decision loss to Aljamain Sterling, then another split decision defeat to Sean O’Malley, Yan was outclassed by Merab Dvalishvili in a one-sided fight. He made adjustments and returned to form by beating Song Yadong, snapping his three-fight losing streak. Next, Yan headlined an event in China against Deiveson Figueiredo, the former flyweight king, taking a clear victory. These wins have put Yan back in line for a potential title shot. Notable Highlights: Recent wins: Deiveson Figueiredo (main event in China), Song Yadong Ended 3-fight skid (Sterling, O’Malley, Dvalishvili) Seeking three straight UFC wins for the first time since 2021 Marcus McGhee’s UFC Climb Marcus McGhee entered the UFC with a perfect record and has quickly proven himself. He currently sits at 4-0 with the promotion. McGhee’s UFC run started with a submission in his first fight, followed by two impressive knockouts. He continued his streak by earning a decision victory over Jonathan Martinez in November. McGhee’s aggressive style and finishing ability have fast-tracked him towards a fight with a former champ and raised his profile in the bantamweight division. Key Achievements: UFC record: 4-0 3 finishes: 1 submission, 2 knockouts Most recent win: Unanimous decision over Jonathan Martinez Faces a major step up by meeting ex-champion Petr Yan in Abu Dhabi Find details about this fight at MMA Fighting: Petr Yan vs. Marcus McGhee booked for UFC’s return to Abu Dhabi. UFC Abu Dhabi Card Highlights The UFC is set to return to the Etihad Arena on Yas Island for an action-packed event. Big names, rising stars, and important title eliminators fill a card with plenty to watch for on July 26. Featured Fighters and Co-main Events The main event features former champion Robert Whittaker going against Reinier de Ridder in a high-stakes middleweight clash. Whittaker, known for his cardio and technical striking, meets de Ridder, who brings strong grappling experience and has held championship gold in other promotions. This bout could influence the next title contender in the middleweight division. The spotlight also shines on Petr Yan vs. Marcus McGhee, as Yan tries to continue his rebound and McGhee aims to break into the elite with his perfect UFC record. For more about this headline bout, details can be found at MMA Fighting's full card report. Other Notable Bouts Several key matchups stand out in the supporting fights. In light heavyweight action, Nikita Krylov faces Bogdan Guskov. Krylov is known for his finishing ability and well-rounded skills, while Guskov looks to establish himself among the division’s best. Marc-Andre Barriault, a tough middleweight with solid striking, returns to the Octagon aiming to build on his last UFC performances. The rising flyweight Asu Almabayev takes on Ramazan Temirov in a fight that could bring a new contender into the rankings. There’s also excitement in the featherweight division as Ibo Aslan meets Billy Elekana. These bouts feature some of the strongest up-and-comers on the card according to outlets like Cageside Press, offering fans a look at future stars in multiple weight classes.",2025-06-12,https://www.fight.tv/post/petr-yan-vs-marcus-mcghee-booked-for-ufc-abu-dhabi-return-on-july-26
Petr Yan vs. Marcus McGhee,"This is a tough fight for me to pick because I think very highly of Marcus McGhee. He is fast, powerful and well rounded. The problem in this fight is that we just saw him in his last fight get his legs chewed up an Petr Yan absolutely has the ability to do the same. Petr is also one of the most fluid strikers Marcus has ever fought and definitely the most accomplished. I think experience will matter here so the pick will be Petr, but this fight feels like a trap and Marcus absolutely has the ability to play spoiler to any title reclaiming dreams Petr Yan Petr Yan is the former Bantamweight Champion of the World. He is a a phenomenal striker with fantastic takedown defense and surprisingly solid takedown offense as well. He's a nightmare for a lot of people because of how dangerous his striking is and how underrated his wrestling can be. He plots forward with a Muay Thai style guard and then blasts away with power and accuracy. He averages almost 2 takedowns per fight with a solid 84% takedown defense. He is coming off the decision win over Deiveson Figueiredo where he more than doubled his strikes. Marcus McGhee Marcus McGhee is a powerful guy with heavy hands, takedowns and one punch KOs all over his career. His takedown defense is solid and he has slick submissions that he uses in scrambles. He sets a pace and he carries his power late into fights. He is coming off the decision win over Jonathan Martinez where his leg was getting beat up so he hopped on his bike.",2025-07-08,https://wewantpicks.com/petr-yan-vs-marcus-mcghee/
Petr Yan vs Marcus McGhee at UFC Abu Dhabi 26.07.25 - Bout Stats MMA Fighter,Petr Yan - Marcus McGhee Petr Yan Yan UFC #3 BW - Age 32 - Reach 67 cm 170 cm - Height 67.5 cm 171 cm - Leg Reach 38 cm 97 cm - Last Weigh-In 135.5 lbs 61 kg Marcus McGhee McGhee UFC #12 BW - Age 35 - Reach 68.1 cm 173 cm - Height 68.1 cm 173 cm - Leg Reach 38 cm 97 cm - Last Weigh-In 135.6 lbs 62 kg Other Bouts UFC Abu Dhabi - Robert Whittaker26 - 8 - 05:30 PM ET • 5 x 5Middleweight Bout 185 lbsReinier de Ridder20 - 2 - 0 - Sharaputdin Magomedov15 - 1 - 04:30 PM ET • 3 x 5Middleweight Bout 185 lbsMarc-Andre Barriault17 - 9 - 0 1 NC - Asu Almabaev21 - 3 - 04:00 PM ET • 3 x 5Flyweight Bout 125 lbsJose Ochoa8 - 1 - 0 1 NC - Nikita Krylov30 - 10 - 03:30 PM ET • 3 x 5Light Heavyweight Bout 205 lbsBogdan Guskov17 - 3 - 0 - Bryce Mitchell17 - 3 - 03:00 PM ET • 3 x 5Bantamweight Bout 135 lbsSaid Nurmagomedov18 - 4 - 0 - Muslim Salikhov21 - 5 - 02:30 PM ET • 3 x 5Welterweight Bout 170 lbsCarlos Leal22 - 6 - 0 - Da'Mon Blackshear17 - 7 - 12:00 PM ET • 3 x 5Bantamweight Bout 135 lbsDavey Grant14 - 7 - 0 - Amanda Ribas12 - 6 - 01:30 PM ET • 3 x 5Strawweight Bout 115 lbsTabatha Ricci11 - 3 - 0 - Ibo Aslan14 - 2 - 01:00 PM ET • 3 x 5Light Heavyweight Bout 205 lbsBilly Elekana7 - 2 - 0 - Mohammad Yahya12 - 5 - 012:30 PM ET • 3 x 5Featherweight Bout 145 lbsSteven Nguyen9 - 2 - 0 - Martin Buday15 - 2 - 012:00 PM ET • 3 x 5Heavyweight Bout 265 lbsMarcus Buchecha5 - 1 - 0,2025-07-01,https://gidstats.com/events/ufc_fight_night-2458/petr_yan_vs_marcus_mcghee.html
Report - Petr Yan Set For Return Fight Against Marcus McGhee At UFC Abu Dhabi In July,"Report – Petr Yan set for return fight against Marcus McGhee at UFC Abu Dhabi in July Former interim and undisputed bantamweight champion, Petr Yan is set for his return to action at UFC Fight Night Abu Dhabi, taking on the surging 10-1 contender, Marcus McGhee on July 27. from the Etihad Arena in the United Arab Emirates. Yan, who currently holds the number two rank at the bantamweight limit, has been sidelined since he took main event honors at UFC Fight Night Macau, landing a hard-fought unanimous decision win over former flyweight king, Deiveson Figueiredo. As for the surging number thirteen ranked McGhee, the bantamweight upstart most recently turned in a unanimous decision win over the returning Jonathan Martinez at UFC 309 back in November of last year at Madison Square Garden. Petr Yan set to fight Marcus McGhee at UFC Abu Dhabi News of Petr Yan’s return against Marcus McGhee was first reported by CageSide Press on social media this evening. “Petr Yan vs. Marcus McGhee is signed and official for #UFCAbuDhabi on July 26, sources tell Cageside Press,” The outlet posted. In the midst of a two-fight winning run after snapping his three-fight skid, Russian technican, Yan turned in a unanimous decision win over perennial contender, Song Yadong earlier last year in Miami. A former bantamweight champion, Yan scooped the vacant crown in a 2020 knockout win over Jose Aldo, before then winning interim spoils the following year in a decision win over Cory Sandhagen in Abu Dhabi. For McGhee, the LFA alum has so far enjoyed an impressive winning spree spanning four fights since his Octagon debut. Before his win over Martinez, McGhee had landed notable victories over the likes of Gaston Bolanos, and JP Buys. UFC Fight Night Abu Dhabi takes place on July 27. from the Etihad Arena in the UAE, with a high-stakes middleweight clash between former champion, Robert Whittaker, and the streaking, Reinier de Ridder set to take main event honors.",2025-05-29,https://www.lowkickmma.com/petr-yan-set-fight-marcus-mcghee-ufc-abu-dhabi/
Petr Yan reportedly set for UFC return against low-profile bogeyman,"No easy fights for Petr Yan, as 'No Mercy' is reportedly on a collision course with the next generation of bantamweight MMA fighters. Yan has recouped from a three-fight skid by piecing together two wins against top opposition in Song Yadong and Deiveson Figueiredo. While many fans thought a title eliminator or a title shot rematch with Merab Dvalishvili or Sean O'Malley could be in order, new reports suggest he's taking on a freshly ranked bantamweight killer. As per a report from Cageside Press, Yan will be fighting No. 13-ranked Marcus McGhee in a bantamweight contest at UFC Abu Dhabi on July 26. The bout has been rumored for some time, and should now be 'signed and official.' Petr Yan vs. Marcus McGhee is signed and official for #UFCAbuDhabi on July 26, sources tell Cageside Press — Cageside Press (@Cagesidepress) May 29, 2025 FULL STORY: https://t.co/l0RmcZt1Dk pic.twitter.com/orGjbzIH2T McGhee (10-1, 4-0 UFC) just came off a close decision win against Jonathan Martinez in November 2024. He started his UFC career with back-to-back-to-back knockouts. This could be the UFC's attempt at breathing life into the bantamweight elite, since fresh contenders for Merab Dvalishvili are slim pickings. Yan will square off with 'The Maniac' on the undercard of Robert Whittaker vs. Reinier de Ridder. UFC Abu Dhabi is looking exceptionally stacked thus far (subject to change): More must-reads: Get the latest news and rumors, customized to your favorite sports and teams. Emailed daily. Always free!",2025-05-29,https://www.yardbarker.com/mma/articles/petr_yan_reportedly_set_for_ufc_return_against_low_profile_bogeyman/s1_17255_42261152
Petr Yan vs. Marcus McGhee Booked for UFC Abu Dhabi Return on July 26,"Petr Yan vs. Marcus McGhee Booked for UFC Abu Dhabi Return on July 26 - Mark Myword - Jun 12 - 5 min read Petr Yan is set to face Marcus McGhee in a highly anticipated bantamweight contest at UFC Abu Dhabi on July 26. This event marks the UFC’s return to Abu Dhabi and features a former champion, Yan, looking to continue his comeback after winning two straight fights, including victories over Deiveson Figueiredo and Song Yadong. The matchup comes just eight months after Yan’s last main event, adding extra excitement to the upcoming card. Marcus McGhee will step into the biggest challenge of his UFC career as he meets Yan at the Etihad Arena. McGhee has made a strong impression with a 4-0 start in the UFC, featuring three finishes and a recent decision win over Jonathan Martinez. As a rising contender, McGhee aims to make a statement against a seasoned former champion in Abu Dhabi’s signature UFC event. Fight fans are eager to see how the experienced Yan will handle the pressure from McGhee, who is known for his knockout power and relentless style. With both fighters motivated and the stakes high, this July 26 matchup promises plenty of action as the UFC returns to Yas Island. For more on this matchup, visit details on UFC Abu Dhabi: Petr Yan vs. Marcus McGhee. Main Event Preview: Petr Yan vs. Marcus McGhee Petr Yan, a former UFC bantamweight champion, steps back into the octagon to face Marcus McGhee, a fast-rising contender. The fight is scheduled for July 26 at Etihad Arena on Yas Island in Abu Dhabi. Both fighters enter this bout on winning streaks, and the bantamweight division holds major stakes for each man. Significance of the Matchup This bout is crucial for both fighters’ careers. Petr Yan, once the top bantamweight in the world, is looking to secure his third straight victory and re-establish himself as a true contender for the title. Back-to-back wins over Deiveson Figueiredo and Song Yadong have given him momentum after a tricky stretch of losses to Aljamain Sterling, Sean O’Malley, and Merab Dvalishvili. For Marcus McGhee, this is the biggest test so far in his UFC journey. He enters with an undefeated 4-0 record in the UFC, including three finishes. A victory over a former champion like Yan would move McGhee into the title picture and cement his status as a bantamweight threat. This fight will push both men further toward a title shot or set them back in the crowded contender field. Fans and analysts see it as one of the most competitive matchups this summer. Tale of the Tape Stat | Petr Yan | Marcus McGhee | Nickname | No Mercy | N/A | Record | 18-5 | 10-1 | UFC Experience | Former bantamweight champion | New bantamweight contender | Recent Streak | 2 wins (Figueiredo, Yadong) | 4 UFC wins (3 finishes) | Fighting Style | Boxing, pressure, cardio | Heavy hands, finish-focused | Height | 5'7"" | 5'8"" | Reach | 67"" | 70"" | Yan brings championship experience and technical boxing, while McGhee offers reach, youth, and knockout power. Both fighters are known for pushing the pace and never backing down in a slugfest. Path to Abu Dhabi Petr Yan returned to the win column by defeating Song Yadong and then scoring a main event win over Deiveson Figueiredo in China. These performances helped him recover from his previous three-fight losing streak and showed that “No Mercy” is still a serious contender at bantamweight. Each win has made him more determined to reclaim gold. For Marcus McGhee, rapid success in the UFC has been built on versatility and finishing ability. He debuted with a submission win and followed with back-to-back knockouts. His most recent outing was a decision victory over Jonathan Martinez in November, proving he can also outlast durable fighters. Both men now face a high-stakes showdown at Etihad Arena in Abu Dhabi. The winner will strengthen his place among the elite bantamweight contenders and move closer to a future title shot. Recent Performance and Career Overview Petr Yan has worked his way back into the bantamweight title picture after a tough losing streak, while Marcus McGhee has quickly made a name for himself with a series of strong wins in the UFC. Both fighters bring notable momentum as they head into this high-stakes matchup. Petr Yan’s Comeback Streak Petr Yan, former UFC bantamweight champion, rebounded from a difficult period in his career with two important wins. After suffering a split decision loss to Aljamain Sterling, then another split decision defeat to Sean O’Malley, Yan was outclassed by Merab Dvalishvili in a one-sided fight. He made adjustments and returned to form by beating Song Yadong, snapping his three-fight losing streak. Next, Yan headlined an event in China against Deiveson Figueiredo, the former flyweight king, taking a clear victory. These wins have put Yan back in line for a potential title shot. Notable Highlights: Recent wins: Deiveson Figueiredo (main event in China), Song Yadong Ended 3-fight skid (Sterling, O’Malley, Dvalishvili) Seeking three straight UFC wins for the first time since 2021 Marcus McGhee’s UFC Climb Marcus McGhee entered the UFC with a perfect record and has quickly proven himself. He currently sits at 4-0 with the promotion. McGhee’s UFC run started with a submission in his first fight, followed by two impressive knockouts. He continued his streak by earning a decision victory over Jonathan Martinez in November. McGhee’s aggressive style and finishing ability have fast-tracked him towards a fight with a former champ and raised his profile in the bantamweight division. Key Achievements: UFC record: 4-0 3 finishes: 1 submission, 2 knockouts Most recent win: Unanimous decision over Jonathan Martinez Faces a major step up by meeting ex-champion Petr Yan in Abu Dhabi Find details about this fight at MMA Fighting: Petr Yan vs. Marcus McGhee booked for UFC’s return to Abu Dhabi. UFC Abu Dhabi Card Highlights The UFC is set to return to the Etihad Arena on Yas Island for an action-packed event. Big names, rising stars, and important title eliminators fill a card with plenty to watch for on July 26. Featured Fighters and Co-main Events The main event features former champion Robert Whittaker going against Reinier de Ridder in a high-stakes middleweight clash. Whittaker, known for his cardio and technical striking, meets de Ridder, who brings strong grappling experience and has held championship gold in other promotions. This bout could influence the next title contender in the middleweight division. The spotlight also shines on Petr Yan vs. Marcus McGhee, as Yan tries to continue his rebound and McGhee aims to break into the elite with his perfect UFC record. For more about this headline bout, details can be found at MMA Fighting's full card report. Other Notable Bouts Several key matchups stand out in the supporting fights. In light heavyweight action, Nikita Krylov faces Bogdan Guskov. Krylov is known for his finishing ability and well-rounded skills, while Guskov looks to establish himself among the division’s best. Marc-Andre Barriault, a tough middleweight with solid striking, returns to the Octagon aiming to build on his last UFC performances. The rising flyweight Asu Almabayev takes on Ramazan Temirov in a fight that could bring a new contender into the rankings. There’s also excitement in the featherweight division as Ibo Aslan meets Billy Elekana. These bouts feature some of the strongest up-and-comers on the card according to outlets like Cageside Press, offering fans a look at future stars in multiple weight classes.",2025-06-12,https://www.fight.tv/post/petr-yan-vs-marcus-mcghee-booked-for-ufc-abu-dhabi-return-on-july-26
Petr Yan vs. Marcus McGhee,"This is a tough fight for me to pick because I think very highly of Marcus McGhee. He is fast, powerful and well rounded. The problem in this fight is that we just saw him in his last fight get his legs chewed up an Petr Yan absolutely has the ability to do the same. Petr is also one of the most fluid strikers Marcus has ever fought and definitely the most accomplished. I think experience will matter here so the pick will be Petr, but this fight feels like a trap and Marcus absolutely has the ability to play spoiler to any title reclaiming dreams Petr Yan Petr Yan is the former Bantamweight Champion of the World. He is a a phenomenal striker with fantastic takedown defense and surprisingly solid takedown offense as well. He's a nightmare for a lot of people because of how dangerous his striking is and how underrated his wrestling can be. He plots forward with a Muay Thai style guard and then blasts away with power and accuracy. He averages almost 2 takedowns per fight with a solid 84% takedown defense. He is coming off the decision win over Deiveson Figueiredo where he more than doubled his strikes. Marcus McGhee Marcus McGhee is a powerful guy with heavy hands, takedowns and one punch KOs all over his career. His takedown defense is solid and he has slick submissions that he uses in scrambles. He sets a pace and he carries his power late into fights. He is coming off the decision win over Jonathan Martinez where his leg was getting beat up so he hopped on his bike.",2025-07-08,https://wewantpicks.com/petr-yan-vs-marcus-mcghee/
Petr Yan vs Marcus McGhee at UFC Abu Dhabi 26.07.25 - Bout Stats MMA Fighter,Petr Yan - Marcus McGhee Petr Yan Yan UFC #3 BW - Age 32 - Reach 67 cm 170 cm - Height 67.5 cm 171 cm - Leg Reach 38 cm 97 cm - Last Weigh-In 135.5 lbs 61 kg Marcus McGhee McGhee UFC #12 BW - Age 35 - Reach 68.1 cm 173 cm - Height 68.1 cm 173 cm - Leg Reach 38 cm 97 cm - Last Weigh-In 135.6 lbs 62 kg Other Bouts UFC Abu Dhabi - Robert Whittaker26 - 8 - 05:30 PM ET • 5 x 5Middleweight Bout 185 lbsReinier de Ridder20 - 2 - 0 - Sharaputdin Magomedov15 - 1 - 04:30 PM ET • 3 x 5Middleweight Bout 185 lbsMarc-Andre Barriault17 - 9 - 0 1 NC - Asu Almabaev21 - 3 - 04:00 PM ET • 3 x 5Flyweight Bout 125 lbsJose Ochoa8 - 1 - 0 1 NC - Nikita Krylov30 - 10 - 03:30 PM ET • 3 x 5Light Heavyweight Bout 205 lbsBogdan Guskov17 - 3 - 0 - Bryce Mitchell17 - 3 - 03:00 PM ET • 3 x 5Bantamweight Bout 135 lbsSaid Nurmagomedov18 - 4 - 0 - Muslim Salikhov21 - 5 - 02:30 PM ET • 3 x 5Welterweight Bout 170 lbsCarlos Leal22 - 6 - 0 - Da'Mon Blackshear17 - 7 - 12:00 PM ET • 3 x 5Bantamweight Bout 135 lbsDavey Grant14 - 7 - 0 - Amanda Ribas12 - 6 - 01:30 PM ET • 3 x 5Strawweight Bout 115 lbsTabatha Ricci11 - 3 - 0 - Ibo Aslan14 - 2 - 01:00 PM ET • 3 x 5Light Heavyweight Bout 205 lbsBilly Elekana7 - 2 - 0 - Mohammad Yahya12 - 5 - 012:30 PM ET • 3 x 5Featherweight Bout 145 lbsSteven Nguyen9 - 2 - 0 - Martin Buday15 - 2 - 012:00 PM ET • 3 x 5Heavyweight Bout 265 lbsMarcus Buchecha5 - 1 - 0,2025-07-01,https://gidstats.com/events/ufc_fight_night-2458/petr_yan_vs_marcus_mcghee.html
Report - Petr Yan Set For Return Fight Against Marcus McGhee At UFC Abu Dhabi In July,"Report – Petr Yan set for return fight against Marcus McGhee at UFC Abu Dhabi in July Former interim and undisputed bantamweight champion, Petr Yan is set for his return to action at UFC Fight Night Abu Dhabi, taking on the surging 10-1 contender, Marcus McGhee on July 27. from the Etihad Arena in the United Arab Emirates. Yan, who currently holds the number two rank at the bantamweight limit, has been sidelined since he took main event honors at UFC Fight Night Macau, landing a hard-fought unanimous decision win over former flyweight king, Deiveson Figueiredo. As for the surging number thirteen ranked McGhee, the bantamweight upstart most recently turned in a unanimous decision win over the returning Jonathan Martinez at UFC 309 back in November of last year at Madison Square Garden. Petr Yan set to fight Marcus McGhee at UFC Abu Dhabi News of Petr Yan’s return against Marcus McGhee was first reported by CageSide Press on social media this evening. “Petr Yan vs. Marcus McGhee is signed and official for #UFCAbuDhabi on July 26, sources tell Cageside Press,” The outlet posted. In the midst of a two-fight winning run after snapping his three-fight skid, Russian technican, Yan turned in a unanimous decision win over perennial contender, Song Yadong earlier last year in Miami. A former bantamweight champion, Yan scooped the vacant crown in a 2020 knockout win over Jose Aldo, before then winning interim spoils the following year in a decision win over Cory Sandhagen in Abu Dhabi. For McGhee, the LFA alum has so far enjoyed an impressive winning spree spanning four fights since his Octagon debut. Before his win over Martinez, McGhee had landed notable victories over the likes of Gaston Bolanos, and JP Buys. UFC Fight Night Abu Dhabi takes place on July 27. from the Etihad Arena in the UAE, with a high-stakes middleweight clash between former champion, Robert Whittaker, and the streaking, Reinier de Ridder set to take main event honors.",2025-05-29,https://www.lowkickmma.com/petr-yan-set-fight-marcus-mcghee-ufc-abu-dhabi/
Petr Yan reportedly set for UFC return against low-profile bogeyman,"No easy fights for Petr Yan, as 'No Mercy' is reportedly on a collision course with the next generation of bantamweight MMA fighters. Yan has recouped from a three-fight skid by piecing together two wins against top opposition in Song Yadong and Deiveson Figueiredo. While many fans thought a title eliminator or a title shot rematch with Merab Dvalishvili or Sean O'Malley could be in order, new reports suggest he's taking on a freshly ranked bantamweight killer. As per a report from Cageside Press, Yan will be fighting No. 13-ranked Marcus McGhee in a bantamweight contest at UFC Abu Dhabi on July 26. The bout has been rumored for some time, and should now be 'signed and official.' Petr Yan vs. Marcus McGhee is signed and official for #UFCAbuDhabi on July 26, sources tell Cageside Press — Cageside Press (@Cagesidepress) May 29, 2025 FULL STORY: https://t.co/l0RmcZt1Dk pic.twitter.com/orGjbzIH2T McGhee (10-1, 4-0 UFC) just came off a close decision win against Jonathan Martinez in November 2024. He started his UFC career with back-to-back-to-back knockouts. This could be the UFC's attempt at breathing life into the bantamweight elite, since fresh contenders for Merab Dvalishvili are slim pickings. Yan will square off with 'The Maniac' on the undercard of Robert Whittaker vs. Reinier de Ridder. UFC Abu Dhabi is looking exceptionally stacked thus far (subject to change): More must-reads: Get the latest news and rumors, customized to your favorite sports and teams. Emailed daily. Always free!",2025-05-29,https://www.yardbarker.com/mma/articles/petr_yan_reportedly_set_for_ufc_return_against_low_profile_bogeyman/s1_17255_42261152
Petr Yan vs Marcus McGhee Set for UFC Abu Dhabi Return | MMA Scene,"Former bantamweight champion Petr Yan will face Marcus McGhee in a UFC fight in Abu Dhabi on July 26, as Yan seeks a third consecutive win and McGhee aims for a major career opportunity. Former bantamweight champ Petr Yan is gearing up for his next bout. He’s set to clash with the hard-hitting Marcus McGhee at the UFC event in Abu Dhabi on July 26. Insiders confirmed the fight to MMA Fighting on Wednesday. The initial report of this matchup came from MMA Mania. Yan returns to the octagon after an eight-month break following his victory over Deiveson Figueiredo in China. That win marked his second consecutive triumph, pulling him out of a three-fight losing streak that included tough battles with Aljamain Sterling, Sean O’Malley, and Merab Dvalishvili. Now, with two wins under his belt, Yan’s back in the title race, aiming for a third consecutive win this July. On the flip side, McGhee is facing the biggest challenge of his career. He’s on a perfect 4-0 streak in the UFC, with three finishes to his name. After a submission win in his debut, he followed up with two knockouts and a decision victory over Jonathan Martinez last November. McGhee is eager to climb the ranks as he takes on Yan. The Abu Dhabi card on July 26 will be headlined by a middleweight clash. Former champ Robert Whittaker faces Reinier de Ridder, who’s coming off a win against Bo Nickal in May.",2025-06-12,https://www.mmascene.com/news/petr-yan-vs-marcus-mcghee-set-for-ufc-abu-dhabi-return/
Marcus McGhee (Bantamweight) MMA Profile - ESPN,"MarcusMcGhee - USA - Bantamweight - HT/WT5' 8"", 136 lbs - Birthdate5/7/1990 (35) - TeamMMA LAB - NicknameThe Maniac - StanceOrthodox Switch Fighter Quick Links Next Fight Bantamweight Abu Dhabi, United Arab Emirates Petr Yan 18-5-0 7/26 Marcus McGhee 10-1-0 | Fighter | Fighting Style | Height | Weight | |---|---|---|---| | Petr Yan | Striker | 5' 7"" | 135 lbs | | Marcus McGhee | Brazilian Jiu-Jitsu | 5' 8"" | 136 lbs | Fight History | Date | Opponent | Res. | Decision | Rnd | Time | Event | |---|---|---|---|---|---|---| | Nov 16, 2024 | J. Martinez | W | U Dec | 3 | 5:00 | UFC 309: Jones vs. Miocic | | Jan 13, 2024 | G. Bolaños | W | KO/TKO | 2 | 3:29 | UFC Fight Night: Ankalaev vs. Walker 2 | | Aug 12, 2023 | J. Buys | W | KO/TKO | 1 | 2:19 | UFC Fight Night: Luque vs. Dos Anjos | | Apr 29, 2023 | J. Newson | W | Sub | 2 | 2:03 | UFC Fight Night: Song vs. Simon | | Jan 6, 2023 | L. Ramos | W | KO/TKO | 2 | 1:39 | LFA 149: Bunes vs. Horiuchi | Latest News Latest Videos Marcus McGhee finishes Gaston Bolanos at UFC Fight Night",2025-01-01,https://www.espn.com/mma/fighter/_/id/4895760/marcus-mcghee
Petr Yan vs Marcus McGhee - Head-to-Head Comparison & Tale of the Tape,"26 Jul Before Petr Yan and Marcus McGhee face off, let’s break down the tale of the tape. Who’s got youth on their side? Who’s been fighting longer? Who’s sharper after a shorter layoff? We’re also looking at wins, knockouts, and physical tools — from height and reach to stance. All the key numbers, side by side, so you can size up who might have the edge when the action begins. The Tale of the Tape data is compiled from publicly available information on Sherdog | Petr Yan | Marcus McGhee | |---|---| | Russia | USA | | 18 - 5 - 0 (7 KOs) | 10 - 1 - 0 (8 KOs) | | bantamweight (135 lbs / 61,2 kg) | bantamweight (135 lbs / 61,2 kg) | | Age | | | Wins | | | Losses | | | Anthropometry | | The scheduled 3-round bantamweight bout will take place on July 26, 2025. The full fight night schedule, including local start times for various countries, is listed below. Check the schedule to see when the event begins in your region. The fight night will start on Saturday, July 26 at 11:00 AM ET (New York time). The fight night will start on Saturday, July 26 at 8:00 AM PT (Los Angeles time). The fight night will start on Saturday, July 26 at 11:00 AM ET (Toronto time). The fight night will start on Saturday, July 26 at 4:00 PM BST (London time). The fight night will start on Saturday, July 26 at 5:00 PM SAST (Johannesburg time). The fight night will start on Saturday, July 26 at 11:00 PM PHT (Manila time). The fight night will start on Sunday, July 27 at 1:00 AM AEST (Sydney time). The fight night will start on Sunday, July 27 at 3:00 AM NZST (Wellington time). Note that the main event ring walk typically takes place about 1 to 1.5 hours after the main card begins. If you're mainly interested in the headline bout, there’s still some time — but it’s always worth watching the full card. You can stream the Yan vs McGhee fight via ESPN+. Disclaimer: Some links to streaming or pay-per-view on this page may be affiliate links. If you make a purchase through them, we may earn a commission — at no extra cost to you. The fight will be held at the Etihad Arena in Abu Dhabi, Arab Emirates. Full Fight card for Petr Yan vs Marcus McGhee: Fight card subject to change | Division | Fighter #1 | Fighter #2 | Notes | |---|---|---|---| | middleweight (185 lbs) | Robert Whittaker (26 - 8 - 0) | Reinier de Ridder (20 - 2 - 0) | | | bantamweight (135 lbs) | Petr Yan (18 - 5 - 0) | Marcus Mc Ghee (10 - 1 - 0) | | | bantamweight (135 lbs) | Bryce Mitchell (17 - 3 - 0) | Said Nurmagomedov (18 - 4 - 0) | | | middleweight (185 lbs) | Sharabutdin Magomedov (15 - 1 - 0) | Marc-Andre Barriault (17 - 9 - 0) | | | light heavyweight (205 lbs) | Nikita Krylov (30 - 10 - 0) | Bogdan Guskov (17 - 3 - 0) | | | strawweight (115 lbs) | Amanda Ribas (12 - 6 - 0) | Tabatha Ricci (11 - 3 - 0) | | | welterweight (170 lbs) | Muslim Salikhov (21 - 5 - 0) | Carlos Leal (22 - 6 - 0) | | | light heavyweight (205 lbs) | Ibo Aslan (14 - 2 - 0) | Billy Elekana (7 - 2 - 0) | | | flyweight (125 lbs) | Asu Almabayev (21 - 3 - 0) | Jose Ochoa (8 - 1 - 0) | | | heavyweight (265 lbs) | Martin Buday (15 - 2 - 0) | Marcus Almeida (5 - 1 - 0) | | | featherweight (145 lbs) | Mohammad Yahya (12 - 5 - 0) | Steven Nguyen (9 - 2 - 0) | | | bantamweight (135 lbs) | Davey Grant (16 - 7 - 0) | Da'Mon Blackshear (17 - 7 - 1) | On July 26, former UFC bantamweight champion Petr Yan returns to action against heavy-hitting contender Marcus “The Maniac” McGhee. The bout takes place at the Etihad Arena in Abu Dhabi as part of the UFC on ABC card and could have a direct impact on the top of the 135-pound division. Yan snapped a three-fight skid with a composed decision victory over Deiveson Figueiredo in November. Known for his tight boxing and calculated pressure, Yan has been tested against the best in the division and brings championship experience into the Octagon once again. McGhee rides a wave of momentum, having won four straight, including a clean decision over veteran Jonathan Martinez. With an aggressive style and finishing instincts, McGhee has earned a reputation as a dangerous striker, particularly early in fights. His power and size advantage could pose challenges for Yan, especially in open exchanges. Both men are southpaws, which adds a technical layer to the striking battle. Yan’s patience and fight IQ will be key against McGhee’s forward pressure and knockout threat. The matchup is a pivotal moment for each fighter — for Yan, a path back to title contention; for McGhee, a shot to break into the elite.",2017-07-01,https://boxing-schedule.com/mma/yan-vs-mcghee/tale/
"UFC Abu Dhabi: How to watch Whittaker vs. de Ridder, start time, lineup, odds, more","UFC UFC Abu Dhabi: How to watch Whittaker vs. de Ridder, start time, lineup, odds, more Matt Erickson MMA Junkie The UFC is in Abu Dhabi once again with a pair of former champions at the top of the bill. Here's how to watch UFC on ABC 9 with an ex-middleweight champ and former ONE two-division titleholder in the headlining spot. Broadcast and streaming info UFC on ABC 9 has a main card that starts at noon ET on ABC. The preliminary card airs on ESPN and streams on ESPN+ at 9 a.m. ET. Stay tuned to MMA Junkie later this week for more broadcast details. Main event: Robert Whittaker - Record: 26-8 MMA, 17-6 UFC - Opponent: Reinier de Ridder (20-2 MMA, 3-0 UFC) - Division: Middleweight - Key wins: Ikram Aliskerov, Paulo Costa, Marvin Vettori, Kelvin Gastelum, Jared Cannonier Main event: Reinier de Ridder - Record: 20-2 MMA, 3-0 UFC - Opponent: Robert Whittaker (26-8 MMA, 17-6 UFC) - Division: Middleweight - Key wins: Bo Nickal, Kevin Holland, Gerald Meerschaert Co-main event: Marcus McGhee - Record: 10-1 MMA, 4-0 UFC - Opponent: Petr Yan (18-5 MMA, 10-4 UFC) - Division: Bantamweight - Key wins: Jonathan Martinez Co-main event: Petr Yan - Record: 18-5 MMA, 10-4 UFC - Opponent: Marcus McGhee (10-1 MMA, 4-0 UFC) - Division: Bantamweight - Key wins: Deiveson Figueiredo, Yadong Song, Cory Sandhagen, Jose Aldo, Urijah Faber UFC on ABC 9 main card betting odds MAIN CARD (ABC/ESPN+, noon ET) - Robert Whittaker -150 vs. Reinier de Ridder +125 - Marcus McGhee +300 vs. Petr Yan -400 - Marc-Andre Barriault +450 vs. Shara Magomedov -700 - Asu Almabayev -105 vs. Jose Ochoa -115 - Bogdan Guskov +160 vs. Nikita Krylov -190 UFC on ABC 9 prelim betting odds PRELIMINARY CARD (ESPN+, 9 a.m. ET) - Bryce Mitchell -115 vs. Said Nurmagomedov -105< - Carlos Leal -475 vs. Muslim Salikhov +340< - Da'Mon Blackshear -330 vs. Davey Grant +260< - Amanda Ribas -175 vs. Tabatha Ricci +145< - Ibo Aslan -265 vs. Billy Elekana +215< - Steven Nguyen -350 vs. Mohammad Yahya +270< - Marcus Buchecha -310 vs. Martin Buday +245<",2025-07-21,https://mmajunkie.usatoday.com/story/sports/ufc/2025/07/21/ufc-abu-dhabi-robert-whittaker-vs-reinier-de-ridder-start-time-fight-card-odds/85312962007/
Under The Radar | Marcus McGhee,"At just 3-0 in the UFC, and 9-1 overall, Marcus McGhee hasn’t been here long, but he’s here to stay. The MMA Lab product has quickly put together a highlight reel inside the Octagon with three straight finishes and gets to fight a ranked opponent for the first time this weekend. In the loaded bantamweight division, currently controlled by Merab Dvalishvili, fighters like Umar Nurmagomedov, Petr Yan, and Cory Sandhagen, just to name a few, are all trying to become the next title challenger, but McGhee is a name that can approach that territory soon. Order UFC 309: Jones vs Miocic “The Maniac” went 6-1 on the regional scene, with all wins coming by knockout before getting a UFC opportunity. After beating Luciano Ramos at LFA 149, McGhee stepped up on three days’ notice to fight Journey Newson in April 2023 to make his promotional debut. Even with almost no real preparation, McGhee locked in a second-round choke for the finish, making a great first impression. Unlock MORE of your inner combat sports fan with UFC Fight Pass! Fighting is what we live for. And no one brings you MORE live fights, new shows, and events across multiple combat sports from around the world. With a never-ending supply of fighting in every discipline, there’s always something new to watch. Leave it to the world’s authority in MMA to bring you the Ultimate 24/7 platform for MORE combat sports, UFC Fight Pass! Upgrade licenceThis video is not available in your country There was a problem while loading content. Please try again. His next fight would be just a few months later, at UFC Fight Night: Luque vs Dos Anjos in August 2023, where he took on JP Buys. After spending the first couple minutes exchanging on the feet, McGhee landed a crushing right hand in the pocket for a walk-off knockout. To open 2024, McGhee earned his third straight finish since joining the UFC, this time against Gaston Bolanos during the first event of the year. It was a dominant display by the Arizona product, who kept his finish rate at 100 percent. UFC 309 COUNTDOWN: Full Episode | Jones vs Miocic | Oliveira vs Chandler 2 It’s not too often you see fighters get a chance at the rankings this early, but McGhee has left the matchmakers no choice. He’s 34 years old, has run through the competition so far, and is exciting to watch, so the time is now. This Saturday, he faces Jonathan Martinez, who is No. 13 at 135 pounds, and the bout promises a display of high-level skills from both athletes. Martinez comes in off a loss to Jose Aldo last May, but is a proven and dangerous opponent. Unlock MORE of your inner combat sports fan with UFC Fight Pass! Fighting is what we live for. And no one brings you MORE live fights, new shows, and events across multiple combat sports from around the world. With a never-ending supply of fighting in every discipline, there’s always something new to watch. Leave it to the world’s authority in MMA to bring you the Ultimate 24/7 platform for MORE combat sports, UFC Fight Pass! Upgrade licenceThis video is not available in your country There was a problem while loading content. Please try again. McGhee’s power is evident whenever he lands, and his overall striking skillset is elite. He manages his distance well, brings accurate strikes, and isn’t afraid to make it a brawl at times. MORE UFC 309: Nickal's Step Up | Chandler Here To Right The Wrongs | Cold Open Competing at UFC 309 is a tremendous opportunity for anyone, especially those who are looking to make a splash. McGhee’s been doing so with each trip to the Octagon, and by defeating Martinez, he will likely enter the rankings next week. With Sean O’Malley, Mario Bautista, and Kyler Phillips already in the rankings, the blueprint is there for “The Maniac” to break in. Who knows? Maybe the bantamweight rankings will soon be occupied by the MMA Lab. UFC 309: Jones vs Miocic took place live from Madison Square Garden in New York City, New York on November 16, 2024. See the final Prelim & Main Card Results, Official Scorecards and Who Won Bonuses - and relive the action on UFC FIGHT PASS!",2024-11-15,https://www.ufc.com/news/under-radar-marcus-mcghee-ufc-309-bantamweight
UFC Predictions: UFC Fight Night: Robert Whittaker vs. Reinier de Ridder,"The UFC heads to Abu Dhabi this weekend for the first time since last October. In the headliner, two big-time middleweights are set to clash.UFC Fight Night: Robert Whittaker vs. Reinier de Ridder is a solid card on paper that also features a number of other ranked fighters, a rarity for Fight Night events these days.With that in mind, this one should be well worth checking out.Here are the predicted outcomes for UFC Fight Night: Robert Whittaker vs. Reinier de Ridder.#1. UFC middleweight bout: Robert Whittaker vs. Reinier de RidderThis weekend's headliner will pit one of the middleweight division's fastest-rising talents against a former champion in what will be a big step up for the former.It's fair to say that Reinier de Ridder has done far better than many fans expected him to since he switched to the UFC from ONE Championship last year.Sure, he came into the promotion with a strong record of 16-2, but he'd also lost his last two bouts in ONE and had never really been tested at the elite level.A sloppy debut win over Gerald Meerschaert did nothing to quieten the doubters, but since then, 'The Dutch Knight' has looked fantastic.Not only did he blow Kevin Holland away, submitting him easily in a round, but he also became the first fighter to defeat vaunted prospect Bo Nickal, stopping him with a series of knees and punches in two rounds.Still, though, Robert Whittaker is a huge and scary step up for any fighter at 185 pounds.'The Reaper' might not be at his very best anymore, as we saw when he was defeated by Dricus du Plessis in 2023. At that point, 'Stillknocks' was the only man to ever beat Whittaker at 185 pounds outside of Israel Adesanya.However, the Aussie bounced back by starching both Paulo Costa and Ikram Aliskerov, looking excellent in both fights.Sure, Whittaker's last trip to the octagon saw him have his jaw damaged by Khamzat Chimaev, but the truth is that 'Borz' is a force of nature. Nobody's been able to solve the riddle there yet, and so there's no shame in losing to him.When it comes to this fight, then, de Ridder is likely outgunned by 'The Reaper' on the feet, despite his knockout of Nickal. After all, Whittaker is a lethal striker with brutal power, and he's far smoother on the feet than Nickal.However, the ease with which Chimaev took Whittaker down and submitted him should give 'The Dutch Knight' at least some hope. After all, de Ridder is a remarkably smooth grappler, as we saw when he eased to that win over Holland.The issue for de Ridder, though, is going to be in taking Whittaker down. 'The Reaper' has fantastic takedown defense, with a phenomenal percentage of 81%. Before Chimaev, the only fighter to really manage to take him down was Yoel Romero, and 'The Dutch Knight' isn't close to their level in wrestling.Therefore, unless de Ridder can manage to drag Whittaker down and gain a dominant position instantly - something that only Chimaev has ever been able to do - it's very likely that he's going to find himself outgunned standing.Assuming Whittaker isn't shot, then - and there's no reason to believe that's the case - this should be a violent win for him in the same vein as his finish of Aliskerov last year.The Pick: Whittaker via first-round KO#2. UFC bantamweight bout: Petr Yan vs. Marcus McGheeTo call this curious matchmaking from the UFC would be an understatement. Sure, Petr Yan perhaps isn't ready for another crack at bantamweight champ Merab Dvalishvili just yet, but he is coming off two big wins over Song Yadong and Deiveson Figueiredo.Most fans, therefore, were expecting 'No Mercy' to be matched with someone like Umar Nurmagomedov or Sean O'Malley next.Instead, the Russian will face off with the largely unheralded Marcus McGhee here in what will be a huge step up for the latter.To be fair, McGhee is ranked at No.13 in the bantamweight division, and he's also got a strong record of 4-0 in the octagon, with three wins coming via stoppage.However, 'The Maniac' has a pretty big problem against Yan and that's the fact that he just doesn't mesh well stylistically with the Russian.Yan is one of, if not the cleanest, strikers in the 135-pound division right now. He's sliced up the likes of Cory Sandhagen, Jose Aldo, Figueiredo and Yadong on the feet, chaining together combinations with - as the nickname says - no mercy.More to the point, it's arguable that - contentious split decision loss to O'Malley aside - nobody's ever really outduelled him on the feet in his career.McGhee will definitely be more than willing to throw down with Yan. He's the kind of fighter who won't back down from any opponent, and he definitely carries power, giving him a puncher's chance.Even then, though, the Russian has only been knocked down once in his UFC career. That came against John Dodson all the way back in 2019. The chances of McGhee suddenly cracking his chin seem very slim.Basically, no offense to 'The Maniac', but this fight feels like a placeholder one for Yan while he waits for a bigger opponent. In fact, the chances are that 'No Mercy' will pick up his first finish since he stopped Jose Aldo in 2020.The Pick: Yan via second-round KO#3. UFC Fight Night: The Main CardIn a bantamweight fight, Bryce Mitchell takes on Said Nurmagomedov. This is a pretty curious fight as Nurmagomedov - unlike his more famous namesakes Khabib and Umar - has always flown under the radar, largely because of a handful of bad losses.However, those losses for the most part came to powerful strikers. On the ground, though, he's been very effective, submitting foes like Cody Stamann and Saidyokub Kahkhramonov.This might make him effective against Mitchell, who has never really been a natural striker and is much more of a grappler by trade.'Thug Nasty' is definitely dangerous on the mat, and he'll also be moving to 135 pounds for the first time, a risk, but perhaps a fair one to take given he was destroyed in his last bout by Jean Silva.In this bout, then, it seems highly likely that the two men will hit the mat, and in that case, the advantage will probably go to Nurmagomedov. He's closer to his prime, is probably a better submission artist, and may be the superior wrestler, too. The pick, therefore, is Nurmagomedov via decision.In what's likely to be a middleweight throwdown, Sharaputdin Magomedov takes on Marc-Andre Barriault.'Shara Bullet' is coming off the first loss of his career, being outpointed by Michael 'Venom' Page, but realistically, this is a much more suitable fight for him.Barriault is a solid brawler who's willing to swing with any opponent, but 'Power Bar' is also plodding, not that fast, and has had his chin cracked numerous times over the years.Basically, this feels like the promotion throwing 'Shara Bullet' a bone of sorts, giving him a stylistically good opponent to face off with to bounce back from his first loss. The pick is Magomedov via KO.#4. UFC Fight Night: The PrelimsPicks in boldUFC light-heavyweight bout: Nikita Krylov vs. Bogdan GuskovUFC strawweight bout: Amanda Ribas vs. Tabatha RicciUFC welterweight bout: Muslim Salikhov vs. Carlos Leal MirandaUFC light-heavyweight bout: Ibo Aslan vs. Billy ElekanaUFC heavyweight bout: Martin Buday vs. Marcus BuchechaUFC featherweight bout: Mohammed Yahya vs. Steven NguyenUFC bantamweight bout: Davey Grant vs. Da'Mon BlackshearUFC flyweight bout: Asu Almabayev vs. Jose Ochoa",2025-07-21,https://www.sportskeeda.com/mma/ufc-predictions-ufc-fight-night-robert-whittaker-vs-reinier-de-ridder
Petr Yan: 'Competent win' at UFC on ABC 9 should get me Dvalishvili vs. Sandhagen winner,"Petr Yan: 'Competent win' at UFC on ABC 9 should get me Dvalishvili vs. Sandhagen winner ABU DHABI – Petr Yan thinks getting his hand raised in a non-controversial fashion at UFC on ABC 9 will be enough to get the next bantamweight title shot. As former titleholder Yan (18-5 MMA, 10-4 UFC) readies for Saturday's matchup with Marcus McGhee (10-1 MMA, 4-0 UFC) at Etihad Arena on Yas Island (ABC, ESPN, ESPN+), the promotion has just announced the next 135-pound title bout between Merab Dvalishvili and Cory Sandhagen for UFC 320 on Oct. 4 in Las Vegas. If Yan takes cares of business this weekend, he said there is no one in the weight class who warrants a crack at the Dvalishvili (20-4 MMA, 13-2 UFC) vs. Sandhagen (18-5 MMA, 11-4 UFC) winner more than himself. ""I am hoping for that,"" Yan told MMA Junkie through an interpreter at Wednesday's UFC on ABC 9 media day. ""I think it's the right thing to do. I don't think there's anybody who is ranked higher that deserves this more than I do. I think with a competent win this Saturday, I'll make sure to cement my place as the next contender."" Yan said he's intrigued to see how the title fight play out since he has history with both men. He lost a one-sided unanimous decision to Dvalishvili at UFC Fight Night 221 in March 2023, while beat Sandhagen on the scorecards in an interim title clash at UFC 267 in October 2021. He would welcome a rematch with either side, but considering he lost to Dvalishvili, that potential sequel is more compelling. ""Definitely an interesting fight,"" Yan said. ""Definitely will be watching it. I'm happy to be a backup if needed for this fight. I think that Merab is definitely going to push his rhythm, push his pace, push his style and make an uncomfortable style. But Sandhagen also has a chance. I think he has a chance to win."" ""It's very interesting to me to see what I would do in a fight against him. I now understand that in the five rounds we had, I probably threw my right hand four times. I'm interested to see how the fight would play out differently."" First things first, Yan must get through McGhee, who hasn't been beaten inside the octagon yet and has plenty of motivation to pull off by far the biggest victory of his career. Yan has no intention to let that happen, however, and knows he can't fall into a trap of complacency against a lesser-ranked foe. ""If I see the opportunity for it I'm definitely not going to shy away from a fire fight,"" Yan said. ""I'm definitely going to stand and strike. I know I have the skills, so I'll be looking for openings and the opportunity to catch him and implement my game. Hopefully it works out and I'll knock him out.""",2025-07-23,https://mmajunkie.usatoday.com/story/sports/ufc/2025/07/23/ufc-abu-dhabi-petr-yan-competent-win-title-shot/85335710007/
Marcus McGhee vs Petr Yan - 07/26/25 - DRatings.com,"Marcus McGhee Petr Yan Last Fights Money Line Analysis Implied Margin Using the best lines from multiple sportsbooks, this would be the % take from the consensus sportsbook if bets were even on each side. More on Implied MarginImplied Margin Using the best lines from multiple sportsbooks, this would be the % take from the consensus sportsbook if bets were even on each side. More on Implied Margin| Open Line | Heritage | Bovada | BetOnline | YouWager | SportsBetting | Best Line | No-Vig OddsUsing a market maker sportsbook, this is what the line would be if there was no vigorish (sportsbook fee) in the price. More on No-Vig Odds | | |---|---|---|---|---|---|---|---|---| | Marcus McGhee | +275 | +301 | +305 | +300 | +300 | +300 | +305 | +315.8 | | Petr Yan | -335 | -395 | -410 | -375 | -375 | -375 | -375 | -315.8 | | Open Line | South Point | Circa | Wynn | Stations | Westgate | Best Line | No-Vig OddsUsing a market maker sportsbook, this is what the line would be if there was no vigorish (sportsbook fee) in the price. More on No-Vig Odds | | |---|---|---|---|---|---|---|---|---| | Marcus McGhee | +270 | - | +340 | +310 | +330 | +330 | +340 | +315.8 | | Petr Yan | -330 | - | -420 | -400 | -400 | -400 | -400 | -315.8 | Overall Base Rating Our analytical projection of the match in relation to the implied probability to win from the sportsbooks. More on Base Rating Base Rating Our analytical projection of the match in relation to the implied probability to win from the sportsbooks. More on Base RatingBet Trends Doing an analysis on the betting data, we project which team has which team has an edge. More on Bet Trends Bet Trends Doing an analysis on the betting data, we project which team has which team has an edge. More on Bet TrendsLatest ML Steam Move A quick and uniform line move across every sportsbook. Usually caused by an injury or deep-pocketed sharp bettor. More on Steam Move Steam Move A quick and uniform line move across every sportsbook. Usually caused by an injury or deep-pocketed sharp bettor. More on Steam MoveOverall Base Rating Our analytical projection of the match in relation to the implied probability to win from the sportsbooks. More on Base Rating Base Rating Our analytical projection of the match in relation to the implied probability to win from the sportsbooks. More on Base RatingBet Trends Doing an analysis on the betting data, we project which team has which team has an edge. More on Bet Trends Bet Trends Doing an analysis on the betting data, we project which team has which team has an edge. More on Bet TrendsLatest ML Steam Move A quick and uniform line move across every sportsbook. Usually caused by an injury or deep-pocketed sharp bettor. More on Steam Move Steam Move A quick and uniform line move across every sportsbook. Usually caused by an injury or deep-pocketed sharp bettor. More on Steam Move",2024-11-17,https://www.dratings.com/predictor/ufc-mma-predictions/affe0ab3-bc5a-5889-aca4-85fcea2209b8
Petr Yan vs Marcus McGhee Set for UFC Abu Dhabi Return | MMA Scene,"Former bantamweight champion Petr Yan will face Marcus McGhee in a UFC fight in Abu Dhabi on July 26, as Yan seeks a third consecutive win and McGhee aims for a major career opportunity. Former bantamweight champ Petr Yan is gearing up for his next bout. He’s set to clash with the hard-hitting Marcus McGhee at the UFC event in Abu Dhabi on July 26. Insiders confirmed the fight to MMA Fighting on Wednesday. The initial report of this matchup came from MMA Mania. Yan returns to the octagon after an eight-month break following his victory over Deiveson Figueiredo in China. That win marked his second consecutive triumph, pulling him out of a three-fight losing streak that included tough battles with Aljamain Sterling, Sean O’Malley, and Merab Dvalishvili. Now, with two wins under his belt, Yan’s back in the title race, aiming for a third consecutive win this July. On the flip side, McGhee is facing the biggest challenge of his career. He’s on a perfect 4-0 streak in the UFC, with three finishes to his name. After a submission win in his debut, he followed up with two knockouts and a decision victory over Jonathan Martinez last November. McGhee is eager to climb the ranks as he takes on Yan. The Abu Dhabi card on July 26 will be headlined by a middleweight clash. Former champ Robert Whittaker faces Reinier de Ridder, who’s coming off a win against Bo Nickal in May.",2025-06-12,https://www.mmascene.com/news/petr-yan-vs-marcus-mcghee-set-for-ufc-abu-dhabi-return/
Marcus McGhee (Bantamweight) MMA Profile - ESPN,"MarcusMcGhee - USA - Bantamweight - HT/WT5' 8"", 136 lbs - Birthdate5/7/1990 (35) - TeamMMA LAB - NicknameThe Maniac - StanceOrthodox Switch Fighter Quick Links Next Fight Bantamweight Abu Dhabi, United Arab Emirates Petr Yan 18-5-0 7/26 Marcus McGhee 10-1-0 | Fighter | Fighting Style | Height | Weight | |---|---|---|---| | Petr Yan | Striker | 5' 7"" | 135 lbs | | Marcus McGhee | Brazilian Jiu-Jitsu | 5' 8"" | 136 lbs | Fight History | Date | Opponent | Res. | Decision | Rnd | Time | Event | |---|---|---|---|---|---|---| | Nov 16, 2024 | J. Martinez | W | U Dec | 3 | 5:00 | UFC 309: Jones vs. Miocic | | Jan 13, 2024 | G. Bolaños | W | KO/TKO | 2 | 3:29 | UFC Fight Night: Ankalaev vs. Walker 2 | | Aug 12, 2023 | J. Buys | W | KO/TKO | 1 | 2:19 | UFC Fight Night: Luque vs. Dos Anjos | | Apr 29, 2023 | J. Newson | W | Sub | 2 | 2:03 | UFC Fight Night: Song vs. Simon | | Jan 6, 2023 | L. Ramos | W | KO/TKO | 2 | 1:39 | LFA 149: Bunes vs. Horiuchi | Latest News Latest Videos Marcus McGhee finishes Gaston Bolanos at UFC Fight Night",2025-01-01,https://www.espn.com/mma/fighter/_/id/4895760/marcus-mcghee
Petr Yan vs Marcus McGhee - Head-to-Head Comparison & Tale of the Tape,"26 Jul Before Petr Yan and Marcus McGhee face off, let’s break down the tale of the tape. Who’s got youth on their side? Who’s been fighting longer? Who’s sharper after a shorter layoff? We’re also looking at wins, knockouts, and physical tools — from height and reach to stance. All the key numbers, side by side, so you can size up who might have the edge when the action begins. The Tale of the Tape data is compiled from publicly available information on Sherdog | Petr Yan | Marcus McGhee | |---|---| | Russia | USA | | 18 - 5 - 0 (7 KOs) | 10 - 1 - 0 (8 KOs) | | bantamweight (135 lbs / 61,2 kg) | bantamweight (135 lbs / 61,2 kg) | | Age | | | Wins | | | Losses | | | Anthropometry | | The scheduled 3-round bantamweight bout will take place on July 26, 2025. The full fight night schedule, including local start times for various countries, is listed below. Check the schedule to see when the event begins in your region. The fight night will start on Saturday, July 26 at 11:00 AM ET (New York time). The fight night will start on Saturday, July 26 at 8:00 AM PT (Los Angeles time). The fight night will start on Saturday, July 26 at 11:00 AM ET (Toronto time). The fight night will start on Saturday, July 26 at 4:00 PM BST (London time). The fight night will start on Saturday, July 26 at 5:00 PM SAST (Johannesburg time). The fight night will start on Saturday, July 26 at 11:00 PM PHT (Manila time). The fight night will start on Sunday, July 27 at 1:00 AM AEST (Sydney time). The fight night will start on Sunday, July 27 at 3:00 AM NZST (Wellington time). Note that the main event ring walk typically takes place about 1 to 1.5 hours after the main card begins. If you're mainly interested in the headline bout, there’s still some time — but it’s always worth watching the full card. You can stream the Yan vs McGhee fight via ESPN+. Disclaimer: Some links to streaming or pay-per-view on this page may be affiliate links. If you make a purchase through them, we may earn a commission — at no extra cost to you. The fight will be held at the Etihad Arena in Abu Dhabi, Arab Emirates. Full Fight card for Petr Yan vs Marcus McGhee: Fight card subject to change | Division | Fighter #1 | Fighter #2 | Notes | |---|---|---|---| | middleweight (185 lbs) | Robert Whittaker (26 - 8 - 0) | Reinier de Ridder (20 - 2 - 0) | | | bantamweight (135 lbs) | Petr Yan (18 - 5 - 0) | Marcus Mc Ghee (10 - 1 - 0) | | | bantamweight (135 lbs) | Bryce Mitchell (17 - 3 - 0) | Said Nurmagomedov (18 - 4 - 0) | | | middleweight (185 lbs) | Sharabutdin Magomedov (15 - 1 - 0) | Marc-Andre Barriault (17 - 9 - 0) | | | light heavyweight (205 lbs) | Nikita Krylov (30 - 10 - 0) | Bogdan Guskov (17 - 3 - 0) | | | strawweight (115 lbs) | Amanda Ribas (12 - 6 - 0) | Tabatha Ricci (11 - 3 - 0) | | | welterweight (170 lbs) | Muslim Salikhov (21 - 5 - 0) | Carlos Leal (22 - 6 - 0) | | | light heavyweight (205 lbs) | Ibo Aslan (14 - 2 - 0) | Billy Elekana (7 - 2 - 0) | | | flyweight (125 lbs) | Asu Almabayev (21 - 3 - 0) | Jose Ochoa (8 - 1 - 0) | | | heavyweight (265 lbs) | Martin Buday (15 - 2 - 0) | Marcus Almeida (5 - 1 - 0) | | | featherweight (145 lbs) | Mohammad Yahya (12 - 5 - 0) | Steven Nguyen (9 - 2 - 0) | | | bantamweight (135 lbs) | Davey Grant (16 - 7 - 0) | Da'Mon Blackshear (17 - 7 - 1) | On July 26, former UFC bantamweight champion Petr Yan returns to action against heavy-hitting contender Marcus “The Maniac” McGhee. The bout takes place at the Etihad Arena in Abu Dhabi as part of the UFC on ABC card and could have a direct impact on the top of the 135-pound division. Yan snapped a three-fight skid with a composed decision victory over Deiveson Figueiredo in November. Known for his tight boxing and calculated pressure, Yan has been tested against the best in the division and brings championship experience into the Octagon once again. McGhee rides a wave of momentum, having won four straight, including a clean decision over veteran Jonathan Martinez. With an aggressive style and finishing instincts, McGhee has earned a reputation as a dangerous striker, particularly early in fights. His power and size advantage could pose challenges for Yan, especially in open exchanges. Both men are southpaws, which adds a technical layer to the striking battle. Yan’s patience and fight IQ will be key against McGhee’s forward pressure and knockout threat. The matchup is a pivotal moment for each fighter — for Yan, a path back to title contention; for McGhee, a shot to break into the elite.",2017-07-01,https://boxing-schedule.com/mma/yan-vs-mcghee/tale/
"UFC Abu Dhabi: How to watch Whittaker vs. de Ridder, start time, lineup, odds, more","UFC UFC Abu Dhabi: How to watch Whittaker vs. de Ridder, start time, lineup, odds, more Matt Erickson MMA Junkie The UFC is in Abu Dhabi once again with a pair of former champions at the top of the bill. Here's how to watch UFC on ABC 9 with an ex-middleweight champ and former ONE two-division titleholder in the headlining spot. Broadcast and streaming info UFC on ABC 9 has a main card that starts at noon ET on ABC. The preliminary card airs on ESPN and streams on ESPN+ at 9 a.m. ET. Stay tuned to MMA Junkie later this week for more broadcast details. Main event: Robert Whittaker - Record: 26-8 MMA, 17-6 UFC - Opponent: Reinier de Ridder (20-2 MMA, 3-0 UFC) - Division: Middleweight - Key wins: Ikram Aliskerov, Paulo Costa, Marvin Vettori, Kelvin Gastelum, Jared Cannonier Main event: Reinier de Ridder - Record: 20-2 MMA, 3-0 UFC - Opponent: Robert Whittaker (26-8 MMA, 17-6 UFC) - Division: Middleweight - Key wins: Bo Nickal, Kevin Holland, Gerald Meerschaert Co-main event: Marcus McGhee - Record: 10-1 MMA, 4-0 UFC - Opponent: Petr Yan (18-5 MMA, 10-4 UFC) - Division: Bantamweight - Key wins: Jonathan Martinez Co-main event: Petr Yan - Record: 18-5 MMA, 10-4 UFC - Opponent: Marcus McGhee (10-1 MMA, 4-0 UFC) - Division: Bantamweight - Key wins: Deiveson Figueiredo, Yadong Song, Cory Sandhagen, Jose Aldo, Urijah Faber UFC on ABC 9 main card betting odds MAIN CARD (ABC/ESPN+, noon ET) - Robert Whittaker -150 vs. Reinier de Ridder +125 - Marcus McGhee +300 vs. Petr Yan -400 - Marc-Andre Barriault +450 vs. Shara Magomedov -700 - Asu Almabayev -105 vs. Jose Ochoa -115 - Bogdan Guskov +160 vs. Nikita Krylov -190 UFC on ABC 9 prelim betting odds PRELIMINARY CARD (ESPN+, 9 a.m. ET) - Bryce Mitchell -115 vs. Said Nurmagomedov -105< - Carlos Leal -475 vs. Muslim Salikhov +340< - Da'Mon Blackshear -330 vs. Davey Grant +260< - Amanda Ribas -175 vs. Tabatha Ricci +145< - Ibo Aslan -265 vs. Billy Elekana +215< - Steven Nguyen -350 vs. Mohammad Yahya +270< - Marcus Buchecha -310 vs. Martin Buday +245<",2025-07-21,https://mmajunkie.usatoday.com/story/sports/ufc/2025/07/21/ufc-abu-dhabi-robert-whittaker-vs-reinier-de-ridder-start-time-fight-card-odds/85312962007/
Under The Radar | Marcus McGhee,"At just 3-0 in the UFC, and 9-1 overall, Marcus McGhee hasn’t been here long, but he’s here to stay. The MMA Lab product has quickly put together a highlight reel inside the Octagon with three straight finishes and gets to fight a ranked opponent for the first time this weekend. In the loaded bantamweight division, currently controlled by Merab Dvalishvili, fighters like Umar Nurmagomedov, Petr Yan, and Cory Sandhagen, just to name a few, are all trying to become the next title challenger, but McGhee is a name that can approach that territory soon. Order UFC 309: Jones vs Miocic “The Maniac” went 6-1 on the regional scene, with all wins coming by knockout before getting a UFC opportunity. After beating Luciano Ramos at LFA 149, McGhee stepped up on three days’ notice to fight Journey Newson in April 2023 to make his promotional debut. Even with almost no real preparation, McGhee locked in a second-round choke for the finish, making a great first impression. Unlock MORE of your inner combat sports fan with UFC Fight Pass! Fighting is what we live for. And no one brings you MORE live fights, new shows, and events across multiple combat sports from around the world. With a never-ending supply of fighting in every discipline, there’s always something new to watch. Leave it to the world’s authority in MMA to bring you the Ultimate 24/7 platform for MORE combat sports, UFC Fight Pass! Upgrade licenceThis video is not available in your country There was a problem while loading content. Please try again. His next fight would be just a few months later, at UFC Fight Night: Luque vs Dos Anjos in August 2023, where he took on JP Buys. After spending the first couple minutes exchanging on the feet, McGhee landed a crushing right hand in the pocket for a walk-off knockout. To open 2024, McGhee earned his third straight finish since joining the UFC, this time against Gaston Bolanos during the first event of the year. It was a dominant display by the Arizona product, who kept his finish rate at 100 percent. UFC 309 COUNTDOWN: Full Episode | Jones vs Miocic | Oliveira vs Chandler 2 It’s not too often you see fighters get a chance at the rankings this early, but McGhee has left the matchmakers no choice. He’s 34 years old, has run through the competition so far, and is exciting to watch, so the time is now. This Saturday, he faces Jonathan Martinez, who is No. 13 at 135 pounds, and the bout promises a display of high-level skills from both athletes. Martinez comes in off a loss to Jose Aldo last May, but is a proven and dangerous opponent. Unlock MORE of your inner combat sports fan with UFC Fight Pass! Fighting is what we live for. And no one brings you MORE live fights, new shows, and events across multiple combat sports from around the world. With a never-ending supply of fighting in every discipline, there’s always something new to watch. Leave it to the world’s authority in MMA to bring you the Ultimate 24/7 platform for MORE combat sports, UFC Fight Pass! Upgrade licenceThis video is not available in your country There was a problem while loading content. Please try again. McGhee’s power is evident whenever he lands, and his overall striking skillset is elite. He manages his distance well, brings accurate strikes, and isn’t afraid to make it a brawl at times. MORE UFC 309: Nickal's Step Up | Chandler Here To Right The Wrongs | Cold Open Competing at UFC 309 is a tremendous opportunity for anyone, especially those who are looking to make a splash. McGhee’s been doing so with each trip to the Octagon, and by defeating Martinez, he will likely enter the rankings next week. With Sean O’Malley, Mario Bautista, and Kyler Phillips already in the rankings, the blueprint is there for “The Maniac” to break in. Who knows? Maybe the bantamweight rankings will soon be occupied by the MMA Lab. UFC 309: Jones vs Miocic took place live from Madison Square Garden in New York City, New York on November 16, 2024. See the final Prelim & Main Card Results, Official Scorecards and Who Won Bonuses - and relive the action on UFC FIGHT PASS!",2024-11-15,https://www.ufc.com/news/under-radar-marcus-mcghee-ufc-309-bantamweight
UFC Predictions: UFC Fight Night: Robert Whittaker vs. Reinier de Ridder,"The UFC heads to Abu Dhabi this weekend for the first time since last October. In the headliner, two big-time middleweights are set to clash.UFC Fight Night: Robert Whittaker vs. Reinier de Ridder is a solid card on paper that also features a number of other ranked fighters, a rarity for Fight Night events these days.With that in mind, this one should be well worth checking out.Here are the predicted outcomes for UFC Fight Night: Robert Whittaker vs. Reinier de Ridder.#1. UFC middleweight bout: Robert Whittaker vs. Reinier de RidderThis weekend's headliner will pit one of the middleweight division's fastest-rising talents against a former champion in what will be a big step up for the former.It's fair to say that Reinier de Ridder has done far better than many fans expected him to since he switched to the UFC from ONE Championship last year.Sure, he came into the promotion with a strong record of 16-2, but he'd also lost his last two bouts in ONE and had never really been tested at the elite level.A sloppy debut win over Gerald Meerschaert did nothing to quieten the doubters, but since then, 'The Dutch Knight' has looked fantastic.Not only did he blow Kevin Holland away, submitting him easily in a round, but he also became the first fighter to defeat vaunted prospect Bo Nickal, stopping him with a series of knees and punches in two rounds.Still, though, Robert Whittaker is a huge and scary step up for any fighter at 185 pounds.'The Reaper' might not be at his very best anymore, as we saw when he was defeated by Dricus du Plessis in 2023. At that point, 'Stillknocks' was the only man to ever beat Whittaker at 185 pounds outside of Israel Adesanya.However, the Aussie bounced back by starching both Paulo Costa and Ikram Aliskerov, looking excellent in both fights.Sure, Whittaker's last trip to the octagon saw him have his jaw damaged by Khamzat Chimaev, but the truth is that 'Borz' is a force of nature. Nobody's been able to solve the riddle there yet, and so there's no shame in losing to him.When it comes to this fight, then, de Ridder is likely outgunned by 'The Reaper' on the feet, despite his knockout of Nickal. After all, Whittaker is a lethal striker with brutal power, and he's far smoother on the feet than Nickal.However, the ease with which Chimaev took Whittaker down and submitted him should give 'The Dutch Knight' at least some hope. After all, de Ridder is a remarkably smooth grappler, as we saw when he eased to that win over Holland.The issue for de Ridder, though, is going to be in taking Whittaker down. 'The Reaper' has fantastic takedown defense, with a phenomenal percentage of 81%. Before Chimaev, the only fighter to really manage to take him down was Yoel Romero, and 'The Dutch Knight' isn't close to their level in wrestling.Therefore, unless de Ridder can manage to drag Whittaker down and gain a dominant position instantly - something that only Chimaev has ever been able to do - it's very likely that he's going to find himself outgunned standing.Assuming Whittaker isn't shot, then - and there's no reason to believe that's the case - this should be a violent win for him in the same vein as his finish of Aliskerov last year.The Pick: Whittaker via first-round KO#2. UFC bantamweight bout: Petr Yan vs. Marcus McGheeTo call this curious matchmaking from the UFC would be an understatement. Sure, Petr Yan perhaps isn't ready for another crack at bantamweight champ Merab Dvalishvili just yet, but he is coming off two big wins over Song Yadong and Deiveson Figueiredo.Most fans, therefore, were expecting 'No Mercy' to be matched with someone like Umar Nurmagomedov or Sean O'Malley next.Instead, the Russian will face off with the largely unheralded Marcus McGhee here in what will be a huge step up for the latter.To be fair, McGhee is ranked at No.13 in the bantamweight division, and he's also got a strong record of 4-0 in the octagon, with three wins coming via stoppage.However, 'The Maniac' has a pretty big problem against Yan and that's the fact that he just doesn't mesh well stylistically with the Russian.Yan is one of, if not the cleanest, strikers in the 135-pound division right now. He's sliced up the likes of Cory Sandhagen, Jose Aldo, Figueiredo and Yadong on the feet, chaining together combinations with - as the nickname says - no mercy.More to the point, it's arguable that - contentious split decision loss to O'Malley aside - nobody's ever really outduelled him on the feet in his career.McGhee will definitely be more than willing to throw down with Yan. He's the kind of fighter who won't back down from any opponent, and he definitely carries power, giving him a puncher's chance.Even then, though, the Russian has only been knocked down once in his UFC career. That came against John Dodson all the way back in 2019. The chances of McGhee suddenly cracking his chin seem very slim.Basically, no offense to 'The Maniac', but this fight feels like a placeholder one for Yan while he waits for a bigger opponent. In fact, the chances are that 'No Mercy' will pick up his first finish since he stopped Jose Aldo in 2020.The Pick: Yan via second-round KO#3. UFC Fight Night: The Main CardIn a bantamweight fight, Bryce Mitchell takes on Said Nurmagomedov. This is a pretty curious fight as Nurmagomedov - unlike his more famous namesakes Khabib and Umar - has always flown under the radar, largely because of a handful of bad losses.However, those losses for the most part came to powerful strikers. On the ground, though, he's been very effective, submitting foes like Cody Stamann and Saidyokub Kahkhramonov.This might make him effective against Mitchell, who has never really been a natural striker and is much more of a grappler by trade.'Thug Nasty' is definitely dangerous on the mat, and he'll also be moving to 135 pounds for the first time, a risk, but perhaps a fair one to take given he was destroyed in his last bout by Jean Silva.In this bout, then, it seems highly likely that the two men will hit the mat, and in that case, the advantage will probably go to Nurmagomedov. He's closer to his prime, is probably a better submission artist, and may be the superior wrestler, too. The pick, therefore, is Nurmagomedov via decision.In what's likely to be a middleweight throwdown, Sharaputdin Magomedov takes on Marc-Andre Barriault.'Shara Bullet' is coming off the first loss of his career, being outpointed by Michael 'Venom' Page, but realistically, this is a much more suitable fight for him.Barriault is a solid brawler who's willing to swing with any opponent, but 'Power Bar' is also plodding, not that fast, and has had his chin cracked numerous times over the years.Basically, this feels like the promotion throwing 'Shara Bullet' a bone of sorts, giving him a stylistically good opponent to face off with to bounce back from his first loss. The pick is Magomedov via KO.#4. UFC Fight Night: The PrelimsPicks in boldUFC light-heavyweight bout: Nikita Krylov vs. Bogdan GuskovUFC strawweight bout: Amanda Ribas vs. Tabatha RicciUFC welterweight bout: Muslim Salikhov vs. Carlos Leal MirandaUFC light-heavyweight bout: Ibo Aslan vs. Billy ElekanaUFC heavyweight bout: Martin Buday vs. Marcus BuchechaUFC featherweight bout: Mohammed Yahya vs. Steven NguyenUFC bantamweight bout: Davey Grant vs. Da'Mon BlackshearUFC flyweight bout: Asu Almabayev vs. Jose Ochoa",2025-07-21,https://www.sportskeeda.com/mma/ufc-predictions-ufc-fight-night-robert-whittaker-vs-reinier-de-ridder
Petr Yan: 'Competent win' at UFC on ABC 9 should get me Dvalishvili vs. Sandhagen winner,"Petr Yan: 'Competent win' at UFC on ABC 9 should get me Dvalishvili vs. Sandhagen winner ABU DHABI – Petr Yan thinks getting his hand raised in a non-controversial fashion at UFC on ABC 9 will be enough to get the next bantamweight title shot. As former titleholder Yan (18-5 MMA, 10-4 UFC) readies for Saturday's matchup with Marcus McGhee (10-1 MMA, 4-0 UFC) at Etihad Arena on Yas Island (ABC, ESPN, ESPN+), the promotion has just announced the next 135-pound title bout between Merab Dvalishvili and Cory Sandhagen for UFC 320 on Oct. 4 in Las Vegas. If Yan takes cares of business this weekend, he said there is no one in the weight class who warrants a crack at the Dvalishvili (20-4 MMA, 13-2 UFC) vs. Sandhagen (18-5 MMA, 11-4 UFC) winner more than himself. ""I am hoping for that,"" Yan told MMA Junkie through an interpreter at Wednesday's UFC on ABC 9 media day. ""I think it's the right thing to do. I don't think there's anybody who is ranked higher that deserves this more than I do. I think with a competent win this Saturday, I'll make sure to cement my place as the next contender."" Yan said he's intrigued to see how the title fight play out since he has history with both men. He lost a one-sided unanimous decision to Dvalishvili at UFC Fight Night 221 in March 2023, while beat Sandhagen on the scorecards in an interim title clash at UFC 267 in October 2021. He would welcome a rematch with either side, but considering he lost to Dvalishvili, that potential sequel is more compelling. ""Definitely an interesting fight,"" Yan said. ""Definitely will be watching it. I'm happy to be a backup if needed for this fight. I think that Merab is definitely going to push his rhythm, push his pace, push his style and make an uncomfortable style. But Sandhagen also has a chance. I think he has a chance to win."" ""It's very interesting to me to see what I would do in a fight against him. I now understand that in the five rounds we had, I probably threw my right hand four times. I'm interested to see how the fight would play out differently."" First things first, Yan must get through McGhee, who hasn't been beaten inside the octagon yet and has plenty of motivation to pull off by far the biggest victory of his career. Yan has no intention to let that happen, however, and knows he can't fall into a trap of complacency against a lesser-ranked foe. ""If I see the opportunity for it I'm definitely not going to shy away from a fire fight,"" Yan said. ""I'm definitely going to stand and strike. I know I have the skills, so I'll be looking for openings and the opportunity to catch him and implement my game. Hopefully it works out and I'll knock him out.""",2025-07-23,https://mmajunkie.usatoday.com/story/sports/ufc/2025/07/23/ufc-abu-dhabi-petr-yan-competent-win-title-shot/85335710007/
Marcus McGhee vs Petr Yan - 07/26/25 - DRatings.com,"Marcus McGhee Petr Yan Last Fights Money Line Analysis Implied Margin Using the best lines from multiple sportsbooks, this would be the % take from the consensus sportsbook if bets were even on each side. More on Implied MarginImplied Margin Using the best lines from multiple sportsbooks, this would be the % take from the consensus sportsbook if bets were even on each side. More on Implied Margin| Open Line | Heritage | Bovada | BetOnline | YouWager | SportsBetting | Best Line | No-Vig OddsUsing a market maker sportsbook, this is what the line would be if there was no vigorish (sportsbook fee) in the price. More on No-Vig Odds | | |---|---|---|---|---|---|---|---|---| | Marcus McGhee | +275 | +301 | +305 | +300 | +300 | +300 | +305 | +315.8 | | Petr Yan | -335 | -395 | -410 | -375 | -375 | -375 | -375 | -315.8 | | Open Line | South Point | Circa | Wynn | Stations | Westgate | Best Line | No-Vig OddsUsing a market maker sportsbook, this is what the line would be if there was no vigorish (sportsbook fee) in the price. More on No-Vig Odds | | |---|---|---|---|---|---|---|---|---| | Marcus McGhee | +270 | - | +340 | +310 | +330 | +330 | +340 | +315.8 | | Petr Yan | -330 | - | -420 | -400 | -400 | -400 | -400 | -315.8 | Overall Base Rating Our analytical projection of the match in relation to the implied probability to win from the sportsbooks. More on Base Rating Base Rating Our analytical projection of the match in relation to the implied probability to win from the sportsbooks. More on Base RatingBet Trends Doing an analysis on the betting data, we project which team has which team has an edge. More on Bet Trends Bet Trends Doing an analysis on the betting data, we project which team has which team has an edge. More on Bet TrendsLatest ML Steam Move A quick and uniform line move across every sportsbook. Usually caused by an injury or deep-pocketed sharp bettor. More on Steam Move Steam Move A quick and uniform line move across every sportsbook. Usually caused by an injury or deep-pocketed sharp bettor. More on Steam MoveOverall Base Rating Our analytical projection of the match in relation to the implied probability to win from the sportsbooks. More on Base Rating Base Rating Our analytical projection of the match in relation to the implied probability to win from the sportsbooks. More on Base RatingBet Trends Doing an analysis on the betting data, we project which team has which team has an edge. More on Bet Trends Bet Trends Doing an analysis on the betting data, we project which team has which team has an edge. More on Bet TrendsLatest ML Steam Move A quick and uniform line move across every sportsbook. Usually caused by an injury or deep-pocketed sharp bettor. More on Steam Move Steam Move A quick and uniform line move across every sportsbook. Usually caused by an injury or deep-pocketed sharp bettor. More on Steam Move",2024-11-17,https://www.dratings.com/predictor/ufc-mma-predictions/affe0ab3-bc5a-5889-aca4-85fcea2209b8
