title,text,publish_date,url
"Stephen Thompson vs. Gabriel Bonfim, UFC Fight Night | MMA Bout | Tapology","Fighter Comparison | Thompson | Bonfim | ||| | #11 WelterW (Worldwide) | Ranking | #18 WelterW (Worldwide) | || | 17-8-1 MMA | Pro Record | 17-1-0 MMA | || | 2024 2021 | Last 5 Fights | 2025 2023 | || | +300 (Moderate Underdog) | Betting Odds | -420 (Heavy Favorite) | || | | Nation | | || | Simpsonville South Carolina | Fights out of | Brasilia Distrito Federal | || | 42 +5 mos, 1 day | Age at Fight | 27 +10 mos, 3 wks, 1 day | || | 170.5 lbs (77.3 kgs) | Weigh-In Result | 171.0 lbs (77.6 kgs) | || | 6'0"" (183cm) | Height | 6'1"" (185cm) | || | 75.0"" (191cm) | Reach | 72.5"" (184cm) | || | Upstate Karate Tristar Gym | Gym | Bonfim Brothers | Thompson vs. Bonfim Fight Predictions Fight Predictions Tapology Community Picks: 3,847 Bout Information Event Poster Fight Details - Event: UFC Fight Night: Lewis vs. Teixeira - Date: Saturday 07.12.2025 at 06:00 PM ET - Referee: N/A - Venue: Bridgestone Arena - Enclosure: Octagon - Location: Nashville, Tennessee, United States - Bout Billing: Co-Main Event (fight 11 of 12) - Pro/Am: Professional - Weight: 170 lbs (77.1 kg) - Event Links: - Bout Links:",2025-04-03,https://www.tapology.com/fightcenter/bouts/1004964-ufc-fight-night-stephen-wonderboy-thompson-vs-gabriel-marretinha-bonfim
"Thompson Vs. Bonfim Odds, Full Fight Preview & Prediction","Ultimate Fighting Championship (UFC) Welterweight talents Stephen Thompson vs. Gabriel Bonfim will go to war this weekend (Sat., June 28, 2025) at UFC Nashville inside Bridgestone Arena in Nashville, Tennessee. There is no doubt now that “Wonderboy” is in the twilight of his career. The 42-year-old Karate master is still a slick customer, but he’s grown a bit easier to track down with strikes and takedowns alike as the years continue to tick on by. Though he’s only lost to top talent, his back is unfortunately against the wall after losing four of five. Conversely, Bonfim is a very talented prospect 15 years his opponent’s junior. The Brazilian suffered a classic prospect loss to Nicholas Dalby in his third UFC appearance, but outside of that learning experience, he’s been very dominant in all aspects of the game, setting him up for a major opportunity here. Let’s take a closer look at the betting odds and strategic keys for each athlete: Thompson vs. Bonfim Betting Odds - Stephen Thompson victory: +310 - Stephen Thompson via TKO/KO/DQ: +900 - Stephen Thompson via submission: +3500 - Stephen Thompson via decision: +550 - Gabriel Bonfim victory: -395 - Gabriel Bonfim via TKO/KO/DQ: +550 - Gabriel Bonfim via submission: +125 - Gabriel Bonfim via decision: +200 - Odds via DraftKings Sportsbook How Thompson Wins “Wonderboy” is perhaps the best Karate representative in UFC history. He moves with great fluidity between stances, allowing him to control distance and score points with his kicks really well. He’s very good at suddenly covering that distance with his punches, and he’ll time hard counters as well. On the whole, this isn’t a terrible stylistic match up for Thompson. He’s fighter a jiu-jitsu ace with good wrestling and good Muay Thai, not an exceptional wrestler or frightening power puncher. If Thompson can keep his feet moving and deny the early takedown, he has a real shot here. It all comes down to cage position. Lately, Thompson has been easier to track down along the fence, and it gets him in trouble. From the first bell, his focus has to be on direction changes and intercepting shots up the middle, both of which will help buy him real estate and allow freedom of movement. As he showed versus Kevin Holland not too long ago, Thompson is still a very dangerous man if allowed to play his game. How Bonfim Wins Bonfim is quite experienced and skilled for his age. Perhaps most impressive, he transitions between all his skills nicely, using the threat of his kickboxing to set up his takedowns in a smooth fashion. Once on the canvas, Bonfim is clearly a top-notch grappler and has 13 wins via tapout to his credit. As mentioned above, this bout will be determined by location. If Bonfim is shooting at distance from Thompson’s kicking range, the takedown isn’t going to come, and he’s in for a rough night. Alternatively, if he’s able to back Thompson to the fence, hit him a time or two, then change levels, that submission prop is looking rather nice. A fast start seems wise here. We’ve seen Shavkat Rakhmonov, Belal Muhammad and Gilbert Burns wrangle Thompson by rushing him off the first bell. It’s become an increasingly easier option over the year as Thompson gets a little less sharp of a puncher and a little slower generally. Bonfim has the youth and stand up ability to get in Thompson’s face early, take a few punches if needed, and then get the wrestling going. Thompson vs. Bonfim Prediction A 15-year age difference is a hard statistic to overlook, particularly when Thompson was looking a bit worn down by 2021. Four years later, I’m not sure he has the grappling to resist such a talented black belt in jiu-jitsu. The margin for error is small, as Bonfim will start to dominate with even a single takedown, and Thompson just isn’t doing damage like he once did. There’s always a chance that vintage “Wonderboy” styles on his younger opponent — a la Holland, Vicente Luque and Geoff Neal — but the odds grow slimmer each year. Prediction: Bonfim via submission Remember that MMAmania.com will deliver LIVE round-by-round, blow-by-blow coverage of the entire UFC Nashville fight card right here, starting with the ESPN/ESPN+ “Prelims” matches online, which are scheduled to begin at 6 p.m. ET, before the main card start time at 9 p.m. ET (also on ESPN/ESPN+). To check out the latest and greatest UFC Nashville: “Lewis vs. Teixeira” news and notes be sure to hit up our comprehensive event archive right here. Loading comments...",2025-07-10,https://www.mmamania.com/2025/7/10/24463327/stephen-thompson-vs-gabriel-bonfim-odds-full-fight-preview-and-prediction-ufc-nashville
UFC Fight Night – Stephen Thompson vs. Gabriel Bonfim: Preview & Betting Tips,"Veteran Stephen “Wonderboy” Thompson faces off against surging Brazilian prospect Gabriel Bonfim in a welterweight bout between two fighters at the opposite end of their careers. Thompson (17-8-1), now 42, brings decades of elite-level striking experience into the Octagon and his resume speaks for itself. However, age is catching up and he’s coming off of two brutal losses and hasn’t shown the same spark that made him a top contender just a few years ago. Bonfim (17-1-0) may not be a household name yet, but he’s a serious threat in the welterweight division. The 27-year-old has quietly built a reputation as a finisher, particularly on the mat. He averages an impressive 3.68 takedowns per 15 minutes with 76% accuracy, and he stays busy on the ground with 2.2 submission attempts per fight. Stephen Thompson – Odds 4.00 (Bet 365) Record: 17-8-1 Age: 42 Height: 6ft Reach: 75” Weight: Welterweight Stance: Orthodox Gabriel Bonfim – Odds 1.25 (Bet 365) Record: 17-1-0 Age: 27 Height: 6ft1 Reach: 72” Weight: Welterweight Stance: Orthodox There was once a time where Thompson was considered one of the best counter-strikers in the UFC. His footwork, timing, and accuracy made him a nightmare for reckless opponents. Nowadays though, the reflexes aren’t quite what they were, and Thompson’s weakness has always been grapplers who can pressure and chain takedowns. This is exactly what Bonfim will try to do. He’ll look to close the gap and suffocate the American veteran so that he cannot get off some of his sharp karate style of striking. And from there, he’ll look to initiate clinches and force the fight to the mat. In his younger days, Thompson would be able to evade a wrestler’s pressure by using lateral and vertical movement effortlessly. But, it just seems like a struggle now. And when this happens, it will tire you out more, which means as the fight goes on the wrestler will find more and more success. And I can see this happening in this one. This is a tricky fight for Stephen Thompson. While he remains one of the cleanest strikers in the division, his takedown defence has looked increasingly shaky, and age is a growing concern. Meanwhile, Bonfim is younger, hungrier, and thrives in exactly the kinds of situations where Thompson has historically struggled. Thompson’s days at the elite level certainly look to be behind him. And with a good performance and potentially a finish, the Brazilian would be taking a huge scalp here to elevate his own name and reputation. There isn’t much value in taking his moneyline, and with Thompson being stopped in his last two fights, unfortunately I’m willing to back him to make it three in a row. I’m taking Gabriel Bonfim to win by submission at odds of 2.55. And with a third successive stoppage loss, it pains me to say it, but we may see “Wonderboy” place his glove in the centre of the Octagon after the fight. More must-reads: Get the latest news and rumors, customized to your favorite sports and teams. Emailed daily. Always free!",2025-07-10,https://www.yardbarker.com/mma/articles/ufc_fight_night_stephen_thompson_vs_gabriel_bonfim_preview_betting_tips/s1_17349_42437115
Stephen Thompson vs Gabriel Bonfim,"Derrick Lewis vs. Tallison Teixeira staredowns, face off video ahead of the UFC Nashville ESPN event on Sat., July 12, 2025 at Bridgestone Arena in Nashville, Tennessee. Derrick Lewis, Tallison Teixeira, and the rest of the UFC Nashville fighters step on the scale on Friday. UFC Nashville early weigh ins video results for the Derrick Lewis vs. Tallison Teixeira-led MMA event on Sat., July 12, 2025 at Bridgestone Arena in Nashville, Tennessee. Date: July 12, 2025 | Stephen Thompson | Gabriel Bonfim | | |---|---|---| | age | || | 6'0"" | height | | | 170lbs | weight |",2025-07-11,https://www.mmafighting.com/fight/15724/stephen-thompson-vs-gabriel-bonfim
Stephen Thompson Makes Return In UFC Nashville Fight Against Gabriel Bonfim In July,"Stephen Thompson makes return in UFC Nashville fight against Gabriel Bonfim in July Former two-time undisputed welterweight title challenger, Stephen Thompson is set to make his first outing of the year later this summer, booking a showdown against surging Brazilian prospect, Gabriel Bonfim at UFC Nashville on July 12. from the Bridgestone Arena in Nashville, Tennessee. Thompson, the current number twelve ranked welterweight contender, has been sidelined since UFC 307 back in October of last year, where he suffered a third round knockout loss against incoming headliner, Joaquin Buckley. As for Bonfirm, the 17-1 contender has suffered just a sole Octagon loss during his breif tenure, in the form of a knockout defeat to Nicolas Dalby. And last time out, Bonfirm secured a second round D’Arce choke submission win over Khaos Williams as recent as February. Stephen Thompson books UFC Nashville fight with Gabriel Bonfim UFC confirmed the return of Stephen Thompson against Gabriel Bonfim this evening on their official social media. Prior to his knockout loss to the surging, Buckley, Thompson had dropped a first round rear-naked choke submission loss to the unbeaten, Shavkat Rakhmonov — in his first submission blemish in combat sports to boot. Without a victory since 2022, on that occasion, Simpsonville native, Thompson had turned in an eventual corner stoppage TKO win over Kevin Holland in a main event clash at UFC Fight Night Orlando. For Bonfim, the highly-regarded welterweight contender is a product of Dana White’s Contender Series — and has racked up notable wins over the likes of the above-mentioned Williams, as well as Ange Loosa, Mounir Lazzez, and Trevin Giles. UFC Fight Night Nashville takes place on July 12. with a heavyweight main event between former interim and undisputed heavyweight title challenger, Derrick Lewis, and Tallison Teixeira set.",2025-05-30,https://www.lowkickmma.com/stephen-thompson-ufc-nashville-fight-gabriel-bonfim/
UFC Fight Night – Stephen Thompson vs Gabriel Bonfim: Preview & Betting Tips - Boxing News,"UFC Fight Night – Stephen Thompson vs Gabriel Bonfim: Preview & Betting Tips Credit: https://x.com/mma_orbit/status/1928452906824397128?t=b8ZSG8DzQAykvQcDG1udHw&s=19 Veteran Stephen “Wonderboy” Thompson faces off against surging Brazilian prospect Gabriel Bonfim in a welterweight bout between two fighters at the opposite end of their careers. Thompson (17-8-1), now 42, brings decades of elite-level striking experience into the Octagon and his resume speaks for itself. However, age is catching up and he’s coming off of two brutal losses and hasn’t shown the same spark that made him a top contender just a few years ago. Bonfim (17-1-0) may not be a household name yet, but he’s a serious threat in the welterweight division. The 27-year-old has quietly built a reputation as a finisher, particularly on the mat. He averages an impressive 3.68 takedowns per 15 minutes with 76% accuracy, and he stays busy on the ground with 2.2 submission attempts per fight. Tale of the Tape Stephen Thompson – Odds 4.00 (Bet 365) Record: 17-8-1 Age: 42 Height: 6ft Reach: 75” Weight: Welterweight Stance: Orthodox Gabriel Bonfim – Odds 1.25 (Bet 365) Record: 17-1-0 Age: 27 Height: 6ft1 Reach: 72” Weight: Welterweight Stance: Orthodox Stephen Thompson vs Gabriel Bonfim: Analysis There was once a time where Thompson was considered one of the best counter-strikers in the UFC. His footwork, timing, and accuracy made him a nightmare for reckless opponents. Nowadays though, the reflexes aren’t quite what they were, and Thompson’s weakness has always been grapplers who can pressure and chain takedowns. This is exactly what Bonfim will try to do. He’ll look to close the gap and suffocate the American veteran so that he cannot get off some of his sharp karate style of striking. And from there, he’ll look to initiate clinches and force the fight to the mat. In his younger days, Thompson would be able to evade a wrestler’s pressure by using lateral and vertical movement effortlessly. But, it just seems like a struggle now. And when this happens, it will tire you out more, which means as the fight goes on the wrestler will find more and more success. And I can see this happening in this one. Thompson vs Bonfim: Prediction & Betting Tips This is a tricky fight for Stephen Thompson. While he remains one of the cleanest strikers in the division, his takedown defence has looked increasingly shaky, and age is a growing concern. Meanwhile, Bonfim is younger, hungrier, and thrives in exactly the kinds of situations where Thompson has historically struggled. Thompson’s days at the elite level certainly look to be behind him. And with a good performance and potentially a finish, the Brazilian would be taking a huge scalp here to elevate his own name and reputation. There isn’t much value in taking his moneyline, and with Thompson being stopped in his last two fights, unfortunately I’m willing to back him to make it three in a row. I’m taking Gabriel Bonfim to win by submission at odds of 2.55 (Bet 365). And with a third successive stoppage loss, it pains me to say it, but we may see “Wonderboy” place his glove in the centre of the Octagon after the fight. Find all the latest boxing news and MMA breaking updates on boxingnews.com.",2025-07-10,https://boxingnews.com/ufc-fight-night-stephen-thompson-vs-gabriel-bonfim-preview-betting-tips/
Stephen Thompson vs Gabriel Bonfim - 07/13/25 - DRatings.com,"Stephen Thompson Gabriel Bonfim Last 5 Fights Money Line Analysis Implied Margin Using the best lines from multiple sportsbooks, this would be the % take from the consensus sportsbook if bets were even on each side. More on Implied MarginImplied Margin Using the best lines from multiple sportsbooks, this would be the % take from the consensus sportsbook if bets were even on each side. More on Implied Margin| Open Line | Heritage | Bovada | BetOnline | YouWager | SportsBetting | Best Line | No-Vig OddsUsing a market maker sportsbook, this is what the line would be if there was no vigorish (sportsbook fee) in the price. More on No-Vig Odds | | |---|---|---|---|---|---|---|---|---| | Stephen Thompson | +285 | +334 | +340 | +350 | +350 | +350 | +350 | +368.2 | | Gabriel Bonfim | -360 | -445 | -460 | -450 | -450 | -450 | -445 | -368.2 | | Open Line | South Point | Circa | Wynn | Stations | Westgate | Best Line | No-Vig OddsUsing a market maker sportsbook, this is what the line would be if there was no vigorish (sportsbook fee) in the price. More on No-Vig Odds | | |---|---|---|---|---|---|---|---|---| | Stephen Thompson | +280 | +330 | +350 | +310 | +340 | +330 | +350 | +368.2 | | Gabriel Bonfim | -340 | -400 | -435 | -400 | -425 | -400 | -400 | -368.2 | Overall Base Rating Our analytical projection of the match in relation to the implied probability to win from the sportsbooks. More on Base Rating Base Rating Our analytical projection of the match in relation to the implied probability to win from the sportsbooks. More on Base RatingBet Trends Doing an analysis on the betting data, we project which team has which team has an edge. More on Bet Trends Bet Trends Doing an analysis on the betting data, we project which team has which team has an edge. More on Bet TrendsLatest ML Steam Move A quick and uniform line move across every sportsbook. Usually caused by an injury or deep-pocketed sharp bettor. More on Steam Move Steam Move A quick and uniform line move across every sportsbook. Usually caused by an injury or deep-pocketed sharp bettor. More on Steam MoveOverall Base Rating Our analytical projection of the match in relation to the implied probability to win from the sportsbooks. More on Base Rating Base Rating Our analytical projection of the match in relation to the implied probability to win from the sportsbooks. More on Base RatingBet Trends Doing an analysis on the betting data, we project which team has which team has an edge. More on Bet Trends Bet Trends Doing an analysis on the betting data, we project which team has which team has an edge. More on Bet TrendsLatest ML Steam Move A quick and uniform line move across every sportsbook. Usually caused by an injury or deep-pocketed sharp bettor. More on Steam Move Steam Move A quick and uniform line move across every sportsbook. Usually caused by an injury or deep-pocketed sharp bettor. More on Steam Move",2024-06-10,https://www.dratings.com/predictor/ufc-mma-predictions/5b91c0fa-e360-5d5b-ae2d-802fffa4f599
"Stephen Thompson vs Gabriel Bonfim Pick, 07/12/2025 Predictions UFC Nashville Odds","Stephen Thompson vs Gabriel Bonfim Pick, 07/12/2025 Predictions UFC Nashville Odds Stephen Thompson vs Gabriel Bonfim UFC Nashville Bridgestone Arena in Nashville Saturday, July 12, 2025 Stephen Thompson will face off with Gabriel Bonfim at UFC Nashville on Saturday, July 12, 2025. The line has Thompson priced at +310 while Bonfim is priced at -400. Stephen ""Wonderboy"" Thompson steps into the cage holding a mark of 17-8-1. The 42-year-old will fight at 170 lbs and measures 6'0"". The orthodox fighter reaches 75"". Gabriel ""Marretinha"" Bonfim measures 6'1"" and weighs 170 lbs. The orthodox fighter steps into the cage with a record of 17-1-0. The 27-year-old stretches 72"". When talking about significant strikes, Stephen Thompson connects on 4.11 per minute and Gabriel Bonfim connects on 5.22 significant strikes per minute. Thompson is connecting on 46% of the significant strikes he attempts and Bonfim is landing 43%. When it comes to defending themselves, ""Wonderboy"" takes 3.02 significant strikes per min while ""Marretinha"" allows 3.80. Thompson also defends 55% of the significant strikes that are thrown his way and Bonfim is able to curb 65% of the shots thrown his way. | UFC Nashville | Stephen Thompson | Gabriel Bonfim | |---|---|---| | Opening Odds | +310 | -400 | | Record | 17-8-1 | 17-1-0 | | Average Fight Time | 14:30 | 6:48 | | Height | 6'0"" | 6'1"" | | Weight | 170 lbs | 170 lbs | | Reach | 75"" | 72"" | | Strikes Landed Per Minute | 4.11 | 5.22 | | Striking Accuracy | 46% | 43% | Concerning wrestling, Stephen Thompson is the not as competent as a wrestler as he is averaging a takedown 0.25 times per 3 rounds. Thompson is getting his opponent to the mat on 41% of his attempts and stopping 63% of all takedowns attempted by his opposition. Bonfim is taking his opponents to the canvas on 76% of his takedown tries and is stuffing 73% of the attempts against him. In terms of going for the submission, Thompson is the less likely of the two fighters to go for the finish by going for 0.6 finishes per 15 minutes while Bonfim attempts 2.2 finishes per 15 min. Get all of our UFC Betting Picks In his last fight, Stephen Thompson squared up with Joaquin Buckley and was on the losing end of this fight by way of a punch to the head in round 3. Buckley ended up landing 55 of 117 total strikes that he let go in that contest. Thompson walked away from this fight having landed 63 of 121 total strikes. In terms of significant strikes, Buckley landed 34 of 93 , giving him a percentage of 36%. He ended up landing 23 of 78 significant strikes aimed at the head. On the other side, Thompson ended up landing 46% of the significant strikes he threw by landing 49 of 106 . Looking at the significant strike accuracy, he landed 38 of 93 pointed at the head. 82% of the significant strikes connected on by Buckley and 73% of them landed by Thompson were done at distance. In the last bout for Gabriel Bonfim, he went up against Khaos Williams and wound up getting the victory via d'arce choke in round 2. Williams landed 100% of his significant strikes at distance while Bonfim connected on 100% of the significant strikes he tried at a distance. Bonfim ended up connecting on 48% of the significant strikes he attempted by connecting on 35 of 72 . He landed 20 of 50 significant strikes to the head. Williams landed 20 of 90 significant strikes in that battle. Looking at the significant strike accuracy, he ended up connecting on 8 of 54 directed at the head. Regarding total strikes that he threw in that fight, Williams landed 23 of 94 while Bonfim landed 35 of 72 total strikes. Other fights to watch out for An additional bout that shouldn't be missed is when Calvin Kattar enters the Octagon with Steve Garcia. Kattar looks to add a victory to his total of 23-9-0. The 37-year-old weighs 145 lbs and comes in at 5'11"". The orthodox fighter reaches 72"". Garcia stands 6'0"" and will fight at 145 lbs. The southpaw fighter comes into this bout with a record of 17-5-0. The 33-year-old reaches 75"". In the grappling category, Calvin Kattar takes his opponents to the canvas 0.36 times per 3 rounds while Steve Garcia takes his opponents to the canvas 1.17 times per 15 min. When it comes to striking, Kattar is connecting on 4.60 strikes per minute and lands 38% of the strikes that he throws. Joining him in the Octagon is Steve Garcia, who tags the opposition on 56% of the strikes he has tried and is landing 5.04 per minute. An additional fight that you're going to want to see is when Morgan Charriere is set to face off against Nate Landwehr. Landwehr looks to add a victory to his record of 18-6-0. The 37-year-old steps on the scale at 145 lbs and measures 5'9"". The orthodox fighter reaches 72"". Charriere measures in at 5'8"" and is fighting at 145 lbs. The orthodox fighter walks into the Octagon with a record of 20-11-1. The 29-year-old has an arm span of 69"". Concerning wrestling, Nate Landwehr curbs 74% of the takedowns fighters have gone for and is finishing his takedown tries on 41% of his tries. Charriere is finishing his takedown tries on 50% of his tries and thwarts 83% of the takedowns his opponents attempt. With regard to striking, Landwehr absorbs 5.77 strikes per min while he connects on 5.59 strikes/min. Charriere, moreover, is absorbing 4.15 strikes/minute and is connecting on 3.46 per minute. Who will win tonight's UFC match against the spread? Tony Sink's Pick: Take Gabriel Bonfim (-400) Get $60 worth of FREE premium member picks. No Obligation. No Salesman. No Credit Card. Fast Sign up with Instant Access Click Here Get all of Today's Free UFC Picks Get all of Today's Expert UFC Picks Most Recent UFC Picks - Kennedy Nzechukwu vs Valter Walker Pick, 07/12/2025 Predictions UFC Nashville Odds - Vitor Petrino vs Austen Lane Pick, 07/12/2025 Predictions UFC Nashville Odds - Calvin Kattar vs Steve Garcia Pick, 07/12/2025 Predictions UFC Nashville Odds - Mitch Ramirez vs Mike Davis Pick, 07/12/2025 Predictions UFC Nashville Odds - Lauren Murphy vs Eduarda Moura Pick, 07/12/2025 Predictions UFC Nashville Odds - Jake Matthews vs Chidi Njokuani Pick, 07/12/2025 Predictions UFC Nashville Odds - Max Griffin vs Chris Curtis Pick, 07/12/2025 Predictions UFC Nashville Odds - Stephen Thompson vs Gabriel Bonfim Pick, 07/12/2025 Predictions UFC Nashville Odds - Derrick Lewis vs Tallison Teixeira Pick, 07/12/2025 Predictions UFC Nashville Odds - Junior Tafa vs Tuco Tokkos Pick, 07/12/2025 Predictions UFC Nashville Odds",2025-07-09,https://www.docsports.com/free-picks/ufc/2025/stephen-thompson-vs-gabriel-bonfim-pick-07-12-2025-predictions-ufc-nashville-odds.html
UFC Fight Night: Lewis vs. Teixeira,"""Wonderboy"" ""Marretinha"" | Stephen Thompson | Gabriel Bonfim | | |---|---|---| | Tale of the tape | || | Wins/Losses/Draws | 17-8-1 | 17-1-0 | | Average Fight Time | 14:30 | 6:48 | | Height | 6' 0"" | 6' 1"" | | Weight | 170 lbs. | 170 lbs. | | Reach | 75"" | 72"" | | Stance | Orthodox | Orthodox | | DOB | Feb 11, 1983 | Aug 20, 1997 | | Striking (Significant Strikes) | || | Strikes Landed per Min. (SLpM) | 4.11 | 5.22 | | Striking Accuracy | 46% | 43% | | Strikes Absorbed per Min. (SApM) | 3.02 | 3.80 | | Defense | 55% | 65% | | Grappling | || | Takedowns Average/15 min. | 0.25 | 3.68 | | Takedown Accuracy | 41% | 76% | | Takedown Defense | 63% | 73% | | Submission Average/15 min. | 0.0 | 2.2 | | Most recent fights (Newest First) | || | Loss - Buckley | Win - Williams | | | Loss - Rakhmonov | Win - Loosa | | | Win - Holland | Loss - Dalby | | | Loss - Muhammad | Win - Giles | | | Loss - Burns | Win - Lazzez |",1997-08-20,http://ufcstats.com/fight-details/2a03bc4c491b4c9a
Stephen Thompson vs Gabriel Bonfim,"Find the best odds and up to date statistics for for Stephen Thompson vs Gabriel Bonfim. Date: Jul 13, 2025 Location: Bridgestone Arena Nashville, TN United States Cards: Main Card 1:00 am ● Prelim Card 10:00 pm | 17/8/1 | Record (W::L::D) | 17/1/0 | | 8 | Wins By Knockout | 3 | | 1 | Wins By Submission | 13 | | 5 | First Round Finishes | 8 | | 14:30 | Avg Fight Time | 06:48 | | 46% | Sig Strike Accuracy % | 44% | | 55% | Sig Strike Defense % | 65% | | 42% | Take Down Accuracy % | 77% | | 63% | Takedown Defence % | 73% | | #12 Welterweight Division | Tags | Welterweight Division | | 72.00 | Height (in) | 73.00 | | 171.00 | Weight (lb) | 170.00 | | 75.00 | Arm Reach (in) | 72.50 | | 42.00 | Leg Reach (in) | 40.50 | | Feb. 4, 2012 | UFC Debut | Jan. 21, 2023 | | Greenville, United States | Born | Brasilia, Brazil | | Karate | Fighting Style | Striker | | 42 | Age | 27 | | Opponent | Method | Method | Opponent | |---|---|---|---| | Joaquin Buckley 10-05-2024 | KO/TKO 3 - 2:17 | Submission 2 - 4:58 | Khaos Williams 02-15-2025 | | Shavkat Rakhmonov 12-16-2023 | Submission 2 - 4:56 | Decision - Unanimous 3 - 5:00 | Ange Loosa 07-13-2024 | | Kevin Holland 12-03-2022 | KO/TKO 4 - 5:00 | KO/TKO 2 - 4:33 | Nicolas Dalby 11-04-2023 | | Belal Muhammad 12-18-2021 | Decision - Unanimous 3 - 5:00 | Submission 1 - 1:13 | Trevin Giles 07-29-2023 | | Gilbert Burns 07-10-2021 | Decision - Unanimous 3 - 5:00 | Submission 1 - 0:49 | Mounir Lazzez 01-21-2023 | Card: Main Card Card Start Time: 1:00 AM Explore our in-depth fight analysis articles, providing expert predictions and bettor insights for the upcoming clash between these two fighters. Our analysts dive deep into fighters' stats, strategies, and previous performances to offer you the best betting tips and predictions. When it comes to betting on UFC fights, understanding the odds offered by different bookmakers is crucial for maximizing your potential payouts. Below, we provide detailed insights into the odds for Stephen Thompson vs Gabriel Bonfim, helping you make the most informed betting decisions. Stephen Thompson is currently the underdog fighter with the average odds of +343. Payout is based on a $1,000 bet. Bookmakers' odds reflect the implied probability of Stephen Thompson winning: Gabriel Bonfim is currently the favored fighter with the average odds of -450. Payout is based on a $1,000 bet. Bookmakers' odds reflect the implied probability of Gabriel Bonfim winning: Use our odds converter tool to convert odds, calculate implied probability, and profit for any odds format. Stephen Thompson vs Gabriel Bonfim starts at 2025-07-13 01:00:00 UTC. The favorite fighter in Stephen Thompson vs Gabriel Bonfim is: Gabriel Bonfim. Currently, the best odds for Gabriel Bonfim is -425 brought to you by Caesars. The underdog fighter in Stephen Thompson vs Gabriel Bonfim is: Stephen Thompson. Currently, the best odds for Stephen Thompson is +350 brought to you by FanDuel. The bookmaker with the best odds if you want to bet on Gabriel Bonfim is Caesars. Current odds for Caesars is -425. The bookmaker with the best odds if you want to bet on Stephen Thompson is FanDuel. Currently odds for FanDuel is +350. If you wanted to bet on the underdog, Stephen Thompson, the best bookmaker is FanDuel (+350). If you wanted to bet on the favored fighter, Gabriel Bonfim, the best odds are offered by Caesars (-425).",2024-01-01,https://www.ufcbetcompanion.com/event-fighter/3842-Stephen%20Thompson%20vs%20Gabriel%20Bonfim
"UFC on ESPN 70: Thompson vs Bonfim - Date, Start time, Fight Card, Location","Stephen ""Wonderboy"" Thompson and Gabriel ""Marretinha"" Bonfim are set to face off in the octagon at the Bridgestone Arena, Nashville. Stephen Thompson turned pro over a decade back, marking an illustrious journey with 17 wins and notable victories against tough adversaries like Jorge Masvidal. Yet, his latest battle ended in a KO loss against Joaquin Buckley last October. Gabriel Bonfim's career began eight years ago, adding momentum quickly with technical submissions aplenty, including a win against Kalinn Williams this February. What time is Stephen Thompson vs Gabriel Bonfim fight Live coverage for the Stephen Thompson vs Gabriel Bonfim main card will start at 06:00 PM EST on ESPN+. Refer to the table below to find your local time. | Region | Date | Main Card Start Time | Stephen Thompson vs Gabriel Bonfim Ring Walks (approx.) | | USA and Canada (EST) | Saturday, July 12, 2025 | 06:00 PM | 09:20 PM | | USA and Canada (PT) | Saturday, July 12, 2025 | 03:00 PM | 06:20 PM | | UK and Ireland (GMT) | Saturday, July 12, 2025 | 10:00 PM | 01:20 AM (next day) | | Australia (AEDT) | Sunday, July 13, 2025 | 09:00 AM | 12:20 PM | The UFC on ESPN 70 event takes place on July 12, 2025, at the Bridgestone Arena in Nashville, Tennessee. The event starts at 09:20 PM EST. The main card features Derrick Lewis facing Tallison Teixeira. On the undercard, Stephen Thompson fights Gabriel Bonfim in a welterweight bout. This match consists of three rounds. Please note that the start time may vary depending on how long the earlier fights last. Keep this in mind and check local listings to confirm exact times for your region. Fighters Details Stephen Thompson will face Gabriel Bonfim in a three-round welterweight bout. No titles or belts are on the line. Stephen Thompson - Nationality: United States - Height: 183 cm - Weight: 77.1 kg - Total Fights: 26 - Record: 17 / 8 / 1 Stephen Thompson, known as ""Wonderboy,"" started his professional career in February 1983. He has a record of 17 wins, 8 losses, and 1 draw. His recent loss to Joaquin Buckley by KO highlights concerns about his current form. Buckley's impressive KO against Thompson suggests that Bonfim could exploit similar weaknesses due to shared weight class attributes. Gabriel Bonfim - Nationality: Brazil - Height: 183 cm - Weight: 77.1 kg - Total Fights: 18 - Record: 17 / 1 / 0 Gabriel Bonfim, nicknamed ""Marretinha,"" turned pro less recently but holds an impressive 17-1 record. His victory over Kalinn Williams by technical submission shows his superior grappling skills. This poses a threat to Thompson in their futuristic matchup. How and where to watch the Stephen Thompson vs Gabriel Bonfim Fight You can watch Stephen Thompson vs Gabriel Bonfim via ESPN+. | Region | Live-streaming | | USA | ESPN | If your country is blocked by the streaming services or there simply isn’t any viable options for your country, we only can recommend one solution: using a VPN software to bypass the restrictions. It allows you to change your IP address and appear as if you’re watching the event from another country. So if you live in either the UK, Canada, Australia, New Zealand, India, UAE, Mexico, Spain or any other country and can’t find a working provider to watch the Stephen Thompson vs Gabriel Bonfim fight, use our recommended (and tested) VPN and switch to a location of your choice. Stephen Thompson vs Gabriel Bonfim Fight Card - Derrick Lewis vs Tallison Teixeira - Stephen Thompson vs Gabriel Bonfim - Calvin Kattar vs Steve Garcia - Nate Landwehr vs Morgan Charriere - Vitor Petrino vs Austen Lane - Junior Tafa vs George Tokkos - Max Griffin vs Chris Curtis - Jake Matthews vs Chidi Njokuani - Lauren Murphy vs Eduarda Moura - Kennedy Nzechukwu vs Valter Walker - Mitch Ramirez vs Mike Davis - Fatima Kline vs Melissa Martinez",2025-07-10,https://ringside24.com/en/news/mma/231574-ufc-on-espn-70-thompson-vs-bonfim-date-start-time-fight-card-location
UFC Nashville Co-Main Event Preview and Prediction: Stephen Thompson – Gabriel Bonfim,"UFC Nashville goes down tomorrow night and we will see a very intriguing matchup in the welterweight division. Former title challenger Stephen “Wonderboy” Thompson (17-8-1) will look to defend his spot in the rankings against Gabriel Bonfim (17-1). Starting with Wonderboy, he’s looking to bounce back after back-to-back losses to Shavkat Rakhmonov and Joaquin Buckley. Thompson was winning the Buckley fight in my eyes but he got caught with a huge shot in the third that finished him. That dropped him to just 1-4 in his last five fights. Bonfim earned a UFC contract on The Contender Series back in 2022 and started out 3-0 in side the octagon which made him 15-0. However, that’s when he ran into Nicolas Dalby who stopped him in the second round. Since that loss to Dalby, Bonfim has bounced back well with two straight wins. With a win over Wonderboy, Bonfim would jump into the rankings. This fight is going to come down to the strategy of Bonfim. Wonderboy is an excellent point fighter and I can see him really frustrating Bonfim on the outside from his karate range. If Bonfim is content with trying to have a striking battle with Wonderboy, there’s a clear path to a decision loss for him. However, after flirting with the striking, I think you’ll see Bonfim go to the takedowns which is going to tell the final story at UFC Nashville. I think that Bonfim will be able to get this fight to the ground and do enough on the ground to win a decision over the former title challenger. Prediction: Gabriel Bonfim by Decision More must-reads: Get the latest news and rumors, customized to your favorite sports and teams. Emailed daily. Always free!",2025-07-11,https://www.yardbarker.com/mma/articles/ufc_nashville_co_main_event_preview_and_prediction_stephen_thompson_gabriel_bonfim/s1_15032_42442185
Stephen Thompson vs. Gabriel Bonfim set for UFC Nashville card,"Stephen Thompson is back this summer at UFC Nashville. Headlined by 40-fight heavyweight veteran Derrick Lewis against undefeated Tallison Teixeira, the Fight Night event will also feature the return of former title contender Thompson versus Gabriel Bonfim, the promotion announced Friday morning. Time to prove this old man’s still got it #Redemption https://t.co/Au7seRLF0o — Stephen Thompson (@WonderboyMMA) May 30, 2025 “Wonderboy,” who is 17-8-1 as a professional and 12-8-1 inside the octagon, will attempt to end a two-fight skid against Shavkat Rakhmonov and Joaquin Buckley when he faces the Brazilian. Thompson’s last UFC win happened in December 2022 when he stopped Kevin Holland. “Wonderboy” challenged for UFC gold in 2016 after starting his UFC career with eight wins in nine bouts, but has since won only four of 12. Bonfim, 14 years younger than the American, was victorious in four of his five UFC appearances and rebounded from a big upset loss to Nicolas Dalby in 2023 with back-to-back victories over Ange Loosa and Khaos Williams. A former LFA welterweight champion, “Marretinha” scored first-round chokes in his first three octagon appearances, a Von Flue choke at Dana White’s Contender Series followed by a couple of guillotines against Mounir Lazzez and Trevin Giles in the UFC. Loading comments...",2025-05-30,https://www.mmafighting.com/2025/5/30/24440043/ufc-stephen-thompson-gabriel-bonfim-nashville-card-july
"UFC on ESPN 70: Thompson vs Bonfim - Data, Horário de Início, Card de Lutas, Localização","Stephen ""Wonderboy"" Thompson e Gabriel ""Marretinha"" Bonfim estão prontos para se enfrentar no octógono na Bridgestone Arena, Nashville. Stephen Thompson se tornou profissional há mais de uma década, marcando uma jornada ilustre com 17 vitórias e vitórias notáveis contra adversários difíceis como Jorge Masvidal. No entanto, sua última batalha terminou em uma derrota por KO contra Joaquin Buckley em outubro passado. A carreira de Gabriel Bonfim começou há oito anos, ganhando impulso rapidamente com muitas finalizações técnicas, incluindo uma vitória contra Kalinn Williams em fevereiro passado. Que horas será a luta entre Stephen Thompson e Gabriel Bonfim A cobertura ao vivo para o card principal de Stephen Thompson vs Gabriel Bonfim começará às 06:00 PM EST na ESPN+. Consulte a tabela abaixo para encontrar seu horário local. | Região | Data | Início da transmissão | Stephen Thompson vs Gabriel Bonfim Ring Walks (approx.) | | Angola | Domingo, 13 de Julho de 2025 | 12:00 AM | 03:20 AM | | Brasil | Domingo, 13 de Julho de 2025 | 12:00 AM | 03:20 AM | | Portugal | Sábado, 12 de Julho de 2025 | 11:00 PM | 02:20 AM (dia seguinte) | O evento UFC on ESPN 70 acontece em 12 de julho de 2025, na Bridgestone Arena em Nashville, Tennessee. O evento começa às 09:20 PM EST. O card principal apresenta Derrick Lewis enfrentando Tallison Teixeira. No card preliminar, Stephen Thompson luta contra Gabriel Bonfim em uma luta de peso-welter. Esta luta consiste em três rounds. Observe que o horário de início pode variar dependendo de quanto tempo as lutas anteriores duram. Mantenha isso em mente e verifique as listas locais para confirmar os horários exatos para sua região. Detalhes dos Lutadores Stephen Thompson enfrentará Gabriel Bonfim em uma luta de peso-welter de três rounds. Nenhum título ou cinturão está em jogo. Stephen Thompson - Nacionalidade: Estados Unidos - Altura: 183 cm - Peso: 77.1 kg - Total de Lutas: 26 - Registro: 17 / 8 / 1 Stephen Thompson, conhecido como ""Wonderboy"", começou sua carreira profissional em fevereiro de 1983. Ele possui um registro de 17 vitórias, 8 derrotas e 1 empate. Sua recente derrota para Joaquin Buckley por KO destaca preocupações sobre sua forma atual. O impressionante KO de Buckley contra Thompson sugere que Bonfim pode explorar fraquezas semelhantes devido às características compartilhadas da classe de peso. Gabriel Bonfim - Nacionalidade: Brasil - Altura: 183 cm - Peso: 77.1 kg - Total de Lutas: 18 - Registro: 17 / 1 / 0 Gabriel Bonfim, apelidado de ""Marretinha"", se tornou profissional menos recentemente, mas possui um impressionante registro de 17-1. Sua vitória sobre Kalinn Williams por finalização técnica mostra suas habilidades de grappling superiores. Isso representa uma ameaça para Thompson em seu confronto futurista. Como e onde assistir à luta entre Stephen Thompson e Gabriel Bonfim Você pode assistir Stephen Thompson vs Gabriel Bonfim através da ESPN+. | Região | Transmissão ao Vivo | | USA | ESPN | Se seu país estiver bloqueado pelos serviços de streaming ou se não houver opções viáveis para seu país, só podemos recomendar uma solução: usar um software VPN para contornar as restrições. Isso permite que você altere seu endereço IP e pareça que está assistindo ao evento de outro país. Portanto, se você mora no Reino Unido, Canadá, Austrália, Nova Zelândia, Índia, Emirados Árabes Unidos, México, Espanha ou qualquer outro país e não consegue encontrar um provedor funcionando para assistir à luta entre Stephen Thompson e Gabriel Bonfim, use nossa recomendação (e testada) VPN e mude para uma localização de sua escolha. Card da Luta entre Stephen Thompson e Gabriel Bonfim - Derrick Lewis vs Tallison Teixeira - Stephen Thompson vs Gabriel Bonfim - Calvin Kattar vs Steve Garcia - Nate Landwehr vs Morgan Charriere - Vitor Petrino vs Austen Lane - Junior Tafa vs George Tokkos - Max Griffin vs Chris Curtis - Jake Matthews vs Chidi Njokuani - Lauren Murphy vs Eduarda Moura - Kennedy Nzechukwu vs Valter Walker - Mitch Ramirez vs Mike Davis - Fatima Kline vs Melissa Martinez",2025-07-10,https://ringside24.com/pt/news/mma/231598-ufc-on-espn-70-thompson-vs-bonfim-data-horrio-de-incio-card-de-lutas-localizao
AI Predicts Stephen Thompson vs Gabriel Bonfim: Who Will Win?,"12 Jul Our AI model analyzes a wide range of data to generate a prediction for the upcoming fight between Stephen Thompson and Gabriel Bonfim. This includes statistics, past performance, style, and momentum. Click the button below to reveal the forecast. Disclaimer: This forecast is for informational purposes only and does not constitute betting advice or a recommendation. No responsibility is taken for any decisions based on this content. The Tale of the Tape data is compiled from publicly available information on Sherdog | Stephen Thompson | Gabriel Bonfim | |---|---| | USA | Brazil | | 17 - 8 - 1 (8 KOs) | 17 - 1 - 0 (3 KOs) | | welterweight (170 lbs / 77,1 kg) | welterweight (170 lbs / 77,1 kg) | | Age | | | Wins | | | Losses | | | Anthropometry | | The scheduled 3-round welterweight bout will take place on July 12, 2025. The full fight night schedule, including local start times for various countries, is listed below. Check the schedule to see when the event begins in your region. The fight night will start on Saturday, July 12 at 6:00 PM ET (New York time). The fight night will start on Saturday, July 12 at 3:00 PM PT (Los Angeles time). The fight night will start on Saturday, July 12 at 6:00 PM ET (Toronto time). The fight night will start on Saturday, July 12 at 11:00 PM BST (London time). The fight night will start on Sunday, July 13 at 12:00 AM SAST (Johannesburg time). The fight night will start on Sunday, July 13 at 6:00 AM PHT (Manila time). The fight night will start on Sunday, July 13 at 8:00 AM AEST (Sydney time). The fight night will start on Sunday, July 13 at 10:00 AM NZST (Wellington time). Note that the main event ring walk typically takes place about 1 to 1.5 hours after the main card begins. If you're mainly interested in the headline bout, there’s still some time — but it’s always worth watching the full card. You can stream the Thompson vs Bonfim fight via ESPN+. The fight will be held at the Bridgestone Arena in Nashville, Tennessee, USA. Full Fight card for Stephen Thompson vs Gabriel Bonfim: Fight card subject to change | Division | Fighter #1 | Fighter #2 | Notes | |---|---|---|---| | heavyweight (265 lbs) | Derrick Lewis (28 - 12 - 0) | Tallison Teixeira (8 - 0 - 0) | | | welterweight (170 lbs) | Stephen Thompson (17 - 8 - 1) | Gabriel Bonfim (17 - 1 - 0) | | | featherweight (145 lbs) | Calvin Kattar (23 - 9 - 0) | Steve Garcia (17 - 5 - 0) | | | featherweight (145 lbs) | Nate Landwehr (18 - 6 - 0) | Morgan Charriere (20 - 11 - 1) | | | heavyweight (265 lbs) | Vitor Petrino (11 - 2 - 0) | Austen Lane (13 - 6 - 0) | | | light heavyweight (205 lbs) | Junior Tafa (6 - 3 - 0) | George Tokkos (10 - 5 - 0) | | | welterweight (170 lbs) | Max Griffin (20 - 11 - 0) | Chris Curtis (31 - 12 - 0) | | | welterweight (170 lbs) | Jake Matthews (21 - 7 - 0) | Chidi Njokuani (25 - 10 - 0) | | | flyweight (125 lbs) | Lauren Murphy (16 - 6 - 0) | Eduarda Moura (11 - 1 - 0) | | | heavyweight (265 lbs) | Kennedy Nzechukwu (14 - 5 - 0) | Valter Walker (13 - 1 - 0) | | | lightweight (155 lbs) | Mitch Ramirez (8 - 2 - 0) | Mike Davis (11 - 3 - 0) | | | strawweight (115 lbs) | Fatima Kline (7 - 1 - 0) | Melissa Martinez (8 - 1 - 0) | On July 12, 2025, UFC on ESPN 70 will take place at Bridgestone Arena in Nashville, featuring a welterweight clash between Stephen “Wonderboy” Thompson and Gabriel Bonfim. Stephen Thompson, a veteran of the division at 42 years old, carries a professional record of 17 wins, 8 losses, and 1 draw. Known for his striking and movement, Thompson’s last fight ended in a knockout loss to Joaquin Buckley in October 2024. Despite his recent setback and a long layoff, Thompson’s experience and technical skills remain a major factor. Gabriel Bonfim, the younger challenger at 27, brings a strong record of 17-1. He is coming off a submission win against Khaos Williams earlier this year and is known for his grappling and relentless pressure. Bonfim’s fighting style contrasts with Thompson’s striking, making for an intriguing matchup. This fight is a test for both men — Thompson aiming to prove he still belongs at the top, and Bonfim looking to continue his rise with a high-profile victory. The combination of Thompson’s precision striking and Bonfim’s grappling threat offers a compelling showdown worth following closely.",2025-07-12,https://boxing-schedule.com/mma/thompson-vs-bonfim/prediction/
Stephen Thompson vs Gabriel Bonfim at UFC Nashville 12.07.25 - Bout Stats MMA Fighter,Stephen Thompson - Gabriel Bonfim Stephen Thompson Thompson UFC #12 WW - Age 42 - Reach 75 cm 191 cm - Height 72 cm 183 cm - Leg Reach 42 cm 107 cm - Last Weigh-In 171 lbs 78 kg Gabriel Bonfim Bonfim - Age 27 - Reach 72.8 cm 185 cm - Height 72.8 cm 185 cm - Leg Reach 40.5 cm 103 cm - Last Weigh-In 170.5 lbs 77 kg Other Bouts UFC Nashville - Derrick Lewis28 - 12 - 0 1 NC11:30 PM ET • 5 x 5Heavyweight Bout 265 lbsTalisson Teixeira8 - 0 - 0 - Calvin Kattar23 - 9 - 010:30 PM ET • 3 x 5Featherweight Bout 145 lbsSteve Garcia17 - 5 - 0 - Nate Landwehr18 - 6 - 010:00 PM ET • 3 x 5Featherweight Bout 145 lbsMorgan Charriere20 - 11 - 1 - Vitor Petrino11 - 2 - 09:30 PM ET • 3 x 5Heavyweight Bout 265 lbsAusten Lane13 - 6 - 0 1 NC - Junior Tafa6 - 3 - 09:00 PM ET • 3 x 5Light Heavyweight Bout 205 lbsTuco Tokkos10 - 5 - 0 - Chris Curtis31 - 12 - 0 1 NC8:05 PM ET • 3 x 5Welterweight Bout 170 lbsMax Griffin20 - 11 - 0 - Jake Matthews21 - 7 - 07:40 PM ET • 3 x 5Welterweight Bout 170 lbsChidi Njokuani25 - 10 - 0 1 NC - Lauren Murphy16 - 6 - 07:15 PM ET • 3 x 5Flyweight Bout 125 lbsEduarda Moura11 - 1 - 0 - Kennedy Nzechukwu14 - 5 - 06:50 PM ET • 3 x 5Heavyweight Bout 265 lbsValter Walker13 - 1 - 0 - Mike Davis11 - 3 - 06:25 PM ET • 3 x 5Lightweight Bout 155 lbsMitch Ramirez8 - 2 - 0 - Fatima Kline7 - 1 - 06:00 PM ET • 3 x 5Strawweight Bout 115 lbsMelissa Martinez8 - 1 - 0,2025-07-12,https://gidstats.com/events/ufc_fight_night-2437/stephen_thompson_vs_gabriel_bonfim.html
"UFC on ESPN 70: Thompson vs Bonfim - Datum, Startzeit, Kampfkarte, Ort","Stephen ""Wonderboy"" Thompson und Gabriel ""Marretinha"" Bonfim werden sich in der Bridgestone Arena in Nashville im Achteck gegenüberstehen. Stephen Thompson wurde vor über einem Jahrzehnt Profi und hat mit 17 Siegen und bemerkenswerten Siegen gegen harte Gegner wie Jorge Masvidal eine glänzende Karriere hingelegt. Sein letzter Kampf endete jedoch mit einer KO-Niederlage gegen Joaquin Buckley im vergangenen Oktober. Gabriel Bonfims Karriere begann vor acht Jahren und gewann schnell an Fahrt mit vielen technischen Submissionen, darunter ein Sieg gegen Kalinn Williams im Februar dieses Jahres. Wann findet der Kampf Stephen Thompson gegen Gabriel Bonfim statt? Die Live-Übertragung des Hauptkampfes Stephen Thompson vs. Gabriel Bonfim beginnt um 18:00 Uhr EST auf ESPN+. In der untenstehenden Tabelle finden Sie Ihre lokale Zeit. | Region | Datum | Sendebeginn | Stephen Thompson gegen Gabriel Bonfim Ring Walks (approx.) | | Schweiz | Sonntag, 13. Juli 2025 | 12:00 vorm. | 03:20 vorm. | | Österreich | Sonntag, 13. Juli 2025 | 12:00 vorm. | 03:20 vorm. | | Deutschland | Sonntag, 13. Juli 2025 | 12:00 vorm. | 03:20 vorm. | Die Veranstaltung UFC on ESPN 70 findet am 12. Juli 2025 in der Bridgestone Arena in Nashville, Tennessee, statt. Die Veranstaltung beginnt um 09:20 PM EST. Auf der Hauptkarte steht Derrick Lewis gegen Tallison Teixeira. Auf der Undercard kämpft Stephen Thompson im Weltergewicht gegen Gabriel Bonfim. Dieser Kampf geht über drei Runden. Bitte beachten Sie, dass die Startzeit je nach Dauer der früheren Kämpfe variieren kann. Bitte beachten Sie dies und informieren Sie sich über die genauen Uhrzeiten in Ihrer Region. Details zu den Kämpfern Stephen Thompson wird in einem dreirundigen Weltergewichtskampf auf Gabriel Bonfim treffen. Es stehen keine Titel oder Gürtel auf dem Spiel. Stephen Thompson - Nationalität: Vereinigte Staaten - Größe: 183 cm - Gewicht: 77,1 kg - Kämpfe insgesamt: 26 - Bilanz: 17 / 8 / 1 Stephen Thompson, bekannt als ""Wonderboy"", begann seine Profikarriere im Februar 1983. Er hat eine Bilanz von 17 Siegen, 8 Niederlagen und 1 Unentschieden. Seine jüngste KO-Niederlage gegen Joaquin Buckley lässt Zweifel an seiner derzeitigen Form aufkommen. Buckleys beeindruckender KO-Sieg gegen Thompson deutet darauf hin, dass Bonfim ähnliche Schwächen aufgrund gemeinsamer Gewichtsklassenmerkmale ausnutzen könnte. Gabriel Bonfim - Nationalität: Brasilien - Größe: 183 cm - Gewicht: 77,1 kg - Kämpfe insgesamt: 18 - Bilanz: 17 / 1 / 0 Gabriel Bonfim, der den Spitznamen ""Marretinha"" trägt, ist erst seit kurzem Profi, hat aber eine beeindruckende Bilanz von 17-1. Sein Sieg über Kalinn Williams durch technische Unterwerfung zeigt seine überlegenen Grappling-Fähigkeiten. Dies stellt eine Bedrohung für Thompson in ihrem futuristischen Kampf dar. Wie und wo kann man den Kampf Stephen Thompson gegen Gabriel Bonfim sehen? Sie können Stephen Thompson vs Gabriel Bonfim über ESPN+ sehen. | Region | Live-Streaming | | USA | ESPN | Wenn Ihr Land von den Streaming-Diensten blockiert wird oder es einfach keine praktikablen Optionen für Ihr Land gibt, können wir nur eine Lösung empfehlen: die Verwendung einer VPN-Software, um die Einschränkungen zu umgehen. Sie ermöglicht es Ihnen, Ihre IP-Adresse zu ändern und so zu tun, als ob Sie das Ereignis von einem anderen Land aus verfolgen würden. Wenn Sie also in Großbritannien, Kanada, Australien, Neuseeland, Indien, den Vereinigten Arabischen Emiraten, Mexiko, Spanien oder einem anderen Land leben und keinen funktionierenden Anbieter finden können, um den Kampf Stephen Thompson gegen Gabriel Bonfim zu sehen, verwenden Sie unseren empfohlenen (und getesteten) VPN und wechseln Sie zu einem Standort Ihrer Wahl. Stephen Thompson vs Gabriel Bonfim Kampfübersicht - Derrick Lewis vs. Tallison Teixeira - Stephen Thompson vs Gabriel Bonfim - Calvin Kattar gegen Steve Garcia - Nate Landwehr gegen Morgan Charriere - Vitor Petrino gegen Austen Lane - Junior Tafa gegen George Tokkos - Max Griffin gegen Chris Curtis - Jake Matthews gegen Chidi Njokuani - Lauren Murphy gegen Eduarda Moura - Kennedy Nzechukwu gegen Valter Walker - Mitch Ramirez gegen Mike Davis - Fatima Kline gegen Melissa Martinez",2025-07-10,https://ringside24.com/de/news/mma/231599-ufc-on-espn-70-thompson-vs-bonfim-datum-startzeit-kampfkarte-ort
"UFC op ESPN 70: Thompson vs Bonfim - Datum, Starttijd, Gevechtskaart, Locatie","Stephen ""Wonderboy"" Thompson en Gabriel ""Marretinha"" Bonfim staan klaar om elkaar te ontmoeten in de octagon in de Bridgestone Arena, Nashville. Stephen Thompson werd meer dan tien jaar geleden professioneel, met een indrukwekkende carrière met 17 overwinningen en opmerkelijke overwinningen tegen sterke tegenstanders zoals Jorge Masvidal. Toch eindigde zijn laatste gevecht in een KO-nederlaag tegen Joaquin Buckley afgelopen oktober. Gabriel Bonfim's carrière begon acht jaar geleden en hij heeft snel momentum opgebouwd met veel technische submissies, waaronder een overwinning op Kalinn Williams deze februari. Hoe laat is het gevecht tussen Stephen Thompson en Gabriel Bonfim De live-uitzending van de hoofdkaart van Stephen Thompson vs Gabriel Bonfim begint om 06:00 PM EST op ESPN+. Raadpleeg de onderstaande tabel om je lokale tijd te vinden. | Regio | Datum | Begin uitzending | Stephen Thompson vs Gabriel Bonfim Ring Walks (approx.) | | België | zondag, 13 juli 2025 | 12:00 AM | 03:20 AM | | Nederland | zondag, 13 juli 2025 | 12:00 AM | 03:20 AM | Het UFC op ESPN 70 evenement vindt plaats op 12 juli 2025 in de Bridgestone Arena in Nashville, Tennessee. Het evenement begint om 09:20 PM EST. De hoofdkaart bevat Derrick Lewis die het opneemt tegen Tallison Teixeira. Op de onderkaart vecht Stephen Thompson tegen Gabriel Bonfim in een weltergewichtstrijd. Deze wedstrijd bestaat uit drie rondes. Houd er rekening mee dat de starttijd kan variëren, afhankelijk van hoe lang de eerdere gevechten duren. Houd hier rekening mee en controleer lokale lijsten om exacte tijden voor jouw regio te bevestigen. Gegevens van de vechters Stephen Thompson zal Gabriel Bonfim ontmoeten in een drie-rondige weltergewichtwedstrijd. Er zijn geen titels of banden op het spel. Stephen Thompson - Nationaliteit: Verenigde Staten - Lengte: 183 cm - Gewicht: 77.1 kg - Totaal aantal gevechten: 26 - Record: 17 / 8 / 1 Stephen Thompson, bekend als ""Wonderboy,"" begon zijn professionele carrière in februari 1983. Hij heeft een record van 17 overwinningen, 8 nederlagen en 1 gelijkspel. Zijn recente nederlaag tegen Joaquin Buckley door KO benadrukt zorgen over zijn huidige vorm. Buckley's indrukwekkende KO tegen Thompson suggereert dat Bonfim soortgelijke zwaktes kan benutten vanwege de gedeelde gewichtsklasse. Gabriel Bonfim - Nationaliteit: Brazilië - Lengte: 183 cm - Gewicht: 77.1 kg - Totaal aantal gevechten: 18 - Record: 17 / 1 / 0 Gabriel Bonfim, bijgenaamd ""Marretinha,"" werd minder recent professioneel maar heeft een indrukwekkend record van 17-1. Zijn overwinning op Kalinn Williams door technische submissie toont zijn superieure grapplingvaardigheden. Dit vormt een bedreiging voor Thompson in hun toekomstige wedstrijd. Hoe en waar je het gevecht tussen Stephen Thompson en Gabriel Bonfim kunt kijken Je kunt Stephen Thompson vs Gabriel Bonfim bekijken via ESPN+. | Regio | Live-streaming | | VS | ESPN | Als jouw land geblokkeerd is door de streamingdiensten of er simpelweg geen levensvatbare opties voor jouw land zijn, kunnen we slechts één oplossing aanbevelen: het gebruik van VPN-software om de beperkingen te omzeilen. Het stelt je in staat om je IP-adres te veranderen en te lijken alsof je het evenement vanuit een ander land bekijkt. Dus als je in het VK, Canada, Australië, Nieuw-Zeeland, India, VAE, Mexico, Spanje of een ander land woont en geen werkende provider kunt vinden om het gevecht tussen Stephen Thompson en Gabriel Bonfim te bekijken, gebruik onze aanbevolen (en getest) VPN en schakel over naar een locatie naar keuze. Gevechtskaart van Stephen Thompson vs Gabriel Bonfim - Derrick Lewis vs Tallison Teixeira - Stephen Thompson vs Gabriel Bonfim - Calvin Kattar vs Steve Garcia - Nate Landwehr vs Morgan Charriere - Vitor Petrino vs Austen Lane - Junior Tafa vs George Tokkos - Max Griffin vs Chris Curtis - Jake Matthews vs Chidi Njokuani - Lauren Murphy vs Eduarda Moura - Kennedy Nzechukwu vs Valter Walker - Mitch Ramirez vs Mike Davis - Fatima Kline vs Melissa Martinez",2025-07-10,https://ringside24.com/nl/news/mma/231597-ufc-op-espn-70-thompson-vs-bonfim-datum-starttijd-gevechtskaart-locatie
"UFC en ESPN 70: Thompson vs Bonfim - Fecha, Hora de inicio, Cartelera, Ubicación","Stephen ""Wonderboy"" Thompson y Gabriel ""Marretinha"" Bonfim están listos para enfrentarse en el octágono en el Bridgestone Arena, Nashville. Stephen Thompson se volvió profesional hace más de una década, marcando un ilustre camino con 17 victorias y notables triunfos contra adversarios difíciles como Jorge Masvidal. Sin embargo, su última batalla terminó en una derrota por KO ante Joaquin Buckley el octubre pasado. La carrera de Gabriel Bonfim comenzó hace ocho años, añadiendo impulso rápidamente con numerosas sumisiones técnicas, incluyendo una victoria sobre Kalinn Williams este febrero. ¿A qué hora es la pelea de Stephen Thompson vs Gabriel Bonfim? La cobertura en vivo para la cartelera principal de Stephen Thompson vs Gabriel Bonfim comenzará a las 06:00 PM EST en ESPN+. Consulte la tabla a continuación para encontrar su hora local. | Región | Fecha | Inicio de la transmisión | Stephen Thompson vs Gabriel Bonfim Ring Walks (approx.) | | España | Domingo, 13 de Julio de 2025 | 12:00 AM | 03:20 AM | | Argentina | Sábado, 12 de Julio de 2025 | 07:00 PM | 10:20 PM | | México | Sábado, 12 de Julio de 2025 | 04:00 PM | 07:20 PM | | Estados Unidos | Sábado, 12 de Julio de 2025 | 06:00 PM | 09:20 PM | El evento UFC en ESPN 70 se llevará a cabo el 12 de julio de 2025 en el Bridgestone Arena en Nashville, Tennessee. El evento comienza a las 09:20 PM EST. La cartelera principal presenta a Derrick Lewis enfrentándose a Tallison Teixeira. En la cartelera preliminar, Stephen Thompson pelea contra Gabriel Bonfim en un combate de welter. Este combate consiste en tres asaltos. Tenga en cuenta que la hora de inicio puede variar dependiendo de cuánto duren las peleas anteriores. Tenga esto en cuenta y consulte las listas locales para confirmar los horarios exactos para su región. Detalles de los peleadores Stephen Thompson se enfrentará a Gabriel Bonfim en un combate de welter de tres asaltos. No hay títulos ni cinturones en juego. Stephen Thompson - Nacionalidad: Estados Unidos - Altura: 183 cm - Peso: 77.1 kg - Total de peleas: 26 - Récord: 17 / 8 / 1 Stephen Thompson, conocido como ""Wonderboy"", comenzó su carrera profesional en febrero de 1983. Tiene un récord de 17 victorias, 8 derrotas y 1 empate. Su reciente derrota ante Joaquin Buckley por KO resalta preocupaciones sobre su forma actual. El impresionante KO de Buckley contra Thompson sugiere que Bonfim podría explotar debilidades similares debido a las características compartidas de su categoría de peso. Gabriel Bonfim - Nacionalidad: Brasil - Altura: 183 cm - Peso: 77.1 kg - Total de peleas: 18 - Récord: 17 / 1 / 0 Gabriel Bonfim, apodado ""Marretinha"", se volvió profesional hace menos tiempo pero tiene un impresionante récord de 17-1. Su victoria sobre Kalinn Williams por sumisión técnica muestra sus superiores habilidades de grappling. Esto representa una amenaza para Thompson en su enfrentamiento futuro. Cómo y dónde ver la pelea de Stephen Thompson vs Gabriel Bonfim Puede ver Stephen Thompson vs Gabriel Bonfim a través de ESPN+. | Región | Transmisión en vivo | | USA | ESPN | Si su país está bloqueado por los servicios de transmisión o simplemente no hay opciones viables para su país, solo podemos recomendar una solución: usar un software VPN para eludir las restricciones. Esto le permite cambiar su dirección IP y aparecer como si estuviera viendo el evento desde otro país. Así que si vive en el Reino Unido, Canadá, Australia, Nueva Zelanda, India, UAE, México, España o cualquier otro país y no encuentra un proveedor que funcione para ver la pelea de Stephen Thompson vs Gabriel Bonfim, use nuestro VPN recomendado (y probado) y cambie a una ubicación de su elección. Cartelera de la pelea Stephen Thompson vs Gabriel Bonfim - Derrick Lewis vs Tallison Teixeira - Stephen Thompson vs Gabriel Bonfim - Calvin Kattar vs Steve Garcia - Nate Landwehr vs Morgan Charriere - Vitor Petrino vs Austen Lane - Junior Tafa vs George Tokkos - Max Griffin vs Chris Curtis - Jake Matthews vs Chidi Njokuani - Lauren Murphy vs Eduarda Moura - Kennedy Nzechukwu vs Valter Walker - Mitch Ramirez vs Mike Davis - Fatima Kline vs Melissa Martinez",2025-07-10,https://ringside24.com/es/news/mma/231600-ufc-en-espn-70-thompson-vs-bonfim-fecha-hora-de-inicio-cartelera-ubicacin
UFC Nashville staff picks include Tallison Teixeira to beat Derrick Lewis and more predictions,"A clash of behemoths takes over Nashville as the UFC has booked Tallison Teixeira vs Derrick Lewis in the main event of their upcoming event. Derrick Lewis and Tallison Teixeira are headlining an intriguing card, booked just one week away from UFC 318, in Nashville, Tennessee. The UFC’s all-time knockout record holder will battle one of the biggest men in the UFC today, in what should be a titanic clash of epic proportions for fans to enjoy. Ahead of UFC Nashville, the experts at Bloody Elbow have made their staff picks for the two main event fights, as well as the Performance of the Night and the Fight of the Night. Derrick Lewis vs Tallison Teixeira predictions - Jordan Ellis – Tallison Teixeira - Kyle Dimond – Tallison Teixeira - James Sweetnam – Tallison Teixeira - Ross Markey – Tallison Teixeira The Bloody Elbow experts have made their staff picks for the upcoming UFC Nashville main event, and have unanimously chosen Teixeira to take home the win against a veteran of the octagon in Lewis. The undefeated Brazilian has only had one fight in the UFC so far, but it was an impressive one. Teixeira landed a 35-second knockout to overcome Justin Tafa at UFC 312, and will hope to do similar here in Nashville. However, it won’t be easy. Lewis has 23 knockout wins so far in his MMA career, although he has been very susceptible to defeat in the last few years. Of Lewis’s seven career losses, five have come in the last four years, showing that his best years are behind him. The fight with Teixeira could be a bout too far, and the experts fully expect the six-foot-seven-inch Brazilian to win this fight at UFC Nashville. Stephen Thompson vs Gabriel Bonfim predictions - Jordan Ellis – Stephen Thompson - Kyle Dimond – Stephen Thompson - James Sweetnam – Stephen Thompson - Ross Markey – Stephen Thompson The co-main event of UFC Nashville also has a clear favorite, as the Bloody Elbow experts all back Stephen Thompson to pick up the victory. While ‘Wonderboy’ may be in the last years of his career, the Karate master is still a force to be reckoned with. As one of the UFC’s oldest fighters at 42 years old, he will be looking towards retirement sooner rather than later after losing four of his last five bouts. However, Thompson’s losses have all come against top fighters in the division, and he even knocked out Kevin Holland in December 2022. Whether Gabriel Bonfim is a top talent or not has yet to be decided. While he has an impressive 17-1 record, he has not faced any big names in the UFC yet, with Thompson being his toughest test yet. UFC Nashville Fight of the Night - Jordan Ellis – Nate Landwehr vs Morgan Charriere - Kyle Dimond – Nate Landwehr vs Morgan Charriere - James Sweetnam – Junior Tafa vs Tuco Tokkos - Ross Markey – Nate Landwehr vs Morgan Charriere Three of the experts are looking forward to seeing Nate Landwehr vs Morgan Charriere, an undercard Featherweight fight which could be impressive in Nashville on Saturday. The two former champions have both earned numerous bonuses in the past for their exciting styles, giving this fight the chance to impress on an already exciting card. “The Last Pirate’s” last four wins have come via knockout, while Landwehr has only gone all three rounds once in his last four fights. However, James thinks that Junior Tafa against Tuco Tokkos has the potential to earn the Fight of the Night Bonus. Tafa is looking to improve on his mixed 2-3 record in the UFC so far, after picking up a win against Sean Sharaf to bounce back from two losses in a row. Meanwhile, his opponent is still searching for his first UFC win after failing to impress in his first two fights. This could be the last chance saloon for Tokkos, giving both men big motivation to give it their all in their fight. UFC Nashville Performance of the Night - Jordan Ellis – Vitor Petrino - Kyle Dimond – Steve Garcia - James Sweetnam – Vitor Petrino - Ross Markey – Steve Garcia The experts are split on who will pick up the Performance of the Night bonus, with two men in the running for the $50,000 bonus. Steve Garcia is backed by Kyle and Ross to impress in his Featherweight contest against Calvin Kattar on the main card. He is coming off five victories in a row, which included two performance of the night bonuses for epic first-round KO victories. His opponent has lost his last four fights, making the result of this fight seem more like a formality. He should easily dispatch Kattar and earn the Performance of the Night bonus if he can keep up his recent form. Meanwhile, both Jordan and James think that Vitor Petrino will finish Dejuan Lane to earn himself the cash prize for the best performance at UFC Nashville. The Brazilian started his UFC career well, but suffered back-to-back defeats in recent fights and will hope to bounce back convincingly against Dejuan Lane. He was knocked out by Mario Pinto back in March and could suffer the same fate at the hands of Petrino at UFC Nashville.",2025-07-11,https://bloodyelbow.com/2025/07/11/ufc-nashville-staff-picks-include-tallison-teixeira-to-beat-derrick-lewis-and-more-predictions/
UFC Fight Night: Lewis vs. Teixeira,"""Wonderboy"" ""Marretinha"" | Stephen Thompson | Gabriel Bonfim | | |---|---|---| | Tale of the tape | || | Wins/Losses/Draws | 17-8-1 | 17-1-0 | | Average Fight Time | 14:30 | 6:48 | | Height | 6' 0"" | 6' 1"" | | Weight | 170 lbs. | 170 lbs. | | Reach | 75"" | 72"" | | Stance | Orthodox | Orthodox | | DOB | Feb 11, 1983 | Aug 20, 1997 | | Striking (Significant Strikes) | || | Strikes Landed per Min. (SLpM) | 4.11 | 5.22 | | Striking Accuracy | 46% | 43% | | Strikes Absorbed per Min. (SApM) | 3.02 | 3.80 | | Defense | 55% | 65% | | Grappling | || | Takedowns Average/15 min. | 0.25 | 3.68 | | Takedown Accuracy | 41% | 76% | | Takedown Defense | 63% | 73% | | Submission Average/15 min. | 0.0 | 2.2 | | Most recent fights (Newest First) | || | Loss - Buckley | Win - Williams | | | Loss - Rakhmonov | Win - Loosa | | | Win - Holland | Loss - Dalby | | | Loss - Muhammad | Win - Giles | | | Loss - Burns | Win - Lazzez |",1997-08-20,http://ufcstats.com/fight-details/2a03bc4c491b4c9a
"UFC on ESPN 70: Thompson vs Bonfim - Date, Start time, Fight Card, Location","Stephen ""Wonderboy"" Thompson and Gabriel ""Marretinha"" Bonfim are set to face off in the octagon at the Bridgestone Arena, Nashville. Stephen Thompson turned pro over a decade back, marking an illustrious journey with 17 wins and notable victories against tough adversaries like Jorge Masvidal. Yet, his latest battle ended in a KO loss against Joaquin Buckley last October. Gabriel Bonfim's career began eight years ago, adding momentum quickly with technical submissions aplenty, including a win against Kalinn Williams this February. What time is Stephen Thompson vs Gabriel Bonfim fight Live coverage for the Stephen Thompson vs Gabriel Bonfim main card will start at 06:00 PM EST on ESPN+. Refer to the table below to find your local time. | Region | Date | Main Card Start Time | Stephen Thompson vs Gabriel Bonfim Ring Walks (approx.) | | USA and Canada (EST) | Saturday, July 12, 2025 | 06:00 PM | 09:20 PM | | USA and Canada (PT) | Saturday, July 12, 2025 | 03:00 PM | 06:20 PM | | UK and Ireland (GMT) | Saturday, July 12, 2025 | 10:00 PM | 01:20 AM (next day) | | Australia (AEDT) | Sunday, July 13, 2025 | 09:00 AM | 12:20 PM | The UFC on ESPN 70 event takes place on July 12, 2025, at the Bridgestone Arena in Nashville, Tennessee. The event starts at 09:20 PM EST. The main card features Derrick Lewis facing Tallison Teixeira. On the undercard, Stephen Thompson fights Gabriel Bonfim in a welterweight bout. This match consists of three rounds. Please note that the start time may vary depending on how long the earlier fights last. Keep this in mind and check local listings to confirm exact times for your region. Fighters Details Stephen Thompson will face Gabriel Bonfim in a three-round welterweight bout. No titles or belts are on the line. Stephen Thompson - Nationality: United States - Height: 183 cm - Weight: 77.1 kg - Total Fights: 26 - Record: 17 / 8 / 1 Stephen Thompson, known as ""Wonderboy,"" started his professional career in February 1983. He has a record of 17 wins, 8 losses, and 1 draw. His recent loss to Joaquin Buckley by KO highlights concerns about his current form. Buckley's impressive KO against Thompson suggests that Bonfim could exploit similar weaknesses due to shared weight class attributes. Gabriel Bonfim - Nationality: Brazil - Height: 183 cm - Weight: 77.1 kg - Total Fights: 18 - Record: 17 / 1 / 0 Gabriel Bonfim, nicknamed ""Marretinha,"" turned pro less recently but holds an impressive 17-1 record. His victory over Kalinn Williams by technical submission shows his superior grappling skills. This poses a threat to Thompson in their futuristic matchup. How and where to watch the Stephen Thompson vs Gabriel Bonfim Fight You can watch Stephen Thompson vs Gabriel Bonfim via ESPN+. | Region | Live-streaming | | USA | ESPN | If your country is blocked by the streaming services or there simply isn’t any viable options for your country, we only can recommend one solution: using a VPN software to bypass the restrictions. It allows you to change your IP address and appear as if you’re watching the event from another country. So if you live in either the UK, Canada, Australia, New Zealand, India, UAE, Mexico, Spain or any other country and can’t find a working provider to watch the Stephen Thompson vs Gabriel Bonfim fight, use our recommended (and tested) VPN and switch to a location of your choice. Stephen Thompson vs Gabriel Bonfim Fight Card - Derrick Lewis vs Tallison Teixeira - Stephen Thompson vs Gabriel Bonfim - Calvin Kattar vs Steve Garcia - Nate Landwehr vs Morgan Charriere - Vitor Petrino vs Austen Lane - Junior Tafa vs George Tokkos - Max Griffin vs Chris Curtis - Jake Matthews vs Chidi Njokuani - Lauren Murphy vs Eduarda Moura - Kennedy Nzechukwu vs Valter Walker - Mitch Ramirez vs Mike Davis - Fatima Kline vs Melissa Martinez",2025-07-10,https://ringside24.com/en/news/mma/231574-ufc-on-espn-70-thompson-vs-bonfim-date-start-time-fight-card-location
UFC Nashville Co-Main Event Preview and Prediction: Stephen Thompson – Gabriel Bonfim,"UFC Nashville goes down tomorrow night and we will see a very intriguing matchup in the welterweight division. Former title challenger Stephen “Wonderboy” Thompson (17-8-1) will look to defend his spot in the rankings against Gabriel Bonfim (17-1). Starting with Wonderboy, he’s looking to bounce back after back-to-back losses to Shavkat Rakhmonov and Joaquin Buckley. Thompson was winning the Buckley fight in my eyes but he got caught with a huge shot in the third that finished him. That dropped him to just 1-4 in his last five fights. Bonfim earned a UFC contract on The Contender Series back in 2022 and started out 3-0 in side the octagon which made him 15-0. However, that’s when he ran into Nicolas Dalby who stopped him in the second round. Since that loss to Dalby, Bonfim has bounced back well with two straight wins. With a win over Wonderboy, Bonfim would jump into the rankings. This fight is going to come down to the strategy of Bonfim. Wonderboy is an excellent point fighter and I can see him really frustrating Bonfim on the outside from his karate range. If Bonfim is content with trying to have a striking battle with Wonderboy, there’s a clear path to a decision loss for him. However, after flirting with the striking, I think you’ll see Bonfim go to the takedowns which is going to tell the final story at UFC Nashville. I think that Bonfim will be able to get this fight to the ground and do enough on the ground to win a decision over the former title challenger. Prediction: Gabriel Bonfim by Decision More must-reads: Get the latest news and rumors, customized to your favorite sports and teams. Emailed daily. Always free!",2025-07-11,https://www.yardbarker.com/mma/articles/ufc_nashville_co_main_event_preview_and_prediction_stephen_thompson_gabriel_bonfim/s1_15032_42442185
Stephen Thompson vs. Gabriel Bonfim set for UFC Nashville card,"Stephen Thompson is back this summer at UFC Nashville. Headlined by 40-fight heavyweight veteran Derrick Lewis against undefeated Tallison Teixeira, the Fight Night event will also feature the return of former title contender Thompson versus Gabriel Bonfim, the promotion announced Friday morning. Time to prove this old man’s still got it #Redemption https://t.co/Au7seRLF0o — Stephen Thompson (@WonderboyMMA) May 30, 2025 “Wonderboy,” who is 17-8-1 as a professional and 12-8-1 inside the octagon, will attempt to end a two-fight skid against Shavkat Rakhmonov and Joaquin Buckley when he faces the Brazilian. Thompson’s last UFC win happened in December 2022 when he stopped Kevin Holland. “Wonderboy” challenged for UFC gold in 2016 after starting his UFC career with eight wins in nine bouts, but has since won only four of 12. Bonfim, 14 years younger than the American, was victorious in four of his five UFC appearances and rebounded from a big upset loss to Nicolas Dalby in 2023 with back-to-back victories over Ange Loosa and Khaos Williams. A former LFA welterweight champion, “Marretinha” scored first-round chokes in his first three octagon appearances, a Von Flue choke at Dana White’s Contender Series followed by a couple of guillotines against Mounir Lazzez and Trevin Giles in the UFC. Loading comments...",2025-05-30,https://www.mmafighting.com/2025/5/30/24440043/ufc-stephen-thompson-gabriel-bonfim-nashville-card-july
"UFC on ESPN 70: Thompson vs Bonfim - Data, Horário de Início, Card de Lutas, Localização","Stephen ""Wonderboy"" Thompson e Gabriel ""Marretinha"" Bonfim estão prontos para se enfrentar no octógono na Bridgestone Arena, Nashville. Stephen Thompson se tornou profissional há mais de uma década, marcando uma jornada ilustre com 17 vitórias e vitórias notáveis contra adversários difíceis como Jorge Masvidal. No entanto, sua última batalha terminou em uma derrota por KO contra Joaquin Buckley em outubro passado. A carreira de Gabriel Bonfim começou há oito anos, ganhando impulso rapidamente com muitas finalizações técnicas, incluindo uma vitória contra Kalinn Williams em fevereiro passado. Que horas será a luta entre Stephen Thompson e Gabriel Bonfim A cobertura ao vivo para o card principal de Stephen Thompson vs Gabriel Bonfim começará às 06:00 PM EST na ESPN+. Consulte a tabela abaixo para encontrar seu horário local. | Região | Data | Início da transmissão | Stephen Thompson vs Gabriel Bonfim Ring Walks (approx.) | | Angola | Domingo, 13 de Julho de 2025 | 12:00 AM | 03:20 AM | | Brasil | Domingo, 13 de Julho de 2025 | 12:00 AM | 03:20 AM | | Portugal | Sábado, 12 de Julho de 2025 | 11:00 PM | 02:20 AM (dia seguinte) | O evento UFC on ESPN 70 acontece em 12 de julho de 2025, na Bridgestone Arena em Nashville, Tennessee. O evento começa às 09:20 PM EST. O card principal apresenta Derrick Lewis enfrentando Tallison Teixeira. No card preliminar, Stephen Thompson luta contra Gabriel Bonfim em uma luta de peso-welter. Esta luta consiste em três rounds. Observe que o horário de início pode variar dependendo de quanto tempo as lutas anteriores duram. Mantenha isso em mente e verifique as listas locais para confirmar os horários exatos para sua região. Detalhes dos Lutadores Stephen Thompson enfrentará Gabriel Bonfim em uma luta de peso-welter de três rounds. Nenhum título ou cinturão está em jogo. Stephen Thompson - Nacionalidade: Estados Unidos - Altura: 183 cm - Peso: 77.1 kg - Total de Lutas: 26 - Registro: 17 / 8 / 1 Stephen Thompson, conhecido como ""Wonderboy"", começou sua carreira profissional em fevereiro de 1983. Ele possui um registro de 17 vitórias, 8 derrotas e 1 empate. Sua recente derrota para Joaquin Buckley por KO destaca preocupações sobre sua forma atual. O impressionante KO de Buckley contra Thompson sugere que Bonfim pode explorar fraquezas semelhantes devido às características compartilhadas da classe de peso. Gabriel Bonfim - Nacionalidade: Brasil - Altura: 183 cm - Peso: 77.1 kg - Total de Lutas: 18 - Registro: 17 / 1 / 0 Gabriel Bonfim, apelidado de ""Marretinha"", se tornou profissional menos recentemente, mas possui um impressionante registro de 17-1. Sua vitória sobre Kalinn Williams por finalização técnica mostra suas habilidades de grappling superiores. Isso representa uma ameaça para Thompson em seu confronto futurista. Como e onde assistir à luta entre Stephen Thompson e Gabriel Bonfim Você pode assistir Stephen Thompson vs Gabriel Bonfim através da ESPN+. | Região | Transmissão ao Vivo | | USA | ESPN | Se seu país estiver bloqueado pelos serviços de streaming ou se não houver opções viáveis para seu país, só podemos recomendar uma solução: usar um software VPN para contornar as restrições. Isso permite que você altere seu endereço IP e pareça que está assistindo ao evento de outro país. Portanto, se você mora no Reino Unido, Canadá, Austrália, Nova Zelândia, Índia, Emirados Árabes Unidos, México, Espanha ou qualquer outro país e não consegue encontrar um provedor funcionando para assistir à luta entre Stephen Thompson e Gabriel Bonfim, use nossa recomendação (e testada) VPN e mude para uma localização de sua escolha. Card da Luta entre Stephen Thompson e Gabriel Bonfim - Derrick Lewis vs Tallison Teixeira - Stephen Thompson vs Gabriel Bonfim - Calvin Kattar vs Steve Garcia - Nate Landwehr vs Morgan Charriere - Vitor Petrino vs Austen Lane - Junior Tafa vs George Tokkos - Max Griffin vs Chris Curtis - Jake Matthews vs Chidi Njokuani - Lauren Murphy vs Eduarda Moura - Kennedy Nzechukwu vs Valter Walker - Mitch Ramirez vs Mike Davis - Fatima Kline vs Melissa Martinez",2025-07-10,https://ringside24.com/pt/news/mma/231598-ufc-on-espn-70-thompson-vs-bonfim-data-horrio-de-incio-card-de-lutas-localizao
AI Predicts Stephen Thompson vs Gabriel Bonfim: Who Will Win?,"12 Jul Our AI model analyzes a wide range of data to generate a prediction for the upcoming fight between Stephen Thompson and Gabriel Bonfim. This includes statistics, past performance, style, and momentum. Click the button below to reveal the forecast. Disclaimer: This forecast is for informational purposes only and does not constitute betting advice or a recommendation. No responsibility is taken for any decisions based on this content. The Tale of the Tape data is compiled from publicly available information on Sherdog | Stephen Thompson | Gabriel Bonfim | |---|---| | USA | Brazil | | 17 - 8 - 1 (8 KOs) | 17 - 1 - 0 (3 KOs) | | welterweight (170 lbs / 77,1 kg) | welterweight (170 lbs / 77,1 kg) | | Age | | | Wins | | | Losses | | | Anthropometry | | The scheduled 3-round welterweight bout will take place on July 12, 2025. The full fight night schedule, including local start times for various countries, is listed below. Check the schedule to see when the event begins in your region. The fight night will start on Saturday, July 12 at 6:00 PM ET (New York time). The fight night will start on Saturday, July 12 at 3:00 PM PT (Los Angeles time). The fight night will start on Saturday, July 12 at 6:00 PM ET (Toronto time). The fight night will start on Saturday, July 12 at 11:00 PM BST (London time). The fight night will start on Sunday, July 13 at 12:00 AM SAST (Johannesburg time). The fight night will start on Sunday, July 13 at 6:00 AM PHT (Manila time). The fight night will start on Sunday, July 13 at 8:00 AM AEST (Sydney time). The fight night will start on Sunday, July 13 at 10:00 AM NZST (Wellington time). Note that the main event ring walk typically takes place about 1 to 1.5 hours after the main card begins. If you're mainly interested in the headline bout, there’s still some time — but it’s always worth watching the full card. You can stream the Thompson vs Bonfim fight via ESPN+. The fight will be held at the Bridgestone Arena in Nashville, Tennessee, USA. Full Fight card for Stephen Thompson vs Gabriel Bonfim: Fight card subject to change | Division | Fighter #1 | Fighter #2 | Notes | |---|---|---|---| | heavyweight (265 lbs) | Derrick Lewis (28 - 12 - 0) | Tallison Teixeira (8 - 0 - 0) | | | welterweight (170 lbs) | Stephen Thompson (17 - 8 - 1) | Gabriel Bonfim (17 - 1 - 0) | | | featherweight (145 lbs) | Calvin Kattar (23 - 9 - 0) | Steve Garcia (17 - 5 - 0) | | | featherweight (145 lbs) | Nate Landwehr (18 - 6 - 0) | Morgan Charriere (20 - 11 - 1) | | | heavyweight (265 lbs) | Vitor Petrino (11 - 2 - 0) | Austen Lane (13 - 6 - 0) | | | light heavyweight (205 lbs) | Junior Tafa (6 - 3 - 0) | George Tokkos (10 - 5 - 0) | | | welterweight (170 lbs) | Max Griffin (20 - 11 - 0) | Chris Curtis (31 - 12 - 0) | | | welterweight (170 lbs) | Jake Matthews (21 - 7 - 0) | Chidi Njokuani (25 - 10 - 0) | | | flyweight (125 lbs) | Lauren Murphy (16 - 6 - 0) | Eduarda Moura (11 - 1 - 0) | | | heavyweight (265 lbs) | Kennedy Nzechukwu (14 - 5 - 0) | Valter Walker (13 - 1 - 0) | | | lightweight (155 lbs) | Mitch Ramirez (8 - 2 - 0) | Mike Davis (11 - 3 - 0) | | | strawweight (115 lbs) | Fatima Kline (7 - 1 - 0) | Melissa Martinez (8 - 1 - 0) | On July 12, 2025, UFC on ESPN 70 will take place at Bridgestone Arena in Nashville, featuring a welterweight clash between Stephen “Wonderboy” Thompson and Gabriel Bonfim. Stephen Thompson, a veteran of the division at 42 years old, carries a professional record of 17 wins, 8 losses, and 1 draw. Known for his striking and movement, Thompson’s last fight ended in a knockout loss to Joaquin Buckley in October 2024. Despite his recent setback and a long layoff, Thompson’s experience and technical skills remain a major factor. Gabriel Bonfim, the younger challenger at 27, brings a strong record of 17-1. He is coming off a submission win against Khaos Williams earlier this year and is known for his grappling and relentless pressure. Bonfim’s fighting style contrasts with Thompson’s striking, making for an intriguing matchup. This fight is a test for both men — Thompson aiming to prove he still belongs at the top, and Bonfim looking to continue his rise with a high-profile victory. The combination of Thompson’s precision striking and Bonfim’s grappling threat offers a compelling showdown worth following closely.",2025-07-12,https://boxing-schedule.com/mma/thompson-vs-bonfim/prediction/
Stephen Thompson vs Gabriel Bonfim at UFC Nashville 12.07.25 - Bout Stats MMA Fighter,Stephen Thompson - Gabriel Bonfim Stephen Thompson Thompson UFC #12 WW - Age 42 - Reach 75 cm 191 cm - Height 72 cm 183 cm - Leg Reach 42 cm 107 cm - Last Weigh-In 171 lbs 78 kg Gabriel Bonfim Bonfim - Age 27 - Reach 72.8 cm 185 cm - Height 72.8 cm 185 cm - Leg Reach 40.5 cm 103 cm - Last Weigh-In 170.5 lbs 77 kg Other Bouts UFC Nashville - Derrick Lewis28 - 12 - 0 1 NC11:30 PM ET • 5 x 5Heavyweight Bout 265 lbsTalisson Teixeira8 - 0 - 0 - Calvin Kattar23 - 9 - 010:30 PM ET • 3 x 5Featherweight Bout 145 lbsSteve Garcia17 - 5 - 0 - Nate Landwehr18 - 6 - 010:00 PM ET • 3 x 5Featherweight Bout 145 lbsMorgan Charriere20 - 11 - 1 - Vitor Petrino11 - 2 - 09:30 PM ET • 3 x 5Heavyweight Bout 265 lbsAusten Lane13 - 6 - 0 1 NC - Junior Tafa6 - 3 - 09:00 PM ET • 3 x 5Light Heavyweight Bout 205 lbsTuco Tokkos10 - 5 - 0 - Chris Curtis31 - 12 - 0 1 NC8:05 PM ET • 3 x 5Welterweight Bout 170 lbsMax Griffin20 - 11 - 0 - Jake Matthews21 - 7 - 07:40 PM ET • 3 x 5Welterweight Bout 170 lbsChidi Njokuani25 - 10 - 0 1 NC - Lauren Murphy16 - 6 - 07:15 PM ET • 3 x 5Flyweight Bout 125 lbsEduarda Moura11 - 1 - 0 - Kennedy Nzechukwu14 - 5 - 06:50 PM ET • 3 x 5Heavyweight Bout 265 lbsValter Walker13 - 1 - 0 - Mike Davis11 - 3 - 06:25 PM ET • 3 x 5Lightweight Bout 155 lbsMitch Ramirez8 - 2 - 0 - Fatima Kline7 - 1 - 06:00 PM ET • 3 x 5Strawweight Bout 115 lbsMelissa Martinez8 - 1 - 0,2025-07-12,https://gidstats.com/events/ufc_fight_night-2437/stephen_thompson_vs_gabriel_bonfim.html
"UFC on ESPN 70: Thompson vs Bonfim - Datum, Startzeit, Kampfkarte, Ort","Stephen ""Wonderboy"" Thompson und Gabriel ""Marretinha"" Bonfim werden sich in der Bridgestone Arena in Nashville im Achteck gegenüberstehen. Stephen Thompson wurde vor über einem Jahrzehnt Profi und hat mit 17 Siegen und bemerkenswerten Siegen gegen harte Gegner wie Jorge Masvidal eine glänzende Karriere hingelegt. Sein letzter Kampf endete jedoch mit einer KO-Niederlage gegen Joaquin Buckley im vergangenen Oktober. Gabriel Bonfims Karriere begann vor acht Jahren und gewann schnell an Fahrt mit vielen technischen Submissionen, darunter ein Sieg gegen Kalinn Williams im Februar dieses Jahres. Wann findet der Kampf Stephen Thompson gegen Gabriel Bonfim statt? Die Live-Übertragung des Hauptkampfes Stephen Thompson vs. Gabriel Bonfim beginnt um 18:00 Uhr EST auf ESPN+. In der untenstehenden Tabelle finden Sie Ihre lokale Zeit. | Region | Datum | Sendebeginn | Stephen Thompson gegen Gabriel Bonfim Ring Walks (approx.) | | Schweiz | Sonntag, 13. Juli 2025 | 12:00 vorm. | 03:20 vorm. | | Österreich | Sonntag, 13. Juli 2025 | 12:00 vorm. | 03:20 vorm. | | Deutschland | Sonntag, 13. Juli 2025 | 12:00 vorm. | 03:20 vorm. | Die Veranstaltung UFC on ESPN 70 findet am 12. Juli 2025 in der Bridgestone Arena in Nashville, Tennessee, statt. Die Veranstaltung beginnt um 09:20 PM EST. Auf der Hauptkarte steht Derrick Lewis gegen Tallison Teixeira. Auf der Undercard kämpft Stephen Thompson im Weltergewicht gegen Gabriel Bonfim. Dieser Kampf geht über drei Runden. Bitte beachten Sie, dass die Startzeit je nach Dauer der früheren Kämpfe variieren kann. Bitte beachten Sie dies und informieren Sie sich über die genauen Uhrzeiten in Ihrer Region. Details zu den Kämpfern Stephen Thompson wird in einem dreirundigen Weltergewichtskampf auf Gabriel Bonfim treffen. Es stehen keine Titel oder Gürtel auf dem Spiel. Stephen Thompson - Nationalität: Vereinigte Staaten - Größe: 183 cm - Gewicht: 77,1 kg - Kämpfe insgesamt: 26 - Bilanz: 17 / 8 / 1 Stephen Thompson, bekannt als ""Wonderboy"", begann seine Profikarriere im Februar 1983. Er hat eine Bilanz von 17 Siegen, 8 Niederlagen und 1 Unentschieden. Seine jüngste KO-Niederlage gegen Joaquin Buckley lässt Zweifel an seiner derzeitigen Form aufkommen. Buckleys beeindruckender KO-Sieg gegen Thompson deutet darauf hin, dass Bonfim ähnliche Schwächen aufgrund gemeinsamer Gewichtsklassenmerkmale ausnutzen könnte. Gabriel Bonfim - Nationalität: Brasilien - Größe: 183 cm - Gewicht: 77,1 kg - Kämpfe insgesamt: 18 - Bilanz: 17 / 1 / 0 Gabriel Bonfim, der den Spitznamen ""Marretinha"" trägt, ist erst seit kurzem Profi, hat aber eine beeindruckende Bilanz von 17-1. Sein Sieg über Kalinn Williams durch technische Unterwerfung zeigt seine überlegenen Grappling-Fähigkeiten. Dies stellt eine Bedrohung für Thompson in ihrem futuristischen Kampf dar. Wie und wo kann man den Kampf Stephen Thompson gegen Gabriel Bonfim sehen? Sie können Stephen Thompson vs Gabriel Bonfim über ESPN+ sehen. | Region | Live-Streaming | | USA | ESPN | Wenn Ihr Land von den Streaming-Diensten blockiert wird oder es einfach keine praktikablen Optionen für Ihr Land gibt, können wir nur eine Lösung empfehlen: die Verwendung einer VPN-Software, um die Einschränkungen zu umgehen. Sie ermöglicht es Ihnen, Ihre IP-Adresse zu ändern und so zu tun, als ob Sie das Ereignis von einem anderen Land aus verfolgen würden. Wenn Sie also in Großbritannien, Kanada, Australien, Neuseeland, Indien, den Vereinigten Arabischen Emiraten, Mexiko, Spanien oder einem anderen Land leben und keinen funktionierenden Anbieter finden können, um den Kampf Stephen Thompson gegen Gabriel Bonfim zu sehen, verwenden Sie unseren empfohlenen (und getesteten) VPN und wechseln Sie zu einem Standort Ihrer Wahl. Stephen Thompson vs Gabriel Bonfim Kampfübersicht - Derrick Lewis vs. Tallison Teixeira - Stephen Thompson vs Gabriel Bonfim - Calvin Kattar gegen Steve Garcia - Nate Landwehr gegen Morgan Charriere - Vitor Petrino gegen Austen Lane - Junior Tafa gegen George Tokkos - Max Griffin gegen Chris Curtis - Jake Matthews gegen Chidi Njokuani - Lauren Murphy gegen Eduarda Moura - Kennedy Nzechukwu gegen Valter Walker - Mitch Ramirez gegen Mike Davis - Fatima Kline gegen Melissa Martinez",2025-07-10,https://ringside24.com/de/news/mma/231599-ufc-on-espn-70-thompson-vs-bonfim-datum-startzeit-kampfkarte-ort
"UFC op ESPN 70: Thompson vs Bonfim - Datum, Starttijd, Gevechtskaart, Locatie","Stephen ""Wonderboy"" Thompson en Gabriel ""Marretinha"" Bonfim staan klaar om elkaar te ontmoeten in de octagon in de Bridgestone Arena, Nashville. Stephen Thompson werd meer dan tien jaar geleden professioneel, met een indrukwekkende carrière met 17 overwinningen en opmerkelijke overwinningen tegen sterke tegenstanders zoals Jorge Masvidal. Toch eindigde zijn laatste gevecht in een KO-nederlaag tegen Joaquin Buckley afgelopen oktober. Gabriel Bonfim's carrière begon acht jaar geleden en hij heeft snel momentum opgebouwd met veel technische submissies, waaronder een overwinning op Kalinn Williams deze februari. Hoe laat is het gevecht tussen Stephen Thompson en Gabriel Bonfim De live-uitzending van de hoofdkaart van Stephen Thompson vs Gabriel Bonfim begint om 06:00 PM EST op ESPN+. Raadpleeg de onderstaande tabel om je lokale tijd te vinden. | Regio | Datum | Begin uitzending | Stephen Thompson vs Gabriel Bonfim Ring Walks (approx.) | | België | zondag, 13 juli 2025 | 12:00 AM | 03:20 AM | | Nederland | zondag, 13 juli 2025 | 12:00 AM | 03:20 AM | Het UFC op ESPN 70 evenement vindt plaats op 12 juli 2025 in de Bridgestone Arena in Nashville, Tennessee. Het evenement begint om 09:20 PM EST. De hoofdkaart bevat Derrick Lewis die het opneemt tegen Tallison Teixeira. Op de onderkaart vecht Stephen Thompson tegen Gabriel Bonfim in een weltergewichtstrijd. Deze wedstrijd bestaat uit drie rondes. Houd er rekening mee dat de starttijd kan variëren, afhankelijk van hoe lang de eerdere gevechten duren. Houd hier rekening mee en controleer lokale lijsten om exacte tijden voor jouw regio te bevestigen. Gegevens van de vechters Stephen Thompson zal Gabriel Bonfim ontmoeten in een drie-rondige weltergewichtwedstrijd. Er zijn geen titels of banden op het spel. Stephen Thompson - Nationaliteit: Verenigde Staten - Lengte: 183 cm - Gewicht: 77.1 kg - Totaal aantal gevechten: 26 - Record: 17 / 8 / 1 Stephen Thompson, bekend als ""Wonderboy,"" begon zijn professionele carrière in februari 1983. Hij heeft een record van 17 overwinningen, 8 nederlagen en 1 gelijkspel. Zijn recente nederlaag tegen Joaquin Buckley door KO benadrukt zorgen over zijn huidige vorm. Buckley's indrukwekkende KO tegen Thompson suggereert dat Bonfim soortgelijke zwaktes kan benutten vanwege de gedeelde gewichtsklasse. Gabriel Bonfim - Nationaliteit: Brazilië - Lengte: 183 cm - Gewicht: 77.1 kg - Totaal aantal gevechten: 18 - Record: 17 / 1 / 0 Gabriel Bonfim, bijgenaamd ""Marretinha,"" werd minder recent professioneel maar heeft een indrukwekkend record van 17-1. Zijn overwinning op Kalinn Williams door technische submissie toont zijn superieure grapplingvaardigheden. Dit vormt een bedreiging voor Thompson in hun toekomstige wedstrijd. Hoe en waar je het gevecht tussen Stephen Thompson en Gabriel Bonfim kunt kijken Je kunt Stephen Thompson vs Gabriel Bonfim bekijken via ESPN+. | Regio | Live-streaming | | VS | ESPN | Als jouw land geblokkeerd is door de streamingdiensten of er simpelweg geen levensvatbare opties voor jouw land zijn, kunnen we slechts één oplossing aanbevelen: het gebruik van VPN-software om de beperkingen te omzeilen. Het stelt je in staat om je IP-adres te veranderen en te lijken alsof je het evenement vanuit een ander land bekijkt. Dus als je in het VK, Canada, Australië, Nieuw-Zeeland, India, VAE, Mexico, Spanje of een ander land woont en geen werkende provider kunt vinden om het gevecht tussen Stephen Thompson en Gabriel Bonfim te bekijken, gebruik onze aanbevolen (en getest) VPN en schakel over naar een locatie naar keuze. Gevechtskaart van Stephen Thompson vs Gabriel Bonfim - Derrick Lewis vs Tallison Teixeira - Stephen Thompson vs Gabriel Bonfim - Calvin Kattar vs Steve Garcia - Nate Landwehr vs Morgan Charriere - Vitor Petrino vs Austen Lane - Junior Tafa vs George Tokkos - Max Griffin vs Chris Curtis - Jake Matthews vs Chidi Njokuani - Lauren Murphy vs Eduarda Moura - Kennedy Nzechukwu vs Valter Walker - Mitch Ramirez vs Mike Davis - Fatima Kline vs Melissa Martinez",2025-07-10,https://ringside24.com/nl/news/mma/231597-ufc-op-espn-70-thompson-vs-bonfim-datum-starttijd-gevechtskaart-locatie
"UFC en ESPN 70: Thompson vs Bonfim - Fecha, Hora de inicio, Cartelera, Ubicación","Stephen ""Wonderboy"" Thompson y Gabriel ""Marretinha"" Bonfim están listos para enfrentarse en el octágono en el Bridgestone Arena, Nashville. Stephen Thompson se volvió profesional hace más de una década, marcando un ilustre camino con 17 victorias y notables triunfos contra adversarios difíciles como Jorge Masvidal. Sin embargo, su última batalla terminó en una derrota por KO ante Joaquin Buckley el octubre pasado. La carrera de Gabriel Bonfim comenzó hace ocho años, añadiendo impulso rápidamente con numerosas sumisiones técnicas, incluyendo una victoria sobre Kalinn Williams este febrero. ¿A qué hora es la pelea de Stephen Thompson vs Gabriel Bonfim? La cobertura en vivo para la cartelera principal de Stephen Thompson vs Gabriel Bonfim comenzará a las 06:00 PM EST en ESPN+. Consulte la tabla a continuación para encontrar su hora local. | Región | Fecha | Inicio de la transmisión | Stephen Thompson vs Gabriel Bonfim Ring Walks (approx.) | | España | Domingo, 13 de Julio de 2025 | 12:00 AM | 03:20 AM | | Argentina | Sábado, 12 de Julio de 2025 | 07:00 PM | 10:20 PM | | México | Sábado, 12 de Julio de 2025 | 04:00 PM | 07:20 PM | | Estados Unidos | Sábado, 12 de Julio de 2025 | 06:00 PM | 09:20 PM | El evento UFC en ESPN 70 se llevará a cabo el 12 de julio de 2025 en el Bridgestone Arena en Nashville, Tennessee. El evento comienza a las 09:20 PM EST. La cartelera principal presenta a Derrick Lewis enfrentándose a Tallison Teixeira. En la cartelera preliminar, Stephen Thompson pelea contra Gabriel Bonfim en un combate de welter. Este combate consiste en tres asaltos. Tenga en cuenta que la hora de inicio puede variar dependiendo de cuánto duren las peleas anteriores. Tenga esto en cuenta y consulte las listas locales para confirmar los horarios exactos para su región. Detalles de los peleadores Stephen Thompson se enfrentará a Gabriel Bonfim en un combate de welter de tres asaltos. No hay títulos ni cinturones en juego. Stephen Thompson - Nacionalidad: Estados Unidos - Altura: 183 cm - Peso: 77.1 kg - Total de peleas: 26 - Récord: 17 / 8 / 1 Stephen Thompson, conocido como ""Wonderboy"", comenzó su carrera profesional en febrero de 1983. Tiene un récord de 17 victorias, 8 derrotas y 1 empate. Su reciente derrota ante Joaquin Buckley por KO resalta preocupaciones sobre su forma actual. El impresionante KO de Buckley contra Thompson sugiere que Bonfim podría explotar debilidades similares debido a las características compartidas de su categoría de peso. Gabriel Bonfim - Nacionalidad: Brasil - Altura: 183 cm - Peso: 77.1 kg - Total de peleas: 18 - Récord: 17 / 1 / 0 Gabriel Bonfim, apodado ""Marretinha"", se volvió profesional hace menos tiempo pero tiene un impresionante récord de 17-1. Su victoria sobre Kalinn Williams por sumisión técnica muestra sus superiores habilidades de grappling. Esto representa una amenaza para Thompson en su enfrentamiento futuro. Cómo y dónde ver la pelea de Stephen Thompson vs Gabriel Bonfim Puede ver Stephen Thompson vs Gabriel Bonfim a través de ESPN+. | Región | Transmisión en vivo | | USA | ESPN | Si su país está bloqueado por los servicios de transmisión o simplemente no hay opciones viables para su país, solo podemos recomendar una solución: usar un software VPN para eludir las restricciones. Esto le permite cambiar su dirección IP y aparecer como si estuviera viendo el evento desde otro país. Así que si vive en el Reino Unido, Canadá, Australia, Nueva Zelanda, India, UAE, México, España o cualquier otro país y no encuentra un proveedor que funcione para ver la pelea de Stephen Thompson vs Gabriel Bonfim, use nuestro VPN recomendado (y probado) y cambie a una ubicación de su elección. Cartelera de la pelea Stephen Thompson vs Gabriel Bonfim - Derrick Lewis vs Tallison Teixeira - Stephen Thompson vs Gabriel Bonfim - Calvin Kattar vs Steve Garcia - Nate Landwehr vs Morgan Charriere - Vitor Petrino vs Austen Lane - Junior Tafa vs George Tokkos - Max Griffin vs Chris Curtis - Jake Matthews vs Chidi Njokuani - Lauren Murphy vs Eduarda Moura - Kennedy Nzechukwu vs Valter Walker - Mitch Ramirez vs Mike Davis - Fatima Kline vs Melissa Martinez",2025-07-10,https://ringside24.com/es/news/mma/231600-ufc-en-espn-70-thompson-vs-bonfim-fecha-hora-de-inicio-cartelera-ubicacin
UFC Nashville staff picks include Tallison Teixeira to beat Derrick Lewis and more predictions,"A clash of behemoths takes over Nashville as the UFC has booked Tallison Teixeira vs Derrick Lewis in the main event of their upcoming event. Derrick Lewis and Tallison Teixeira are headlining an intriguing card, booked just one week away from UFC 318, in Nashville, Tennessee. The UFC’s all-time knockout record holder will battle one of the biggest men in the UFC today, in what should be a titanic clash of epic proportions for fans to enjoy. Ahead of UFC Nashville, the experts at Bloody Elbow have made their staff picks for the two main event fights, as well as the Performance of the Night and the Fight of the Night. Derrick Lewis vs Tallison Teixeira predictions - Jordan Ellis – Tallison Teixeira - Kyle Dimond – Tallison Teixeira - James Sweetnam – Tallison Teixeira - Ross Markey – Tallison Teixeira The Bloody Elbow experts have made their staff picks for the upcoming UFC Nashville main event, and have unanimously chosen Teixeira to take home the win against a veteran of the octagon in Lewis. The undefeated Brazilian has only had one fight in the UFC so far, but it was an impressive one. Teixeira landed a 35-second knockout to overcome Justin Tafa at UFC 312, and will hope to do similar here in Nashville. However, it won’t be easy. Lewis has 23 knockout wins so far in his MMA career, although he has been very susceptible to defeat in the last few years. Of Lewis’s seven career losses, five have come in the last four years, showing that his best years are behind him. The fight with Teixeira could be a bout too far, and the experts fully expect the six-foot-seven-inch Brazilian to win this fight at UFC Nashville. Stephen Thompson vs Gabriel Bonfim predictions - Jordan Ellis – Stephen Thompson - Kyle Dimond – Stephen Thompson - James Sweetnam – Stephen Thompson - Ross Markey – Stephen Thompson The co-main event of UFC Nashville also has a clear favorite, as the Bloody Elbow experts all back Stephen Thompson to pick up the victory. While ‘Wonderboy’ may be in the last years of his career, the Karate master is still a force to be reckoned with. As one of the UFC’s oldest fighters at 42 years old, he will be looking towards retirement sooner rather than later after losing four of his last five bouts. However, Thompson’s losses have all come against top fighters in the division, and he even knocked out Kevin Holland in December 2022. Whether Gabriel Bonfim is a top talent or not has yet to be decided. While he has an impressive 17-1 record, he has not faced any big names in the UFC yet, with Thompson being his toughest test yet. UFC Nashville Fight of the Night - Jordan Ellis – Nate Landwehr vs Morgan Charriere - Kyle Dimond – Nate Landwehr vs Morgan Charriere - James Sweetnam – Junior Tafa vs Tuco Tokkos - Ross Markey – Nate Landwehr vs Morgan Charriere Three of the experts are looking forward to seeing Nate Landwehr vs Morgan Charriere, an undercard Featherweight fight which could be impressive in Nashville on Saturday. The two former champions have both earned numerous bonuses in the past for their exciting styles, giving this fight the chance to impress on an already exciting card. “The Last Pirate’s” last four wins have come via knockout, while Landwehr has only gone all three rounds once in his last four fights. However, James thinks that Junior Tafa against Tuco Tokkos has the potential to earn the Fight of the Night Bonus. Tafa is looking to improve on his mixed 2-3 record in the UFC so far, after picking up a win against Sean Sharaf to bounce back from two losses in a row. Meanwhile, his opponent is still searching for his first UFC win after failing to impress in his first two fights. This could be the last chance saloon for Tokkos, giving both men big motivation to give it their all in their fight. UFC Nashville Performance of the Night - Jordan Ellis – Vitor Petrino - Kyle Dimond – Steve Garcia - James Sweetnam – Vitor Petrino - Ross Markey – Steve Garcia The experts are split on who will pick up the Performance of the Night bonus, with two men in the running for the $50,000 bonus. Steve Garcia is backed by Kyle and Ross to impress in his Featherweight contest against Calvin Kattar on the main card. He is coming off five victories in a row, which included two performance of the night bonuses for epic first-round KO victories. His opponent has lost his last four fights, making the result of this fight seem more like a formality. He should easily dispatch Kattar and earn the Performance of the Night bonus if he can keep up his recent form. Meanwhile, both Jordan and James think that Vitor Petrino will finish Dejuan Lane to earn himself the cash prize for the best performance at UFC Nashville. The Brazilian started his UFC career well, but suffered back-to-back defeats in recent fights and will hope to bounce back convincingly against Dejuan Lane. He was knocked out by Mario Pinto back in March and could suffer the same fate at the hands of Petrino at UFC Nashville.",2025-07-11,https://bloodyelbow.com/2025/07/11/ufc-nashville-staff-picks-include-tallison-teixeira-to-beat-derrick-lewis-and-more-predictions/
"UFC Nashville preview: ‘Lewis vs. Teixeira’ main, co-main event predictions","Ultimate Fighting Championship (UFC) is just one day away from the upcoming UFC Nashville mixed martial arts (MMA) event, set to go down tomorrow night (Sat., July 12, 2025) on ESPN and ESPN+ at Bridgestone Arena in Nashville, Tennessee. UFC Nashville features a heavyweight main event between record-setting knockout artist Derrick Lewis and undefeated division prospect Tallison Teixeira, a five-round showdown with potential title implications for late 2025 and beyond. Before we dive into the main and co-main event, which includes the welterweight collision between former 170-pound title challenger Stephen Thompson and once-beaten Brazilian bruiser Gabriel Bonfim, check out Andrew Richardson’s “X-Factor” breakdown for the rest of the UFC Nashville main card by clicking here. Get all the latest “Lewis vs. Teixeira” odds and betting props courtesy of FanDuel right here. For UFC Nashville live results for this weekend’s fight card in the “The Volunteer State” click here. 265 lbs.: Derrick Lewis vs. Tallison Teixeira Derrick “The Black Beast” Lewis Record: 28-12, 1 NC | Age: 40 | Betting line: +210 Wins: 23 KO/TKO, 1 SUB, 4 DEC | Losses: 7 KO/TKO, 2 SUB, 3 DEC Height: 6’3” | Reach: 79” | Stance: Orthodox Significant Strikes Landed Per Minute: 2.48 | Striking accuracy: 50% Strikes Absorbed Per Minute: 2.48 | Striking Defense: 40% Takedown Average: 0.57 (26% accuracy) | Takedown Defense: 52% Current Ranking: No. 9 | Last fight: Technical knockout win over Rodrigo Nascimento Tallison “Xicao” Teixeira Record: 8-0 | Age: 25 | Betting line: -280 Wins: 7 KO/TKO, 1 SUB, 0 DEC | Losses: 0 KO/TKO, 0 SUB, 0 DEC Height: 6’7“ | Reach: 83” | Stance: Orthodox Significant Strikes Landed Per Minute: 14.61 | Striking accuracy: 59% Strikes Absorbed Per Minute: 7.50 | Striking Defense: 59% Takedown Average: 0.00 (0% accuracy) | Takedown Defense: 0% Current Ranking: No. 13 | Last fight: Technical knockout win over Justin Tafa Derrick Lewis has the most knockouts in the history of UFC and that’s probably the best thing you can say about the “Black Beast” in terms of his MMA career. To be fair, the 40 year-old Texan also has eight post-fight performance bonuses with three “Fight of the Night” honors, leaving him just one shy of the division mark set by former heavyweight champion, Stipe Miocic. Lewis has been competing for UFC since his technical knockout win over Jack May back in early 2014, a span of more than 11 years (Lewis was just 29 at the time of his debut). In the years that followed, “Mattress Mack’s” favorite customer compiled a record of 19-10 with one No Contest and he currently sits just inside the Top 10 at 265 pounds. Lewis has been dealing with a bad back for most of his career and has pretty much mailed it in for the last several years. “Black Beast” is coming off a technical knockout victory over Rodrigo Nascimento but has lost five of his last eight, getting finished in four of those losses. In fact, nine of his 12 losses have come by way of knockout or submission — but Lewis is rarely in a boring fight (this abomination notwithstanding). “I’ve fought way more tough fighters than this guy,” Lewis told UFC.com. “All his wins just came against guys that were 0-1, 1-2, 1-1, really having no experience. So they’re really trying to build this guy up for failure. That’s what I believe. I believe it’s too soon for him. That’s what I think. I believe there really are levels to it.” “I think coming up against a guy like me, very unpredictable, very dangerous, you never know what to expect,” Lewis continued. “I think it’s just too early for him to fight someone like me. He should expect that [I’m] going to come at him like no other opponent has come at him before. He’s going to realize that he made a big mistake signing that paper.” Tallison Teixeira is the new kid on the proverbial block and he’s already gotten everyone’s attention by racking up eight straight first-round knockout finishes. The Brazilian blasted his way onto the roster by popping and dropping Arthur Lopes on Dana White’s “Contender Series” back in Sept. of 2024 then followed that up with a 35-second finish over Justin Tafa at UFC 312. To earn a main event slot in just two fights for the promotion should tell you what matchmakers think of Teixeira’s skill set, or maybe they figure the aging and somewhat-brittle Lewis has declined enough to make this fight even, since they are not even remotely close in experience. Like most MMA fans, I like what I see from Teixeira and he is without question a lethal striker, Standing 6’7” with a 83-inch reach certainly helps, but not as much as fighting absolute nobodies on the international circuit. Lopes went back to the regional circuit after losing to Teixeira and Tafa is an undersized heavyweight, so I’m not sure those are the kinds of wins that should be driving “Xicao” to a -280 betting favorite. Did we already forget what happened to that other 6’7” heavyweight knockout artist who dazzled Dana White on “Contender Series” then won his first UFC fight by knockout? I’m talking about Robelis Despaigne, who went from cock of the walk to feather duster in two fights and is now fighting for those weird crypto bros under the Karate Combat banner. “I like this because I’ll be remembered as the man that ended the Brazilian curse,” Teixeira told MMA Fighting. “Brazilians need this after sad losses we had. Brazil needs this incentive, you know? I think that motivates me even more to give my best possible [performance] inside the Octagon.” Lewis is not without his issues and you can never quite tell if he actually gives a s—t about his fighting career or just wants to collect his paycheck and go home. What I can say for certain, is that he’s fought (and defeated) some of the best heavyweights in the world and also stopped heavyweights taller than Teixeira, like Alexander Volkov. Unless “The Black Beast” is completely washed (or completely checked out), I think he shows the 25 year-old hotshot there are levels to this game, even when some of the playing pieces are old and cracked. Prediction: Lewis def. Teixeira by knockout 170 lbs.: Stephen Thompson vs. Gabriel Bonfim Stephen “Wonderboy” Thompson Record: 17-8-1 | Age: 42 | Betting line: +320 Wins: 8 KO/TKO, 1 SUB, 8 DEC | Losses: 2 KO/TKO, 1 SUB, 5 DEC Height: 6’0“ | Reach: 75” | Stance: Orthodox Significant Strikes Landed Per Minute: 4.11 | Striking accuracy: 46% Strikes Absorbed Per Minute: 3.02 | Striking Defense: 55% Takedown Average: 0.25 (41% accuracy) | Takedown Defense: 63% Current Ranking: No. 12 | Last fight: Knockout loss to Joaquin Buckley Gabriel “Marretinha” Bonfim Record: 17-1 | Age: 27 | Betting line: -410 Wins: 3 KO/TKO, 13 SUB, 1 DEC | Losses: 1 KO/TKO, 0 SUB, 0 DEC Height: 6’1“ | Reach: 72” | Stance: Orthodox Significant Strikes Landed Per Minute: 5.22 | Striking accuracy: 43% Strikes Absorbed Per Minute: 3.80 | Striking Defense: 65% Takedown Average: 3.68 (76% accuracy) | Takedown Defense: 73% Current Ranking: Unranked | Last fight: Submission win over Kalinn Williams Stephen Thompson is 42 years old, has lost four of his last five, and is coming off a brutal knockout loss to Joaquin Buckley at UFC 307 last October. In fact, “Wonderboy” has just four wins over the last nine years but somehow retained his spot in the division Top 15, sandwiched between Geoff Neal and Carlos Prates. Thompson is a former kickboxer and continues to fight like one, getting taken down 17 times across his last five fights. I’m not sure what the former welterweight title challenger has left to offer at this point in his combat sports career, but trying to stay off the ground and outpoint fighters for a decision has not been a winning strategy and Thompson is facing an opponent who averages more than three takedowns per fight. “I’ve got two fights left, and we’re going to see them through, we’re going to honor them,” Thompson told MMA Junkie. “Go out there and win these next two fights in a great fashion, and we’ll see if we’ll keep going. It depends on what the UFC wants to do for sure. God forbid, if it doesn’t, then I’ve got other routes that I can take.” “I’m notorious for giving these guys a shot,” Thompson continued. “I did it with Vicente Luque, Geoff Neal, Kevin Holland. I’m just the guy to allow these guys to come up and test themselves. I wouldn’t be where I am if it wasn’t for those guys — Jake Ellenberger, Johny Hendricks, Rory MacDonald. Those guys gave me a shot. So just giving these guys a chance to prove themselves coming up, that’s kind of what it is at this point.” Gabriel Bonfim cut his teeth on Dana White’s “Contender Series” back in late 2022 and outside of his misstep against Nicholas Dalby the following year — when Bonfim was just 25 years old — the Brazilian has been virtually unstoppable, racking up four wins with three nasty finishes, two coming in the very first round. “Marretinha” may not be in his fighting prime just yet but he’s pretty damn close and already looks like a future title contender, though you can also argue that Bonfim has yet to fight an elite welterweight. I doubt anyone is breaking out the party hats for victories over Kalinn Williams and Ange Loosa. Stylistically, this is simply a bad matchup for Thompson, who thrives when opponents afford him the space to strike from range, like Kevin Holland. Despite his numerous submissions, Bonfim is no slouch on his feet and will be able to keep “Wonderboy” in reverse with his constant aggression. That should lead to some tie-ups against the cage and eventually, the takedown. Thompson has only been submitted once in his professional MMA career, though it’s probably because he’s never fought a black belt in Brazilian Jiu Jitsu with the credentials of Bonfim. I don’t want to harp on the age difference here (it’s 15 years if you’re counting) so I will instead harp on the fact that Thompson continues to look worse in each successive fight. Prediction: Bonfim def. Thompson by submission Be sure to check out the rest of the UFC Nashville main card predictions RIGHT HERE. MMAmania.com will deliver LIVE round-by-round, blow-by-blow coverage of the entire UFC Nashville fight card RIGHT HERE, starting with the ESPN and ESPN+ preliminary card matchups at 6 p.m. ET, followed by the remaining UFC Nashville main card balance on ESPN and ESPN+ at 9 p.m. ET. To check out the latest and greatest UFC Nashville news and notes be sure to hit up our comprehensive event archives here and here. For the updated and finalized “Lewis vs. Teixeira” fight card and ESPN/ESPN+ lineup click here. Loading comments...",2025-07-11,https://www.mmamania.com/2025/7/11/24464105/ufc-nashville-preview-lewis-vs-teixeira-main-co-main-event-predictions-mma
UFC Stephen Thompson vs Gabriel Bonfim: Prediction and Breakdown - Sidekick Boxing,"Stephen “Wonderboy” Thompson returns to action on July 12, 2025, at the Bridgestone Arena in Nashville, Tennessee, facing unbeaten Brazilian Gabriel Bonfim. It’s a compelling clash of styles: Thompson’s veteran striking and range control versus Bonfim’s youthful power and submission skill. With contrasting career trajectories and skill sets, this matchup could turn on simple physics—who can impose their game plan first. Tale of the Tape | Fighter | Stephen Thompson | Gabriel Bonfim | |---|---|---| | Record | 17–8–1 | 17–1 | | Age | 42 | 27 | | Height | 6’0″ | 6’1″ | | Reach | 75″ | 72½” | | Stance | Orthodox (karate base) | Orthodox | Analysis Stephen Thompson remains among MMA’s most elusive and technical strikers, even at 42. His karate-influenced stance, lateral movement, and volume of kicks allow him to dictate distance and tempo. Against forward-charging opponents, he has repeatedly shown his ability to pick spots, counter effectively, and avoid damage. SHOP: The Kickboxer Collection Gabriel Bonfim comes in as a stark contrast—undefeated, aggressive, and submission-focused. He’s finished nearly every fight, often rapidly via guillotine or choke. But his offensive style is linear; he tends to overcommit when closing distance, which creates openings for counterstrikers. And while his grappling is dangerous, it’s yet to be tested against someone as defensively sharp as Thompson. The fight hinges on whether Bonfim can close the gap without walking into counters. Thompson’s takedown defense and footwork can frustrate and neutralize less disciplined pressure. If Thompson stays light on his feet and lands crisp counters, he’s likely to frustrate Bonfim out of his rhythm and gradually take control. Prediction Expect early grappling attempts from Bonfim, but if he fails to score a takedown or mix up levels quickly, he’ll play into Thompson’s strengths. The veteran’s timing and accuracy should enable him to catch Bonfim charging in with a clean shot. Thompson’s experience and movement advantage are key. Expect him to manage distance, land decisive counters, and potentially force a stoppage—unless Bonfim dramatically improves his entry discipline or submission timing. Pick: Stephen Thompson via TKO in Round 2 READ MORE: Derrick Lewis vs. Tallison Teixeira: Full UFC Fight Breakdown and Prediction",2025-07-11,https://sidekickboxing.co.uk/ufc-stephen-thompson-vs-gabriel-bonfim-prediction-and-breakdown/
UFC Fight Night Nashville Predictions – Lewis vs Teixeira Picks for Main Card,"UFC Fight Night Nashville is headlined by Derrick Lewis vs. Tallison Teixeira on Saturday, July 12. With fights that will have rippling effects through the rankings, including the Heavyweight main event, Fight Night Nashville should not be ignored, despite being sandwiched between two of the biggest cards of the year. We’ll break down the top UFC Fight Night Nashville predictions and picks, including a Lewis vs Teixeira pick, main card fight predictions, and PrizePicks UFC projections. Click here to go directly to the UFC Fight Night Nashville: Lewis vs. Teixeira Predictions below. The UFC Nashville: Lewis vs. Teixeira main card is set to start at 9 p.m. ET, with Lewis vs. Teixeira expected to start around 11:30 p.m. ET, depending on when the other fights end. While the hype for this card doesn’t quite live up to the summer of banger cards we’ve been gifted recently, it does move the chains in multiple divisions in ways that the PPV cards do not. and features a surprisingly strong cast of fighters in the undercard. For the main event, we have UFC Legend Derrick Lewis fighting undefeated challenger Tallison Teixeira. Co-headlining UFC Nashville are Stephen Thompson and Gabriel Bonfim, who are matching up in contention for a move in the Welterweight rankings. PrizePicks is the easiest way to win money with your UFC predictions for Fight Night Nashville: Lewis vs. Teixeira; just pick More or Less on fighter projections — like significant strikes or fight time — and win money if your picks are correct. New to PrizePicks? Get started on PrizePicks today to get a $50 bonus after your first $5 Lineup. UFC Fight Night Start Time & Projections: Lewis vs. Teixeira UFC Fight Night Nashville: Lewis vs. Teixeira main card will start at 9 p.m. ET on Saturday, July 12, while the Lewis vs. Teixeira main event is expected to start at 11:30 p.m. ET— subject to change based on other fights before it. UFC Fight Night Nashville: Lewis vs. Teixeira projections below are via the PrizePicks MMA board, along with the full main card start times. Derrick Lewis vs. Tallison Teixeira – Main Event - Heavyweight - Expected start time: 11:30 p.m. ET - Lewis Projections: 18.5 Significant Strikes - Teixeira Projections: 22.5 Significant Strikes, 62.55 Fantasy Score - Significant Strikes (Combo): 38.5 Significant Strikes - Fight Time Projection: 4.5 Minutes - Lewis vs. Teixeira Prediction Stephen Thompson vs. Gabriel Bonfim – Co-Main Event - Welterweight - Expected start time: 11 p.m. ET - Thompson Projections: 40.5 Significant Strikes, 15.5 Rd 1 Significant Strikes - Bonfim Projections: 38.5 Significant Strikes, 2.5 Takedowns, 14.5 Rd 1 Significant Strikes, 57.55 Fantasy Score - Significant Strikes (Combo): 78.5 - Fight Time Projection: 12 Minutes - Thompson vs. Bonfim Prediction Calvin Kattar vs. Steve Garcia - Featherweight - Expected start time: 10:30 p.m. ET - Kattar Projections: 36.5 Significant Strikes, 17.5 Rd 1 Significant Strikes - Garcia Projections: 38.5 Significant Strikes, 57.55 Fantasy Score, 17.5 Rd 1 Significant Strikes - Significant Strikes (Combo): 75.5 - Fight Time Projection: 9.75 Minutes - Kattar vs. Garcia Prediction Nate Landwehr vs. Morgan Charriere - Featherweight - Expected start time: 10:00 p.m. ET - Landwehr Projections: 49.5 Significant Strikes, 17.5 Rd 1 Significant Strikes - Charriere Projections: 51.5 Significant Strikes, 1.5 Takedowns, 53.55 Fantasy Score, 15.5 Rd 1 Significant Strikes - Significant Strikes (Combo): 100.5 - Fight Time Projection: 14.99 Minutes - Landwehr vs. Charriere Prediction Vitor Petrino vs. Austen Lane - Heavyweight - Expected start time: 9:30 p.m. ET - Petrino Projections: 25.5 Significant Strikes, 1.5 Takedowns - Lane Projections: 19.5 Significant Strikes - Significant Strikes (Combo): 44.5 - Fight Time Projection: 6 Minutes - Petrino vs. Lane Prediction Derrick Lewis vs. Tallison Teixeira Prediction & Preview Derrick Lewis can win any fight. With his incredible power and unique striking, even the most difficult opponents have to be wary of what is coming their way. Although he’s only 7-5 in his last 12 fights, the brawler is still one of the most dangerous fighters in the world — and he has the UFC knockout record to prove it. Across from Lewis will be rising star Tallison Teixeira. While some may call into question the legitimacy of his opposition, Teixeira’s potential is not up for debate. Of his eight fights, not a single opponent has made it out of the first round. While Teixeira appears impressive, he has never faced anyone near the caliber of The Black Beast. With insane power flying in both directions, this fight could be one of the best Heavyweight matchups of the year and a dramatic finish is no stranger to both men. Lewis vs. Teixeira Prediction: 4.5 Minutes Fight Time - Lewis owns the KO record with 15 UFC Knockouts. - Teixeira has never fought in a second round. - Lewis’s last five wins have been by KO. - Teixeira has an average fight time of just over one minute. Stephen Thompson vs. Gabriel Bonfim Prediction & Preview Prolific striker Stephen Thompson will be looking to recover from being finished in two consecutive fights this Saturday with a much-needed win. Thompson is currently still ranked, but this fight could determine the trajectory of the remainder of his career. As a fan-favorite, Wonderboy will be a popular fan pick to utilize his striking in a clinical victory. In the other corner is rising contender Gabriel Bonfim. Bonfim is 4-1 in his last five fights, and a signature win over Thompson would be exactly what he needs to enter the rankings. With 16 finishes in his 17 wins, Bonfim will likely look to make a statement in his most challenging bout yet. Thompson vs. Bonfim Prediction: Bonfim – 2.5 Takedowns - Bonfim has 13 wins by submission. - Thompson has 63% Takedown Defense. - Bonfim lands 3.68 Takedowns per 15 minutes. - Prior to MMA, Thompson was an undefeated kickboxer at 57-0. Calvin Kattar vs. Steve Garcia Prediction & Preview A once red-hot Calvin Kattar has struggled as of late. With four consecutive defeats, Kattar has taken a step away from the highest level of the division. With hopes of returning to peak form, we could see the signature high volume and pace that Kattar can bring to the table — a skillset that had him in title challenger contention a few years ago. Only one of Kattar’s last eight opponents aren’t currently in the top 15 featherweight rankings; so while Steve Garcia might be considered a step down in competition for Kattar, his five-fight win streak is getting hard to ignore. With all five being knockouts, and none seeing the third round — Garcia could prove he belongs in the top of the Featherweight division in the UFC. Kattar vs. Garcia Prediction: Garcia – 38.5 Significant Strikes - Garcia lands 5.04 Significant Strikes per minute. - Garcia defends 89% of Takedowns. - Kattar has absorbed the most SIgnificant Strikes in one fight in UFC history, at 445. - Kattar has 54% Significant Strike defense. Nate Landwehr vs. Morgan Charriere Prediction & Preview Nate Landwehr's name is almost always followed by “must-watch TV.” While the train has cooled off, many still believe Landwehr has the potential to brawl with the division's best. Landwehr is respected for his high-octane pressure-based style, and if he wants a return to the win column, he’ll need to stick to what he knows best. Morgan Charriere has been stuck since joining the UFC in 2023. While he has showcased impressive knockout power in two of his four bouts, he is yet to string two wins together. In his fifth UFC fight at Fight Night Nashville, he will need a victory to get back in the positive. While Charriere has showcased spectacular talent, he will more importantly need to showcase improvement to his pacing and some consistency this weekend. Landwehr vs. Charriere Prediction: Fight Time 14.99 Minutes - Charriere’s only UFC wins have come by finish. - Charriere has a .76 Knockdown average. - Landwehr’s last two fights have both ended in a finish. - Landwehr has an average Fight Time of 9:48. Vitor Petrino vs. Austen Lane Prediction & Preview Former Light Heavyweight Vitor Petrino is off back-to-back losses to Light Heavyweight division veterans and decided to move up a weight class to Heavyweight for this fight vs. Austen Lane. While now undersized for the division, Petrino believes that the speed and strength will make up for that weakness. Once 11-0 in his MMA career, Petrino hopes to regain his winning ways with a victory in his Heavyweight debut. Austen Lane also needs a win this Saturday. This once interesting prospect is now 1-3 in his last four. While his one UFC victory seemed impressive at that time, the legitimacy of that opponent has been called into question with the UFC releasing his opponent following the bout. Lane will need to prove that he deserves a spot on the UFC roster, and the best way to do that is to utilize his true Heavyweight size and neutralize his smaller opponent. Petrino vs. Lane Prediction: Petrino – 21.5 Significant Strikes - Lane has 41% Significant Strike defense. - Vitor lands 2.83 Significant Strikes per minute. - Vitor has an average Fight Time of 10:35. Make UFC Fight Night Predictions on PrizePicks UFC Fight Night Nashville: Lewis vs. Teixeira is set to be a card of potential bouncebacks and wet our appetite for the following two weeks of amazing UFC cards. The main card will start around 9 p.m. ET on Saturday; before it does, be sure you’ve locked in your UFC Lineups on PrizePicks — it’s the easiest way to get real money action on UFC Nashville: Lewis vs. Teixeira. With a card featuring fights in some of the most exciting weight classes, and multiple fights with ranked UFC stars — Saturday night could end up bigger and more impactful than advertised, live from Bridgestone Arena in Nashville, Tenn. Head to the PrizePicks app, click MMA, then predict More or Less on two or more fighters, lock in your picks, and get ready for the sweat during UFC Fight Night Nashville: Lewis vs. Teixeira.",2025-07-11,https://www.prizepicks.com/playbook-article/ufc-fight-night-nashville-predictions-lewis-vs-teixeira-picks
"UFC Nashville Fight Card: Odds, Lines, Prop Bets, Predictions, Picks","Saturday’s UFC Nashville fight card features a potential changing of the guard in the heavyweight division in the main event. In that contest, former UFC heavyweight title challenger, and all-time UFC knockout leader, Derrick Lewis faces Tallison Teixeira, who is entering his second UFC contest. In the UFC Fight Night co-main event, two-time UFC welterweight title challenger Stephen Thompson meets the rising Gabriel Bonfim at 170 pounds. We look at the betting odds, line movement, potential prop bets, and picks for the UFC Nashville main card. UFC Nashville takes place at Bridgestone Arena in Nashville, TN. ESPN and ESPN+ carry the fight card. UFC Nashville Fight Card Main Event: Betting Odds, Line Movement And Predictions - Derrick Lewis Vs. Tallison Teixeira Derrick Lewis (28-12-0-1) is the No. 9 fighter in the official UFC heavyweight rankings. The 40-year-old former UFC title challenger is coming off a May 2024 knockout win over Rodrigo Nascimento. Lewis, who owns the record for most knockouts in UFC history with 15, is 2-4 in his past six trips to the Octagon dating back to February 2022. Lewis has been with the UFC since 2014. He also has the UFC record for most finishes in the heavyweight division with 15. No active UFC heavyweight has as many fights in the Octagon as Lewis does at 29. Lewis has a UFC heavyweight record eight fight-night bonus awards. Tallison Teixeira (8-0) joined the UFC in 2024 with a knockout win on a Dana White Contender Series card. The 25-year-old made his official UFC debut in February 2025, scoring a first-round knockout, and a “Performance of the Night” bonus in a win over Justin Tafa. The UFC is wasting no time in throwing Teixeira into the deep end of the heavyweight pool, giving him a veteran opponent in a main event contest. All eight of Teixeira’s career wins have come via first-round stoppage (seven knockouts, on submission). He has been a pro since 2021. He is ranked No. 13 in the UFC’s heavyweight weight class. When the opening betting odds were first published for Lewis vs. Teixeira, Teixeira opened as the -200 betting favorite over the +165 Lewis. The betting line has shifted. Today, Teixeira is -300 to Lewis’s +240. Lewis has picked up 72 percent of the bets on the UFC Nashville main event, but Teixeira has 71 percent of the handle. If you’re looking for an outcome for Lewis vs. Teixeira, I’d say lean toward the fight ending via knockout, and maybe even a first round knockout. My expectation is that the veteran who has been in the Octagon against some of the heaviest hitters in the UFC’s heavyweight division is going to be anxious to test the young man who only has 35 seconds of UFC fight time to his name. We don’t know much about Teixeira outside of the fact that he’s bigger and younger than Lewis. And while this matchup won’t answer every question we have about Teixeira, it should tell us if he is able to use his size and reach as well as take a punch from the UFC’s all-time leader in knockouts. The big concern is Teixeira’s defense. He can get tagged and tagged clean. That is an enormous concern. In an ideal world, Teixeira uses his length to use his kicks to hurt Lewis to the body and then finish him when Lewis is hurt. The betting pick is Teixeira to win via knockout, but that is not a very confident pick because of his limited UFC fight time and the fact that this is a UFC heavyweight scrap. UFC Nashville Fight Card Co-Main Event: Betting Odds, Line Movement And Predictions - Stephen Thompson Vs. Gabriel Bonfim In the co-main event of the UFC Nashville card, Stephen Thompson faces Gabriel Bonfim. Thompson has been with the UFC since early 2012. He is the No. 12 fighter in the UFC’s welterweight division. Bonfim joined the UFC in 2023. He is currently unranked. The opening odds for the UFC Nashville co-main event saw Bonfim open as a massive -400 favorite over the +310 Thompson. Those odds have shifted slightly. Today, Bonfim is a -425 favorite, while Thompson is a +310 betting underdog. Thompson has 66 percent of the bets, while Bonfim has 74 percent of the handle. The betting pick is Bonfim to win via decision. UFC Nashville Fight Card: Betting Odds, Line Movement And Predictions - Calvin Kattar Vs. Steve Garcia When the betting odds were first published for the Calvin Kattar vs. Steve Garcia featherweight clash, Garcia was listed as a -140 betting favorite over the +115 Kattar. The odds have tightened a bit, but Garcia remains the favorite at -125 over Kattar, who is a +105 betting underdog. Sixty-one percent of the bets have come in on Kattar, while 69 percent of the money has been on Garcia. The pick is for Garcia to beat Kattar via decision. UFC Nashville Fight Card: Betting Odds, Line Movement And Predictions - Nate Landwehr Vs. Morgan Charriere The opening odds for the Nate Landwehr vs. Morgan Charriere matchup found Charriere as the -225 favorite over the +185 Landwehr. Charriere remains the favorite at -275, while Landwehr comes in as the +225 underdog. Bettors are going with Landwehr. He has picked up 88 percent of the bets and 95 percent of the handle. The betting pick is Charriere to win via decision. UFC Nashville Fight Card: Betting Odds, Line Movement And Predictions - Vitor Petrino Vs. Austen Lane The first of two heavyweight bouts on the UFC Nashville main card finds Vitor Petrino facing Austen Lane. Petrino opened as a whopping -650 favorite over the +475 Lane. Today, Petrino is a bigger favorite at -700, while Lane comes in as the +500 betting underdog. It’s no surprise to see the bettors going with the underdog in this one because of the lopsided odds. Lane has 90 percent of the bets and 85 percent of the handle. Petrino is likely to win via knockout, but the odds might not make it worth placing a wager on Petrino in this matchup. UFC Nashville Fight Card: Betting Odds, Line Movement And Predictions - Junior Tafa Vs. Tuco Tokkos Opening the UFC Nashville main card is a light heavyweight matchup between Junior Tafa and Tuco Tokkos. Tafa opened as a -160 favorite over the +135 Tokkos. Today, Tafa is -185 to Tokkos’s +150. Tafa has 54 percent of the bets and 86 percent of the handle. The pick is Tafa to win via knockout. *Odds via BetMGM UFC Nashville Fight Card Prop Bets To Consider Derrick Lewis vs. Tallison Teixeira does not go the distance: -900 Derrick Lewis vs. Tallison Teixeira does not start Round 2: +110 Tallison Teixeira to knock out Derrick Lewis in Round 1: +135 Derrick Lewis to knock out Tallison Teixeira in Round 1: +600 Gabriel Bonfim lands more than 2.5 takedowns on Stephen Thompson: -115 Gabriel Bonfim vs. Stephen Thompson does not go the distance: -160 Steve Garcia to beat Calvin Kattar by KO/TKO: +200 Nate Landwehr Vs. Morgan Charriere either fighter by KO/TKO: +125 Vitor Petrino Vs. Austen Lane either fighter by KO/TKO: -365 Junior Tafa vs. Tuco Tokkos either fighter by KO/TKO: -250 *Odds via BetOnline UFC Nashville Fight Card: Date Saturday, July 12, 2025 UFC Nashville Fight Card: Location Bridgestone Arena in Nashville, Tennessee UFC Nashville Fight Card: How to Watch Or Stream Main Card: ESPN Preliminary Card: ESPN UFC Nashville Fight Card: Fight Card Time Prelims: 6:00 p.m. ET Main Card: 9:00 p.m. ET UFC Nashville Main Card Derrick Lewis vs. Tallison Teixeira - Heavyweight Stephen Thompson vs. Gabriel Bonfim - Welterweight Calvin Kattar vs. Steve Garcia - Featherweight Nate Landwehr vs. Morgan Charriere - Featherweight Vitor Petrino vs. Austen Lane - Heavyweight Junior Tafa vs. Tuco Tokkos - Light Heavyweight UFC Nashville Preliminary Card Max Griffin vs. Chris Curtis - Welterweight Jake Matthews vs. Chidi Njokuani - Welterweight Lauren Murphy vs. Eduarda Moura - Women’s Flyweight Kennedy Nzechukwu vs. Valter Walker - Heavyweight Mitch Ramirez vs. Mike Davis - Lightweight Fatima Kline vs. Melissa Martinez - Strawweight We will have more on the UFC Nashville fight card, inclduing full fight card results, reactions and highlights on fight night.",2025-07-11,https://www.forbes.com/sites/trentreinsmith/2025/07/11/ufc-nashville-fight-card-odds-lines-prop-bets-predictions-picks/
"UFC Nashville odds: Best betting props, parlays and picks | Lewis vs. Teixeira","UFC Nashville goes down this weekend (Sat., July 12, 2025) inside Bridgestone Arena in Nashville, Tennessee. The main event features Heavyweights with Derrick Lewis vs. Tallison Teixeira. Lewis, a divisional stalwart, is hoping to get past the UFC neophyte and secure a fight with new UFC champion, Tom Aspinall. When it comes to the rest of the UFC Nashville card, there’s not too much to write home about. The co-main is Stephen Thompson vs. Gabriel Bonfim. Rounding out the main card is Calvin Kattar vs. Steve Garcia, Nate Landwehr vs. Morgan Charriere, Vitor Petrino vs. Austin Lane and Junior Tafa vs Tuco Tokkos. UFC Nashville’s “Prelims” are headlined by Max Griffin vs. Chris Curtis. The “Prelims” also have Jake Matthews vs. Chidi Njokuani and Lauren Murphy vs. Eduarda Moura. As always, there’s lots to bet on this card and we’ve got odds for all the fights below: UFC Nashville Main Card Money Line Odds Derrick Lewis (+220) vs. Tallison Teixeira (-270) The towering Teixeira is just 8-0 and two fights into his UFC career. He debuted in the Octagon with a Contender Series first round knockout over Arthur Lopes. In his proper debut, he put away Justin Tafa in 35 seconds (see it here). Lewis — who turned 40 this year — is coming off a third round technical knockout win over Rodrigo Nascimento. Before that, he lost a five-round decision to Jailton Almeida. And before that, he scored a 33-second win over Marcos Rogerio Lima (see it here). That win snapped a three fight losing skid (all finishes) where he lost to Serghei Spivac, Sergei Pavlovich and Tai Tuivasa. There’s not much to scout when it comes to Teixeira. He’s very tall and very long and he’s coming into UFC in his athletic prime at only 25 years-old. Lewis is giving up four inches of height and four inches of reach to the young Brazilian. The last time Lewis fought someone with that kind of reach it was Pavlovich and he lasted just 55 seconds. Lewis is capable of the spectacular and shocking in an Octagon. But, it really feels like the odds are stacked against him here, with a fighter so long, so powerful and with so much youth on his side. Lewis’ defense against significant strikes is just 40 percent. That spells a lot of trouble for “The Black Beast” against a man who, so far, has landed 14.61 significant strikes per-minute across his three Octagon appearances. In Heavyweight, it only takes one punch to win, a lot of the times, but I have to favor the man who is going to be landing dozens of them in a round (if it makes it that far). The round total for this fight is set at 1.5. I think the under is most likely, as do many others. The odds are just -210 for that prop. Teixeira by KO/TKO/DQ is a laughable -185. And Teixeira to win by strikes in round one is just -125. Clearly, there’s not much value if you believe Teixeira is going to quickly separate Lewis from his consciousness (as I do). For my best bet, I’m going to go for a winning round and method of victory parlay. I’m taking round one and TKO/KO/DQ. This covers me just in case Lewis does something silly/outstanding in the first round in Nashville. Best bet: Fight to end in Round 1 by KO/TKO/DQ (-150) Stephen Thompson (+320) vs. Gabriel Bonfim (-410) Thompson is coming off a third round knockout loss to Joaquin Buckley (see it here). Before that, he was submitted by Shavkat Rakhmonov (see it here). His last win was over Kevin Holland, when Holland retired at the end of round four. Bonfim, on the other hand, choked out Khaos Williams in his last fight (see it here). Before that, he took a decision over Ange Loosa. Before those fights he lost, as a big favorite, to Nicolas Dalby via technical knockout (see it here). I don’t think Thompson is long for this sport. He turned 42 this year and his fighting style isn’t great for masking your age. He can’t hide behind takedowns and take dangerous finishers out of their comfort zones. He has to stand in front of them and hope he can slip strikes and land enough from range to earn a decision. Bonfim is not a dangerous striker, so I’m not worried about Thompson getting KO’d for the second time in two fights. Bonfim’s submission threat is what I’m worried about, though. Bonfim’s submissions come from all angles and at a scary pace. I don’t think Thompson will be able to fight those off for long enough to stay in the fight and will probably end up tapping from a choke. Thompson has never had elite takedown defense. With age, his 63 percent takedown defense will feel closer to 50 percent. Bonfim lands almost four takedowns per 15 minutes. He’s going to get Thompson down. Bonfim by submission is only +125. I feel strongly that this is what’s going to happen. But those odds are a little stingy. Unfortunately, the Bonfim -3.5 is even stingier at -205. For my best bet I’m going deep into DraftKings props and I’m looking at Bonfim to win in rounds one or two. I really struggle to see Thompson make it to the final bell and this at least covers me if Thompson is shot to the point that Bonfim can get him out of there with ground-and-pound. Best bet: Gabriel Bonfim to win in rounds 1-2 (+120) Calvin Kattar (+102) vs. Steve Garcia (-122) The Featherweight division have a right to be scared of Garcia. He’s one a five-fight finish streak right now, including stoppages over Melquizael Costa (see it here) and Chase Hooper (see it here). Hooper and Costa have looked pretty good since then, so that tells us what kind of level Costa has been operating at lately. Kattar, on the other hand, will lock up a rare five-fight losing streak in UFC if he gets stopped by Garcia. Last time out he was well beaten by Youssef Zalal (who won despite staying in cruise control). Before that, he was beaten by Aljamain Sterling, Arnold Allen (due to an injury) and Josh Emmett (split decision). Kattar’s toughness is the stuff of legend, thanks to the unholy beating he once took from Max Holloway. Kattar has never been stopped in his career (other than that knee injury). At 37, though, with all these wars in his past, is this the time we see that chin fade? I think so. Garcia’s punches land like a sock full of pennies. And I fear he’s going to land something really hard on Kattar. I think we’re going to see a technical knockout from Garcia, probably from ground-and-pound. I’ll take the point spread here on Garcia, believing that if Kattar doesn’t go down, Garcia will still take a dominant decision (also because Garcia by KO was only +165). Best bet: Steve Garcia -3.5 (+110) Nate Landwehr (+220) vs. Morgan Charriere (-270) Landwehr got styled on in his last fight. Doo Ho Choi looked incredible as he out-struck and out-wrestled and eventually finished “The Train” (see it here). Before that, Landwehr scored a comeback technical knockout on Jamall Emmers (see it here). In his early UFC career, Landwehr managed to get wins over Darren Elkins, L’udovit Klein and David Onama. Charriere, meanwhile, is coming off a unanimous decision loss to Nathaniel Wood where he looked good, not great. Before that, he blew away Gabriel Miranda with a left hook (see it here). Landwehr is a hard-nosed brawler who is willing to eat two shot to land one. He’s a bit like Elkins without the grappling (as exposed by how often Choi took and held him down). I think this is a very tough match-up for him, against Charriere who has looked good against opponents who charge at him. Both these guys absorb more significant strikes than they land (which is a big red flag for me), but Charriere’s negative differential is higher. Charriere is also giving up three inches in the reach department. Even so, I think Charriere’s counter punching will be the story of this fight. Landwehr doesn’t exactly fight behind his jab and pick his shots. He’ll be crashing forward trying to overwhelm Charriere. In this situation, I like Charriere to respond with something hard that puts Landwehr down. Charriere reminds me of a striker in football/soccer who misses the goal when he’s given too much time to think about his shot, but who can score on instinct when the ball comes to him and he has to react without thinking. That’s how I see Charriere getting his finish here. Best bet: Morgan Charriere moneyline (-220) Vitor Petrino (-700) vs. Austen Lane (+500) Petrino’s shiny 11-0 record was dulled by Anthony Smith and Dustin Jacoby last year. Smith scored a quick guillotine on the Brazilian (see it here) in Brazil. Then Jacoby scored a late knockout in a very boring fight (see it here). Lane, meanwhile, was KO’d by Mario Pinto last time out (see it here). Before that, he successfully fraud checked Robelis Despaigne. Prior to that fight, he was starched by Jhonata Diniz (see it here). If it wasn’t for Tuco Tokkos, Lane might be the worst fighter on a UFC main card this year. Lane has a terrible 40 percent defense on significant strikes. That’s a death sentence at Heavyweight. For the most part in his career, big shots have been able to find Lane and he’s been stopped more than your average bear (all six of his defeats are by knockout). He’s been stopped so much, that you wonder whether the 37 year old should still get a license. But, this is MMA, right? We’ll let anyone fight. Petrino came to UFC with a reputation for vicious striking, but we’ve not seen much of that in the Octagon. What we have seen has been pretty slow and telegraphed. Is that still too fast and unpredictable for Lane, though? Lane has a decent-size advantage against Petrino and I can actually see him taking Petrino down and laying on him for a round or two. However, whenever they are standing I’m worried that Lane is one punch away from being laid out. This is what we saw in the Diniz fight. Since they start rounds standing, I have to give this to Petrino. I’m not very enthusiastic about the pick, though. The round total is 1.5. I’ll go with the over, thinking Lane will get his early takedown and Petrino will continue to underwhelm, even in a winning effort. Best bet: Over 1.5 rounds (+135) Junior Tafa (-166) vs. Tuco Tokkos (+140) Tafa put away super short notice opponent Sean Sharaf back in Oct. 2024. That was his first fight since being heel hooked by Valter Walker (who fights further down the card). Before that, Tafa was TKO’d by Marcos Rogerio de Lima (see it here). Tokkos, meanwhile, stifled Navajo Stirling last time out, losing just by decision to the super hyped prospect. Before that he was submitted by Oumar Sy, with Sy locking up the rear-naked choke when Tokkos was mugging for the commentary booth. Tokkos, as referenced earlier, is probably the worst main card fighter of the year. He’s not shown us much of anything thus far in his UFC career. He did well to hang in there against Stirling, but he offered very little offensive threat. Stirling’s passivity was mostly to blame for that awful fight going the distance. Tafa isn’t much better. He’s 2-3 in UFC and the two guys he beat are well below UFC quality. I think Tafa wins this, thanks to how hittable Tokkos is (4.99 significant strikes absorbed per minute and just 33 percent significant strike defense). I wouldn’t be surprised if we get another stinker, though, that goes the distance with a decision that could go to either guy. Because I’m not sold on Tafa, over 1.5 rounds looks quite appealing. Best bet: Over 1.5 rounds (+105) UFC Nashville ‘Prelims’ Under Card Odds Max Griffin (+250) vs. Chris Curtis (-310) This is our featured “Prelim”? I guess this slot really is just, “the fight before the main card” now. The 39-year-old Griffin was tapped by Michael Chiesa in Dec. 2024. He’s been win-loss-win-loss for the past few years, with the wins being split decisions over Jeremiah Wells and Tim Means. The 37-year-old Curtis is coming off trying to separate Sean Strickland from some dude in a regional MMA cage. In his last UFC fight, Curtis lost a controversial fight with Roman Kopylov (see it here). That fight was officially ruled a head kick knockout loss at 4:59 of round three. Many felt the fight could have been left for the remaining second and then have the judges decide (I scored it for Kopylov anyways). Griffin is an okay striker and wrestler, but at 39, his potency in either area needs to be questioned. Curtis, who isn’t much younger, seems to still be a reliable and creative volume striker. His very good takedown defense probably holds up to the level needed to stay up against Griffin, too. I think there’s a chance Curtis gets a stoppage in this fight, but it might come late. I’m not going to mess around with any round betting here and instead just go with Curtis on the moneyline. Best bet: Chris Curtis moneyline (-310) Jake Matthews (+124) vs. Chidi Njokuani (-148) Both these guys are on good runs and coming off decisive wins. It’s a little surprising to see them matched up here on the “Prelims.” Matthews beat Francisco Prado by unanimous decision in February. Last year, he defeated Phil Rowe. Prior to that, he managed to make it to a losing decision against the undefeated Michael Morales. Njokuani, meanwhile, lit up Elizeu Zaleski dos Santos on the co-main of an APEX card in March (see it here). He did miss weight for that one, though. Prior to that TKO he beat Jared Gooden and Rhys McKee. Njokuani is very big for the weight class. He’s four inches taller than Matthews and will have a long seven-inch reach advantage. That reach could be significant, as it was in Njokuani’s destruction of Dos Santos. Njokuani’s reach gets even more deadlier when you consider he has the best accuracy rate for sig. strikes in the division at 62 percent. The only reason he isn’t the official leader in that stat at Welterweight is because his last two fights have technically been Catchweights (due to his weigh-in misses). The 62 percent is better than Gunnar Nelson’s official best mark of 60.6 percent and all the other killers in this rejuvenated weight class. Matthews is no slouch, though. He’s an intelligent and well rounded fighter. He probably knows he can’t win a kickboxing match and I think he’s going to try and make this an ugly brawl against the fence. He’ll look to grind on Njokuani and land a few takedowns. That might be tough, though, given Njokuani’s 75 percent takedown defense. Ultimately, I think Njokuani is going to prevent himself getting taken down in this fight. And, if Matthews, won’t let him strike from range, I still think Njokuani has a good shot at landing heavy strikes right inside Matthews’ kitchen. Njokuani’s Muay Thai style is perfect for clinch fighting, so he might find a home for some good elbows and knees. The round total for this one is set at 1.5 for some reason. The over on that is -298, so no value there. And I don’t think there’s a finish in this fight. I’ll just go with the Njokuani moneyline. Best bet: Chidi Njokuani moneyline (-148) Lauren Murphy (+440) vs. Eduarda Moura (-600) Murphy has been out of action since her bruising loss to Jessica Andrade in Jan. 2023. Before that, she dominated the un-retired Miesha Tate. Before those fights, she was TKO’d while trying to get the belt off Valentina Shevchenko. Moura, meanwhile, took a decision over Veronica Hardy in her Flyweight debut last year. That fight came after she misses weight in back-to-back Strawweight bouts. I get that Murphy has been out awhile, and that she’s 42, but Vegas is showing a lot of faith in Moura with these lines. Despite her age and inactivity as of late, I bet Murphy still “has that dog in her” and I think she will bring a lot of pressure to Moura. Moura has managed to package together wins thanks to her takedowns. Murphy’s takedown defense has been solid over her career (69 percent). The big question is whether Murphy still has good takedown defense or not. If she keeps this fight standing I think she has a good chance to take a close decision. If she is taken down, I think Moura should be able to keep her down and get a pretty comfortable decision. Either way, I think we’re going to decision. Best bet: Over 2.5 rounds (-330) Kennedy Nzechukwu (-205) vs. Valter Walker (+170) Nzechukwu is undefeated (2-0) in UFC’s Heavyweight division. In Dec. 2024, he scored a first round technical knockout over Lukasz Brzeski (see it here). Walker, on the other hand, lost to Brzeski, by decision, in his UFC debut. Since then he’s heel hooked both Junior Tafa (who didn’t like it one bit) and Don’Tale Mayes. Nzechukwu’s striking should be too much for Walker to handle. However, Nzechukwu is a little ungainly and I can totally see him getting caught by Walker’s leg locks, perhaps even after scoring a knockdown. This match-up really seems ripe for some Heavyweight nuttiness. I think it’s best to play the under in this situation, especially with the round total set at 2.5 (I was sure it would be 1.5). Best bet: Under 2.5 rounds (-105) Mitch Ramirez (+700) vs. Mike Davis (-1000) Ramirez was stopped by Thiago Moises leg kicks in his last fight (see those here). His only other Octagon appearance was a walloping from Carlos Prates on Contender Series. In the opposite corner, Davis returned from a year long lay-off to fight Fares Ziam in February. He looked out of sorts and was possibly carrying an injury in that fight. He seemed to be trying to minimize damage more so than win a fight. That unanimous decision was his first UFC loss since being submitted by Gilbert Burns in 2019. He’s won four UFC fights between those losses. If the Davis we’re used to seeing shows up, then he should win this without too much trouble (as reflected in those betting lines). I think we’ll see the good version of Davis in this fight and if that happens, then his funky grappling should lead to a convincing win, probably by stoppage. Best bet: Under 2.5 rounds (-180) Fatima Kline (-1200) vs. Melissa Martinez (+750) Kline was fed to the wolves on her UFC debut, coming in on short notice and up a weight class to take on Jasmine Jasudavicius. She got dominated by the bigger fighter in that bout, but rebounded with a technical knockout over Victoria Dudakova (see it here). Prior to joining UFC, Kline was a champ in the CFFC organization. She also has BJJ black belt under Mike Wacker. Martinez, meanwhile, is 1-1 in UFC with a decision win over Alice Ardelean and a decision loss to Elise Reed. She’s a former champ in the Combate organization. Martinez — who is just 5’2” — should be fighting at Atomweight (and UFC should have an Atomweight division). Kline is going to have a lot of size and strength over her (not much reach, though). I think that size difference will be most notable on the ground and I think Kline is going to use that to get a submission. Best bet: Under 2.5 rounds (+114) UFC Nashville Long Shots! Here’s a couple of long shots for Saturday night’s action. Derrick Lewis to Win and Over 3.5 (+1000) Let’s just imagine that Teixeira is being over-hyped and that his best work has all come against tomato cans. And let’s imagine that Lewis is going to rewind the clock and survive a lot of early punishment. Maybe Teixeira punches himself out? And then, maybe Lewis uncorks one of his classic right hooks that knocks him out cold? It’s not impossible, right? It’s Heavyweight after all. Three-fight parlay: Tallison Teixeira, Steve Garcia, Valter Walker (+568) Despite that first long shot bet, I’m reasonably confident that Teixeira is legit enough to be better than a 40-year-old Lewis. I’m also pretty confident that Steve Garcia will add to his impressive winning streak when he meets Kattar. Walker is my wild card in this parlay and he’s here to add some value. Nzechukwu has looked good at Heavyweight so far, but he’s not faced anyone like Walker. Morgan Charriere to win by KO/TKO/DQ and over 1.5 rounds (+550) I used DraftKings to make my own same game parlay here. It kind of kills me to do it, since I really like Landwehr. Unfortunately, I just think he will fight right into Charriere’s strengths and walk into something nasty. Remember that MMAmania.com will deliver LIVE round-by-round, blow-by-blow coverage of the entire UFC Nashville fight card right here, starting with the ESPN/ESPN+ “Prelims” matches online, which are scheduled to begin at 6 p.m. ET, before the main card start time at 9 p.m. ET (also on ESPN/ESPN+). To checkout the latest and greatest UFC Nashville: “Lewis vs. Teixeira” news and notes be sure to hit up our comprehensive event archive right here. Loading comments...",2025-07-10,https://www.mmamania.com/2025/7/10/24461091/ufc-nashville-odds-best-betting-props-parlays-picks-derrick-lewis-vs-tallison-teixeira
Stephen Thompson vs Gabriel Bonfim Prediction & Picks - UFC Fight Night,"UFC - UFC Fight Night New customers only | Commercial content | 21+ age limit | T&Cs apply by Stephen Abiola | in UFC Picks Stephen Thompson (17-8-1) and Gabriel Bonfim (17-1-0) will square off on Saturday night at Bridgestone Arena in Tennessee. Stephen ""Wonderboy"" Thompson will be eager to prove that he still has a lot of fight left despite being 42. Known for his explosive striking and karate-based style, Thompson is currently riding on a two-fight slide. His latest fight was in October 2024, where Joaquin Buckley defeated him via a KO punch in the third round. Gabriel ""Marretinha"" Bonfim, on the other hand, comes into this welterweight clash as the bookmaker's favorite. The Brazilian fighter is 15 years younger than Thompson and has enjoyed great results lately. Bonfim recovered from his KO/TKO loss against Dalby in November 2023 to defeat Ange Loosa and Khaos Williams. He is an aggressive grappler who has improved his striking skills lately and can cause problems for any opponent. Limited Offer. Currently at DraftKings Stephen Thompson - Gabriel Bonfim Key Points - Bonfim won five of his last six UFC fights. - The total rounds went under 2.5 in five of the last six Bonfim fights. - Bonfim won via submission in four of his last five UFC wins. - Thompson lost four of his last five UFC fights. Limited Offer. Currently at DraftKings Our Stephen Thompson vs Gabriel Bonfim Prediction Gabriel Bonfim carries the favorite tag into this fight as he looks to fast-track into the division's Top 15. A win against a decorated fighter like Thompson could also improve his reputation as one of the best talents in the 170-pound category. He combines aggressive striking skills and high-level submission grappling, averaging 3.68 takedowns every 15 minutes. Impressively, the Brazilian boasts a takedown accuracy of 76%. Bonfim should get an early victory if he takes this classic prospect versus veteran showdown to the mat. Our prediction for Stephen Thompson vs Gabriel Bonfim: Fight to be decided by Decision Jackpot Pools DraftKings's long-running promo Jackpot Pools gives bettors a chance to win a whopping $10,000 which grows with every entry! To win, you'll need to answer all 15 questions correctly and the pool is yours! If there are multiple winners, the pool will be split. If no one wins, however, the jackpot rolls over to the next pool, increasing the winnings. You can enter up to 10 times each pool to give yourself an even greater chance of winning. Once the event has completed, you can collect your winnings within 24 hours so keep an eye on the pool! Don't miss out on your chance to win big and make your picks today! All tips are fully researched and given in good faith, but profits cannot be guaranteed. Limited Offer. Currently at DraftKings",2025-07-11,https://www.sportytrader.com/us/picks/stephen-thompson-gabriel-bonfim-276751/
"UFC Nashville preview: ‘Lewis vs. Teixeira’ main, co-main event predictions","Ultimate Fighting Championship (UFC) is just one day away from the upcoming UFC Nashville mixed martial arts (MMA) event, set to go down tomorrow night (Sat., July 12, 2025) on ESPN and ESPN+ at Bridgestone Arena in Nashville, Tennessee. UFC Nashville features a heavyweight main event between record-setting knockout artist Derrick Lewis and undefeated division prospect Tallison Teixeira, a five-round showdown with potential title implications for late 2025 and beyond. Before we dive into the main and co-main event, which includes the welterweight collision between former 170-pound title challenger Stephen Thompson and once-beaten Brazilian bruiser Gabriel Bonfim, check out Andrew Richardson’s “X-Factor” breakdown for the rest of the UFC Nashville main card by clicking here. Get all the latest “Lewis vs. Teixeira” odds and betting props courtesy of FanDuel right here. For UFC Nashville live results for this weekend’s fight card in the “The Volunteer State” click here. 265 lbs.: Derrick Lewis vs. Tallison Teixeira Derrick “The Black Beast” Lewis Record: 28-12, 1 NC | Age: 40 | Betting line: +210 Wins: 23 KO/TKO, 1 SUB, 4 DEC | Losses: 7 KO/TKO, 2 SUB, 3 DEC Height: 6’3” | Reach: 79” | Stance: Orthodox Significant Strikes Landed Per Minute: 2.48 | Striking accuracy: 50% Strikes Absorbed Per Minute: 2.48 | Striking Defense: 40% Takedown Average: 0.57 (26% accuracy) | Takedown Defense: 52% Current Ranking: No. 9 | Last fight: Technical knockout win over Rodrigo Nascimento Tallison “Xicao” Teixeira Record: 8-0 | Age: 25 | Betting line: -280 Wins: 7 KO/TKO, 1 SUB, 0 DEC | Losses: 0 KO/TKO, 0 SUB, 0 DEC Height: 6’7“ | Reach: 83” | Stance: Orthodox Significant Strikes Landed Per Minute: 14.61 | Striking accuracy: 59% Strikes Absorbed Per Minute: 7.50 | Striking Defense: 59% Takedown Average: 0.00 (0% accuracy) | Takedown Defense: 0% Current Ranking: No. 13 | Last fight: Technical knockout win over Justin Tafa Derrick Lewis has the most knockouts in the history of UFC and that’s probably the best thing you can say about the “Black Beast” in terms of his MMA career. To be fair, the 40 year-old Texan also has eight post-fight performance bonuses with three “Fight of the Night” honors, leaving him just one shy of the division mark set by former heavyweight champion, Stipe Miocic. Lewis has been competing for UFC since his technical knockout win over Jack May back in early 2014, a span of more than 11 years (Lewis was just 29 at the time of his debut). In the years that followed, “Mattress Mack’s” favorite customer compiled a record of 19-10 with one No Contest and he currently sits just inside the Top 10 at 265 pounds. Lewis has been dealing with a bad back for most of his career and has pretty much mailed it in for the last several years. “Black Beast” is coming off a technical knockout victory over Rodrigo Nascimento but has lost five of his last eight, getting finished in four of those losses. In fact, nine of his 12 losses have come by way of knockout or submission — but Lewis is rarely in a boring fight (this abomination notwithstanding). “I’ve fought way more tough fighters than this guy,” Lewis told UFC.com. “All his wins just came against guys that were 0-1, 1-2, 1-1, really having no experience. So they’re really trying to build this guy up for failure. That’s what I believe. I believe it’s too soon for him. That’s what I think. I believe there really are levels to it.” “I think coming up against a guy like me, very unpredictable, very dangerous, you never know what to expect,” Lewis continued. “I think it’s just too early for him to fight someone like me. He should expect that [I’m] going to come at him like no other opponent has come at him before. He’s going to realize that he made a big mistake signing that paper.” Tallison Teixeira is the new kid on the proverbial block and he’s already gotten everyone’s attention by racking up eight straight first-round knockout finishes. The Brazilian blasted his way onto the roster by popping and dropping Arthur Lopes on Dana White’s “Contender Series” back in Sept. of 2024 then followed that up with a 35-second finish over Justin Tafa at UFC 312. To earn a main event slot in just two fights for the promotion should tell you what matchmakers think of Teixeira’s skill set, or maybe they figure the aging and somewhat-brittle Lewis has declined enough to make this fight even, since they are not even remotely close in experience. Like most MMA fans, I like what I see from Teixeira and he is without question a lethal striker, Standing 6’7” with a 83-inch reach certainly helps, but not as much as fighting absolute nobodies on the international circuit. Lopes went back to the regional circuit after losing to Teixeira and Tafa is an undersized heavyweight, so I’m not sure those are the kinds of wins that should be driving “Xicao” to a -280 betting favorite. Did we already forget what happened to that other 6’7” heavyweight knockout artist who dazzled Dana White on “Contender Series” then won his first UFC fight by knockout? I’m talking about Robelis Despaigne, who went from cock of the walk to feather duster in two fights and is now fighting for those weird crypto bros under the Karate Combat banner. “I like this because I’ll be remembered as the man that ended the Brazilian curse,” Teixeira told MMA Fighting. “Brazilians need this after sad losses we had. Brazil needs this incentive, you know? I think that motivates me even more to give my best possible [performance] inside the Octagon.” Lewis is not without his issues and you can never quite tell if he actually gives a s—t about his fighting career or just wants to collect his paycheck and go home. What I can say for certain, is that he’s fought (and defeated) some of the best heavyweights in the world and also stopped heavyweights taller than Teixeira, like Alexander Volkov. Unless “The Black Beast” is completely washed (or completely checked out), I think he shows the 25 year-old hotshot there are levels to this game, even when some of the playing pieces are old and cracked. Prediction: Lewis def. Teixeira by knockout 170 lbs.: Stephen Thompson vs. Gabriel Bonfim Stephen “Wonderboy” Thompson Record: 17-8-1 | Age: 42 | Betting line: +320 Wins: 8 KO/TKO, 1 SUB, 8 DEC | Losses: 2 KO/TKO, 1 SUB, 5 DEC Height: 6’0“ | Reach: 75” | Stance: Orthodox Significant Strikes Landed Per Minute: 4.11 | Striking accuracy: 46% Strikes Absorbed Per Minute: 3.02 | Striking Defense: 55% Takedown Average: 0.25 (41% accuracy) | Takedown Defense: 63% Current Ranking: No. 12 | Last fight: Knockout loss to Joaquin Buckley Gabriel “Marretinha” Bonfim Record: 17-1 | Age: 27 | Betting line: -410 Wins: 3 KO/TKO, 13 SUB, 1 DEC | Losses: 1 KO/TKO, 0 SUB, 0 DEC Height: 6’1“ | Reach: 72” | Stance: Orthodox Significant Strikes Landed Per Minute: 5.22 | Striking accuracy: 43% Strikes Absorbed Per Minute: 3.80 | Striking Defense: 65% Takedown Average: 3.68 (76% accuracy) | Takedown Defense: 73% Current Ranking: Unranked | Last fight: Submission win over Kalinn Williams Stephen Thompson is 42 years old, has lost four of his last five, and is coming off a brutal knockout loss to Joaquin Buckley at UFC 307 last October. In fact, “Wonderboy” has just four wins over the last nine years but somehow retained his spot in the division Top 15, sandwiched between Geoff Neal and Carlos Prates. Thompson is a former kickboxer and continues to fight like one, getting taken down 17 times across his last five fights. I’m not sure what the former welterweight title challenger has left to offer at this point in his combat sports career, but trying to stay off the ground and outpoint fighters for a decision has not been a winning strategy and Thompson is facing an opponent who averages more than three takedowns per fight. “I’ve got two fights left, and we’re going to see them through, we’re going to honor them,” Thompson told MMA Junkie. “Go out there and win these next two fights in a great fashion, and we’ll see if we’ll keep going. It depends on what the UFC wants to do for sure. God forbid, if it doesn’t, then I’ve got other routes that I can take.” “I’m notorious for giving these guys a shot,” Thompson continued. “I did it with Vicente Luque, Geoff Neal, Kevin Holland. I’m just the guy to allow these guys to come up and test themselves. I wouldn’t be where I am if it wasn’t for those guys — Jake Ellenberger, Johny Hendricks, Rory MacDonald. Those guys gave me a shot. So just giving these guys a chance to prove themselves coming up, that’s kind of what it is at this point.” Gabriel Bonfim cut his teeth on Dana White’s “Contender Series” back in late 2022 and outside of his misstep against Nicholas Dalby the following year — when Bonfim was just 25 years old — the Brazilian has been virtually unstoppable, racking up four wins with three nasty finishes, two coming in the very first round. “Marretinha” may not be in his fighting prime just yet but he’s pretty damn close and already looks like a future title contender, though you can also argue that Bonfim has yet to fight an elite welterweight. I doubt anyone is breaking out the party hats for victories over Kalinn Williams and Ange Loosa. Stylistically, this is simply a bad matchup for Thompson, who thrives when opponents afford him the space to strike from range, like Kevin Holland. Despite his numerous submissions, Bonfim is no slouch on his feet and will be able to keep “Wonderboy” in reverse with his constant aggression. That should lead to some tie-ups against the cage and eventually, the takedown. Thompson has only been submitted once in his professional MMA career, though it’s probably because he’s never fought a black belt in Brazilian Jiu Jitsu with the credentials of Bonfim. I don’t want to harp on the age difference here (it’s 15 years if you’re counting) so I will instead harp on the fact that Thompson continues to look worse in each successive fight. Prediction: Bonfim def. Thompson by submission Be sure to check out the rest of the UFC Nashville main card predictions RIGHT HERE. MMAmania.com will deliver LIVE round-by-round, blow-by-blow coverage of the entire UFC Nashville fight card RIGHT HERE, starting with the ESPN and ESPN+ preliminary card matchups at 6 p.m. ET, followed by the remaining UFC Nashville main card balance on ESPN and ESPN+ at 9 p.m. ET. To check out the latest and greatest UFC Nashville news and notes be sure to hit up our comprehensive event archives here and here. For the updated and finalized “Lewis vs. Teixeira” fight card and ESPN/ESPN+ lineup click here. Loading comments...",2025-07-11,https://www.mmamania.com/2025/7/11/24464105/ufc-nashville-preview-lewis-vs-teixeira-main-co-main-event-predictions-mma
UFC Stephen Thompson vs Gabriel Bonfim: Prediction and Breakdown - Sidekick Boxing,"Stephen “Wonderboy” Thompson returns to action on July 12, 2025, at the Bridgestone Arena in Nashville, Tennessee, facing unbeaten Brazilian Gabriel Bonfim. It’s a compelling clash of styles: Thompson’s veteran striking and range control versus Bonfim’s youthful power and submission skill. With contrasting career trajectories and skill sets, this matchup could turn on simple physics—who can impose their game plan first. Tale of the Tape | Fighter | Stephen Thompson | Gabriel Bonfim | |---|---|---| | Record | 17–8–1 | 17–1 | | Age | 42 | 27 | | Height | 6’0″ | 6’1″ | | Reach | 75″ | 72½” | | Stance | Orthodox (karate base) | Orthodox | Analysis Stephen Thompson remains among MMA’s most elusive and technical strikers, even at 42. His karate-influenced stance, lateral movement, and volume of kicks allow him to dictate distance and tempo. Against forward-charging opponents, he has repeatedly shown his ability to pick spots, counter effectively, and avoid damage. SHOP: The Kickboxer Collection Gabriel Bonfim comes in as a stark contrast—undefeated, aggressive, and submission-focused. He’s finished nearly every fight, often rapidly via guillotine or choke. But his offensive style is linear; he tends to overcommit when closing distance, which creates openings for counterstrikers. And while his grappling is dangerous, it’s yet to be tested against someone as defensively sharp as Thompson. The fight hinges on whether Bonfim can close the gap without walking into counters. Thompson’s takedown defense and footwork can frustrate and neutralize less disciplined pressure. If Thompson stays light on his feet and lands crisp counters, he’s likely to frustrate Bonfim out of his rhythm and gradually take control. Prediction Expect early grappling attempts from Bonfim, but if he fails to score a takedown or mix up levels quickly, he’ll play into Thompson’s strengths. The veteran’s timing and accuracy should enable him to catch Bonfim charging in with a clean shot. Thompson’s experience and movement advantage are key. Expect him to manage distance, land decisive counters, and potentially force a stoppage—unless Bonfim dramatically improves his entry discipline or submission timing. Pick: Stephen Thompson via TKO in Round 2 READ MORE: Derrick Lewis vs. Tallison Teixeira: Full UFC Fight Breakdown and Prediction",2025-07-11,https://sidekickboxing.co.uk/ufc-stephen-thompson-vs-gabriel-bonfim-prediction-and-breakdown/
UFC Fight Night Nashville Predictions – Lewis vs Teixeira Picks for Main Card,"UFC Fight Night Nashville is headlined by Derrick Lewis vs. Tallison Teixeira on Saturday, July 12. With fights that will have rippling effects through the rankings, including the Heavyweight main event, Fight Night Nashville should not be ignored, despite being sandwiched between two of the biggest cards of the year. We’ll break down the top UFC Fight Night Nashville predictions and picks, including a Lewis vs Teixeira pick, main card fight predictions, and PrizePicks UFC projections. Click here to go directly to the UFC Fight Night Nashville: Lewis vs. Teixeira Predictions below. The UFC Nashville: Lewis vs. Teixeira main card is set to start at 9 p.m. ET, with Lewis vs. Teixeira expected to start around 11:30 p.m. ET, depending on when the other fights end. While the hype for this card doesn’t quite live up to the summer of banger cards we’ve been gifted recently, it does move the chains in multiple divisions in ways that the PPV cards do not. and features a surprisingly strong cast of fighters in the undercard. For the main event, we have UFC Legend Derrick Lewis fighting undefeated challenger Tallison Teixeira. Co-headlining UFC Nashville are Stephen Thompson and Gabriel Bonfim, who are matching up in contention for a move in the Welterweight rankings. PrizePicks is the easiest way to win money with your UFC predictions for Fight Night Nashville: Lewis vs. Teixeira; just pick More or Less on fighter projections — like significant strikes or fight time — and win money if your picks are correct. New to PrizePicks? Get started on PrizePicks today to get a $50 bonus after your first $5 Lineup. UFC Fight Night Start Time & Projections: Lewis vs. Teixeira UFC Fight Night Nashville: Lewis vs. Teixeira main card will start at 9 p.m. ET on Saturday, July 12, while the Lewis vs. Teixeira main event is expected to start at 11:30 p.m. ET— subject to change based on other fights before it. UFC Fight Night Nashville: Lewis vs. Teixeira projections below are via the PrizePicks MMA board, along with the full main card start times. Derrick Lewis vs. Tallison Teixeira – Main Event - Heavyweight - Expected start time: 11:30 p.m. ET - Lewis Projections: 18.5 Significant Strikes - Teixeira Projections: 22.5 Significant Strikes, 62.55 Fantasy Score - Significant Strikes (Combo): 38.5 Significant Strikes - Fight Time Projection: 4.5 Minutes - Lewis vs. Teixeira Prediction Stephen Thompson vs. Gabriel Bonfim – Co-Main Event - Welterweight - Expected start time: 11 p.m. ET - Thompson Projections: 40.5 Significant Strikes, 15.5 Rd 1 Significant Strikes - Bonfim Projections: 38.5 Significant Strikes, 2.5 Takedowns, 14.5 Rd 1 Significant Strikes, 57.55 Fantasy Score - Significant Strikes (Combo): 78.5 - Fight Time Projection: 12 Minutes - Thompson vs. Bonfim Prediction Calvin Kattar vs. Steve Garcia - Featherweight - Expected start time: 10:30 p.m. ET - Kattar Projections: 36.5 Significant Strikes, 17.5 Rd 1 Significant Strikes - Garcia Projections: 38.5 Significant Strikes, 57.55 Fantasy Score, 17.5 Rd 1 Significant Strikes - Significant Strikes (Combo): 75.5 - Fight Time Projection: 9.75 Minutes - Kattar vs. Garcia Prediction Nate Landwehr vs. Morgan Charriere - Featherweight - Expected start time: 10:00 p.m. ET - Landwehr Projections: 49.5 Significant Strikes, 17.5 Rd 1 Significant Strikes - Charriere Projections: 51.5 Significant Strikes, 1.5 Takedowns, 53.55 Fantasy Score, 15.5 Rd 1 Significant Strikes - Significant Strikes (Combo): 100.5 - Fight Time Projection: 14.99 Minutes - Landwehr vs. Charriere Prediction Vitor Petrino vs. Austen Lane - Heavyweight - Expected start time: 9:30 p.m. ET - Petrino Projections: 25.5 Significant Strikes, 1.5 Takedowns - Lane Projections: 19.5 Significant Strikes - Significant Strikes (Combo): 44.5 - Fight Time Projection: 6 Minutes - Petrino vs. Lane Prediction Derrick Lewis vs. Tallison Teixeira Prediction & Preview Derrick Lewis can win any fight. With his incredible power and unique striking, even the most difficult opponents have to be wary of what is coming their way. Although he’s only 7-5 in his last 12 fights, the brawler is still one of the most dangerous fighters in the world — and he has the UFC knockout record to prove it. Across from Lewis will be rising star Tallison Teixeira. While some may call into question the legitimacy of his opposition, Teixeira’s potential is not up for debate. Of his eight fights, not a single opponent has made it out of the first round. While Teixeira appears impressive, he has never faced anyone near the caliber of The Black Beast. With insane power flying in both directions, this fight could be one of the best Heavyweight matchups of the year and a dramatic finish is no stranger to both men. Lewis vs. Teixeira Prediction: 4.5 Minutes Fight Time - Lewis owns the KO record with 15 UFC Knockouts. - Teixeira has never fought in a second round. - Lewis’s last five wins have been by KO. - Teixeira has an average fight time of just over one minute. Stephen Thompson vs. Gabriel Bonfim Prediction & Preview Prolific striker Stephen Thompson will be looking to recover from being finished in two consecutive fights this Saturday with a much-needed win. Thompson is currently still ranked, but this fight could determine the trajectory of the remainder of his career. As a fan-favorite, Wonderboy will be a popular fan pick to utilize his striking in a clinical victory. In the other corner is rising contender Gabriel Bonfim. Bonfim is 4-1 in his last five fights, and a signature win over Thompson would be exactly what he needs to enter the rankings. With 16 finishes in his 17 wins, Bonfim will likely look to make a statement in his most challenging bout yet. Thompson vs. Bonfim Prediction: Bonfim – 2.5 Takedowns - Bonfim has 13 wins by submission. - Thompson has 63% Takedown Defense. - Bonfim lands 3.68 Takedowns per 15 minutes. - Prior to MMA, Thompson was an undefeated kickboxer at 57-0. Calvin Kattar vs. Steve Garcia Prediction & Preview A once red-hot Calvin Kattar has struggled as of late. With four consecutive defeats, Kattar has taken a step away from the highest level of the division. With hopes of returning to peak form, we could see the signature high volume and pace that Kattar can bring to the table — a skillset that had him in title challenger contention a few years ago. Only one of Kattar’s last eight opponents aren’t currently in the top 15 featherweight rankings; so while Steve Garcia might be considered a step down in competition for Kattar, his five-fight win streak is getting hard to ignore. With all five being knockouts, and none seeing the third round — Garcia could prove he belongs in the top of the Featherweight division in the UFC. Kattar vs. Garcia Prediction: Garcia – 38.5 Significant Strikes - Garcia lands 5.04 Significant Strikes per minute. - Garcia defends 89% of Takedowns. - Kattar has absorbed the most SIgnificant Strikes in one fight in UFC history, at 445. - Kattar has 54% Significant Strike defense. Nate Landwehr vs. Morgan Charriere Prediction & Preview Nate Landwehr's name is almost always followed by “must-watch TV.” While the train has cooled off, many still believe Landwehr has the potential to brawl with the division's best. Landwehr is respected for his high-octane pressure-based style, and if he wants a return to the win column, he’ll need to stick to what he knows best. Morgan Charriere has been stuck since joining the UFC in 2023. While he has showcased impressive knockout power in two of his four bouts, he is yet to string two wins together. In his fifth UFC fight at Fight Night Nashville, he will need a victory to get back in the positive. While Charriere has showcased spectacular talent, he will more importantly need to showcase improvement to his pacing and some consistency this weekend. Landwehr vs. Charriere Prediction: Fight Time 14.99 Minutes - Charriere’s only UFC wins have come by finish. - Charriere has a .76 Knockdown average. - Landwehr’s last two fights have both ended in a finish. - Landwehr has an average Fight Time of 9:48. Vitor Petrino vs. Austen Lane Prediction & Preview Former Light Heavyweight Vitor Petrino is off back-to-back losses to Light Heavyweight division veterans and decided to move up a weight class to Heavyweight for this fight vs. Austen Lane. While now undersized for the division, Petrino believes that the speed and strength will make up for that weakness. Once 11-0 in his MMA career, Petrino hopes to regain his winning ways with a victory in his Heavyweight debut. Austen Lane also needs a win this Saturday. This once interesting prospect is now 1-3 in his last four. While his one UFC victory seemed impressive at that time, the legitimacy of that opponent has been called into question with the UFC releasing his opponent following the bout. Lane will need to prove that he deserves a spot on the UFC roster, and the best way to do that is to utilize his true Heavyweight size and neutralize his smaller opponent. Petrino vs. Lane Prediction: Petrino – 21.5 Significant Strikes - Lane has 41% Significant Strike defense. - Vitor lands 2.83 Significant Strikes per minute. - Vitor has an average Fight Time of 10:35. Make UFC Fight Night Predictions on PrizePicks UFC Fight Night Nashville: Lewis vs. Teixeira is set to be a card of potential bouncebacks and wet our appetite for the following two weeks of amazing UFC cards. The main card will start around 9 p.m. ET on Saturday; before it does, be sure you’ve locked in your UFC Lineups on PrizePicks — it’s the easiest way to get real money action on UFC Nashville: Lewis vs. Teixeira. With a card featuring fights in some of the most exciting weight classes, and multiple fights with ranked UFC stars — Saturday night could end up bigger and more impactful than advertised, live from Bridgestone Arena in Nashville, Tenn. Head to the PrizePicks app, click MMA, then predict More or Less on two or more fighters, lock in your picks, and get ready for the sweat during UFC Fight Night Nashville: Lewis vs. Teixeira.",2025-07-11,https://www.prizepicks.com/playbook-article/ufc-fight-night-nashville-predictions-lewis-vs-teixeira-picks
UFC on ESPN 70: Stephen Thompson vs. Gabriel Bonfim Prediction,"UFC on ESPN 70: Stephen Thompson vs. Gabriel Bonfim Prediction for Today, 07/12/25 UFC on ESPN 70: Stephen Thompson vs. Gabriel Bonfim Pickswise Expert Predictions The Co-Main Event at UFC on ESPN 70 will see Stephen Thompson take on Gabriel Bonfim. This will be a fight in the UFC Welterweight division. Thompson enters this fight with an MMA record of 17-8-1 and 12-8-1. He is averaging 4.11 significant strikes per minute and has a striking accuracy of 46%. Thompson absorbs 3.02 strikes and has a striking defense of 55%. His grappling has not been strong, averaging just 0.25 takedowns every 15 minutes. He has a takedown accuracy of 41% and a takedown defense of 63%. Bonfim enters this fight with an MMA record of 17-1 and 5-1 in the UFC. He is averaging 5.22 significant strikes per minute and has a striking accuracy of 43%. Bonfim is absorbing 3.80 strikes and has a striking defense of 65%. His grappling has also been elite, averaging 3.68 takedowns every 15 minutes and 2.2 submission attempts during the same period. He has a takedown accuracy of 76% and his takedown defense is 73%. Seeing that Bonfim is the overwhelming favorite, we will be looking at the method by which he could win. Bonfim has won 4 of his 5 UFC fights by finish, including his most recent fight. As for Thompson, he has lost 4 of his last 5 UFC fights, two of which have been by finish. Given the recent struggles shown by Thompson and the high finish rate for Bonfim, backing him to win by finish will be our best bet. UFC Analysis See All UFC NewsUFC on ESPN 70: Derrick Lewis vs. Tallison Teixeira picks, predictions and best bets: Teixeira Remains Unbeaten UFC on ESPN 70 takes place on Saturday at the Bridgestone Arena in Nashville, Tennessee. This card features a UFC Heavyweight fight between Derrick Lewis and Tallison Teixeira as the Main Event. H...",2025-07-09,https://www.pickswise.com/ufc/predictions/ufc-on-espn-70-stephen-thompson-vs-gabriel-bonfim-predictions-picks/
"UFC Nashville Fight Card: Odds, Lines, Prop Bets, Predictions, Picks","Saturday’s UFC Nashville fight card features a potential changing of the guard in the heavyweight division in the main event. In that contest, former UFC heavyweight title challenger, and all-time UFC knockout leader, Derrick Lewis faces Tallison Teixeira, who is entering his second UFC contest. In the UFC Fight Night co-main event, two-time UFC welterweight title challenger Stephen Thompson meets the rising Gabriel Bonfim at 170 pounds. We look at the betting odds, line movement, potential prop bets, and picks for the UFC Nashville main card. UFC Nashville takes place at Bridgestone Arena in Nashville, TN. ESPN and ESPN+ carry the fight card. UFC Nashville Fight Card Main Event: Betting Odds, Line Movement And Predictions - Derrick Lewis Vs. Tallison Teixeira Derrick Lewis (28-12-0-1) is the No. 9 fighter in the official UFC heavyweight rankings. The 40-year-old former UFC title challenger is coming off a May 2024 knockout win over Rodrigo Nascimento. Lewis, who owns the record for most knockouts in UFC history with 15, is 2-4 in his past six trips to the Octagon dating back to February 2022. Lewis has been with the UFC since 2014. He also has the UFC record for most finishes in the heavyweight division with 15. No active UFC heavyweight has as many fights in the Octagon as Lewis does at 29. Lewis has a UFC heavyweight record eight fight-night bonus awards. Tallison Teixeira (8-0) joined the UFC in 2024 with a knockout win on a Dana White Contender Series card. The 25-year-old made his official UFC debut in February 2025, scoring a first-round knockout, and a “Performance of the Night” bonus in a win over Justin Tafa. The UFC is wasting no time in throwing Teixeira into the deep end of the heavyweight pool, giving him a veteran opponent in a main event contest. All eight of Teixeira’s career wins have come via first-round stoppage (seven knockouts, on submission). He has been a pro since 2021. He is ranked No. 13 in the UFC’s heavyweight weight class. When the opening betting odds were first published for Lewis vs. Teixeira, Teixeira opened as the -200 betting favorite over the +165 Lewis. The betting line has shifted. Today, Teixeira is -300 to Lewis’s +240. Lewis has picked up 72 percent of the bets on the UFC Nashville main event, but Teixeira has 71 percent of the handle. If you’re looking for an outcome for Lewis vs. Teixeira, I’d say lean toward the fight ending via knockout, and maybe even a first round knockout. My expectation is that the veteran who has been in the Octagon against some of the heaviest hitters in the UFC’s heavyweight division is going to be anxious to test the young man who only has 35 seconds of UFC fight time to his name. We don’t know much about Teixeira outside of the fact that he’s bigger and younger than Lewis. And while this matchup won’t answer every question we have about Teixeira, it should tell us if he is able to use his size and reach as well as take a punch from the UFC’s all-time leader in knockouts. The big concern is Teixeira’s defense. He can get tagged and tagged clean. That is an enormous concern. In an ideal world, Teixeira uses his length to use his kicks to hurt Lewis to the body and then finish him when Lewis is hurt. The betting pick is Teixeira to win via knockout, but that is not a very confident pick because of his limited UFC fight time and the fact that this is a UFC heavyweight scrap. UFC Nashville Fight Card Co-Main Event: Betting Odds, Line Movement And Predictions - Stephen Thompson Vs. Gabriel Bonfim In the co-main event of the UFC Nashville card, Stephen Thompson faces Gabriel Bonfim. Thompson has been with the UFC since early 2012. He is the No. 12 fighter in the UFC’s welterweight division. Bonfim joined the UFC in 2023. He is currently unranked. The opening odds for the UFC Nashville co-main event saw Bonfim open as a massive -400 favorite over the +310 Thompson. Those odds have shifted slightly. Today, Bonfim is a -425 favorite, while Thompson is a +310 betting underdog. Thompson has 66 percent of the bets, while Bonfim has 74 percent of the handle. The betting pick is Bonfim to win via decision. UFC Nashville Fight Card: Betting Odds, Line Movement And Predictions - Calvin Kattar Vs. Steve Garcia When the betting odds were first published for the Calvin Kattar vs. Steve Garcia featherweight clash, Garcia was listed as a -140 betting favorite over the +115 Kattar. The odds have tightened a bit, but Garcia remains the favorite at -125 over Kattar, who is a +105 betting underdog. Sixty-one percent of the bets have come in on Kattar, while 69 percent of the money has been on Garcia. The pick is for Garcia to beat Kattar via decision. UFC Nashville Fight Card: Betting Odds, Line Movement And Predictions - Nate Landwehr Vs. Morgan Charriere The opening odds for the Nate Landwehr vs. Morgan Charriere matchup found Charriere as the -225 favorite over the +185 Landwehr. Charriere remains the favorite at -275, while Landwehr comes in as the +225 underdog. Bettors are going with Landwehr. He has picked up 88 percent of the bets and 95 percent of the handle. The betting pick is Charriere to win via decision. UFC Nashville Fight Card: Betting Odds, Line Movement And Predictions - Vitor Petrino Vs. Austen Lane The first of two heavyweight bouts on the UFC Nashville main card finds Vitor Petrino facing Austen Lane. Petrino opened as a whopping -650 favorite over the +475 Lane. Today, Petrino is a bigger favorite at -700, while Lane comes in as the +500 betting underdog. It’s no surprise to see the bettors going with the underdog in this one because of the lopsided odds. Lane has 90 percent of the bets and 85 percent of the handle. Petrino is likely to win via knockout, but the odds might not make it worth placing a wager on Petrino in this matchup. UFC Nashville Fight Card: Betting Odds, Line Movement And Predictions - Junior Tafa Vs. Tuco Tokkos Opening the UFC Nashville main card is a light heavyweight matchup between Junior Tafa and Tuco Tokkos. Tafa opened as a -160 favorite over the +135 Tokkos. Today, Tafa is -185 to Tokkos’s +150. Tafa has 54 percent of the bets and 86 percent of the handle. The pick is Tafa to win via knockout. *Odds via BetMGM UFC Nashville Fight Card Prop Bets To Consider Derrick Lewis vs. Tallison Teixeira does not go the distance: -900 Derrick Lewis vs. Tallison Teixeira does not start Round 2: +110 Tallison Teixeira to knock out Derrick Lewis in Round 1: +135 Derrick Lewis to knock out Tallison Teixeira in Round 1: +600 Gabriel Bonfim lands more than 2.5 takedowns on Stephen Thompson: -115 Gabriel Bonfim vs. Stephen Thompson does not go the distance: -160 Steve Garcia to beat Calvin Kattar by KO/TKO: +200 Nate Landwehr Vs. Morgan Charriere either fighter by KO/TKO: +125 Vitor Petrino Vs. Austen Lane either fighter by KO/TKO: -365 Junior Tafa vs. Tuco Tokkos either fighter by KO/TKO: -250 *Odds via BetOnline UFC Nashville Fight Card: Date Saturday, July 12, 2025 UFC Nashville Fight Card: Location Bridgestone Arena in Nashville, Tennessee UFC Nashville Fight Card: How to Watch Or Stream Main Card: ESPN Preliminary Card: ESPN UFC Nashville Fight Card: Fight Card Time Prelims: 6:00 p.m. ET Main Card: 9:00 p.m. ET UFC Nashville Main Card Derrick Lewis vs. Tallison Teixeira - Heavyweight Stephen Thompson vs. Gabriel Bonfim - Welterweight Calvin Kattar vs. Steve Garcia - Featherweight Nate Landwehr vs. Morgan Charriere - Featherweight Vitor Petrino vs. Austen Lane - Heavyweight Junior Tafa vs. Tuco Tokkos - Light Heavyweight UFC Nashville Preliminary Card Max Griffin vs. Chris Curtis - Welterweight Jake Matthews vs. Chidi Njokuani - Welterweight Lauren Murphy vs. Eduarda Moura - Women’s Flyweight Kennedy Nzechukwu vs. Valter Walker - Heavyweight Mitch Ramirez vs. Mike Davis - Lightweight Fatima Kline vs. Melissa Martinez - Strawweight We will have more on the UFC Nashville fight card, inclduing full fight card results, reactions and highlights on fight night.",2025-07-11,https://www.forbes.com/sites/trentreinsmith/2025/07/11/ufc-nashville-fight-card-odds-lines-prop-bets-predictions-picks/
"UFC Nashville odds: Best betting props, parlays and picks | Lewis vs. Teixeira","UFC Nashville goes down this weekend (Sat., July 12, 2025) inside Bridgestone Arena in Nashville, Tennessee. The main event features Heavyweights with Derrick Lewis vs. Tallison Teixeira. Lewis, a divisional stalwart, is hoping to get past the UFC neophyte and secure a fight with new UFC champion, Tom Aspinall. When it comes to the rest of the UFC Nashville card, there’s not too much to write home about. The co-main is Stephen Thompson vs. Gabriel Bonfim. Rounding out the main card is Calvin Kattar vs. Steve Garcia, Nate Landwehr vs. Morgan Charriere, Vitor Petrino vs. Austin Lane and Junior Tafa vs Tuco Tokkos. UFC Nashville’s “Prelims” are headlined by Max Griffin vs. Chris Curtis. The “Prelims” also have Jake Matthews vs. Chidi Njokuani and Lauren Murphy vs. Eduarda Moura. As always, there’s lots to bet on this card and we’ve got odds for all the fights below: UFC Nashville Main Card Money Line Odds Derrick Lewis (+220) vs. Tallison Teixeira (-270) The towering Teixeira is just 8-0 and two fights into his UFC career. He debuted in the Octagon with a Contender Series first round knockout over Arthur Lopes. In his proper debut, he put away Justin Tafa in 35 seconds (see it here). Lewis — who turned 40 this year — is coming off a third round technical knockout win over Rodrigo Nascimento. Before that, he lost a five-round decision to Jailton Almeida. And before that, he scored a 33-second win over Marcos Rogerio Lima (see it here). That win snapped a three fight losing skid (all finishes) where he lost to Serghei Spivac, Sergei Pavlovich and Tai Tuivasa. There’s not much to scout when it comes to Teixeira. He’s very tall and very long and he’s coming into UFC in his athletic prime at only 25 years-old. Lewis is giving up four inches of height and four inches of reach to the young Brazilian. The last time Lewis fought someone with that kind of reach it was Pavlovich and he lasted just 55 seconds. Lewis is capable of the spectacular and shocking in an Octagon. But, it really feels like the odds are stacked against him here, with a fighter so long, so powerful and with so much youth on his side. Lewis’ defense against significant strikes is just 40 percent. That spells a lot of trouble for “The Black Beast” against a man who, so far, has landed 14.61 significant strikes per-minute across his three Octagon appearances. In Heavyweight, it only takes one punch to win, a lot of the times, but I have to favor the man who is going to be landing dozens of them in a round (if it makes it that far). The round total for this fight is set at 1.5. I think the under is most likely, as do many others. The odds are just -210 for that prop. Teixeira by KO/TKO/DQ is a laughable -185. And Teixeira to win by strikes in round one is just -125. Clearly, there’s not much value if you believe Teixeira is going to quickly separate Lewis from his consciousness (as I do). For my best bet, I’m going to go for a winning round and method of victory parlay. I’m taking round one and TKO/KO/DQ. This covers me just in case Lewis does something silly/outstanding in the first round in Nashville. Best bet: Fight to end in Round 1 by KO/TKO/DQ (-150) Stephen Thompson (+320) vs. Gabriel Bonfim (-410) Thompson is coming off a third round knockout loss to Joaquin Buckley (see it here). Before that, he was submitted by Shavkat Rakhmonov (see it here). His last win was over Kevin Holland, when Holland retired at the end of round four. Bonfim, on the other hand, choked out Khaos Williams in his last fight (see it here). Before that, he took a decision over Ange Loosa. Before those fights he lost, as a big favorite, to Nicolas Dalby via technical knockout (see it here). I don’t think Thompson is long for this sport. He turned 42 this year and his fighting style isn’t great for masking your age. He can’t hide behind takedowns and take dangerous finishers out of their comfort zones. He has to stand in front of them and hope he can slip strikes and land enough from range to earn a decision. Bonfim is not a dangerous striker, so I’m not worried about Thompson getting KO’d for the second time in two fights. Bonfim’s submission threat is what I’m worried about, though. Bonfim’s submissions come from all angles and at a scary pace. I don’t think Thompson will be able to fight those off for long enough to stay in the fight and will probably end up tapping from a choke. Thompson has never had elite takedown defense. With age, his 63 percent takedown defense will feel closer to 50 percent. Bonfim lands almost four takedowns per 15 minutes. He’s going to get Thompson down. Bonfim by submission is only +125. I feel strongly that this is what’s going to happen. But those odds are a little stingy. Unfortunately, the Bonfim -3.5 is even stingier at -205. For my best bet I’m going deep into DraftKings props and I’m looking at Bonfim to win in rounds one or two. I really struggle to see Thompson make it to the final bell and this at least covers me if Thompson is shot to the point that Bonfim can get him out of there with ground-and-pound. Best bet: Gabriel Bonfim to win in rounds 1-2 (+120) Calvin Kattar (+102) vs. Steve Garcia (-122) The Featherweight division have a right to be scared of Garcia. He’s one a five-fight finish streak right now, including stoppages over Melquizael Costa (see it here) and Chase Hooper (see it here). Hooper and Costa have looked pretty good since then, so that tells us what kind of level Costa has been operating at lately. Kattar, on the other hand, will lock up a rare five-fight losing streak in UFC if he gets stopped by Garcia. Last time out he was well beaten by Youssef Zalal (who won despite staying in cruise control). Before that, he was beaten by Aljamain Sterling, Arnold Allen (due to an injury) and Josh Emmett (split decision). Kattar’s toughness is the stuff of legend, thanks to the unholy beating he once took from Max Holloway. Kattar has never been stopped in his career (other than that knee injury). At 37, though, with all these wars in his past, is this the time we see that chin fade? I think so. Garcia’s punches land like a sock full of pennies. And I fear he’s going to land something really hard on Kattar. I think we’re going to see a technical knockout from Garcia, probably from ground-and-pound. I’ll take the point spread here on Garcia, believing that if Kattar doesn’t go down, Garcia will still take a dominant decision (also because Garcia by KO was only +165). Best bet: Steve Garcia -3.5 (+110) Nate Landwehr (+220) vs. Morgan Charriere (-270) Landwehr got styled on in his last fight. Doo Ho Choi looked incredible as he out-struck and out-wrestled and eventually finished “The Train” (see it here). Before that, Landwehr scored a comeback technical knockout on Jamall Emmers (see it here). In his early UFC career, Landwehr managed to get wins over Darren Elkins, L’udovit Klein and David Onama. Charriere, meanwhile, is coming off a unanimous decision loss to Nathaniel Wood where he looked good, not great. Before that, he blew away Gabriel Miranda with a left hook (see it here). Landwehr is a hard-nosed brawler who is willing to eat two shot to land one. He’s a bit like Elkins without the grappling (as exposed by how often Choi took and held him down). I think this is a very tough match-up for him, against Charriere who has looked good against opponents who charge at him. Both these guys absorb more significant strikes than they land (which is a big red flag for me), but Charriere’s negative differential is higher. Charriere is also giving up three inches in the reach department. Even so, I think Charriere’s counter punching will be the story of this fight. Landwehr doesn’t exactly fight behind his jab and pick his shots. He’ll be crashing forward trying to overwhelm Charriere. In this situation, I like Charriere to respond with something hard that puts Landwehr down. Charriere reminds me of a striker in football/soccer who misses the goal when he’s given too much time to think about his shot, but who can score on instinct when the ball comes to him and he has to react without thinking. That’s how I see Charriere getting his finish here. Best bet: Morgan Charriere moneyline (-220) Vitor Petrino (-700) vs. Austen Lane (+500) Petrino’s shiny 11-0 record was dulled by Anthony Smith and Dustin Jacoby last year. Smith scored a quick guillotine on the Brazilian (see it here) in Brazil. Then Jacoby scored a late knockout in a very boring fight (see it here). Lane, meanwhile, was KO’d by Mario Pinto last time out (see it here). Before that, he successfully fraud checked Robelis Despaigne. Prior to that fight, he was starched by Jhonata Diniz (see it here). If it wasn’t for Tuco Tokkos, Lane might be the worst fighter on a UFC main card this year. Lane has a terrible 40 percent defense on significant strikes. That’s a death sentence at Heavyweight. For the most part in his career, big shots have been able to find Lane and he’s been stopped more than your average bear (all six of his defeats are by knockout). He’s been stopped so much, that you wonder whether the 37 year old should still get a license. But, this is MMA, right? We’ll let anyone fight. Petrino came to UFC with a reputation for vicious striking, but we’ve not seen much of that in the Octagon. What we have seen has been pretty slow and telegraphed. Is that still too fast and unpredictable for Lane, though? Lane has a decent-size advantage against Petrino and I can actually see him taking Petrino down and laying on him for a round or two. However, whenever they are standing I’m worried that Lane is one punch away from being laid out. This is what we saw in the Diniz fight. Since they start rounds standing, I have to give this to Petrino. I’m not very enthusiastic about the pick, though. The round total is 1.5. I’ll go with the over, thinking Lane will get his early takedown and Petrino will continue to underwhelm, even in a winning effort. Best bet: Over 1.5 rounds (+135) Junior Tafa (-166) vs. Tuco Tokkos (+140) Tafa put away super short notice opponent Sean Sharaf back in Oct. 2024. That was his first fight since being heel hooked by Valter Walker (who fights further down the card). Before that, Tafa was TKO’d by Marcos Rogerio de Lima (see it here). Tokkos, meanwhile, stifled Navajo Stirling last time out, losing just by decision to the super hyped prospect. Before that he was submitted by Oumar Sy, with Sy locking up the rear-naked choke when Tokkos was mugging for the commentary booth. Tokkos, as referenced earlier, is probably the worst main card fighter of the year. He’s not shown us much of anything thus far in his UFC career. He did well to hang in there against Stirling, but he offered very little offensive threat. Stirling’s passivity was mostly to blame for that awful fight going the distance. Tafa isn’t much better. He’s 2-3 in UFC and the two guys he beat are well below UFC quality. I think Tafa wins this, thanks to how hittable Tokkos is (4.99 significant strikes absorbed per minute and just 33 percent significant strike defense). I wouldn’t be surprised if we get another stinker, though, that goes the distance with a decision that could go to either guy. Because I’m not sold on Tafa, over 1.5 rounds looks quite appealing. Best bet: Over 1.5 rounds (+105) UFC Nashville ‘Prelims’ Under Card Odds Max Griffin (+250) vs. Chris Curtis (-310) This is our featured “Prelim”? I guess this slot really is just, “the fight before the main card” now. The 39-year-old Griffin was tapped by Michael Chiesa in Dec. 2024. He’s been win-loss-win-loss for the past few years, with the wins being split decisions over Jeremiah Wells and Tim Means. The 37-year-old Curtis is coming off trying to separate Sean Strickland from some dude in a regional MMA cage. In his last UFC fight, Curtis lost a controversial fight with Roman Kopylov (see it here). That fight was officially ruled a head kick knockout loss at 4:59 of round three. Many felt the fight could have been left for the remaining second and then have the judges decide (I scored it for Kopylov anyways). Griffin is an okay striker and wrestler, but at 39, his potency in either area needs to be questioned. Curtis, who isn’t much younger, seems to still be a reliable and creative volume striker. His very good takedown defense probably holds up to the level needed to stay up against Griffin, too. I think there’s a chance Curtis gets a stoppage in this fight, but it might come late. I’m not going to mess around with any round betting here and instead just go with Curtis on the moneyline. Best bet: Chris Curtis moneyline (-310) Jake Matthews (+124) vs. Chidi Njokuani (-148) Both these guys are on good runs and coming off decisive wins. It’s a little surprising to see them matched up here on the “Prelims.” Matthews beat Francisco Prado by unanimous decision in February. Last year, he defeated Phil Rowe. Prior to that, he managed to make it to a losing decision against the undefeated Michael Morales. Njokuani, meanwhile, lit up Elizeu Zaleski dos Santos on the co-main of an APEX card in March (see it here). He did miss weight for that one, though. Prior to that TKO he beat Jared Gooden and Rhys McKee. Njokuani is very big for the weight class. He’s four inches taller than Matthews and will have a long seven-inch reach advantage. That reach could be significant, as it was in Njokuani’s destruction of Dos Santos. Njokuani’s reach gets even more deadlier when you consider he has the best accuracy rate for sig. strikes in the division at 62 percent. The only reason he isn’t the official leader in that stat at Welterweight is because his last two fights have technically been Catchweights (due to his weigh-in misses). The 62 percent is better than Gunnar Nelson’s official best mark of 60.6 percent and all the other killers in this rejuvenated weight class. Matthews is no slouch, though. He’s an intelligent and well rounded fighter. He probably knows he can’t win a kickboxing match and I think he’s going to try and make this an ugly brawl against the fence. He’ll look to grind on Njokuani and land a few takedowns. That might be tough, though, given Njokuani’s 75 percent takedown defense. Ultimately, I think Njokuani is going to prevent himself getting taken down in this fight. And, if Matthews, won’t let him strike from range, I still think Njokuani has a good shot at landing heavy strikes right inside Matthews’ kitchen. Njokuani’s Muay Thai style is perfect for clinch fighting, so he might find a home for some good elbows and knees. The round total for this one is set at 1.5 for some reason. The over on that is -298, so no value there. And I don’t think there’s a finish in this fight. I’ll just go with the Njokuani moneyline. Best bet: Chidi Njokuani moneyline (-148) Lauren Murphy (+440) vs. Eduarda Moura (-600) Murphy has been out of action since her bruising loss to Jessica Andrade in Jan. 2023. Before that, she dominated the un-retired Miesha Tate. Before those fights, she was TKO’d while trying to get the belt off Valentina Shevchenko. Moura, meanwhile, took a decision over Veronica Hardy in her Flyweight debut last year. That fight came after she misses weight in back-to-back Strawweight bouts. I get that Murphy has been out awhile, and that she’s 42, but Vegas is showing a lot of faith in Moura with these lines. Despite her age and inactivity as of late, I bet Murphy still “has that dog in her” and I think she will bring a lot of pressure to Moura. Moura has managed to package together wins thanks to her takedowns. Murphy’s takedown defense has been solid over her career (69 percent). The big question is whether Murphy still has good takedown defense or not. If she keeps this fight standing I think she has a good chance to take a close decision. If she is taken down, I think Moura should be able to keep her down and get a pretty comfortable decision. Either way, I think we’re going to decision. Best bet: Over 2.5 rounds (-330) Kennedy Nzechukwu (-205) vs. Valter Walker (+170) Nzechukwu is undefeated (2-0) in UFC’s Heavyweight division. In Dec. 2024, he scored a first round technical knockout over Lukasz Brzeski (see it here). Walker, on the other hand, lost to Brzeski, by decision, in his UFC debut. Since then he’s heel hooked both Junior Tafa (who didn’t like it one bit) and Don’Tale Mayes. Nzechukwu’s striking should be too much for Walker to handle. However, Nzechukwu is a little ungainly and I can totally see him getting caught by Walker’s leg locks, perhaps even after scoring a knockdown. This match-up really seems ripe for some Heavyweight nuttiness. I think it’s best to play the under in this situation, especially with the round total set at 2.5 (I was sure it would be 1.5). Best bet: Under 2.5 rounds (-105) Mitch Ramirez (+700) vs. Mike Davis (-1000) Ramirez was stopped by Thiago Moises leg kicks in his last fight (see those here). His only other Octagon appearance was a walloping from Carlos Prates on Contender Series. In the opposite corner, Davis returned from a year long lay-off to fight Fares Ziam in February. He looked out of sorts and was possibly carrying an injury in that fight. He seemed to be trying to minimize damage more so than win a fight. That unanimous decision was his first UFC loss since being submitted by Gilbert Burns in 2019. He’s won four UFC fights between those losses. If the Davis we’re used to seeing shows up, then he should win this without too much trouble (as reflected in those betting lines). I think we’ll see the good version of Davis in this fight and if that happens, then his funky grappling should lead to a convincing win, probably by stoppage. Best bet: Under 2.5 rounds (-180) Fatima Kline (-1200) vs. Melissa Martinez (+750) Kline was fed to the wolves on her UFC debut, coming in on short notice and up a weight class to take on Jasmine Jasudavicius. She got dominated by the bigger fighter in that bout, but rebounded with a technical knockout over Victoria Dudakova (see it here). Prior to joining UFC, Kline was a champ in the CFFC organization. She also has BJJ black belt under Mike Wacker. Martinez, meanwhile, is 1-1 in UFC with a decision win over Alice Ardelean and a decision loss to Elise Reed. She’s a former champ in the Combate organization. Martinez — who is just 5’2” — should be fighting at Atomweight (and UFC should have an Atomweight division). Kline is going to have a lot of size and strength over her (not much reach, though). I think that size difference will be most notable on the ground and I think Kline is going to use that to get a submission. Best bet: Under 2.5 rounds (+114) UFC Nashville Long Shots! Here’s a couple of long shots for Saturday night’s action. Derrick Lewis to Win and Over 3.5 (+1000) Let’s just imagine that Teixeira is being over-hyped and that his best work has all come against tomato cans. And let’s imagine that Lewis is going to rewind the clock and survive a lot of early punishment. Maybe Teixeira punches himself out? And then, maybe Lewis uncorks one of his classic right hooks that knocks him out cold? It’s not impossible, right? It’s Heavyweight after all. Three-fight parlay: Tallison Teixeira, Steve Garcia, Valter Walker (+568) Despite that first long shot bet, I’m reasonably confident that Teixeira is legit enough to be better than a 40-year-old Lewis. I’m also pretty confident that Steve Garcia will add to his impressive winning streak when he meets Kattar. Walker is my wild card in this parlay and he’s here to add some value. Nzechukwu has looked good at Heavyweight so far, but he’s not faced anyone like Walker. Morgan Charriere to win by KO/TKO/DQ and over 1.5 rounds (+550) I used DraftKings to make my own same game parlay here. It kind of kills me to do it, since I really like Landwehr. Unfortunately, I just think he will fight right into Charriere’s strengths and walk into something nasty. Remember that MMAmania.com will deliver LIVE round-by-round, blow-by-blow coverage of the entire UFC Nashville fight card right here, starting with the ESPN/ESPN+ “Prelims” matches online, which are scheduled to begin at 6 p.m. ET, before the main card start time at 9 p.m. ET (also on ESPN/ESPN+). To checkout the latest and greatest UFC Nashville: “Lewis vs. Teixeira” news and notes be sure to hit up our comprehensive event archive right here. Loading comments...",2025-07-10,https://www.mmamania.com/2025/7/10/24461091/ufc-nashville-odds-best-betting-props-parlays-picks-derrick-lewis-vs-tallison-teixeira
Stephen Thompson vs Gabriel Bonfim Prediction & Picks - UFC Fight Night,"UFC - UFC Fight Night New customers only | Commercial content | 21+ age limit | T&Cs apply by Stephen Abiola | in UFC Picks Stephen Thompson (17-8-1) and Gabriel Bonfim (17-1-0) will square off on Saturday night at Bridgestone Arena in Tennessee. Stephen ""Wonderboy"" Thompson will be eager to prove that he still has a lot of fight left despite being 42. Known for his explosive striking and karate-based style, Thompson is currently riding on a two-fight slide. His latest fight was in October 2024, where Joaquin Buckley defeated him via a KO punch in the third round. Gabriel ""Marretinha"" Bonfim, on the other hand, comes into this welterweight clash as the bookmaker's favorite. The Brazilian fighter is 15 years younger than Thompson and has enjoyed great results lately. Bonfim recovered from his KO/TKO loss against Dalby in November 2023 to defeat Ange Loosa and Khaos Williams. He is an aggressive grappler who has improved his striking skills lately and can cause problems for any opponent. Limited Offer. Currently at DraftKings Stephen Thompson - Gabriel Bonfim Key Points - Bonfim won five of his last six UFC fights. - The total rounds went under 2.5 in five of the last six Bonfim fights. - Bonfim won via submission in four of his last five UFC wins. - Thompson lost four of his last five UFC fights. Limited Offer. Currently at DraftKings Our Stephen Thompson vs Gabriel Bonfim Prediction Gabriel Bonfim carries the favorite tag into this fight as he looks to fast-track into the division's Top 15. A win against a decorated fighter like Thompson could also improve his reputation as one of the best talents in the 170-pound category. He combines aggressive striking skills and high-level submission grappling, averaging 3.68 takedowns every 15 minutes. Impressively, the Brazilian boasts a takedown accuracy of 76%. Bonfim should get an early victory if he takes this classic prospect versus veteran showdown to the mat. Our prediction for Stephen Thompson vs Gabriel Bonfim: Fight to be decided by Decision Jackpot Pools DraftKings's long-running promo Jackpot Pools gives bettors a chance to win a whopping $10,000 which grows with every entry! To win, you'll need to answer all 15 questions correctly and the pool is yours! If there are multiple winners, the pool will be split. If no one wins, however, the jackpot rolls over to the next pool, increasing the winnings. You can enter up to 10 times each pool to give yourself an even greater chance of winning. Once the event has completed, you can collect your winnings within 24 hours so keep an eye on the pool! Don't miss out on your chance to win big and make your picks today! All tips are fully researched and given in good faith, but profits cannot be guaranteed. Limited Offer. Currently at DraftKings",2025-07-11,https://www.sportytrader.com/us/picks/stephen-thompson-gabriel-bonfim-276751/
