title,text,publish_date,url
"Alexander Hernandez vs. Chase Hooper, UFC 319 | MMA Bout | Tapology","Fighter Comparison | Hernandez | Hooper | ||| | #44 LightW (Worldwide) | Ranking | #28 LightW (Worldwide) | || | 16-8-0 MMA | Pro Record | 16-3-1 MMA | || | 2025 2023 | Last 5 Fights | 2025 2023 | || | +315 (Moderate Underdog) | Betting Odds | -385 (Moderate Favorite) | || | | Nation | | || | San Antonio Texas | Fights out of | Enumclaw Washington | || | 32 +10 mos, 2 wks, 1 day | Age at Fight | 25 +11 mos, 3 days | || | 156.0 lbs (70.8 kgs) | Weigh-In Result | 155.0 lbs (70.3 kgs) | || | 5'9"" (175cm) | Height | 6'1"" (185cm) | || | 72.0"" (183cm) | Reach | 74.0"" (188cm) | || | factoryX Muay Thai | Gym | Combat Sport & Fitness | Hernandez vs. Hooper Fight Predictions Fight Predictions Tapology Community Picks: 7,317 Bout Information Event Poster Fight Details - Event: UFC 319: Du Plessis vs. Chimaev - Date: Saturday 08.16.2025 at 06:30 PM ET - Referee: - Venue: United Center - Enclosure: Octagon - Location: Chicago, Illinois, United States - Bout Billing: Preliminary Card (fight 4 of 12) - Pro/Am: Professional - Weight: 155 lbs (70.3 kg) - Event Links: - Bout Links:",2025-05-13,https://www.tapology.com/fightcenter/bouts/1007670-ufc-319-alexander-the-great-ape-hernandez-vs-chase-the-dream-hooper
"Chase Hooper vs. Alexander Hernandez prediction, odds, pick for UFC 319","The UFC 319: Du Plessis vs. Chimaev Prelims are heating up and we're bringing you another betting prediction and pick for this next bout in the Lightweight (155) Division. Washington's Chase Hooper will take on Texas' Alexander Hernandez in a can't-miss battle for potential rankings. Check the UFC odds for our Hooper-Hernandez prediction and pick. Chase Hooper (16-3-1) has gone 8-3 since his UFC debut in 2019. His last loss came to Steve Garcia back in 2022 and he's since won five consecutive fights heading into this bout. With three of those wins coming by submission, he'll hope to keep this streak going with another. Hooper stands 6-foot-1 with a 74-inch reach. Alexander Hernandez (16-8) has gone 8-7 inside the UFC since 2018. After a rough 1-4 slide in five fights, Hernandez comes into this bout off back-to-back wins over Austin Hubbard and Kurt Holobaugh. He'll hope to build his first winning streak since 2018. Hernandez stands 5-foot-9 with a 72-inch reach. Here are the UFC 319 Odds, courtesy of DraftKings. UFC 319 Odds: Chase Hooper-Alexander Hernandez Odds Chase Hooper: -340 Alexander Hernandez: +270 Over 2.5 rounds: -125 Under 2.5 rounds: -105 *Watch sports LIVE with fuboTV (Get Access | Save $30)* Why Chase Hooper Will Win - Last Fight: (W) Jim Miller – U DEC - Last 5: 5-0 - Finishes: 4 KO/TKO, 8 SUB Since his last loss in 2022, Chase Hooper has been on a complete tear through the division, likely to see a ranking next to his name if he's able to take Hernandez out. Since arriving to the UFC at just 19 years old, Hooper has since grown into his body and finally presents a strong physical matchup against his opponents. This, coupled with his world-class grappling is already becoming a problem for the rest of the division. Hooper's long limbs allow him to find unlikely chokes and locks, but it's his flexibility and dexterity that allow him to bend at peculiar angles, keeping his opponents defending his attempts. He's also very active with ankle locks and heel hooks, so don't be surprised if he looks to roll for the leg throughout this one. Hooper comes into this fight as the rightful favorite thanks to this current winning streak he's on. However, it's also worth noting that Hooper has greatly improved his striking and actually averages 4.53 significant strikes per minute to his opponent's 4.38. He's also hitting the mark 51% of the time to the 40% of Hernandez, so expect Hooper to be dealing damage throughout this fight. Why Alexander Hernandez Will Win - Last Fight: (W) Kurt Holobaugh – U DEC - Last 5: 3-2 - Finishes: 6 KO/TKO, 2 SUB Alexander Hernandez has bounced back well over the last two bouts, turning in a full effort over his last six rounds in the octagon. Hernandez is very dominant when he's able to land takedowns and feel confident in his physicality. He'll have a significant strength advantage over Chase Hooper, so it'll be interesting to see how willingly he ties up with his opponent given Hooper's creativity in the grappling. Hernandez has also been improving on the feet and comes into this fight with a slight power advantage as well. He's been known to flatline opponents when landing cleanly and even the youthful Hooper won't be impervious to his power. Look for Hernandez to throw a ton of feints as he tries to bait Hooper into dipping or shooting for a takedown. Ultimately, Hernandez will have to approach this fight very patiently and not allow Hooper to catch him off-guard with any submission attempts. He'll likely try to slam Hooper if he tries anything from his closed guard, but we could also see Hernandez avoid the ground all together and try to win this fight on the feet. Final Chase Hooper-Alexander Hernandez Prediction & Pick This should be a fun matchup as both fighters put their current winning streaks on the line. Chase Hooper has been dominant for the last three years and we're seeing him evolve more and more each time he steps into action. Alexander Hernandez will be looking to prove his worth as he feels he belongs back in the rankings. Hernandez can see success in this fight if he's able to remain patient and allow Chase Hooper to make his own mistakes. However, given how sharp he's looked over the last few bouts, I expect Hooper to game plan well for this specific opponent as he has every advantage on the ground. For our final prediction, we have to roll with Chase Hooper to get the win here. I expect Alexander Hernandez to be just a bit too aggressive as he gets caught in one of Hoopers submission attempts for an early stoppage. Final Chase Hooper-Alexander Hernandez Prediction & Pick: Chase Hooper (-340); UNDER 2.5 Rounds (-105)",2025-08-14,https://clutchpoints.com/betting/chase-hooper-vs-alexander-hernandez-prediction-odds-pick-for-ufc-319
"UFC 319: Hooper vs Hernandez - Date, Start time, Fight Card, Location","Chase “The Dream” Hooper and Alexander “The Great Ape” Hernandez are set to face off at the United Center in Chicago for UFC 319. Both Americans aim to continue their winning streaks in the undercard of Du Plessis vs. Chimaev. Chase Hooper, fighting out of Enumclaw, Washington, holds an impressive record of 16 wins, 3 losses, and a draw since starting his pro career. Most recently, he secured a win by unanimous decision against seasoned fighter Jim Miller. Alexander Hernandez comes from San Antonio, Texas, matching Hooper with 16 wins but with 8 losses. He also won his last fight against Kurt Holobaugh by unanimous decision. What time is Chase Hooper vs Alexander Hernandez fight Live coverage for the Chase Hooper vs Alexander Hernandez main card will start at 06:00 PM EST on ESPN+, UFC Fight Pass. Refer to the table below to find your local time. | Region | Date | Main Card Start Time | Chase Hooper vs Alexander Hernandez Ring Walks (approx.) | | USA and Canada (EST) | Saturday, Aug. 16, 2025 | 06:00 PM | 07:20 PM | | USA and Canada (PT) | Saturday, Aug. 16, 2025 | 03:00 PM | 04:20 PM | | UK and Ireland (GMT) | Saturday, Aug. 16, 2025 | 10:00 PM | 11:20 PM | | Australia (AEDT) | Sunday, Aug. 17, 2025 | 09:00 AM | 10:20 AM | The UFC 319 event will take place on August 16, 2025, at the United Center in Chicago, Illinois. The event starts at 07:20 PM EST. The main fight of the night features Dricus Du Plessis against Khamzat Chimaev. On the undercard, Chase Hooper will face Alexander Hernandez in a lightweight bout. This fight consists of three rounds. Please note that the start time for each fight may vary depending on the duration of earlier fights on the card. This means that ring walk times could change. For those watching from different time zones, please refer to your local listings or a time zone converter to ensure you don't miss any action. Fighters Details Chase Hooper - Nationality: United States - Height: 185 cm - Weight: 70.3 kg - Total Fights: 20 - Record: 16 / 3 / 1 Alexander Hernandez - Nationality: United States - Height: 175 cm - Weight: 70.3 kg - Total Fights: 24 - Record: 16 / 8 / 0 Chase Hooper will face Alexander Hernandez in a lightweight bout. No belts or titles are on the line. Chase Hooper, with a record of 16 wins, including four by knockout, has lost three times and drawn once. He recently defeated Jim Miller by unanimous decision. Miller has considerable experience, with 38 wins and only 19 losses, so defeating him highlights Hooper's skills. This experience gives Hooper an edge against Hernandez. Alexander Hernandez holds a record of 16 wins with six by knockout and eight losses. He recently secured a win over Kurt Holobaugh, who has 21 wins and ten losses. Facing Hooper will be challenging as Hooper's recent victory showcases strong form. Chase Hooper vs Alexander Hernandez Betting Odds - Favorite: Chase Hooper : 1.3 (-300) - Underdog: Alexander Hernandez : 3.6 (+260) | Method of victory | Chase Hooper | Alexander Hernandez | | By KO/TKO or disqualification | 7.0 (+600) | 6.5 (+550) | | By decision or technical decision | 3.2 (+220) | 7.5 (+650) | How and where to watch the Chase Hooper vs Alexander Hernandez Fight You can watch Chase Hooper vs Alexander Hernandez via ESPN+, UFC Fight Pass. To watch the Chase Hooper vs Alexander Hernandez fight, you'll need to have a subscription to ESPN+ as well as purchase the PPV card. You can get an ESPN+ subscription for $10.99 per month, or save over 15% with an ESPN+ Annual Plan at $109.99 per year. If your country is blocked by the streaming services or there simply isn’t any viable options for your country, we only can recommend one solution: using a VPN software to bypass the restrictions. It allows you to change your IP address and appear as if you’re watching the event from another country. So if you live in either the UK, Canada, Australia, New Zealand, India, UAE, Mexico, Spain or any other country and can’t find a working provider to watch the Chase Hooper vs Alexander Hernandez fight, use our recommended (and tested) VPN and switch to a location of your choice. Chase Hooper vs Alexander Hernandez Fight Card - Dricus Du Plessis vs Khamzat Chimaev - Lerone Murphy vs Aaron Pico - Geoff Neal vs Carlos Prates - Jared Cannonier vs Michael Page - Tim Elliott vs Kai Asakura - Gerald Meerschaert vs Michal Oleksiejczuk - Jessica Andrade vs Lupita Godinez - Chase Hooper vs Alexander Hernandez - Edson Barboza vs Drakkar Klose - Bryan Battle vs Nursulton Ruziboev - Karine Silva vs Dione Barbosa - Idiris Alibi vs Joseph Morales",2025-08-15,https://ringside24.com/en/news/mma/237817-ufc-319-hooper-vs-hernandez-date-start-time-fight-card-location
UFC 319: Hooper vs. Hernandez Picks and Predictions - Pickswise,"UFC 319: Chase Hooper vs. Alexander Hernandez for Today, 08/16/25 UFC 319: Chase Hooper vs. Alexander Hernandez Pickswise Expert Predictions In this fight, we will see Chase Hooper take on Alexander Hernandez. Hooper is a young guy posting a 16-3-1 professional record with an 8-3 UFC record. Hooper is currently riding a 5-fight win streak. The issue is that his last 2 fights were against 40-year old men, though he did win both. He currently lands 51% of his strikes and has a rate of 4.53 landed per minute. The impressive part is that he only absorbs 2.96 strikes per minute. This could be due to the fact that he is 6’1’’ in the lightweight division. On the ground, he averages 2.59 takedowns per fight with a submission attempt average of 2.22. In his last 3 fights, he has landed 12 out of 21 takedowns that he has attempted. It is a clear path to victory for Hooper if he can get this fight to the mat. Against Hooper we have Hernandez who holds a 16-8 professional record with an 8-7 record in the UFC. His past 5 fights have gone the distance, but none of them have been against top competition. Throughout his career, he averages 4.38 strikes per minute but absorbs 4.62 strikes per minute. He also only lands 40% of the significant strikes that he throws. On the ground, he averages 1.24 takedowns per 15 minutes so clearly this is not his preferred method. What might come in handy against Hooper is that he has a 71% takedown defense. Overall, I believe that the Hooper will have the advantage both on the feet and on the ground. Given how steep the line is, I am electing to go with Hooper by submission. I believe that his persistence will be too much for Hernandez to handle and he will secure a takedown that will allow him to finish the fight. Hooper vs. Hernandez Prediction: Hooper by submission (+175) available at the time of publishing. Playable at that number. UFC Analysis See All UFC NewsUFC 319 Parlay at +189 odds: Featuring Dricus Du Plessis vs. Khamzat Chimaev and Geoff Neal vs. Carlos Prates UFC 319 takes place on Saturday at the United Center in Chicago, Illinois. It features a UFC Middleweight title fight between Dricus Du Plessis and Khamzat Chimaev as the Main Event. Here are my favo...",2025-08-16,https://www.pickswise.com/ufc/predictions/ufc-319-chase-hooper-vs-alexander-hernandez-predictions-320/
UFC 319 adds Alexander Hernandez vs. Chase Hooper lightweight matchup,"UFC 319 adds Alexander Hernandez vs. Chase Hooper lightweight matchup UFC 319 continues to take shape with the addition of a fun matchup in the lightweight division. On Aug. 16 at the United Center in Chicago, Alexander Hernandez will face Chase Hooper. A middleweight title fight between Dricus Du Plessis and Khamzat Chimaev headlines the pay-per-view event. MMA Junkie confirmed the matchup with sources following a first report by X user @McGregorRousey2. Hooper also publicly announced the booking. Hernandez (16-8 MMA, 8-7 UFC) will look to extend his current winning streak to three. After hitting a rough patch of 1-5 from 2022-24, Hernandez appears to be turning a corner after wins over Austin Hubbard and Kurt Holobaugh. If successful at UFC 319, it will be the first time the 32-year-old has won three straight under the UFC banner. Hooper (16-3-1 MMA, 8-3 UFC) is running hot as a winner of five straight. Since his last loss to Steve Garcia in October 2022, Hooper, 25, has been fantastic, recording finishes of Jordan Leavitt, Viacheslav Borshchev and Clay Guida. In his first outing of 2025, Hooper won a unanimous decision over Jim Miller. Current UFC 319 lineup - Dricus Du Plessis vs. Khamzat Chimaev – for middleweight title - Tim Elliott vs. Kai Asakura - JJ Aldrich vs. Karine Silva - Alexander Hernandez vs. Chase Hooper",2025-06-05,https://mmajunkie.usatoday.com/story/sports/ufc/2025/06/05/ufc-319-alexander-hernandez-vs-chase-hooper-added-chicago/84061842007/
"Chase Hooper vs Alexander Hernandez Pick, 08/16/2025 Predictions UFC 319 Odds","Chase Hooper vs Alexander Hernandez Pick, 08/16/2025 Predictions UFC 319 Odds Chase Hooper vs Alexander Hernandez UFC 319 United Center in Chicago Saturday, August 16, 2025 Chase Hooper will battle Alexander Hernandez at UFC 319 on Saturday, August 16, 2025. The line has Hooper priced at -325 while Hernandez is priced at +275. Chase ""The Dream"" Hooper comes into this fight holding a mark of 16-3-1. The 25-year-old tips the scales at 155 lbs and stands in at 6'1"". The southpaw fighter stretches 74"". Alexander ""The Great Ape"" Hernandez stands 5'9"" and tips the scales at 155 lbs. The orthodox fighter looks to add a win to his career total of 16-8-0. The 32-year-old extends his reach 72"". Regarding significant strikes, Chase Hooper is landing 4.53 per minute and Alexander Hernandez connects on 4.38 significant strikes per min. Hooper lands 51% of the significant strikes he tries and Hernandez is landing 40%. In terms of defending in the cage, ""The Dream"" absorbs 2.96 significant strikes per minute while ""The Great Ape"" takes 4.62. Hooper also defends 38% of the significant strikes his opponents throw his way and Hernandez stops 57% of the strikes thrown his way. | UFC 319 | Chase Hooper | Alexander Hernandez | |---|---|---| | Opening Odds | -325 | +275 | | Record | 16-3-1 | 16-8-0 | | Average Fight Time | 10:09 | 10:31 | | Height | 6'1"" | 5'9"" | | Weight | 155 lbs | 155 lbs | | Reach | 74"" | 72"" | | Strikes Landed Per Minute | 4.53 | 4.38 | | Striking Accuracy | 51% | 40% | In terms of grappling, Chase Hooper is the better wrestler as he takes his opponents to the canvas 2.59 times per 15 minutes. Hooper is getting his opponent to the mat on 34% of the times he tries and is stopping 55% of all takedown tries against him. Hernandez is taking his opponents to the canvas on 36% of his takedown attempts and thwarting 71% of takedowns his opponents have attempted. When it comes to going for the sub, Hooper is the more capable fighter by attempting 2.2 subs per 15 min while Hernandez goes for 0.1 subs per 15 min. Today’s Featured MMA Best Bet! NICK MENKEN is up over +1,895 over the last 30 days in UFC, including a 7-Unit win last week with Andrey Pulyaev. Menken is back with a 7-Unit UFC Play (8:45 p.m.) tonight and this is part of a three-play card. Sign up now and get in on the action. You can get this top rated play complimentary when you set up a free $60 account here at Doc’s Sports and use part of it towards his a one day MMA package. Join Now! | Get all of our Free UFC Picks The last time he fought, Chase Hooper faced Jim Miller and got a win for the night by unanimous decision in round 3. Miller landed 22 of 45 total strikes that he threw in that fight. Hooper ended the night having landed 59 of 94 total strikes. Concerning significant strikes, Miller ended up landing 13 of 35, which gave him a rate of 37%. He ended up landing 11 of 30 significant strikes aimed at the head. On the other side of the Octagon, Hooper ended up landing 47% of his significant strikes by sticking 21 of 44. Out of those significant strikes, he was 13 of 34 to the head. 53% of the significant strikes connected on by Miller and 85% of them connected on by Hooper were thrown at a distance. In the last Octagon appearance for Alexander Hernandez, he squared up with Kurt Holobaugh and ended up getting the victory in the fight via unanimous decision in round 3. Holobaugh landed 88% of the significant strikes he attempted at distance and Hernandez ended up landing 76% of the significant strikes he tried at a distance. Hernandez landed 39% of his significant strikes attempted by landing 59 of 149. He connected on 36 of 117 significant strikes to the head. Holobaugh landed 71 of 171 significant strikes in that contest. Out of all the significant strikes thrown, he ended up landing 39 of 122 to the head. When discussing total strikes attempted in that fight, Holobaugh ended up connecting on 106 of 215 while Hernandez ended up landing 87 of 186 of all the strikes he attempted. Other fights to watch One more match to look forward to is when Edson Barboza squares up against Drakkar Klose. Barboza looks to add a victory to his career total of 24-12-0. The 39-year-old records a weight of 155 lbs and stands 5'11"". The orthodox fighter extends his reach 75"". Klose stands 5'9"" and steps on the scale at 155 lbs. The orthodox fighter holds a career mark of 15-3-1. The 37-year-old has a wingspan of 70"". When it comes to grappling, Edson Barboza is averaging a takedown 0.45 times per 15 min while Drakkar Klose takes his opponents to the canvas 1.65 times per 15 min. Regarding striking, Barboza is landing 4.11 strikes/minute and is connecting on 44% of his attempted strikes. On the other side we have Drakkar Klose, who is connecting on 55% of the strikes he has thrown and connects on 4.33 per minute. Another must see fight on the night is when Nursulton Ruziboev is set to square up in the Octagon with Bryan Battle. Battle will be looking to add a victory to his record of 13-2-0 (1 NC). The 30-year-old is fighting at 185 lbs and stands 6'1"". The orthodox fighter reaches 77"". Ruziboev comes in at 6'5"" and records a weight of 185 lbs. The orthodox fighter holds a career mark of 36-9-2 (2 NC). The 31-year-old has a reach of 76"". In the category of takedowns, Bryan Battle is thwarting 53% of the takedowns his opponents go for and is finishing his takedown tries on 17% of the times he tries. Ruziboev is finishing his takedowns on 66% of the attempts he tries and stops 33% of takedowns his opponents have tried. Concerning striking, Battle takes 4.11 strikes/min and he is landing 5.12 strikes per min. Ruziboev, on the other side, is taking 2.89 strikes per minute and is dishing out 2.59 per minute. Who will win tonight's UFC match against the spread? Guy Bruhn's Pick: Take Chase Hooper (-325) Get $60 worth of FREE premium member picks. No Obligation. No Salesman. No Credit Card. Fast Sign up with Instant Access Click Here Get all of Today's Free UFC Picks Get all of Today's Expert UFC Picks Most Recent UFC Picks - Edson Barboza vs Drakkar Klose Pick, 08/16/2025 Predictions UFC 319 Odds - Jared Cannonier vs Michael Page Pick, 08/16/2025 Predictions UFC 319 Odds - Jessica Andrade vs Loopy Godinez Pick, 08/16/2025 Predictions UFC 319 Odds - King Green vs Diego Ferreira Pick, 08/16/2025 Predictions UFC 319 Odds - Geoff Neal vs Carlos Prates Pick, 08/16/2025 Predictions UFC 319 Odds - Gerald Meerschaert vs Michal Oleksiejczuk Pick, 08/16/2025 Predictions UFC 319 Odds - Bryan Battle vs Nursulton Ruziboev Pick, 08/16/2025 Predictions UFC 319 Odds - Tim Elliott vs Kai Asakura Pick, 08/16/2025 Predictions UFC 319 Odds - Dricus Du Plessis vs Khamzat Chimaev Pick, 08/16/2025 Predictions UFC 319 Odds - Chase Hooper vs Alexander Hernandez Pick, 08/16/2025 Predictions UFC 319 Odds",2025-08-12,https://www.docsports.com/free-picks/ufc/2025/chase-hooper-vs-alexander-hernandez-pick-08-16-2025-predictions-ufc-319-odds.html
Chase Hooper vs Alexander Hernandez - 08/17/25 - DRatings.com,"Chase Hooper Alexander Hernandez Last 5 Fights Money Line Analysis Implied Margin Using the best lines from multiple sportsbooks, this would be the % take from the consensus sportsbook if bets were even on each side. More on Implied MarginImplied Margin Using the best lines from multiple sportsbooks, this would be the % take from the consensus sportsbook if bets were even on each side. More on Implied Margin| Open Line | Heritage | Bovada | BetOnline | YouWager | SportsBetting | Best Line | No-Vig OddsUsing a market maker sportsbook, this is what the line would be if there was no vigorish (sportsbook fee) in the price. More on No-Vig Odds | | |---|---|---|---|---|---|---|---|---| | Chase Hooper | -275 | -365 | -400 | -425 | -410 | -425 | -365 | -344.0 | | Alexander Hernandez | +235 | +293 | +315 | +325 | +315 | +325 | +325 | +344.0 | | Open Line | South Point | Circa | Wynn | Stations | Westgate | Best Line | No-Vig OddsUsing a market maker sportsbook, this is what the line would be if there was no vigorish (sportsbook fee) in the price. More on No-Vig Odds | | |---|---|---|---|---|---|---|---|---| | Chase Hooper | -270 | -420 | -435 | -450 | -400 | -420 | -400 | -344.0 | | Alexander Hernandez | +230 | +335 | +350 | +350 | +300 | +350 | +350 | +344.0 | Overall Base Rating Our analytical projection of the match in relation to the implied probability to win from the sportsbooks. More on Base Rating Base Rating Our analytical projection of the match in relation to the implied probability to win from the sportsbooks. More on Base RatingBet Trends Doing an analysis on the betting data, we project which team has which team has an edge. More on Bet Trends Bet Trends Doing an analysis on the betting data, we project which team has which team has an edge. More on Bet TrendsLatest ML Steam Move A quick and uniform line move across every sportsbook. Usually caused by an injury or deep-pocketed sharp bettor. More on Steam Move Steam Move A quick and uniform line move across every sportsbook. Usually caused by an injury or deep-pocketed sharp bettor. More on Steam MoveOverall Base Rating Our analytical projection of the match in relation to the implied probability to win from the sportsbooks. More on Base Rating Base Rating Our analytical projection of the match in relation to the implied probability to win from the sportsbooks. More on Base RatingBet Trends Doing an analysis on the betting data, we project which team has which team has an edge. More on Bet Trends Bet Trends Doing an analysis on the betting data, we project which team has which team has an edge. More on Bet TrendsLatest ML Steam Move A quick and uniform line move across every sportsbook. Usually caused by an injury or deep-pocketed sharp bettor. More on Steam Move Steam Move A quick and uniform line move across every sportsbook. Usually caused by an injury or deep-pocketed sharp bettor. More on Steam Move",2025-04-13,https://www.dratings.com/predictor/ufc-mma-predictions/e564fd6b-f9de-536b-8703-26e701b06ec3
"Chase Hooper vs. Alexander Hernandez prediction, odds, pick for UFC 319","Chase Hooper vs. Alexander Hernandez prediction, odds, pick for UFC 319 The post Chase Hooper vs. Alexander Hernandez prediction, odds, pick for UFC 319 appeared first on ClutchPoints. The UFC 319: Du Plessis vs. Chimaev Prelims are heating up and we’re bringing you another betting prediction and pick for this next bout in the Lightweight (155) Division. Washington’s Chase Hooper will take on Texas’ Alexander Hernandez in a can’t-miss battle for potential rankings. Check the UFC odds for our Hooper-Hernandez prediction and pick. Chase Hooper (16-3-1) has gone 8-3 since his UFC debut in 2019. His last loss came to Steve Garcia back in 2022 and he’s since won five consecutive fights heading into this bout. With three of those wins coming by submission, he’ll hope to keep this streak going with another. Hooper stands 6-foot-1 with a 74-inch reach. Alexander Hernandez (16-8) has gone 8-7 inside the UFC since 2018. After a rough 1-4 slide in five fights, Hernandez comes into this bout off back-to-back wins over Austin Hubbard and Kurt Holobaugh. He’ll hope to build his first winning streak since 2018. Hernandez stands 5-foot-9 with a 72-inch reach. Here are the UFC 319 Odds, courtesy of DraftKings. UFC 319 Odds: Chase Hooper-Alexander Hernandez Odds Chase Hooper: -340 Alexander Hernandez: +270 Over 2.5 rounds: -125 Under 2.5 rounds: -105 *Watch sports LIVE with fuboTV (Get Access | Save $30)* Why Chase Hooper Will Win Last Fight: (W) Jim Miller – U DEC Last 5: 5-0 Finishes: 4 KO/TKO, 8 SUB Since his last loss in 2022, Chase Hooper has been on a complete tear through the division, likely to see a ranking next to his name if he’s able to take Hernandez out. Since arriving to the UFC at just 19 years old, Hooper has since grown into his body and finally presents a strong physical matchup against his opponents. This, coupled with his world-class grappling is already becoming a problem for the rest of the division. Hooper’s long limbs allow him to find unlikely chokes and locks, but it’s his flexibility and dexterity that allow him to bend at peculiar angles, keeping his opponents defending his attempts. He’s also very active with ankle locks and heel hooks, so don’t be surprised if he looks to roll for the leg throughout this one. Hooper comes into this fight as the rightful favorite thanks to this current winning streak he’s on. However, it’s also worth noting that Hooper has greatly improved his striking and actually averages 4.53 significant strikes per minute to his opponent’s 4.38. He’s also hitting the mark 51% of the time to the 40% of Hernandez, so expect Hooper to be dealing damage throughout this fight. Why Alexander Hernandez Will Win Last Fight: (W) Kurt Holobaugh – U DEC Last 5: 3-2 Finishes: 6 KO/TKO, 2 SUB Alexander Hernandez has bounced back well over the last two bouts, turning in a full effort over his last six rounds in the octagon. Hernandez is very dominant when he’s able to land takedowns and feel confident in his physicality. He’ll have a significant strength advantage over Chase Hooper, so it’ll be interesting to see how willingly he ties up with his opponent given Hooper’s creativity in the grappling. Hernandez has also been improving on the feet and comes into this fight with a slight power advantage as well. He’s been known to flatline opponents when landing cleanly and even the youthful Hooper won’t be impervious to his power. Look for Hernandez to throw a ton of feints as he tries to bait Hooper into dipping or shooting for a takedown. Ultimately, Hernandez will have to approach this fight very patiently and not allow Hooper to catch him off-guard with any submission attempts. He’ll likely try to slam Hooper if he tries anything from his closed guard, but we could also see Hernandez avoid the ground all together and try to win this fight on the feet. Final Chase Hooper-Alexander Hernandez Prediction & Pick This should be a fun matchup as both fighters put their current winning streaks on the line. Chase Hooper has been dominant for the last three years and we’re seeing him evolve more and more each time he steps into action. Alexander Hernandez will be looking to prove his worth as he feels he belongs back in the rankings. Hernandez can see success in this fight if he’s able to remain patient and allow Chase Hooper to make his own mistakes. However, given how sharp he’s looked over the last few bouts, I expect Hooper to game plan well for this specific opponent as he has every advantage on the ground. For our final prediction, we have to roll with Chase Hooper to get the win here. I expect Alexander Hernandez to be just a bit too aggressive as he gets caught in one of Hoopers submission attempts for an early stoppage. Final Chase Hooper-Alexander Hernandez Prediction & Pick: Chase Hooper (-340); UNDER 2.5 Rounds (-105) Related: Edson Barboza vs. Drakkar Klose prediction, odds, pick for UFC 319 Related: Bryan Battle vs. Nursulton Ruziboev prediction, odds, pick for UFC 319",2025-08-14,https://sports.yahoo.com/article/chase-hooper-vs-alexander-hernandez-174041405.html?fr=sycsrp_catchall
Chase Hooper - Alexander Hernandez,"Chase Hooper 🏆 15 ❌ 3 ➖ 1 Age: 25 years Height: 6′0″ / 185 cm Reach: 74″ / 188 cm Stance: Southpaw Aug. 16, 2025 | Chase Hooper | Stat | Alexander Hernandez | |---|---|---| | 15-1-3 (4 KO) | Record | 11-0-4 (4 KO) | | 25 years | Age | 32 years | | 6′0″ / 185 cm | Height | 5′8″ / 175 cm | | 6′1″ / 188 cm | Reach | | | Southpaw | Stance | | | 27% | KO Ratio | 36% | Chicago, United Center, USA Aug. 16, 2025 * Tickets are subject to availability Chase Hooper 0% Alexander Hernandez 100% Chase Hooper 0% Alexander Hernandez 100% Aug. 15, 2025",2025-08-16,https://ringside24.com/en/bout/12752/
"Prediction, pick for Chase Hooper vs. Alexander Hernandez","Prediction, pick for Chase Hooper vs. Alexander Hernandez Ryan Wohl details his best bet for Chase Hooper vs. Alexander Hernandez on the Prelims at UFC 319. At UFC 319, Chase Hooper is attempting to extend his winning streak to six against Alexander Hernandez on the Prelims. Hopper is coming off a win against Jim Miller, while Hernandez most recently defeated Kurt Holobaugh in March. Here is my best bet for Chase Hooper vs. Alexander Hernandez on the Prelims at UFC 319. Chase Hooper to Win by KO/TKO/DQ or Submission (+100) On DraftKings Sportsbook, Hooper is a -380 favorite while Hernandez is a +300 underdog in this matchup. However, since three of Hooper’s last four victories have come by submission, let’s consider him to win by KO/TKO/DQ or Submission at +100. In the UFC, Hooper has eight wins in the promotion, with six of them being via finish. Hooper has been in the UFC since 2019 and is finally starting to put it all together. Although Hernandez is a skilled fighter, Hooper is a better all-around competitor. Hooper is taller by four inches while having a two-inch larger standing reach. Even though Hooper is known for his ground game, his striking has improved significantly. He averages 4.53 significant strikes per minute at a 51 percent rate, which is both better than his opponents. With Hooper’s physical advantages and versatile skillset, it would be surprising if Hernandez lasted three complete rounds against him. The Crown Is Yours: Sign up for DraftKings and experience the ultimate host for games and betting experiences! All odds and lines provided by DraftKings Sportsbook and are subject to change. Related Articles",2025-08-16,https://dknetwork.draftkings.com/2025/08/16/prediction-pick-for-chase-hooper-vs-alexander-hernandez/
"UFC 319 ‘Du Plessis vs. Chimaev’ Play-by-Play, Results & Round Scoring","UFC 319 ‘Du Plessis vs. Chimaev’ Play-by-Play, Results & Round Scoring - Dricus Du Plessis (185) vs. Khamzat Chimaev (183) - Lerone Murphy (146) vs. Aaron Pico (145) - Geoff Neal (171) vs. Carlos Prates (170) - Jared Cannonier (186) vs. Michael Page (186) - Kai Asakura (126) vs. Tim Elliott (126) - Eric Nolan (183) vs. Baysangur Susurkaev (186) - Gerald Meerschaert (185) vs. Michal Oleksiejczuk (186) - Jessica Andrade (116) vs. Lupita Godinez (115) - Alexander Hernandez (156) vs. Chase Hooper (155) - Edson Barboza (155.5) vs. Drakkar Klose (156) - Dione Barbosa (125.5) vs. Karine Silva (125) - Alibi Idiris (126) vs. Joseph Morales (126) Advertisement Alibi Idiris (126) vs. Joseph Morales (126) BETTING PREVIEW | SCOUTING REPORT | ODDS: Idiris (-450), Morales (+350)Round 1 Sherdog Scores Jay Pettry scores the round:Devin Tejada scores the round: Scottie Smith scores the round: Round 2 Sherdog Scores Jay Pettry scores the round:Devin Tejada scores the round: Scottie Smith scores the round: Round 3 Sherdog Scores Jay Pettry scores the round:Devin Tejada scores the round: Scottie Smith scores the round: The Official Result Dione Barbosa (125.5) vs. Karine Silva (125) BETTING PREVIEW | SCOUTING REPORT | ODDS: Silva (-218), Barbosa (+180)Round 1 Sherdog Scores Jay Pettry scores the round:Devin Tejada scores the round: Scottie Smith scores the round: Round 2 Sherdog Scores Jay Pettry scores the round:Devin Tejada scores the round: Scottie Smith scores the round: Round 3 Sherdog Scores Jay Pettry scores the round:Devin Tejada scores the round: Scottie Smith scores the round: The Official Result Edson Barboza (155.5) vs. Drakkar Klose (156) BETTING PREVIEW | SCOUTING REPORT | ODDS: Barboza (-142), Klose (+120)Round 1 Sherdog Scores Jay Pettry scores the round:Devin Tejada scores the round: Scottie Smith scores the round: Round 2 Sherdog Scores Jay Pettry scores the round:Devin Tejada scores the round: Scottie Smith scores the round: Round 3 Sherdog Scores Jay Pettry scores the round:Devin Tejada scores the round: Scottie Smith scores the round: The Official Result Alexander Hernandez (156) vs. Chase Hooper (155) BETTING PREVIEW | SCOUTING REPORT | ODDS: Hooper (-345), Hernandez (+275)Round 1 Sherdog Scores Jay Pettry scores the round:Devin Tejada scores the round: Scottie Smith scores the round: Round 2 Sherdog Scores Jay Pettry scores the round:Devin Tejada scores the round: Scottie Smith scores the round: Round 3 Sherdog Scores Jay Pettry scores the round:Devin Tejada scores the round: Scottie Smith scores the round: The Official Result Jessica Andrade (116) vs. Lupita Godinez (115) BETTING PREVIEW | SCOUTING REPORT | ODDS: Godinez (-148), Andrade (+124)Round 1 Sherdog Scores Jay Pettry scores the round:Devin Tejada scores the round: Scottie Smith scores the round: Round 2 Sherdog Scores Jay Pettry scores the round:Devin Tejada scores the round: Scottie Smith scores the round: Round 3 Sherdog Scores Jay Pettry scores the round:Devin Tejada scores the round: Scottie Smith scores the round: The Official Result Gerald Meerschaert (185) vs. Michal Oleksiejczuk (186) BETTING PREVIEW | SCOUTING REPORT | ODDS: Oleksiejczuk (-218), Meerschaert (+180)Round 1 Sherdog Scores Jay Pettry scores the round:Devin Tejada scores the round: Scottie Smith scores the round: Round 2 Sherdog Scores Jay Pettry scores the round:Devin Tejada scores the round: Scottie Smith scores the round: Round 3 Sherdog Scores Jay Pettry scores the round:Devin Tejada scores the round: Scottie Smith scores the round: The Official Result Eric Nolan (183) vs. Baysangur Susurkaev (186) Round 1 Sherdog Scores Jay Pettry scores the round:Devin Tejada scores the round: Scottie Smith scores the round: Round 2 Sherdog Scores Jay Pettry scores the round:Devin Tejada scores the round: Scottie Smith scores the round: Round 3 Sherdog Scores Jay Pettry scores the round:Devin Tejada scores the round: Scottie Smith scores the round: The Official Result Kai Asakura (126) vs. Tim Elliott (126) BETTING PREVIEW | SCOUTING REPORT | ODDS: Asakura (-310), Elliott (+250)Round 1 Sherdog Scores Jay Pettry scores the round:Devin Tejada scores the round: Scottie Smith scores the round: Round 2 Sherdog Scores Jay Pettry scores the round:Devin Tejada scores the round: Scottie Smith scores the round: Round 3 Sherdog Scores Jay Pettry scores the round:Devin Tejada scores the round: Scottie Smith scores the round: The Official Result Jared Cannonier (186) vs. Michael Page (186) BETTING PREVIEW | SCOUTING REPORT | ODDS: Page (-192), Cannonier (+160)Round 1 Sherdog Scores Jay Pettry scores the round:Devin Tejada scores the round: Scottie Smith scores the round: Round 2 Sherdog Scores Jay Pettry scores the round:Devin Tejada scores the round: Scottie Smith scores the round: Round 3 Sherdog Scores Jay Pettry scores the round:Devin Tejada scores the round: Scottie Smith scores the round: The Official Result Geoff Neal (171) vs. Carlos Prates (170) BETTING PREVIEW | SCOUTING REPORT | ODDS: Prates (-250), Neal (+205)Round 1 Sherdog Scores Jay Pettry scores the round:Devin Tejada scores the round: Scottie Smith scores the round: Round 2 Sherdog Scores Jay Pettry scores the round:Devin Tejada scores the round: Scottie Smith scores the round: Round 3 Sherdog Scores Jay Pettry scores the round:Devin Tejada scores the round: Scottie Smith scores the round: The Official Result Lerone Murphy (146) vs. Aaron Pico (145) BETTING PREVIEW | SCOUTING REPORT | ODDS: Pico (-185), Murphy (+154)Round 1 Sherdog Scores Jay Pettry scores the round:Devin Tejada scores the round: Scottie Smith scores the round: Round 2 Sherdog Scores Jay Pettry scores the round:Devin Tejada scores the round: Scottie Smith scores the round: Round 3 Sherdog Scores Jay Pettry scores the round:Devin Tejada scores the round: Scottie Smith scores the round: The Official Result UFC Middleweight Title Fight: Dricus Du Plessis (185) vs. Khamzat Chimaev (183) BETTING PREVIEW | SCOUTING REPORT | ODDS: Chimaev (-238), du Plessis (+195)Round 1 Sherdog Scores Jay Pettry scores the round:Devin Tejada scores the round: Scottie Smith scores the round: Round 2 Sherdog Scores Jay Pettry scores the round:Devin Tejada scores the round: Scottie Smith scores the round: Round 3 Sherdog Scores Jay Pettry scores the round:Devin Tejada scores the round: Scottie Smith scores the round: Round 4 Sherdog Scores Jay Pettry scores the round:Devin Tejada scores the round: Scottie Smith scores the round: Round 5 Sherdog Scores Jay Pettry scores the round:Devin Tejada scores the round: Scottie Smith scores the round: The Official Result More",2025-08-16,https://www.sherdog.com/news/news/UFC-319-Du-Plessis-vs-Chimaev-PlaybyPlay-Results-Round-Scoring-198064
Chase Hooper vs Alexander Hernandez Prediction: American Lightweights Look to Extend Win Streaks,"Chase Hooper and Alexander Hernandez will fight in the UFC lightweight division at UFC 319 on Saturday night. Both fighters come into this matchup on winning streaks and will look to keep those streaks alive in this matchup. Which fighter will win the day on Saturday? We attempt to answer that below as we make our Chase Hooper vs Alexander Hernandez prediction. Our Chase Hooper vs Alexander Hernandez Pick - Pick: Chase Hooper by decision - Confidence: ★★★★☆ - UFC 319 Bonus Bets: Hit the Claim Bonus button to claim our DraftKings Sportsbook promo code. You can bet $5 and win $200 in bonus bets INSTANTLY, plus get over $200 off NFL Sunday Ticket! Bet $5, Get $200 in Bonus Bets Instantly + Over $200 Off NFL Sunday Ticket Gambling Problem? Call or TEXT 1-800-Gambler 21+ Gambling Problem? Call or TEXT 1-800-Gambler 21+ Promo Code: Click To Claim Bet $5, Get $200 in Bonus Bets Instantly + Over $200 Off NFL Sunday Ticket Gambling Problem? Call or TEXT 1-800-Gambler 21+ Promo Code: Click To Claim Gambling Problem? Call or TEXT 1-800-Gambler 21+ Tale of the Tape | Chase Hooper | Alexander Hernandez | | |---|---|---| | Age | 25 | 32 | | Reach | 74″ | 72″ | | Stance | Southpaw | Orthodox | | Record | 16-3-1 | 16-8-0 | Chase Hooper vs Alexander Hernandez Preview Chase Hooper enters this lightweight contest having secured five consecutive victories. His last three fights were dominant wins over Clay Guida, Viacheslav Borshchev, and Jim Miller. Hooper is a rising grappling specialist whose striking skills are also improving as time goes on. He has a major size and reach advantage going into this fight and he will look to use those attributes to his advantage to bend Hernandez to his will. Alexander Hernandez comes into this fight on a two-fight winning streak. His recent form includes a decision win over Kurt Holobaugh in March of 2025. Hernandez’s striking output lags behind that of hooper. Hooper’s experience is an asset but the physical tools of Hooper will be hard for the UFC veteran to overcome. Betting Insights - Hooper is a heavy favorite to win this fight at -325 and Hernandez is +260 to end Hooper’s winning streak. - The over/under for the fight is set at 2.5 rounds. The under is favored slightly at -125 and the over is -105. - Three of Hooper’s last four fights ended inside the distance. - Hernandez has had five straight fights go to decision dating back to 2023. Chase Hooper vs Alexander Hernandez Prediction We have two fighters here who try to win their fights in very different ways. Hooper’s top priority is to bring things to the ground and use his submission skills to force his opponent to submit to his will. Hernandez has been grinding out decision wins lately and is a more well-rounded fighter. But Hernandez isn’t as good at any one thing as Hooper is at grappling and I think that will be the difference in this matchup. My best bet for this fight is for Chase Hooper to win via decision. He is going to be able to shoot takedowns and prevent Hernandez from using his power and experience to level the playing field. I don’t think that Hernandez will be submitted here but Hooper should still win comfortably on the scorecards.",2025-08-15,https://ats.io/mma/chase-hooper-vs-alexander-hernandez-prediction/462485/
Fight By Fight Preview | UFC 319: Du Plessis vs Chimaev,"The UFC blows into the Windy City for the first time in a little more than six years, returning to the United Center with a packed pay-per-view fight card capped by one of the most highly anticipated bouts of the year. Saturday night’s main event features reigning middleweight champion Dricus Du Plessis defending his title for the second time this year as he steps in with undefeated challenger Khamzat Chimaev, who has been forecasted to reach this position since he first stormed the gates back on Fight Island. Back by a quartet of compelling main card contests and a loaded preliminary card slate, UFC 319 shapes up as one of the deepest, most competitive cards of the year, and we’ve got the goods on what to expect when the action hits the Octagon this weekend below. Main Event: Dricus Du Plessis vs Khamzat Chimaev Location: United Center — Chicago, IL Where to Watch: ESPN+ / Disney+ Other Main Card Matches: Order UFC 319: Du Plessis vs Chimaev Prelim Matches: MIDDLEWEIGHT CHAMPIONSHIP MAIN EVENT Dricus Du Plessis vs Khamzat Chimaev Middleweight champ Dricus Du Plessis looks to defend his place atop the division once more as he welcomes the challenge of unbeaten marauder Khamzat Chimaev in the UFC 319 main event. The South African titleholder continues to deliver more dominant performances and eliminate room for questioning his standing as the best middleweight in the world with each successive outing. He earned his second successful title defense earlier this year by thoroughly outworking former champ Sean Strickland in a rematch of their UFC 297 encounter, which extended Du Plessis’ record to 9-0 in the UFC and 23-2 overall. Five years after exploding onto the scene with three wins in two months, Chimaev finally lands in his first championship fight, aiming to maintain his unblemished record while proving he’s every bit the unstoppable force many have long believed him to be. The now 31-year-old standout secured this opportunity with a first-round submission win over Robert Whittaker last October that was closer to a mugging than a competitive matchup, and silenced any questions about his health or his ability to hang with the very best in the world. GET YOUR TICKETS: UFC 319 | UFC Shanghai | UFC Paris This is an absolutely fascinating matchup because despite all their successes, there are questions that remain on both sides and cases to be made in favor of each man. More than any fight either has engaged in to this point, Saturday’s main event is going to be the proving ground for both Du Plessis and Chimaev, and have an unquestionable impact on how we look at each in the present and going forward. This is going to be special. ADDITIONAL MAIN CARD MATCHUPS Lerone Murphy vs Aaron Pico Lerone Murphy puts his undefeated record on the line as he welcomes Aaron Pico to the Octagon for the first time in this outstanding featherweight fixture. There are a lot of similarities between Murphy and fellow Brit Leon Edwards, who steadily worked his way to the top of the welterweight division as, like the former welterweight ruler, the 34-year-old Manchester man is on an outstanding run of success without much fanfare, and is without question a better fighter than most understand or give him credit for being. Over his last three fights, “The Miracle” has earned quality wins over Edson Barboza, Dan Ige, and Josh Emmett to cement his standing as a contender, and vanquishing Pico would certainly strengthen his case for a championship opportunity early next year. Now 28 years old, Pico has grown into being the fighter most envisioned when he was a teenage phenom that had yet to actually make the transition into mixed martial arts, though some questions do still linger. He’s gone 9-1 over his last 10 fights, with his only loss coming as a result of an injury, and has a complete assortment of tools at his disposal, including proven knockout power and excellent wrestling. Murphy is the established, entrenched half of this pairing, though he still has room to ascend in terms of acceptance and recognition, and a win here would definitely help that cause. For Pico, this is his chance to catapult himself right into the thick of the title chase and show that he’s more than capable of running with the elites in the UFC featherweight division. Geoff Neal vs Carlos Prates Originally scheduled to face off at UFC 314 in Miami, Geoff Neal and Carlos Prates command the feature slot on Saturday’s talent-rich main card. Neal, who turns 35 less than two weeks after this weekend’s event, competes for the first time since his abbreviated bout with Rafael Dos Anjos last October in Abu Dhabi, which was halted when the former lightweight champ suffered a knee injury. The Fortis MMA representative has been a Top 15 staple for the last several years, settling into life in the 6-12 range, while showcasing sharp, punishing hands and the tenacity and moxie to push both Shavkat Rakhmanov and Ian Machado Garry to their limits. WATCH: UFC 319 Embedded Following a breakout rookie campaign where he went 4-0 with four finishes to force his way into the rankings, Prates suffered his first loss in a dozen fights last time out, dropping a decision to Machado Garry in a fight where the Irish standout was strategic for the majority ofthe contest before getting in a little trouble late. If the Fighting Nerds’ core four — Caio Borralho, Jean Silva, Mauricio Ruffy, and Prates — were the Teenage Mutant Ninja Turtles, Prates would be Raphael, the somewhat volatile, ever-dangerous member of the group, which is what makes him a constant threat, captivating to watch, and susceptible to missteps like the one he experienced in Kansas City against Machado Garry. It’s highly likely that these two wade into the center, touch gloves, and start throwing fastballs at one another straight away, stopping only when the horn sounds signaling the end of the round or one of them is left staring up at the lights. Buckle up and enjoy because this one is sure to be electric. Jared Cannonier vs Michael Page Middleweight has been having a moment here, and before the title goes up for grabs, Jared Cannonier and Michael Page will stand opposite one another with a place in the Top 10 hanging in the balance. A Top 10 mainstay since he debuted in the division towards the end of 2018, Cannonier halted a two-fight slide earlier this year by rallying to finish Gregory Rodrigues. Now 26 fights into his career and at “Level 41,” the MMA Lab product is the perfect top-end measuring stick in a weight class that has been undergoing some changes over the last two years, as the only people to best him at middleweight remain former champs Robert Whittaker and Israel Adesanya, and upcoming Paris headliners Nassourdine Imavov and Caio Borralho, who could very well be fighting to determine who faces Saturday’s title fight winner. BREAKING: Paramount and TKO Announce Historic UFC Media Rights Agreement Page bounced up to middleweight earlier this year to bounce Shara Magomedov from the ranks of the unbeaten, showing that he’s the better range fighter of the two and still a tricky puzzle to solve for whomever stands across from him inside the Octagon. While he’s now 38 years old, “MVP” feels like he’s capable of having an extended twilight similar to that of Stephen “Wonderboy” Thompson, who has remained a Top 15 fighter well into his 40s. This one is all going to come down to how Cannonier opts to approach things, as it feels like there is a clear blueprint for how to neutralize Page. Typically, “The Killa Gorilla” isn’t someone that looks to wrestle all that much, so we should get plenty of striking exchanges in space, where it will be Cannonier’s power against Page’s speed and variety. Tim Elliott vs Kai Asakura Saturday’s main card kicks off with an intriguing pairing in the flyweight division as former title challengers Tim Elliott and Kai Asakura go head-to-head in Chicago. Nearly a decade removed from his competitive title bout with Demetrious Johnson, Elliott has remained one of the top veteran tests in the 125-pound weight class, posting a 7-6 record over his last 13 starts, most of which have come against the division’s best. He hasn’t fought since submitting Sumudaerji in December 2023, so it will be interesting to see how the 38-year-old looks after such an extended absence. Asakura got an immediate title shot last December after joining the UFC from RIZIN, stepping into a bout with Alexandre Pantoja where he fell by submission in the second round. The Japanese fighter rose to prominence on the strength of quality wins over Manel Kape and KyojiHoriguchi, as well as his explosive power, and he gets a second chance to make a first impression in the Octagon. PRELIMINARY CARD PAIRINGS Baisangur Susurkaev vs Eric Nolan Four days after earning his place on the UFC roster, Baisangur Susurkaev gets his wish to compete this weekend alongside training partner Khamzat Chimaev as he takes on New Jersey native Eric Nolan at UFC 319. Susurkaev earned the lone finish on Tuesday's opening episode of Dana White's Contender Series, finishing returning hopeful Murtaza Talha with a front kick to the bread basket that got the UFC CEO and President out of his seat and singing the Chechen fighter's praises. Nolan arrives having won four straight, with the Dante Rivera protege having most recently claimed the CFFC welterweight title with a first-round stoppage win in late May. Gerald Meerschaert vs Michal Oleksiejczuk Gerald Meerschaert and Michal Oleksiejczuk meet in this pairing of middleweight mainstays that surprisingly hasn’t been booked before. Your Full Guide To UFC 319 Fight Week A dangerous submission ace with heaps of experience and a 100-percent finishing rate inside the Octagon, Meerschaert arrives in Chicago having suffered consecutive losses to Reinier de Ridder and Brad Tavares. Oleksiejczuk snapped a three-fight slide back in April, venturing to Sao Paulo to train with former opponent Caio Borralho and the Fighting Nerds before storming through Sedriques Dumas in Miami. Jessica Andrade vs Loopy Godinez Strawweight rankings staples Jessica Andrade and Loopy Godinez square off in what profiles as a bit of a crossroads fight for both women. Andrade is both 2-0 in her last two strawweight appearances and coming into this fight on a two-fight skid, having bounced back up to flyweight last year following her win at UFC 300, dropping consecutive bouts to top contenders Natalia Silva and Jasmine Jasudavicius. Godinez was on a real good run through 2023, posting four straight wins and looking like a dark horse in the division, only to drop consecutive divisions to Virna Jandiroba and Mackenzie Dern before bouncing back with a win over Julia Polastri in Mexico City earlier this year. Chase Hooper vs Alexander Hernandez Chase Hooper and Alexander Hernandez share the Octagon in the first of four televised preliminary card bouts this weekend at United Center. Hooper has gone 5-0 since moving to lightweight, most recently getting the better of veteran Jim Miller at UFC 314 in April, while Hernandez has earned back-to-back wins and four straight wins when competing at 155 pounds. This is a “which one moves forward” matchup that should answer a lot of questions about both men once they step in and start to get after it on Saturday evening in Chicago. Edson Barboza vs Drakkar Klose Veterans Edson Barboza and Drakkar Klose line up opposite one another in a bout that feels like a sure-fire barnburner for as long as it lasts. Despite being 39 and well over a dozen years into his UFC tenure, Barboza remains fundamentally sharp and lightning quick with his striking, and it will be interesting to see how that holds up as he moves back to lightweight for the first time since September 2019. Klose has constantly found himself near the rankings, but never quite broke through, as untimely losses have marred what has otherwise been a largely successful career inside the Octagon. Bryan Battle vs Nursulton Ruziboev Former TUF winner Bryan Battle returns to middleweight to face off with Uzbekistani bruiser Nursulton Ruziboev in this low-key banger early in the lineup. Battle earned victories in each of his first two UFC appearances at middleweight before movingdown to welterweight, and he makes his return to the 185-pound ranks riding a five-fight unbeaten streak. Ruziboev opened his UFC run with a pair of finishes before dropping down to welterweight, dropping a decision to Joaquin Buckley, and then returning to middleweight, where he’s since posted two more wins. Karine Silva vs Dione Barbosa Brazilian flyweights Karine Silva and Dione Barbosa meet for the second time in their careers, with each heading into this one with something to prove. Silva had her nine-fight winning streak snapped by another Brazilian, Viviane Araujo, last time out at UFC 309, while Barbosa picked up a Performance of the Night bonus for her submission win over Diana Belbita in April. These two fought all the way back in May 2019, with Barbosa earning a unanimous decision victory, so we’ll have to see if there are lingering tensions between the two as they renew acquaintances on Saturday. Joseph Morales vs Alibi Idiris Morales went 1-2 in his first stint on the UFC roster, but has gone 3-0 since and shown his experience and grit during the competition to punch his ticket to the finale. Unbeaten in 11 pro fights, Idiris won a hard-fought battle against Furkatbek Yokubov in the quarterfinals before knocking out Roybert Echeverria in the semis to earn this opportunity. Don't miss a moment of UFC 319: Du Plessis vs Chimaev, live from United Center in Chicago, Illinois on August 16, 2025. Prelims start at 8pm ET/5pm PT, followed by the main card live on PPV at 10pm ET/7pm PT.",2025-08-11,https://www.ufc.com/news/fight-by-fight-preview-ufc-319-du-plessis-vs-chimaev
Alexander Hernandez vs Chase Hooper at UFC 319 16.08.25 - Bout Stats MMA Fighter,Alexander Hernandez - Chase Hooper Alexander Hernandez Hernandez - Age 32 - Reach 72 cm 183 cm - Height 69 cm 175 cm - Leg Reach 39.5 cm 100 cm - Last Weigh-In 156 lbs 71 kg Chase Hooper Hooper - Age 25 - Reach 74 cm 188 cm - Height 73 cm 185 cm - Leg Reach 41 cm 104 cm - Last Weigh-In 156 lbs 71 kg Other Bouts UFC 319 - Dricus Du Plessis23 - 2 - 012:00 AM ET • 5 x 5Middleweight Champion 185 lbsKhamzat Chimaev14 - 0 - 0 - Lerone Murphy16 - 0 - 111:30 PM ET • 3 x 5Featherweight Bout 145 lbsAaron Pico13 - 4 - 0 - Geoff Neal16 - 6 - 011:00 PM ET • 3 x 5Welterweight Bout 170 lbsCarlos Prates21 - 7 - 0 - Jared Cannonier18 - 8 - 010:30 PM ET • 3 x 5Middleweight Bout 185 lbsMichael Page23 - 3 - 0 - Tim Elliott20 - 13 - 110:00 PM ET • 3 x 5Flyweight Bout 125 lbsKai Asakura21 - 5 - 0 - Baysangur Susurkaev9 - 0 - 09:00 PM ET • 3 x 5Middleweight Bout 185 lbsEric Nolan8 - 3 - 0 - Gerald Meerschaert37 - 19 - 08:35 PM ET • 3 x 5Middleweight Bout 185 lbsMichal Oleksiejczuk20 - 9 - 0 1 NC - Jessica Andrade26 - 14 - 08:10 PM ET • 3 x 5Strawweight Bout 115 lbsLoopy Godinez13 - 5 - 0 - Edson Barboza24 - 12 - 07:20 PM ET • 3 x 5Lightweight Bout 155 lbsDrakkar Klose15 - 3 - 1 - Karine Silva18 - 5 - 06:55 PM ET • 3 x 5Flyweight Bout 125 lbsDione Barbosa8 - 3 - 0 - Alibi Idiris10 - 0 - 06:30 PM ET • 3 x 5Flyweight Bout 125 lbsJoseph Morales12 - 2 - 0,2025-08-16,https://gidstats.com/events/ufc_319-2463/alexander_hernandez_vs_chase_hooper.html
Chase Hooper vs Alexander Hernandez - AI generated fight pick,"Winner: Chase Hooper Confidence Score: 62Chase Hooper's grappling-centric style is a strong matchup advantage against Alexander Hernandez, who has a solid but not elite takedown defense (72%). Hooper is younger (25 vs 32), has a significant reach advantage (74"" arm, 41"" leg vs 72""/39.5""), and is in strong form with a 16-3-1 record and 8 submission wins. Hernandez is a tough, experienced opponent with a well-rounded game and better striking defense (57% vs Hooper's 39%), but he has struggled against high-level grapplers in the past and his offensive output has plateaued. Historically, younger, longer grapplers with Hooper's finishing ability have had a slight edge over older, more well-rounded fighters in similar lightweight matchups. Hooper's recent improvements in striking accuracy (52%) also suggest he can hold his own on the feet long enough to get the fight to his world-class grappling, where he has a clear path to victory. Live odds Live and historic odds as well as more fighter statistics and insights for Chase Hooper vs Alexander Hernandez can be found on the fighter matchup page. All the fighter matchups and live odds for Du Plessis vs Chimaev can be found on the Du Plessis vs Chimaev event page.",2025-08-04,https://www.ufcbetcompanion.com/event-fighter/3895-Chase%20Hooper%20vs%20Alexander%20Hernandez/picks/1997
Search results | UFC,Skip to main content UFC Menu Main navigation Events Upcoming Past Tickets VIP Experiences Group Sales UFC Travel Deals Road to UFC Dana White's Contender Series Rankings Athletes All Athletes Hall of Fame Record Book News UFC Connect Newsletter UFC Fight Club UFC Apex Find a Gym EA Sports UFC 5 Betting Odds Watch How to Watch Find a Bar UFC Fight Pass UFC Video Archive PODCASTS SHOP VENUM Apparel UFC COLLECTIBLES UFC STRIKE WHAT'S NEW Thorne Performance Solutions Search results,2022-08-31,https://www.ufc.com/news/chase-hooper-is-not-done-evolving-ufc-vegas-109
"UFC 319 Start Time, Full Fight Card Details!","Ultimate Fighting Championship (UFC) is back on the pay-per-view (PPV) market (but it won’t be free…yet), as UFC 319 is set to go down later TONIGHT (Sat. Aug. 16, 2025) inside United Center in Chicago, Illinois on ESPN+. Headlining the event will be a Middleweight title fight as division champion, Dricus du Plessis, will defend against the boogeyman of the division, Khamzat Chimaev. In the co-main event, Aaron Pico will make his UFC debut against Lerone Murphy in what is sure-to-be a hard-hitting Featherweight affair. What’s Hot: UFC 319 CHEAT SHEET What UFC event is on tonight? UFC 319: “du Plessis vs. Chimaev” Who is fighting tonight at UFC 319? Dricus du Plessis vs. Khamzat Chimaev Middleweight title fight is the five-round main event. What time does UFC 319? TONIGHT (Sat., Aug. 16, 2025), beginning at 6:30 p.m. ET on ESPN+. Where will UFC 319 take place? United Center in Chicago, Illinois. How can I watch UFC 319? The early ESPN+ “Prelims” bouts scheduled for 6:30 p.m. ET, then the remaining undercard balance on ESPN/ESPN+ at 8 p.m. ET, followed by the PPV main card start time at 10 p.m. ET on ESPN+ PPV. How do I bet on UFC 319? Checkout the latest lines at DraftKings.com Where can I get UFC 319 updates and results? Get full UFC 319 play-by-play updates and live coverage here! The night is finally upon us where we get to see du Plessis face off against Chimaev in one of the most highly-anticipated title fights in recent memory. While most of the buzz around this event is getting to see if “Borz” can fulfill his championship dreams after terrorizing the division, du Plessis wants to make it known that he is the headliner, he is the champion, and until someone can stop him it will remain that way. Currently on an 11-fight win streak, “Stillknocks” is undefeated inside the Octagon at 9-0 with two title defenses, including racking up huge wins over Sean Strickland (twice), Robert Whittaker, and Israel Adesanya. His unorthodox style makes him a human puzzle that has yet to be solved by UFC’s best, and it’s a strategy he will need against Chimaev, who is one of the most aggressive fighters in the game. A win for du Plessis will set him further apart from the pack and move him up the pound-for-pound rankings. And taking out the mythical being that is Chimaev, in the process, won’t hurt his stock, either. Since making his UFC debut in 2020, Chimaev has only competed eight times, much to the chagrin of UFC officials and fans alike. But during that time, “Borz” has made the most of his experience inside the cage. From earning two finishes in his first two fights under the UFC banner 10 days apart, going to war with Gilbert Burns in an epic battle, manhandling Kevin Holland and busting up Robert Whittaker’s entire grill, Chimaev has made a big impression to say the least. That’s why he has quickly become a fan-favorite, an enigma of sorts, because people still don’t know how great he truly can be due to his inactivity. But that can all change tonight as the undefeated (17-0, 8-0 UFC) Chechen fighter can put the cherry on top of his terrorizing and violent run by wrapping UFC gold around his waist. He is one of the most aggressive and fast-paced fighters in the game, which may not be the best strategy against the champ. Why? Well, du Plessis has shown to have a great gas tank, and if Chimaev blows his load in the first round trying to get a finish, it could prove to be a long night for him because he’s never gone past the third round in his entire career. Still, this fight could prove to be an all-out slugfest that will be a feast for fight fans around the world. Buckle up. What’s Not: There really isn’t a whole lot to complain about when it comes to this card. It’s well-rounded from top to bottom (despite several changes), though perhaps adding another title fight would’ve been the cherry on top. Original Card Vs. Actual Card: Aaron Pico was in line to face Mosvar Evloev at this event before the promotion switched gears and matched him up against Lerone Murphy, instead. A women’s Flyweight bout between Karine Silva and JJ Aldrich was scheduled for this event before Aldrich withdrew for undisclosed reasons. She was ultimately replaced by Dione Barbosa, who is coming off a submission win over Diana Belbita. As for Silva, she saw her nine-fight win steak come to an end at the hands of Viviane Araujo in her last bout. Injuries: A last-minute injury suffered by King Green cancelled his fight against Diego Ferreira, which was set to be the featured fight on the undercard (read more about it here). Bryan Battle missed weight by four pounds, and as a result his scheduled fight against Nursulton Ruziboev was scratched. Also, a fight between Rodrigo Sezinando and Daniil Donchenko was axed due to a mysterious injury to one of the fighters. New Blood: Speaking of Pico, the former Bellator MMA standout will finally get his chance to make his UFC debut after a small delay as a co-headliner on a major PPV card. Pico signed with the promotion this past April after Bellator MMA went belly up. Once touted as the best prospect in all of MMA, Pico got off to a rough start to his career, losing his MMA debut in 2017. Since then, Pico has been pretty steady with the wins (all under Bellator), going 13-4 with the promotion. He was never able to fight for Bellator gold, but he intends to make an impression right away in order to quickly infiltrate the Top 10 and expedite his shot at a title. He will have a stiff test in the form of undefeated contender, Lerone Murphy. “The Miracle” is 16-0-1 (8-0-1 UFC) and has proven to be one of the more promising rising stars at 145 pounds. With a win over Pico, he shoots up the rankings and his stick takes a tremendous boost to set him up for a potential title run. For Pico, handing Murphy his first loss will make an emphatic statement to the division. He just has to be careful he doesn’t suffer the same fate as his former Bellator stablemate. How The ‘Prelims’ Look: Two struggling Middleweights will collide as Gerald Meerschaert (who was one of Chimaev’s early victims) will face off against Michal Oleksiejczuk. Meerschaert is currently on a two-fight losing streak, while Oleksiejczuk is 1-3 in his last four fights inside the Octagon, though he is coming off a much-needed win over Sedriques Dumas earlier this year at UFC 314 (see it again here). Edson Barboza is still trucking along after 15 years with the promotion. His two-fight win streak came to an end after he ran into Lerone Murphy over a year ago. Now, he will look to shake off the ring rust in his comeback bout against Drakkar Klose, who saw his four-fight win streak evaporate into thin air after Joel Alvarez knocked him out late last year. Both men are in need of a win, and when you couple that with the fact that these two love to stand-and-bang, and we are all in for a treat. Chase Hooper has quietly won five straight fights and is eying lucky No. 6 as he goes head-to-head against Alexander Hernandez. Hooper is really coming into his own after a rough stretch from 2020-2022, and another win could get him into the Top 15. As for Hernandez, he is searching for his first-ever three-fight win streak under the UFC banner, and stopping Hooper’s run will be a big boost for his career, which hasn’t really taken off. Who Needs A Win Badly: Jessica Andrade was once sitting pretty at the top of the women’s Strawweight division as champion and considered one of the best pound-four-pound female fighters in the business. But ever since she ran into the juggernaut that is Zhang Weili over five years ago, her career has been all over the place. She has moved weight classes more times than I care to count, and has a record of 6-8 since 2019. She is currently on a two-fight skid, and if she comes up short against Loopy Godinez, she will be at a crossroads in her MMA career with a lot of questions to answer. Speaking of Loopy, she snapped her own two-fight skid in her previous fight by defeating Julia Polastri. Interest Level: 8/10 In a fight who has the chance to steal the show, Michael Page will battle Jared Cannonier in a Middleweight bout. Page made the jump up to 185 pounds to avoid the politics at 170, defeating Sharabutdin Magomedov earlier this year. “Venom” has long been one of the flashiest and exciting fighters in all of MMA, and he is off to a great start to his UFC career by going 2-1, with his other win coming against Kevin Holland. If he can defeat a former title contender in Cannonier, Page shoots up the rankings and the fights and paychecks get bigger and bigger. He loves to show off hi striking skills, and Cannonier will be more than happy to test him in the standup department. “Killa Gorilla” is coming off a knockout win over Gregory Rodrigues (see it here), which snapped his two-fight losing streak. Do no be surprised if this fight produces post-fight bonus awards. Carlos Prates’ momentum was halted in his last fight after running into Ian Machado Garry earlier this year, snapping his 11-fight win streak while suffering his first UFC loss after racking up four straight knockout wins inside the Octagon. Now, “The Nightmare” is out to start all over against Geoff Neal, who makes his return after a 10-month layoff following his stoppage win over Rafael dos Anjos at UFC 308. Former UFC Flyweight title contender, Tim Elliott, is still trucking right along in his quest to one day reach another title fight. The 14-UFC fight veteran hasn’t been very consistent when it comes to racking up wins over the years, and has never won more than two straight inside the Octagon. He will once again look to secure his second straight win as he faces off against Kai Asakura, who is coming off a champions defeat at the hands of division king, Alexandre Pantoja, at UFC 310. Currently ranked No. 15, Asakura wants to work his way back to another shot at winning UFC gold, and defeating Elliott will be a good step toward that goal, in what will be the first-ever UFC win for the former RIZIN champion. Enjoy the fights! UFC 319 PPV Main Card (Start Time 10 p.m. ET): 185 lbs.: UFC Middleweight champion Dricus du Plessis vs. Khamzat Chimaev 145 lbs.: Aaron Pico vs. Lerone Murphy (not Movsar Evloev) 170 lbs.: Geoff Neal vs. Carlos Prates 185 lbs.: Jared Cannonier vs. Michael Page 125 lbs.: Tim Elliott vs. Kai Asakura UFC 319 Late ‘Prelims’ Under Card (Start Time 8 p.m. ET): 155 lbs.: King Green vs. Diego Ferreira — CANCELED (details here) 185 lbs.: Gerald Meerschaert vs. Michał Oleksiejczuk 115 lbs.: Jessica Andrade vs. Lupita Godinez 155 lbs.: Alexander Hernandez vs. Chase Hooper 155 lbs.: Edson Barboza vs. Drakkar Klose UFC 319 Early ‘Prelims’ Under Card (Start Time 6:30 p.m. ET): 185 lbs.: Nursulton Ruziboev vs. Bryan Battle — CANCELED (details here) 125 lbs.: Karine Silva vs. Dione Barbosa170 lbs.: Daniil Donchenko vs. Rodrigo Sezinando — CANCELED 125 lbs.: Alibi Idiris vs. Joseph Morales 185 lbs.: Baysangur Susurkaev vs. Eric Nolan *Fight card, bout order and number of fights remain subject to change.* MIDDLEWEIGHT TITLE CAR CRASH! Ultimate Fighting Championship (UFC) continues its 2025 pay-per-view (PPV) schedule on Sat., Aug. 16, 2025, with a blockbuster title fight set to headline UFC 319 from inside United Center in Chicago, Illinois. In UFC 319’s PPV main event, Middleweight champion, Dricus du Plessis, defends his title against undefeated No. 3-ranked contender, Khamzat Chimaev, in a high-stakes, five-round battle of unbeaten UFC records. UFC 319’s PPV co-main event features a Featherweight showdown between Lerone Murphy and promotional newcomer, Aaron Pico, a high-profile free-agent signing stepping in on short notice. UFC 319 will also showcase a Welterweight clash between Geoff Neal vs. Carlos Prates, a Middleweight bout pitting Jared Cannonier vs. Michael Page, a Flyweight matchup featuring Tim Elliott vs. Kai Asakura, and much more! UFC 319’s start time is scheduled for 6 p.m. ET (“Early Prelims”), 8 p.m. ET (“Prelims” undercard), and 10 p.m. ET (PPV main card) MMAmania.com will deliver LIVE round-by-round, blow-by-blow coverage of the entire UFC 319 fight card on fight night, starting with the early ESPN+ “Prelims” matches at 6 p.m. ET, followed by the remaining undercard balance on ESPN/ESPN+ at 8 p.m. ET, before the UFC 319 PPV main card start time at 10 p.m. ET on ESPN+ PPV. To check out the latest and greatest UFC 319: “Du Plessis vs. Chimaev” news and notes be sure to hit up our comprehensive event archive right here. For the updated and finalized UFC 319 fight card and PPV lineup click here.",2025-08-16,https://www.mmamania.com/ufc-319-du-plessis-vs-chimaev-start-time-full-results-espn-mma/382847/ufc-319-start-time-full-fight-card-details-du-plessis-vs-chimaev-official-clone
"Prediction, pick for Chase Hooper vs. Alexander Hernandez","Prediction, pick for Chase Hooper vs. Alexander Hernandez Ryan Wohl details his best bet for Chase Hooper vs. Alexander Hernandez on the Prelims at UFC 319. At UFC 319, Chase Hooper is attempting to extend his winning streak to six against Alexander Hernandez on the Prelims. Hopper is coming off a win against Jim Miller, while Hernandez most recently defeated Kurt Holobaugh in March. Here is my best bet for Chase Hooper vs. Alexander Hernandez on the Prelims at UFC 319. Chase Hooper to Win by KO/TKO/DQ or Submission (+100) On DraftKings Sportsbook, Hooper is a -380 favorite while Hernandez is a +300 underdog in this matchup. However, since three of Hooper’s last four victories have come by submission, let’s consider him to win by KO/TKO/DQ or Submission at +100. In the UFC, Hooper has eight wins in the promotion, with six of them being via finish. Hooper has been in the UFC since 2019 and is finally starting to put it all together. Although Hernandez is a skilled fighter, Hooper is a better all-around competitor. Hooper is taller by four inches while having a two-inch larger standing reach. Even though Hooper is known for his ground game, his striking has improved significantly. He averages 4.53 significant strikes per minute at a 51 percent rate, which is both better than his opponents. With Hooper’s physical advantages and versatile skillset, it would be surprising if Hernandez lasted three complete rounds against him. The Crown Is Yours: Sign up for DraftKings and experience the ultimate host for games and betting experiences! All odds and lines provided by DraftKings Sportsbook and are subject to change. Related Articles",2025-08-16,https://dknetwork.draftkings.com/2025/08/16/prediction-pick-for-chase-hooper-vs-alexander-hernandez/
"UFC 319 ‘Du Plessis vs. Chimaev’ Play-by-Play, Results & Round Scoring","UFC 319 ‘Du Plessis vs. Chimaev’ Play-by-Play, Results & Round Scoring - Dricus Du Plessis (185) vs. Khamzat Chimaev (183) - Lerone Murphy (146) vs. Aaron Pico (145) - Geoff Neal (171) vs. Carlos Prates (170) - Jared Cannonier (186) vs. Michael Page (186) - Kai Asakura (126) vs. Tim Elliott (126) - Eric Nolan (183) vs. Baysangur Susurkaev (186) - Gerald Meerschaert (185) vs. Michal Oleksiejczuk (186) - Jessica Andrade (116) vs. Lupita Godinez (115) - Alexander Hernandez (156) vs. Chase Hooper (155) - Edson Barboza (155.5) vs. Drakkar Klose (156) - Dione Barbosa (125.5) vs. Karine Silva (125) - Alibi Idiris (126) vs. Joseph Morales (126) Alibi Idiris (126) vs. Joseph Morales (126) BETTING PREVIEW | SCOUTING REPORT | ODDS: Idiris (-450), Morales (+350)Round 1 Sherdog Scores Jay Pettry scores the round:Devin Tejada scores the round: Scottie Smith scores the round: Round 2 Sherdog Scores Jay Pettry scores the round:Devin Tejada scores the round: Scottie Smith scores the round: Round 3 Sherdog Scores Jay Pettry scores the round:Devin Tejada scores the round: Scottie Smith scores the round: The Official Result Dione Barbosa (125.5) vs. Karine Silva (125) BETTING PREVIEW | SCOUTING REPORT | ODDS: Silva (-218), Barbosa (+180)Round 1 Sherdog Scores Jay Pettry scores the round:Devin Tejada scores the round: Scottie Smith scores the round: Round 2 Sherdog Scores Jay Pettry scores the round:Devin Tejada scores the round: Scottie Smith scores the round: Round 3 Sherdog Scores Jay Pettry scores the round:Devin Tejada scores the round: Scottie Smith scores the round: The Official Result Edson Barboza (155.5) vs. Drakkar Klose (156) BETTING PREVIEW | SCOUTING REPORT | ODDS: Barboza (-142), Klose (+120)Round 1 Sherdog Scores Jay Pettry scores the round:Devin Tejada scores the round: Scottie Smith scores the round: Round 2 Sherdog Scores Jay Pettry scores the round:Devin Tejada scores the round: Scottie Smith scores the round: Round 3 Sherdog Scores Jay Pettry scores the round:Devin Tejada scores the round: Scottie Smith scores the round: The Official Result Alexander Hernandez (156) vs. Chase Hooper (155) BETTING PREVIEW | SCOUTING REPORT | ODDS: Hooper (-345), Hernandez (+275)Round 1 Sherdog Scores Jay Pettry scores the round:Devin Tejada scores the round: Scottie Smith scores the round: Round 2 Sherdog Scores Jay Pettry scores the round:Devin Tejada scores the round: Scottie Smith scores the round: Round 3 Sherdog Scores Jay Pettry scores the round:Devin Tejada scores the round: Scottie Smith scores the round: The Official Result Jessica Andrade (116) vs. Lupita Godinez (115) BETTING PREVIEW | SCOUTING REPORT | ODDS: Godinez (-148), Andrade (+124)Round 1 Sherdog Scores Jay Pettry scores the round:Devin Tejada scores the round: Scottie Smith scores the round: Round 2 Sherdog Scores Jay Pettry scores the round:Devin Tejada scores the round: Scottie Smith scores the round: Round 3 Sherdog Scores Jay Pettry scores the round:Devin Tejada scores the round: Scottie Smith scores the round: The Official Result Gerald Meerschaert (185) vs. Michal Oleksiejczuk (186) BETTING PREVIEW | SCOUTING REPORT | ODDS: Oleksiejczuk (-218), Meerschaert (+180)Round 1 Sherdog Scores Jay Pettry scores the round:Devin Tejada scores the round: Scottie Smith scores the round: Round 2 Sherdog Scores Jay Pettry scores the round:Devin Tejada scores the round: Scottie Smith scores the round: Round 3 Sherdog Scores Jay Pettry scores the round:Devin Tejada scores the round: Scottie Smith scores the round: The Official Result Eric Nolan (183) vs. Baysangur Susurkaev (186) Round 1 Sherdog Scores Jay Pettry scores the round:Devin Tejada scores the round: Scottie Smith scores the round: Round 2 Sherdog Scores Jay Pettry scores the round:Devin Tejada scores the round: Scottie Smith scores the round: Round 3 Sherdog Scores Jay Pettry scores the round:Devin Tejada scores the round: Scottie Smith scores the round: The Official Result Kai Asakura (126) vs. Tim Elliott (126) BETTING PREVIEW | SCOUTING REPORT | ODDS: Asakura (-310), Elliott (+250)Round 1 Sherdog Scores Jay Pettry scores the round:Devin Tejada scores the round: Scottie Smith scores the round: Round 2 Sherdog Scores Jay Pettry scores the round:Devin Tejada scores the round: Scottie Smith scores the round: Round 3 Sherdog Scores Jay Pettry scores the round:Devin Tejada scores the round: Scottie Smith scores the round: The Official Result Jared Cannonier (186) vs. Michael Page (186) BETTING PREVIEW | SCOUTING REPORT | ODDS: Page (-192), Cannonier (+160)Round 1 Sherdog Scores Jay Pettry scores the round:Devin Tejada scores the round: Scottie Smith scores the round: Round 2 Sherdog Scores Jay Pettry scores the round:Devin Tejada scores the round: Scottie Smith scores the round: Round 3 Sherdog Scores Jay Pettry scores the round:Devin Tejada scores the round: Scottie Smith scores the round: The Official Result Geoff Neal (171) vs. Carlos Prates (170) BETTING PREVIEW | SCOUTING REPORT | ODDS: Prates (-250), Neal (+205)Round 1 Sherdog Scores Jay Pettry scores the round:Devin Tejada scores the round: Scottie Smith scores the round: Round 2 Sherdog Scores Jay Pettry scores the round:Devin Tejada scores the round: Scottie Smith scores the round: Round 3 Sherdog Scores Jay Pettry scores the round:Devin Tejada scores the round: Scottie Smith scores the round: The Official Result Lerone Murphy (146) vs. Aaron Pico (145) BETTING PREVIEW | SCOUTING REPORT | ODDS: Pico (-185), Murphy (+154)Round 1 Sherdog Scores Jay Pettry scores the round:Devin Tejada scores the round: Scottie Smith scores the round: Round 2 Sherdog Scores Jay Pettry scores the round:Devin Tejada scores the round: Scottie Smith scores the round: Round 3 Sherdog Scores Jay Pettry scores the round:Devin Tejada scores the round: Scottie Smith scores the round: The Official Result UFC Middleweight Title Fight: Dricus Du Plessis (185) vs. Khamzat Chimaev (183) BETTING PREVIEW | SCOUTING REPORT | ODDS: Chimaev (-238), du Plessis (+195)Round 1 Sherdog Scores Jay Pettry scores the round:Devin Tejada scores the round: Scottie Smith scores the round: Round 2 Sherdog Scores Jay Pettry scores the round:Devin Tejada scores the round: Scottie Smith scores the round: Round 3 Sherdog Scores Jay Pettry scores the round:Devin Tejada scores the round: Scottie Smith scores the round: Round 4 Sherdog Scores Jay Pettry scores the round:Devin Tejada scores the round: Scottie Smith scores the round: Round 5 Sherdog Scores Jay Pettry scores the round:Devin Tejada scores the round: Scottie Smith scores the round: The Official Result More",2025-08-16,https://www.sherdog.com/news/news/UFC-319-Du-Plessis-vs-Chimaev-PlaybyPlay-Results-Round-Scoring-198064
Chase Hooper vs Alexander Hernandez Prediction: American Lightweights Look to Extend Win Streaks,"Chase Hooper and Alexander Hernandez will fight in the UFC lightweight division at UFC 319 on Saturday night. Both fighters come into this matchup on winning streaks and will look to keep those streaks alive in this matchup. Which fighter will win the day on Saturday? We attempt to answer that below as we make our Chase Hooper vs Alexander Hernandez prediction. Our Chase Hooper vs Alexander Hernandez Pick - Pick: Chase Hooper by decision - Confidence: ★★★★☆ - UFC 319 Bonus Bets: Hit the Claim Bonus button to claim our DraftKings Sportsbook promo code. You can bet $5 and win $200 in bonus bets INSTANTLY, plus get over $200 off NFL Sunday Ticket! Bet $5, Get $200 in Bonus Bets Instantly + Over $200 Off NFL Sunday Ticket Gambling Problem? Call or TEXT 1-800-Gambler 21+ Gambling Problem? Call or TEXT 1-800-Gambler 21+ Promo Code: Click To Claim Bet $5, Get $200 in Bonus Bets Instantly + Over $200 Off NFL Sunday Ticket Gambling Problem? Call or TEXT 1-800-Gambler 21+ Promo Code: Click To Claim Gambling Problem? Call or TEXT 1-800-Gambler 21+ Tale of the Tape | Chase Hooper | Alexander Hernandez | | |---|---|---| | Age | 25 | 32 | | Reach | 74″ | 72″ | | Stance | Southpaw | Orthodox | | Record | 16-3-1 | 16-8-0 | Chase Hooper vs Alexander Hernandez Preview Chase Hooper enters this lightweight contest having secured five consecutive victories. His last three fights were dominant wins over Clay Guida, Viacheslav Borshchev, and Jim Miller. Hooper is a rising grappling specialist whose striking skills are also improving as time goes on. He has a major size and reach advantage going into this fight and he will look to use those attributes to his advantage to bend Hernandez to his will. Alexander Hernandez comes into this fight on a two-fight winning streak. His recent form includes a decision win over Kurt Holobaugh in March of 2025. Hernandez’s striking output lags behind that of hooper. Hooper’s experience is an asset but the physical tools of Hooper will be hard for the UFC veteran to overcome. Betting Insights - Hooper is a heavy favorite to win this fight at -325 and Hernandez is +260 to end Hooper’s winning streak. - The over/under for the fight is set at 2.5 rounds. The under is favored slightly at -125 and the over is -105. - Three of Hooper’s last four fights ended inside the distance. - Hernandez has had five straight fights go to decision dating back to 2023. Chase Hooper vs Alexander Hernandez Prediction We have two fighters here who try to win their fights in very different ways. Hooper’s top priority is to bring things to the ground and use his submission skills to force his opponent to submit to his will. Hernandez has been grinding out decision wins lately and is a more well-rounded fighter. But Hernandez isn’t as good at any one thing as Hooper is at grappling and I think that will be the difference in this matchup. My best bet for this fight is for Chase Hooper to win via decision. He is going to be able to shoot takedowns and prevent Hernandez from using his power and experience to level the playing field. I don’t think that Hernandez will be submitted here but Hooper should still win comfortably on the scorecards.",2025-08-15,https://ats.io/mma/chase-hooper-vs-alexander-hernandez-prediction/462485/
Fight By Fight Preview | UFC 319: Du Plessis vs Chimaev,"The UFC blows into the Windy City for the first time in a little more than six years, returning to the United Center with a packed pay-per-view fight card capped by one of the most highly anticipated bouts of the year. Saturday night’s main event features reigning middleweight champion Dricus Du Plessis defending his title for the second time this year as he steps in with undefeated challenger Khamzat Chimaev, who has been forecasted to reach this position since he first stormed the gates back on Fight Island. Back by a quartet of compelling main card contests and a loaded preliminary card slate, UFC 319 shapes up as one of the deepest, most competitive cards of the year, and we’ve got the goods on what to expect when the action hits the Octagon this weekend below. Main Event: Dricus Du Plessis vs Khamzat Chimaev Location: United Center — Chicago, IL Where to Watch: ESPN+ / Disney+ Other Main Card Matches: Order UFC 319: Du Plessis vs Chimaev Prelim Matches: MIDDLEWEIGHT CHAMPIONSHIP MAIN EVENT Dricus Du Plessis vs Khamzat Chimaev Middleweight champ Dricus Du Plessis looks to defend his place atop the division once more as he welcomes the challenge of unbeaten marauder Khamzat Chimaev in the UFC 319 main event. The South African titleholder continues to deliver more dominant performances and eliminate room for questioning his standing as the best middleweight in the world with each successive outing. He earned his second successful title defense earlier this year by thoroughly outworking former champ Sean Strickland in a rematch of their UFC 297 encounter, which extended Du Plessis’ record to 9-0 in the UFC and 23-2 overall. Five years after exploding onto the scene with three wins in two months, Chimaev finally lands in his first championship fight, aiming to maintain his unblemished record while proving he’s every bit the unstoppable force many have long believed him to be. The now 31-year-old standout secured this opportunity with a first-round submission win over Robert Whittaker last October that was closer to a mugging than a competitive matchup, and silenced any questions about his health or his ability to hang with the very best in the world. GET YOUR TICKETS: UFC 319 | UFC Shanghai | UFC Paris This is an absolutely fascinating matchup because despite all their successes, there are questions that remain on both sides and cases to be made in favor of each man. More than any fight either has engaged in to this point, Saturday’s main event is going to be the proving ground for both Du Plessis and Chimaev, and have an unquestionable impact on how we look at each in the present and going forward. This is going to be special. ADDITIONAL MAIN CARD MATCHUPS Lerone Murphy vs Aaron Pico Lerone Murphy puts his undefeated record on the line as he welcomes Aaron Pico to the Octagon for the first time in this outstanding featherweight fixture. There are a lot of similarities between Murphy and fellow Brit Leon Edwards, who steadily worked his way to the top of the welterweight division as, like the former welterweight ruler, the 34-year-old Manchester man is on an outstanding run of success without much fanfare, and is without question a better fighter than most understand or give him credit for being. Over his last three fights, “The Miracle” has earned quality wins over Edson Barboza, Dan Ige, and Josh Emmett to cement his standing as a contender, and vanquishing Pico would certainly strengthen his case for a championship opportunity early next year. Now 28 years old, Pico has grown into being the fighter most envisioned when he was a teenage phenom that had yet to actually make the transition into mixed martial arts, though some questions do still linger. He’s gone 9-1 over his last 10 fights, with his only loss coming as a result of an injury, and has a complete assortment of tools at his disposal, including proven knockout power and excellent wrestling. Murphy is the established, entrenched half of this pairing, though he still has room to ascend in terms of acceptance and recognition, and a win here would definitely help that cause. For Pico, this is his chance to catapult himself right into the thick of the title chase and show that he’s more than capable of running with the elites in the UFC featherweight division. Geoff Neal vs Carlos Prates Originally scheduled to face off at UFC 314 in Miami, Geoff Neal and Carlos Prates command the feature slot on Saturday’s talent-rich main card. Neal, who turns 35 less than two weeks after this weekend’s event, competes for the first time since his abbreviated bout with Rafael Dos Anjos last October in Abu Dhabi, which was halted when the former lightweight champ suffered a knee injury. The Fortis MMA representative has been a Top 15 staple for the last several years, settling into life in the 6-12 range, while showcasing sharp, punishing hands and the tenacity and moxie to push both Shavkat Rakhmanov and Ian Machado Garry to their limits. WATCH: UFC 319 Embedded Following a breakout rookie campaign where he went 4-0 with four finishes to force his way into the rankings, Prates suffered his first loss in a dozen fights last time out, dropping a decision to Machado Garry in a fight where the Irish standout was strategic for the majority ofthe contest before getting in a little trouble late. If the Fighting Nerds’ core four — Caio Borralho, Jean Silva, Mauricio Ruffy, and Prates — were the Teenage Mutant Ninja Turtles, Prates would be Raphael, the somewhat volatile, ever-dangerous member of the group, which is what makes him a constant threat, captivating to watch, and susceptible to missteps like the one he experienced in Kansas City against Machado Garry. It’s highly likely that these two wade into the center, touch gloves, and start throwing fastballs at one another straight away, stopping only when the horn sounds signaling the end of the round or one of them is left staring up at the lights. Buckle up and enjoy because this one is sure to be electric. Jared Cannonier vs Michael Page Middleweight has been having a moment here, and before the title goes up for grabs, Jared Cannonier and Michael Page will stand opposite one another with a place in the Top 10 hanging in the balance. A Top 10 mainstay since he debuted in the division towards the end of 2018, Cannonier halted a two-fight slide earlier this year by rallying to finish Gregory Rodrigues. Now 26 fights into his career and at “Level 41,” the MMA Lab product is the perfect top-end measuring stick in a weight class that has been undergoing some changes over the last two years, as the only people to best him at middleweight remain former champs Robert Whittaker and Israel Adesanya, and upcoming Paris headliners Nassourdine Imavov and Caio Borralho, who could very well be fighting to determine who faces Saturday’s title fight winner. BREAKING: Paramount and TKO Announce Historic UFC Media Rights Agreement Page bounced up to middleweight earlier this year to bounce Shara Magomedov from the ranks of the unbeaten, showing that he’s the better range fighter of the two and still a tricky puzzle to solve for whomever stands across from him inside the Octagon. While he’s now 38 years old, “MVP” feels like he’s capable of having an extended twilight similar to that of Stephen “Wonderboy” Thompson, who has remained a Top 15 fighter well into his 40s. This one is all going to come down to how Cannonier opts to approach things, as it feels like there is a clear blueprint for how to neutralize Page. Typically, “The Killa Gorilla” isn’t someone that looks to wrestle all that much, so we should get plenty of striking exchanges in space, where it will be Cannonier’s power against Page’s speed and variety. Tim Elliott vs Kai Asakura Saturday’s main card kicks off with an intriguing pairing in the flyweight division as former title challengers Tim Elliott and Kai Asakura go head-to-head in Chicago. Nearly a decade removed from his competitive title bout with Demetrious Johnson, Elliott has remained one of the top veteran tests in the 125-pound weight class, posting a 7-6 record over his last 13 starts, most of which have come against the division’s best. He hasn’t fought since submitting Sumudaerji in December 2023, so it will be interesting to see how the 38-year-old looks after such an extended absence. Asakura got an immediate title shot last December after joining the UFC from RIZIN, stepping into a bout with Alexandre Pantoja where he fell by submission in the second round. The Japanese fighter rose to prominence on the strength of quality wins over Manel Kape and KyojiHoriguchi, as well as his explosive power, and he gets a second chance to make a first impression in the Octagon. PRELIMINARY CARD PAIRINGS Baisangur Susurkaev vs Eric Nolan Four days after earning his place on the UFC roster, Baisangur Susurkaev gets his wish to compete this weekend alongside training partner Khamzat Chimaev as he takes on New Jersey native Eric Nolan at UFC 319. Susurkaev earned the lone finish on Tuesday's opening episode of Dana White's Contender Series, finishing returning hopeful Murtaza Talha with a front kick to the bread basket that got the UFC CEO and President out of his seat and singing the Chechen fighter's praises. Nolan arrives having won four straight, with the Dante Rivera protege having most recently claimed the CFFC welterweight title with a first-round stoppage win in late May. Gerald Meerschaert vs Michal Oleksiejczuk Gerald Meerschaert and Michal Oleksiejczuk meet in this pairing of middleweight mainstays that surprisingly hasn’t been booked before. Your Full Guide To UFC 319 Fight Week A dangerous submission ace with heaps of experience and a 100-percent finishing rate inside the Octagon, Meerschaert arrives in Chicago having suffered consecutive losses to Reinier de Ridder and Brad Tavares. Oleksiejczuk snapped a three-fight slide back in April, venturing to Sao Paulo to train with former opponent Caio Borralho and the Fighting Nerds before storming through Sedriques Dumas in Miami. Jessica Andrade vs Loopy Godinez Strawweight rankings staples Jessica Andrade and Loopy Godinez square off in what profiles as a bit of a crossroads fight for both women. Andrade is both 2-0 in her last two strawweight appearances and coming into this fight on a two-fight skid, having bounced back up to flyweight last year following her win at UFC 300, dropping consecutive bouts to top contenders Natalia Silva and Jasmine Jasudavicius. Godinez was on a real good run through 2023, posting four straight wins and looking like a dark horse in the division, only to drop consecutive divisions to Virna Jandiroba and Mackenzie Dern before bouncing back with a win over Julia Polastri in Mexico City earlier this year. Chase Hooper vs Alexander Hernandez Chase Hooper and Alexander Hernandez share the Octagon in the first of four televised preliminary card bouts this weekend at United Center. Hooper has gone 5-0 since moving to lightweight, most recently getting the better of veteran Jim Miller at UFC 314 in April, while Hernandez has earned back-to-back wins and four straight wins when competing at 155 pounds. This is a “which one moves forward” matchup that should answer a lot of questions about both men once they step in and start to get after it on Saturday evening in Chicago. Edson Barboza vs Drakkar Klose Veterans Edson Barboza and Drakkar Klose line up opposite one another in a bout that feels like a sure-fire barnburner for as long as it lasts. Despite being 39 and well over a dozen years into his UFC tenure, Barboza remains fundamentally sharp and lightning quick with his striking, and it will be interesting to see how that holds up as he moves back to lightweight for the first time since September 2019. Klose has constantly found himself near the rankings, but never quite broke through, as untimely losses have marred what has otherwise been a largely successful career inside the Octagon. Bryan Battle vs Nursulton Ruziboev Former TUF winner Bryan Battle returns to middleweight to face off with Uzbekistani bruiser Nursulton Ruziboev in this low-key banger early in the lineup. Battle earned victories in each of his first two UFC appearances at middleweight before movingdown to welterweight, and he makes his return to the 185-pound ranks riding a five-fight unbeaten streak. Ruziboev opened his UFC run with a pair of finishes before dropping down to welterweight, dropping a decision to Joaquin Buckley, and then returning to middleweight, where he’s since posted two more wins. Karine Silva vs Dione Barbosa Brazilian flyweights Karine Silva and Dione Barbosa meet for the second time in their careers, with each heading into this one with something to prove. Silva had her nine-fight winning streak snapped by another Brazilian, Viviane Araujo, last time out at UFC 309, while Barbosa picked up a Performance of the Night bonus for her submission win over Diana Belbita in April. These two fought all the way back in May 2019, with Barbosa earning a unanimous decision victory, so we’ll have to see if there are lingering tensions between the two as they renew acquaintances on Saturday. Joseph Morales vs Alibi Idiris Morales went 1-2 in his first stint on the UFC roster, but has gone 3-0 since and shown his experience and grit during the competition to punch his ticket to the finale. Unbeaten in 11 pro fights, Idiris won a hard-fought battle against Furkatbek Yokubov in the quarterfinals before knocking out Roybert Echeverria in the semis to earn this opportunity. Don't miss a moment of UFC 319: Du Plessis vs Chimaev, live from United Center in Chicago, Illinois on August 16, 2025. Prelims start at 8pm ET/5pm PT, followed by the main card live on PPV at 10pm ET/7pm PT.",2025-08-11,https://www.ufc.com/news/fight-by-fight-preview-ufc-319-du-plessis-vs-chimaev
Alexander Hernandez vs Chase Hooper at UFC 319 16.08.25 - Bout Stats MMA Fighter,Alexander Hernandez - Chase Hooper Alexander Hernandez Hernandez - Age 32 - Reach 72 cm 183 cm - Height 69 cm 175 cm - Leg Reach 39.5 cm 100 cm - Last Weigh-In 156 lbs 71 kg Chase Hooper Hooper - Age 25 - Reach 74 cm 188 cm - Height 73 cm 185 cm - Leg Reach 41 cm 104 cm - Last Weigh-In 156 lbs 71 kg Other Bouts UFC 319 - Dricus Du Plessis23 - 2 - 012:00 AM ET • 5 x 5Middleweight Champion 185 lbsKhamzat Chimaev14 - 0 - 0 - Lerone Murphy16 - 0 - 111:30 PM ET • 3 x 5Featherweight Bout 145 lbsAaron Pico13 - 4 - 0 - Geoff Neal16 - 6 - 011:00 PM ET • 3 x 5Welterweight Bout 170 lbsCarlos Prates21 - 7 - 0 - Jared Cannonier18 - 8 - 010:30 PM ET • 3 x 5Middleweight Bout 185 lbsMichael Page23 - 3 - 0 - Tim Elliott20 - 13 - 110:00 PM ET • 3 x 5Flyweight Bout 125 lbsKai Asakura21 - 5 - 0 - Baysangur Susurkaev9 - 0 - 09:00 PM ET • 3 x 5Middleweight Bout 185 lbsEric Nolan8 - 3 - 0 - Gerald Meerschaert37 - 19 - 08:35 PM ET • 3 x 5Middleweight Bout 185 lbsMichal Oleksiejczuk20 - 9 - 0 1 NC - Jessica Andrade26 - 14 - 08:10 PM ET • 3 x 5Strawweight Bout 115 lbsLoopy Godinez13 - 5 - 0 - Edson Barboza24 - 12 - 07:20 PM ET • 3 x 5Lightweight Bout 155 lbsDrakkar Klose15 - 3 - 1 - Karine Silva18 - 5 - 06:55 PM ET • 3 x 5Flyweight Bout 125 lbsDione Barbosa8 - 3 - 0 - Alibi Idiris10 - 0 - 06:30 PM ET • 3 x 5Flyweight Bout 125 lbsJoseph Morales12 - 2 - 0,2025-08-16,https://gidstats.com/events/ufc_319-2463/alexander_hernandez_vs_chase_hooper.html
Search results | UFC,Skip to main content UFC Menu Main navigation Events Upcoming Past Tickets VIP Experiences Group Sales UFC Travel Deals Road to UFC Dana White's Contender Series Rankings Athletes All Athletes Hall of Fame Record Book News UFC Connect Newsletter UFC Fight Club UFC Apex Find a Gym EA Sports UFC 5 Betting Odds Watch How to Watch Find a Bar UFC Fight Pass UFC Video Archive PODCASTS SHOP VENUM Apparel UFC COLLECTIBLES UFC STRIKE WHAT'S NEW Thorne Performance Solutions Search results,2022-08-31,https://www.ufc.com/news/chase-hooper-is-not-done-evolving-ufc-vegas-109
"UFC 319 Start Time, Full Fight Card Details!","Ultimate Fighting Championship (UFC) is back on the pay-per-view (PPV) market (but it won’t be free…yet), as UFC 319 is set to go down later TONIGHT (Sat. Aug. 16, 2025) inside United Center in Chicago, Illinois on ESPN+. Headlining the event will be a Middleweight title fight as division champion, Dricus du Plessis, will defend against the boogeyman of the division, Khamzat Chimaev. In the co-main event, Aaron Pico will make his UFC debut against Lerone Murphy in what is sure-to-be a hard-hitting Featherweight affair. What’s Hot: UFC 319 CHEAT SHEET What UFC event is on tonight? UFC 319: “du Plessis vs. Chimaev” Who is fighting tonight at UFC 319? Dricus du Plessis vs. Khamzat Chimaev Middleweight title fight is the five-round main event. What time does UFC 319? TONIGHT (Sat., Aug. 16, 2025), beginning at 6:30 p.m. ET on ESPN+. Where will UFC 319 take place? United Center in Chicago, Illinois. How can I watch UFC 319? The early ESPN+ “Prelims” bouts scheduled for 6:30 p.m. ET, then the remaining undercard balance on ESPN/ESPN+ at 8 p.m. ET, followed by the PPV main card start time at 10 p.m. ET on ESPN+ PPV. How do I bet on UFC 319? Checkout the latest lines at DraftKings.com Where can I get UFC 319 updates and results? Get full UFC 319 play-by-play updates and live coverage here! The night is finally upon us where we get to see du Plessis face off against Chimaev in one of the most highly-anticipated title fights in recent memory. While most of the buzz around this event is getting to see if “Borz” can fulfill his championship dreams after terrorizing the division, du Plessis wants to make it known that he is the headliner, he is the champion, and until someone can stop him it will remain that way. Currently on an 11-fight win streak, “Stillknocks” is undefeated inside the Octagon at 9-0 with two title defenses, including racking up huge wins over Sean Strickland (twice), Robert Whittaker, and Israel Adesanya. His unorthodox style makes him a human puzzle that has yet to be solved by UFC’s best, and it’s a strategy he will need against Chimaev, who is one of the most aggressive fighters in the game. A win for du Plessis will set him further apart from the pack and move him up the pound-for-pound rankings. And taking out the mythical being that is Chimaev, in the process, won’t hurt his stock, either. Since making his UFC debut in 2020, Chimaev has only competed eight times, much to the chagrin of UFC officials and fans alike. But during that time, “Borz” has made the most of his experience inside the cage. From earning two finishes in his first two fights under the UFC banner 10 days apart, going to war with Gilbert Burns in an epic battle, manhandling Kevin Holland and busting up Robert Whittaker’s entire grill, Chimaev has made a big impression to say the least. That’s why he has quickly become a fan-favorite, an enigma of sorts, because people still don’t know how great he truly can be due to his inactivity. But that can all change tonight as the undefeated (17-0, 8-0 UFC) Chechen fighter can put the cherry on top of his terrorizing and violent run by wrapping UFC gold around his waist. He is one of the most aggressive and fast-paced fighters in the game, which may not be the best strategy against the champ. Why? Well, du Plessis has shown to have a great gas tank, and if Chimaev blows his load in the first round trying to get a finish, it could prove to be a long night for him because he’s never gone past the third round in his entire career. Still, this fight could prove to be an all-out slugfest that will be a feast for fight fans around the world. Buckle up. What’s Not: There really isn’t a whole lot to complain about when it comes to this card. It’s well-rounded from top to bottom (despite several changes), though perhaps adding another title fight would’ve been the cherry on top. Original Card Vs. Actual Card: Aaron Pico was in line to face Mosvar Evloev at this event before the promotion switched gears and matched him up against Lerone Murphy, instead. A women’s Flyweight bout between Karine Silva and JJ Aldrich was scheduled for this event before Aldrich withdrew for undisclosed reasons. She was ultimately replaced by Dione Barbosa, who is coming off a submission win over Diana Belbita. As for Silva, she saw her nine-fight win steak come to an end at the hands of Viviane Araujo in her last bout. Injuries: A last-minute injury suffered by King Green cancelled his fight against Diego Ferreira, which was set to be the featured fight on the undercard (read more about it here). Bryan Battle missed weight by four pounds, and as a result his scheduled fight against Nursulton Ruziboev was scratched. Also, a fight between Rodrigo Sezinando and Daniil Donchenko was axed due to a mysterious injury to one of the fighters. New Blood: Speaking of Pico, the former Bellator MMA standout will finally get his chance to make his UFC debut after a small delay as a co-headliner on a major PPV card. Pico signed with the promotion this past April after Bellator MMA went belly up. Once touted as the best prospect in all of MMA, Pico got off to a rough start to his career, losing his MMA debut in 2017. Since then, Pico has been pretty steady with the wins (all under Bellator), going 13-4 with the promotion. He was never able to fight for Bellator gold, but he intends to make an impression right away in order to quickly infiltrate the Top 10 and expedite his shot at a title. He will have a stiff test in the form of undefeated contender, Lerone Murphy. “The Miracle” is 16-0-1 (8-0-1 UFC) and has proven to be one of the more promising rising stars at 145 pounds. With a win over Pico, he shoots up the rankings and his stick takes a tremendous boost to set him up for a potential title run. For Pico, handing Murphy his first loss will make an emphatic statement to the division. He just has to be careful he doesn’t suffer the same fate as his former Bellator stablemate. How The ‘Prelims’ Look: Two struggling Middleweights will collide as Gerald Meerschaert (who was one of Chimaev’s early victims) will face off against Michal Oleksiejczuk. Meerschaert is currently on a two-fight losing streak, while Oleksiejczuk is 1-3 in his last four fights inside the Octagon, though he is coming off a much-needed win over Sedriques Dumas earlier this year at UFC 314 (see it again here). Edson Barboza is still trucking along after 15 years with the promotion. His two-fight win streak came to an end after he ran into Lerone Murphy over a year ago. Now, he will look to shake off the ring rust in his comeback bout against Drakkar Klose, who saw his four-fight win streak evaporate into thin air after Joel Alvarez knocked him out late last year. Both men are in need of a win, and when you couple that with the fact that these two love to stand-and-bang, and we are all in for a treat. Chase Hooper has quietly won five straight fights and is eying lucky No. 6 as he goes head-to-head against Alexander Hernandez. Hooper is really coming into his own after a rough stretch from 2020-2022, and another win could get him into the Top 15. As for Hernandez, he is searching for his first-ever three-fight win streak under the UFC banner, and stopping Hooper’s run will be a big boost for his career, which hasn’t really taken off. Who Needs A Win Badly: Jessica Andrade was once sitting pretty at the top of the women’s Strawweight division as champion and considered one of the best pound-four-pound female fighters in the business. But ever since she ran into the juggernaut that is Zhang Weili over five years ago, her career has been all over the place. She has moved weight classes more times than I care to count, and has a record of 6-8 since 2019. She is currently on a two-fight skid, and if she comes up short against Loopy Godinez, she will be at a crossroads in her MMA career with a lot of questions to answer. Speaking of Loopy, she snapped her own two-fight skid in her previous fight by defeating Julia Polastri. Interest Level: 8/10 In a fight who has the chance to steal the show, Michael Page will battle Jared Cannonier in a Middleweight bout. Page made the jump up to 185 pounds to avoid the politics at 170, defeating Sharabutdin Magomedov earlier this year. “Venom” has long been one of the flashiest and exciting fighters in all of MMA, and he is off to a great start to his UFC career by going 2-1, with his other win coming against Kevin Holland. If he can defeat a former title contender in Cannonier, Page shoots up the rankings and the fights and paychecks get bigger and bigger. He loves to show off hi striking skills, and Cannonier will be more than happy to test him in the standup department. “Killa Gorilla” is coming off a knockout win over Gregory Rodrigues (see it here), which snapped his two-fight losing streak. Do no be surprised if this fight produces post-fight bonus awards. Carlos Prates’ momentum was halted in his last fight after running into Ian Machado Garry earlier this year, snapping his 11-fight win streak while suffering his first UFC loss after racking up four straight knockout wins inside the Octagon. Now, “The Nightmare” is out to start all over against Geoff Neal, who makes his return after a 10-month layoff following his stoppage win over Rafael dos Anjos at UFC 308. Former UFC Flyweight title contender, Tim Elliott, is still trucking right along in his quest to one day reach another title fight. The 14-UFC fight veteran hasn’t been very consistent when it comes to racking up wins over the years, and has never won more than two straight inside the Octagon. He will once again look to secure his second straight win as he faces off against Kai Asakura, who is coming off a champions defeat at the hands of division king, Alexandre Pantoja, at UFC 310. Currently ranked No. 15, Asakura wants to work his way back to another shot at winning UFC gold, and defeating Elliott will be a good step toward that goal, in what will be the first-ever UFC win for the former RIZIN champion. Enjoy the fights! UFC 319 PPV Main Card (Start Time 10 p.m. ET): 185 lbs.: UFC Middleweight champion Dricus du Plessis vs. Khamzat Chimaev 145 lbs.: Aaron Pico vs. Lerone Murphy (not Movsar Evloev) 170 lbs.: Geoff Neal vs. Carlos Prates 185 lbs.: Jared Cannonier vs. Michael Page 125 lbs.: Tim Elliott vs. Kai Asakura UFC 319 Late ‘Prelims’ Under Card (Start Time 8 p.m. ET): 155 lbs.: King Green vs. Diego Ferreira — CANCELED (details here) 185 lbs.: Gerald Meerschaert vs. Michał Oleksiejczuk 115 lbs.: Jessica Andrade vs. Lupita Godinez 155 lbs.: Alexander Hernandez vs. Chase Hooper 155 lbs.: Edson Barboza vs. Drakkar Klose UFC 319 Early ‘Prelims’ Under Card (Start Time 6:30 p.m. ET): 185 lbs.: Nursulton Ruziboev vs. Bryan Battle — CANCELED (details here) 125 lbs.: Karine Silva vs. Dione Barbosa170 lbs.: Daniil Donchenko vs. Rodrigo Sezinando — CANCELED 125 lbs.: Alibi Idiris vs. Joseph Morales 185 lbs.: Baysangur Susurkaev vs. Eric Nolan *Fight card, bout order and number of fights remain subject to change.* MIDDLEWEIGHT TITLE CAR CRASH! Ultimate Fighting Championship (UFC) continues its 2025 pay-per-view (PPV) schedule on Sat., Aug. 16, 2025, with a blockbuster title fight set to headline UFC 319 from inside United Center in Chicago, Illinois. In UFC 319’s PPV main event, Middleweight champion, Dricus du Plessis, defends his title against undefeated No. 3-ranked contender, Khamzat Chimaev, in a high-stakes, five-round battle of unbeaten UFC records. UFC 319’s PPV co-main event features a Featherweight showdown between Lerone Murphy and promotional newcomer, Aaron Pico, a high-profile free-agent signing stepping in on short notice. UFC 319 will also showcase a Welterweight clash between Geoff Neal vs. Carlos Prates, a Middleweight bout pitting Jared Cannonier vs. Michael Page, a Flyweight matchup featuring Tim Elliott vs. Kai Asakura, and much more! UFC 319’s start time is scheduled for 6 p.m. ET (“Early Prelims”), 8 p.m. ET (“Prelims” undercard), and 10 p.m. ET (PPV main card) MMAmania.com will deliver LIVE round-by-round, blow-by-blow coverage of the entire UFC 319 fight card on fight night, starting with the early ESPN+ “Prelims” matches at 6 p.m. ET, followed by the remaining undercard balance on ESPN/ESPN+ at 8 p.m. ET, before the UFC 319 PPV main card start time at 10 p.m. ET on ESPN+ PPV. To check out the latest and greatest UFC 319: “Du Plessis vs. Chimaev” news and notes be sure to hit up our comprehensive event archive right here. For the updated and finalized UFC 319 fight card and PPV lineup click here.",2025-08-16,https://www.mmamania.com/ufc-319-du-plessis-vs-chimaev-start-time-full-results-espn-mma/382847/ufc-319-start-time-full-fight-card-details-du-plessis-vs-chimaev-official-clone
Chase Hooper: From Alexander Hernandez Rivalry to Future MMA Prospects,"Chase Hooper: From Alexander Hernandez Rivalry to Future MMA Prospects Introduction: The Rise of Chase Hooper Chase Hooper, a name quickly becoming synonymous with young talent and exciting grappling in mixed martial arts (MMA), has carved a unique path in the sport. From his early days as a prodigy on the regional scene to his current presence in the UFC, Hooper's journey is a testament to dedication, evolving skill sets, and a willingness to learn and adapt. This analysis delves into Hooper's career, focusing on his significant rivalry with Alexander Hernandez and projecting his potential future trajectory. Early Career and Regional Dominance Hooper's ascent to the UFC was rapid, fueled by a combination of impressive performances and a dedicated online following. Even before turning professional, videos showcasing his grappling prowess circulated widely, earning him attention and the moniker of a prodigy. He started his professional career at a young age, facing older, more experienced opponents on the regional circuit. These early fights, while not always flawless victories, provided invaluable experience and exposure. Key aspects of Hooper's early career include: - **Young Age Debut:** Turning professional at a remarkably young age, Hooper gained significant experience early on. - **Grappling-Focused Style:** His early fights showcased a strong emphasis on submissions and ground control. - **Building a Following:** His engaging personality and impressive skills fostered a dedicated fanbase from the outset. The regional scene served as a crucial proving ground, allowing Hooper to hone his skills and develop a more well-rounded game before stepping onto the biggest stage in MMA. The Alexander Hernandez Rivalry: A Defining Moment The fight against Alexander Hernandez at UFC Fight Night: Font vs. Vera in April 2023 stands as a critical moment in Chase Hooper's career. Hernandez, a seasoned veteran known for his striking and aggressive style, presented a significant test for the young Hooper. This fight was more than just another bout; it represented a clash of styles, experience levels, and career trajectories. Pre-Fight Expectations and Analysis Leading up to the fight, many analysts considered Hernandez a heavy favorite. His striking power and experience were seen as significant advantages. However, Hooper's grappling skills were acknowledged as a potential equalizer. The prevailing narrative suggested that if Hooper could weather the early storm and take the fight to the ground, he would have a path to victory. Conversely, if Hernandez could keep the fight standing and utilize his striking, he was likely to secure a finish. The Fight Breakdown The fight unfolded largely as predicted. Hernandez came out aggressively, landing significant strikes in the opening rounds. Hooper absorbed considerable damage but remained composed and resilient. His ability to withstand Hernandez's initial onslaught was crucial. As the fight progressed, Hooper began to implement his grappling game, securing takedowns and working for submissions. The turning point came when Hooper locked in an arm-triangle choke, forcing Hernandez to tap out in the third round. This victory was not just a win; it was a statement. Analyzing the Keys to Victory Several factors contributed to Hooper's victory over Hernandez: - **Resilience and Chin:** Hooper demonstrated remarkable resilience, absorbing significant strikes without being deterred. - **Grappling Prowess:** His ability to secure takedowns and transition into advantageous positions on the ground proved decisive. - **Submission Skills:** The arm-triangle choke showcased his refined submission skills and ability to capitalize on opportunities. - **Game Plan Execution:** Hooper and his team clearly had a well-defined game plan, which they executed effectively despite facing adversity. Impact on Hooper's Career Trajectory The victory over Hernandez significantly boosted Hooper's stock in the UFC. It demonstrated his ability to overcome adversity, execute a game plan against a dangerous opponent, and secure a meaningful victory. It also silenced many doubters who questioned his ability to compete against established veterans. This win served as a springboard, opening doors to higher-profile fights and greater opportunities. Strengths and Weaknesses: A Detailed Assessment To accurately project Hooper's future prospects, it is essential to conduct a thorough assessment of his strengths and weaknesses. This analysis will provide a foundation for understanding his potential for growth and the areas where he needs to improve. Strengths - **Exceptional Grappling:** Hooper's grappling is undoubtedly his greatest strength. His submission skills, takedown ability, and ground control are all exceptionally high. He is particularly adept at utilizing various chokes and leg locks. - **Submission Variety:** Hooper displays a wide array of submission techniques, making him difficult to predict and prepare for on the ground. - **Resilience:** As demonstrated in the Hernandez fight, Hooper possesses remarkable resilience and the ability to withstand punishment. - **Cardio:** Hooper's cardiovascular conditioning is consistently strong, allowing him to maintain a high pace throughout his fights. - **Adaptability:** He has shown the ability to adapt his game plan mid-fight, adjusting to his opponent's strengths and weaknesses. - **Youth and Potential:** At a relatively young age, Hooper has significant room for improvement and development. - **Aggressive Style:** His willingness to engage and pursue finishes makes him an exciting fighter to watch. Weaknesses - **Striking Defense:** Hooper's striking defense is an area that needs improvement. He has shown a tendency to absorb too much damage on the feet. - **Striking Power:** While his striking has improved, Hooper is not known for possessing significant knockout power. - **Takedown Defense:** While his grappling is strong, his takedown defense can be vulnerable at times. - **Decision Making Under Pressure:** In some fights, Hooper's decision-making under pressure has been questionable. - **Sometimes Starts Slow:** Occasionally, Hooper starts slow and allows his opponent to dictate the pace of the fight early on. Areas for Improvement and Future Development Based on the identified strengths and weaknesses, specific areas for improvement can be targeted to enhance Hooper's overall game and increase his chances of success in the UFC. These areas include: - **Striking Defense:** Focusing on head movement, footwork, and blocking techniques to minimize damage taken on the feet. - **Striking Power:** Developing more power in his strikes through improved technique and strength training. - **Takedown Defense:** Enhancing his takedown defense through drills and specialized training to prevent opponents from taking him down. - **Fight IQ and Decision Making:** Improving his fight IQ and decision-making through film study, sparring, and working with experienced coaches. - **Early Fight Aggression:** Developing a strategy to start fights more aggressively and dictate the pace from the outset. Addressing these areas will require a dedicated training regimen, incorporating elements of striking, wrestling, and grappling. Working with a skilled coaching team is essential to ensure that the training is effective and tailored to Hooper's specific needs. Potential Matchups and Future Opponents Considering Hooper's current standing in the UFC and his skill set, several potential matchups could prove to be exciting and beneficial for his career. These potential opponents represent a range of styles and experience levels, providing opportunities for Hooper to test his skills and continue to climb the rankings. - **Grant Dawson:** A high-level wrestler with a strong grappling game, Dawson would present a fascinating clash of styles with Hooper. This fight would test Hooper's takedown defense and ability to impose his grappling game against a skilled wrestler. - **Dan Hooker:** Hooker, known for his aggressive striking and toughness, would be a stand-up war for Hooper. This fight would test Hooper's striking defense and his ability to withstand punishment. - **Nasrat Haqparast:** Haqparast, a powerful striker with a developing grappling game, would provide a well-rounded test for Hooper. This fight would test Hooper's ability to mix his striking and grappling and control the pace of the fight. - **Drew Dober:** Dober is a veteran with a high finishing rate, known for his exciting striking and grappling. These are just a few examples, and the specific matchups will depend on various factors, including the UFC's matchmaking decisions, the availability of opponents, and Hooper's own preferences. However, these potential opponents represent the type of challenges that Hooper will need to overcome to advance in the division. Projecting Future Success: Long-Term Potential Evaluating Hooper's long-term potential requires considering his age, skill set, work ethic, and the evolving landscape of the UFC. While predicting the future in MMA is inherently difficult, several factors suggest that Hooper has the potential to achieve significant success in the sport. Factors Supporting Future Success - **Youth and Development:** Hooper's young age provides him with ample time to continue developing his skills and evolving as a fighter. - **Dedication and Work Ethic:** His commitment to training and his willingness to learn and adapt are crucial for long-term success. - **Strong Grappling Base:** His exceptional grappling skills provide a solid foundation for his MMA game. - **Growing Fanbase:** His dedicated fanbase provides him with support and motivation. - **Adaptability:** Showing the ability to adjust his game plan mid-fight, adjusting to his opponent's strengths and weaknesses. Potential Challenges and Obstacles - **Competition in the UFC:** The UFC is the highest level of competition in MMA, and Hooper will face increasingly skilled and experienced opponents. - **Injuries:** The risk of injuries is always present in MMA, and injuries can derail a fighter's career. - **Maintaining Motivation:** Staying motivated and focused throughout a long career can be challenging. - **Evolving Game:** The sport of MMA is constantly evolving, and Hooper will need to adapt his game to stay ahead of the competition. Realistic Expectations While Hooper has the potential to achieve significant success, it is important to maintain realistic expectations. Becoming a champion in the UFC is an extremely difficult feat, and only a small percentage of fighters ever reach that level. However, with continued hard work, dedication, and smart decision-making, Hooper has the potential to become a top contender and a perennial presence in the upper echelons of the division. It’s also realistic to see him become a consistent top 15 ranked fighter. Given the depth of talent at lightweight, this would still be considered a major achievement for someone so young. Conclusion: A Promising Future Chase Hooper's journey in MMA has been marked by rapid progress, significant victories, and a relentless pursuit of improvement. His win over Alexander Hernandez served as a pivotal moment, showcasing his resilience, grappling prowess, and ability to execute a game plan against a dangerous opponent. While he still has areas to improve upon, his youth, dedication, and exceptional grappling skills suggest a promising future in the sport. As he continues to develop and refine his game, Hooper has the potential to become a top contender in the UFC and a significant force in the lightweight division. His journey is one of dedication, growth, and potential, and it will be fascinating to watch his career unfold.",2025-08-16,https://www.simpleaboutthings.com/articles/sports/chase-hooper-from-alexander-hernandez-rivalry-to-future-mma-prospects
"UFC 319 full card results, schedule for Dricus du Plessis vs. Khamzat Chimaev | Sporting News India","Who will walk out of the United Center on August 16 as the UFC middleweight champion? At UFC 319, Dricus du Plessis defends his title against Khamzat Chimaev. The unorthodox du Plessis (23-2) has had some of MMA’s best stumped when competing against him, from Israel Adesanya to Robert Whittaker. He rushes in, has intense cardio, and possesses a unique fighting style. Winner of eleven straight fights, du Plessis looks to add the dangerous Chimaev to his list. Chimaev (14-0) is known for smothering his opponents in the opening round and finishing them quickly. A freestyle wrestling champion, “Borz” has only fought out of the first round three times in his UFC career. Can his intense style result in gold around his waist? UFC 319 will also see the octagon debut of Aaron Pico (13-4), a multi-time wrestling champion and former top prospect for Bellator. The 28-year-old faces Lerone Murphy (16-0-1), ranked sixth in the UFC's featherweight rankings. Speaking of Bellator, former contender Michael ""Venom"" Page (23-3) looks to win two straight against Jared Cannonier (18-8), 2-2 in his last four fights. Baysangur Susurkaev (9-0) competes in a fight days after earning a contract. Meanwhile, a surging Chase Hooper (16-3-1) faces Alexander Hernandez (16-8), while Bryan Battle (12-2, 1 NC) looks to continue to entertain against Nursulton Ruziboev (36-9-2, 1 NC). The Sporting News will provide results from the entire UFC 319 fight card. UFC 319 full card results Main Card - Dricus du Plessis (c) vs. Khamzat Chimaev for the UFC middleweight title - Lerone Murphy vs. Aaron Pico; Featherweights - Geoff Neal vs. Carlos Prates; Welterweights - Jared Cannonier vs. Michael ""Venom"" Page; Middleweights - Tim Elliott vs. Kai Asakura; Flyweights Prelims - Gerald Meerschaert vs. Michal Oleksiejczuk; Middleweights - Baysangur Susurkaev vs. Eric Nolan; Middleweights - Jessica Andrade vs. Loopy Godinez; Strawweights - Chase Hooper vs. Alexander Hernandez; Lightweights Early Prelims - Edson Barboza vs. Drakkar Klose; Lightweights - Karine Silva vs. Dione Barbosa; Flyweights - Alibi Idiris vs. Joseph Morales; Flyweights Where to watch UFC 319 prelims - Live stream: Disney+ The UFC 319 preliminaries, starting at 8 p.m. ET, will be available on Disney+. The early preliminaries at 6:30 p.m. ET will also be available via Disney+. Where to watch UFC 319 The UFC 319 main card is available via pay-per-view on ESPN+. The PPV price for UFC 319 is $79.99 for current subscribers. In Australia, the event will air on Kayo. UFC 319 start time - Date: Saturday, August 16 - Time: 10 p.m. ET (8 p.m. ET for prelims) | 7 p.m. PT | 3 a.m. BST | 12 p.m. AEST - Location: United Center - Chicago, Illinois UFC 319 is in the United Center in Chicago, Illinois on August 16. The early prelims start at 6:30 p.m. ET, while the prelims are at 8 p.m. ET. The main card starts at 10 p.m. ET, and du Plessis and Chimaev should make their way to the octagon around 12:30 a.m. ET, depending on how long the undercard fights last.",2025-08-16,https://www.sportingnews.com/in/mma/news/ufc-319-full-card-results-dricus-du-plessis-vs-khamzat-chimaev/d74ff6f84c472cd03c32347a
TFF-17 Redemption: Week 1 Picks,skullcracker4hire Well Liked OG Bantamweight I was the inaugural J1 champion. The events were random as f---Back in the day we had two different minor leagues. JEC and J1 and both had strong turnouts esp jec. J1 had good numbers too considering it was sometimes the most random events. Those were my favorite leagues for awhile. I miss how many people we used to get for all events.,2025-08-13,https://forum.mmajunkie.com/threads/tff-17-redemption-week-1-picks.75701/page-3
Chase Hooper - Wikipedia,"Chase Hooper | Chase Hooper | ||||||||||||||| |---|---|---|---|---|---|---|---|---|---|---|---|---|---|---|---| | Born | Chase Alan Hooper September 13, 1999 Enumclaw, Washington, U.S. | |||||||||||||| | Other names | The Dream | |||||||||||||| | Height | 6 ft 1 in (185 cm) | |||||||||||||| | Weight | 155 lb (70 kg; 11 st 1 lb) | |||||||||||||| | Division | Lightweight (2017–2018, 2023–present) Featherweight (2018–2022) | |||||||||||||| | Reach | 75.5 in (192 cm)[1] | |||||||||||||| | Fighting out of | Enumclaw, Washington, U.S. | |||||||||||||| | Team | Combat Sport & Fitness | |||||||||||||| | Rank | Black belt in Brazilian Jiu-Jitsu[2] | |||||||||||||| | Years active | 2017–present | |||||||||||||| | Mixed martial arts record | ||||||||||||||| | Total | 20 | |||||||||||||| | Wins | 16 | |||||||||||||| | By knockout | 4 | |||||||||||||| | By submission | 8 | |||||||||||||| | By decision | 4 | |||||||||||||| | Losses | 3 | |||||||||||||| | By knockout | 1 | |||||||||||||| | By decision | 2 | |||||||||||||| | Draws | 1 | |||||||||||||| | Amateur record | ||||||||||||||| | Total | 5 | |||||||||||||| | Wins | 5 | |||||||||||||| | By knockout | 1 | |||||||||||||| | By submission | 4 | |||||||||||||| | Other information | ||||||||||||||| | Mixed martial arts record from Sherdog | ||||||||||||||| Medal record | Chase Alan Hooper[3] (born September 13, 1999) is an American mixed martial artist. He currently competes in the Lightweight division of the Ultimate Fighting Championship (UFC). Mixed martial arts career [edit]Hooper began his amateur MMA career while he was still attending Enumclaw High School.[4] On the regional circuit of Washington, Hooper compiled an undefeated 5–0 record with four stoppage wins[5] before making his professional debut on October 7, 2017, against Edson Penado. Hooper won the fight via rear-naked choke submission in the first round[6] utilizing his heavy skills in Brazilian jiu-jitsu, in which he's a juvenile Pan American champion as a blue belt.[7] Dana White's Contender Series [edit]Hooper competed at Dana White's Contender Series 14 against Canaan Kawaihae. He won the fight via unanimous decision and was awarded a development league contract.[8] He competed in three more fights (winning two of them and the other one ending in a draw) in notable minor promotions such as CFFC and Titan FC before being signed by the UFC.[9] Ultimate Fighting Championships [edit]Hooper made his promotional debut against Daniel Teymur on December 14, 2019, at UFC 245. He won the fight via technical knockout in the first round.[10] Hooper faced Alex Caceres on June 6, 2020, at UFC 250.[11] He lost the fight via unanimous decision, marking his first professional defeat.[12] Hooper faced Peter Barrett at UFC 256 on December 12, 2020.[13] He earned a comeback win in the third round via heel hook submission.[14] Hooper faced Steven Peterson on June 12, 2021, at UFC 263.[15] At the weigh-ins, Peterson weighed in at 148.5 pounds, two and a half pounds over the featherweight non-title fight limit. The bout proceeded at catchweight and he was fined 20% of his purse, which went to Hooper.[16] Hooper lost the fight via unanimous decision.[17] Hooper faced Felipe Colares on May 21, 2022, at UFC Fight Night 206.[18] He won the fight via technical knockout in round three.[19] This win earned him the Performance of the Night award.[20] Hooper faced Steve Garcia on October 29, 2022, at UFC Fight Night 213.[21] He lost the fight via TKO in the first round.[22] Hooper faced Nick Fiore on May 20, 2023, at UFC Fight Night 223.[23] He won the fight via unanimous decision.[24] Hooper faced Jordan Leavitt on November 18, 2023 at UFC Fight Night 232.[25] He won the fight via a rear-naked choke submission in the first round.[26] Hooper faced Viacheslav Borshchev on May 11, 2024, at UFC on ESPN 56.[27] After knocking down Borshchev in the first round, Hooper won the fight via Brabo choke submission in the second round.[28] Hooper faced former Strikeforce Lightweight Champion Clay Guida on December 7, 2024 at UFC 310.[29] He won the fight via an armbar submission in the first round.[30] This fight earned him another Performance of the Night award.[31] Hooper faced Jim Miller on April 12, 2025 at UFC 314.[32] He won the fight by unanimous decision.[33] Hooper is scheduled to face Alexander Hernandez on August 16, 2025, at UFC 319.[34] Professional grappling career [edit]Hooper competed against Renato Moicano at Fury Pro Grappling 3 on December 30, 2021 and lost the match by unanimous decision.[35] Hooper competed against Clay Guida at Fury Pro Grappling 6 on December 30, 2022, submitting Guida with a calf-slicer.[36] Hooper competed against Aljamain Sterling in the main event of ADXC 2 on January 19, 2024.[37] He lost the match by split decision.[38] Championships and accomplishments [edit]Mixed martial arts [edit]- Ultimate Fighting Championship - Performance of the Night (Two times) vs. Felipe Colares and Clay Guida[20][31] - Fourth most total strikes landed in a bout in UFC Lightweight division history (217 vs. Nick Fiore)[39] - UFC Honors Awards - 2020: Fan's Choice Comeback of the Year Nominee vs. Peter Barrett[40] - Dominate Fighting Championships - Dominate FC Featherweight Championship (One time) - Rumble on the Ridge - Rumble on the Ridge Amateur Featherweight Championship (One time) Brazilian Jiu-jitsu [edit]Mixed martial arts record [edit]| 20 matches | 16 wins | 3 losses | | By knockout | 4 | 1 | | By submission | 8 | 0 | | By decision | 4 | 2 | | Draws | 1 | | Res. | Record | Opponent | Method | Event | Date | Round | Time | Location | Notes | |---|---|---|---|---|---|---|---|---|---| | Win | 16–3–1 | Jim Miller | Decision (unanimous) | UFC 314 | April 12, 2025 | 3 | 5:00 | Miami, Florida, United States | | | Win | 15–3–1 | Clay Guida | Submission (armbar) | UFC 310 | December 7, 2024 | 1 | 3:41 | Las Vegas, Nevada, United States | Performance of the Night. | | Win | 14–3–1 | Viacheslav Borshchev | Submission (brabo choke) | UFC on ESPN: Lewis vs. Nascimento | May 11, 2024 | 2 | 3:00 | St. Louis, Missouri, United States | | | Win | 13–3–1 | Jordan Leavitt | Submission (rear-naked choke) | UFC Fight Night: Allen vs. Craig | November 18, 2023 | 1 | 2:58 | Las Vegas, Nevada, United States | | | Win | 12–3–1 | Nick Fiore | Decision (unanimous) | UFC Fight Night: Dern vs. Hill | May 20, 2023 | 3 | 5:00 | Las Vegas, Nevada, United States | Return to Lightweight. | | Loss | 11–3–1 | Steve Garcia | TKO (punches) | UFC Fight Night: Kattar vs. Allen | October 29, 2022 | 1 | 1:32 | Las Vegas, Nevada, United States | | | Win | 11–2–1 | Felipe Colares | TKO (punches) | UFC Fight Night: Holm vs. Vieira | May 21, 2022 | 3 | 3:00 | Las Vegas, Nevada, United States | Performance of the Night. | | Loss | 10–2–1 | Steven Peterson | Decision (unanimous) | UFC 263 | June 12, 2021 | 3 | 5:00 | Glendale, Arizona, United States | Catchweight (148.5 lb) bout; Peterson missed weight. | | Win | 10–1–1 | Peter Barrett | Submission (heel hook) | UFC 256 | December 12, 2020 | 3 | 3:02 | Las Vegas, Nevada, United States | | | Loss | 9–1–1 | Alex Caceres | Decision (unanimous) | UFC 250 | June 6, 2020 | 3 | 5:00 | Las Vegas, Nevada, United States | | | Win | 9–0–1 | Daniel Teymur | TKO (elbows and punches) | UFC 245 | December 14, 2019 | 1 | 4:34 | Las Vegas, Nevada, United States | | | Win | 8–0–1 | Luis Gomez | Submission (rear-naked choke) | Titan FC 55 | June 28, 2019 | 1 | 3:31 | Fort Lauderdale, Florida, United States | Catchweight (147.8 lb) bout; Gomez missed weight. | | Win | 7–0–1 | Sky Moiseichik | TKO (punches) | Island Fights 54 | March 22, 2019 | 2 | 3:47 | Panama City Beach, Florida, United States | | | Draw | 6–0–1 | Lashawn Alcocks | Draw (split) | Cage Fury FC 71 | December 14, 2018 | 3 | 5:00 | Atlantic City, New Jersey, United States | | | Win | 6–0 | Canaan Kawaihae | Decision (unanimous) | Dana White's Contender Series 14 | July 24, 2018 | 3 | 5:00 | Las Vegas, Nevada, United States | Return to Featherweight. | | Win | 5–0 | Brett Malone | Submission (rear-naked choke) | Combat Games 61 | April 21, 2018 | 2 | 4:08 | Snoqualmie, Washington, United States | Won the COGA Lightweight Championship. | | Win | 4–0 | Drew Brokenshire | Decision (unanimous) | Dominate FC 1 | February 24, 2018 | 5 | 5:00 | Olympia, Washington, United States | Featherweight debut. Won the DFC Featherweight Championship. | | Win | 3–0 | Wyatt Gonzalez | Submission (triangle choke) | CageSport 49 | February 10, 2018 | 1 | 3:57 | Tacoma, Washington, United States | | | Win | 2–0 | Sean Soliz | TKO (punches) | CageSport 48 | December 16, 2017 | 1 | 3:01 | Tacoma, Washington, United States | | | Win | 1–0 | Edson Penado | Submission (rear-naked choke) | Rumble on the Ridge 40 | October 7, 2017 | 1 | 2:45 | Snoqualmie, Washington, United States | Lightweight debut. | Amateur mixed martial arts record [edit]| Amateur record breakdown | || | 5 matches | 5 wins | 0 losses | | By knockout | 1 | 0 | | By submission | 4 | 0 | | Res. | Record | Opponent | Method | Event | Date | Round | Time | Location | Notes | |---|---|---|---|---|---|---|---|---|---| | Win | 5–0 | Jorge Alcala | Submission (rear-naked choke) | Summer Showdown 4 | August 25, 2017 | 1 | 2:45 | Tulalip, Washington, United States | | | Win | 4–0 | Gurpal Sahota | Submission (guillotine choke) | Rumble on the Ridge 38 | May 20, 2017 | 1 | 0:53 | Snoqualmie, Washington, United States | Won the Rumble on the Ridge Amateur Featherweight Championship | | Win | 3–0 | Byron Fernandus Jr | Submission (guillotine choke) | Supreme Showdown 2 | February 17, 2017 | 1 | 0:26 | Quil Ceda Village, Washington, United States | | | Win | 2–0 | Luke Main | Submission (rear-naked choke) | Reign FC: MMA Fight Night | November 26, 2016 | 1 | 2:15 | Suquamish, Washington, United States | | | Win | 1–0 | Patrick Harris | TKO (punches) | Rumble on the Ridge 36 | October 1, 2016 | 1 | 2:10 | Snoqualmie, Washington, United States | Submission grappling record [edit]| 3 Matches, 1 Win, 2 losses | ||||||| | Result | Rec. | Opponent | Method | Event | Date | Location | | |---|---|---|---|---|---|---|---| | Loss | 1–2 | Aljamain Sterling | Decision (split) | ADXC 2 | 19 January 2024 | Abu Dhabi, United Arab Emirates | | | Win | 1–1 | Clay Guida | Submission (calf slicer) | Fury Pro Grappling 6 | 30 December 2022 | Philadelphia, Pennsylvania, United States | | | Loss | 0–1 | Renato Moicano | Decision (unanimous) | Fury Pro Grappling 3 | 30 December 2021 | Philadelphia, Pennsylvania, United States | See also [edit]External links [edit]References [edit]- ^ ""Chase Hooper | UFC"". tapology.com. Retrieved 2020-05-22. - ^ ""UFC Fighter Chase Hooper promoted to BJJ Black Belt"". BJJTribes.com. March 11, 2021. Retrieved April 17, 2021. - ^ ""Chase Hooper (""The Dream"") | MMA Fighter Page"". Tapology. Retrieved 2024-09-20. - ^ Hanson, Kevin (2018-08-09). ""Enumclaw's Hooper a rising star in world of MMA"". Courier-Herald. Retrieved 2020-05-22. - ^ ""Chase Hooper (""The Dream"") | MMA Fighter Page"". Tapology. Retrieved 2020-05-22. - ^ ""COGA 59: Rumble on the Ridge 40 | ESPN FightCenter"". ESPN. Retrieved 2020-05-22. - ^ a b c ""Pan Jiu-Jitsu IBJJF Championship 2016"" (PDF). IBJJF. April 1, 2016. Archived (PDF) from the original on 2016-03-27. Retrieved May 22, 2020. - ^ Doyle, Dave (2018-07-24). ""DWTNCS results: Nick Newell comes up short in UFC bid, loses to Alex Munoz"". MMA Fighting. Retrieved 2020-05-22. - ^ Torres, Joel (2019-08-31). ""UFC signs youngest fighter in company history, Chase Hooper to debut at UFC 245"". THE SCRAP. Retrieved 2020-05-22. - ^ ""Chase Hooper wins by TKO in UFC debut"". Courier-Herald. 2019-12-19. Retrieved 2020-05-22. - ^ ""Chase Hooper vs. Alex Caceres added to UFC 250"". MMA Junkie. 2020-05-22. Retrieved 2020-05-22. - ^ Nalan King (2020-06-06). ""UFC 250 results: Alex Caceres dominates Chase Hooper for unanimous decision victory"". MMA Junkie. Retrieved 2020-06-06. - ^ DNA, MMA (2020-10-26). ""Chase Hooper vs. Peter Barrett toegevoegd aan UFC 256 evenement in Las Vegas"". MMA DNA. Retrieved 2020-10-31. - ^ Jay Anderson (2020-12-12). ""UFC 256 Results: Chase Hooper Breaks Out Imanari Roll, Locks in Heel Hook on Peter Barrett"". MMA Junkie. Retrieved 2020-12-12. - ^ DNA, MMA (2021-04-27). ""Chase Hooper vs. Steven Peterson toegevoegd aan UFC 263 op 12 juni"". MMA DNA. Retrieved 2021-04-27. - ^ Alexander K. Lee (2021-06-11). ""UFC 263 weigh-in results: Deiveson Figueiredo makes weight at last minute for flyweight championship bout"". mmafighting.com. Retrieved 2021-06-11. - ^ Evanoff, Josh (2021-06-12). ""UFC 263 Results: Steven Peterson Dominates Chase Hooper"". Cageside Press. Retrieved 2021-06-13. - ^ Heck, Mike (2022-01-30). ""Chase Hooper vs. Felipe Colares set for May 21 UFC event"". MMA Fighting. Retrieved 2022-01-31. - ^ Heck, Mike (2022-05-21). ""UFC Vegas 55 video: Chase Hooper ends wild battle with strikes in the third round"". MMA Fighting. Retrieved 2022-05-22. - ^ a b Dan Hiergesell (2022-05-21). ""UFC Vegas 55 bonuses: Chase Hooper leads $50K winners for return TKO"". mmamania.com. Retrieved 2022-05-21. - ^ Nolan King (2022-08-03). ""UFC fights added to Oct. 29 event"". mmajunkie.com. Retrieved 2022-08-03. - ^ Theodosi, Jamie (2022-10-29). ""UFC Vegas 63: Steve Garcia Spoils the Party with First Round KO of Chase Hooper"". Cageside Press. Retrieved 2022-10-31. - ^ ""Chase Hooper vs. New England Cartel's Nick Fiore in the works for UFC Fight Night on May 20"". MMA Junkie. 2023-04-17. Retrieved 2023-05-11. - ^ Theodosi, Jamie (2023-05-20). ""UFC Vegas 73: Chase Hooper Puts A Stamp On His Lightweight Debut, Bests Nick Fiore"". Cageside Press. Retrieved 2023-05-21. - ^ Desk, ITN News (2023-08-17). ""Jordan Leavitt vs Chase Hooper Reported for UFC Vegas 82 Event"". www.itnwwe.com. Retrieved 2023-08-17. {{cite web}} :|last= has generic name (help) - ^ Anderson, Jay (2023-11-19). ""UFC Vegas 82: Chase Hooper Lands Slick Sub on Jordan Leavitt, Notches Second Straight Win"". Cageside Press. Retrieved 2023-11-19. - ^ ""UFC adds Viacheslav Borshchev vs. Chase Hooper for May"". MMA Junkie. 2024-03-02. Retrieved 2024-03-02. - ^ Dewar, Val (2024-05-11). ""UFC St. Louis: Chase Hooper Drops, Brutalizes, Chokes Out Viacheslav Borshchev"". Cageside Press. Retrieved 2024-05-11. - ^ Nolan King (2024-09-25). ""Hall of Famer Clay Guida books UFC fight No. 37 vs. Chase Hooper"". mmajunkie.usatoday.com. Retrieved 2024-09-25. - ^ Mike Bohn (2024-12-07). ""UFC 310 video: Chase Hooper submits Clay Guida, who sets record for most octagon losses"". mmajunkie.usatoday.com. Retrieved 2024-12-07. - ^ a b Dan Hiergesell (2024-12-08). ""Bonuses! Hooper, Luque bank $50K for impressive submission wins - UFC 310"". mmamania.com. Retrieved 2024-12-08. - ^ Nolan King and Farah Hannoun (2025-01-28). ""UFC 314 adds Chase Hooper vs. Jim Miller to lineup"". mmajunkie.usatoday.com. Retrieved 2025-01-28. - ^ Mathis Desjardins (2025-04-12). ""Chase Hooper Dominates Miller, Wins Unanimous Decision"". cagesidepress.com. Retrieved 2025-04-12. - ^ Wells, Matthew; King, Nolan. ""UFC 319 adds Alexander Hernandez vs. Chase Hooper lightweight matchup"". MMA Junkie. Retrieved 2025-06-05. - ^ ""Fury Pro Grappling 3 Full Results And Review"". Jitsmagazine. 31 December 2021. Retrieved 23 December 2023. - ^ Burne, Kathrine (31 December 2022). ""Watch Gillian Robertson Submit Rose Namajunas At Fury Pro Grappling 6"". Jitsmagazine. Retrieved 23 December 2023. - ^ ""Aljamain Sterling And Chase Hooper Headline The Grappling Main Event Of The ADXC 2"". Jitsmagazine. 23 December 2023. Retrieved 23 December 2023. - ^ ""ADXC 2 Full Results And Review"". Jitsmagazine. 20 January 2024. Retrieved 20 January 2024. - ^ ""UFC Lightweight Fights - All Stats"". UFC. May 20, 2023. Retrieved 2023-05-20. - ^ UFC Staff (2020-03-10). ""UFC Honors 2020 Fan's Choice Awards (have to copy data fast)"". ufc.com. Archived from the original on 2020-06-10. Retrieved 2025-01-13. - 1999 births - Living people - American male mixed martial artists - Featherweight mixed martial artists - Mixed martial artists utilizing Brazilian jiu-jitsu - People from Enumclaw, Washington - Sportspeople from King County, Washington - Ultimate Fighting Championship male fighters - American practitioners of Brazilian jiu-jitsu - People awarded a black belt in Brazilian jiu-jitsu - 21st-century American sportsmen",2019-11-11,https://en.wikipedia.org/wiki/Chase_Hooper
Chase Hooper vs Alexander Hernandez - 08/17/25 - DRatings.com,"Chase Hooper Alexander Hernandez Last Fights Money Line Analysis Implied Margin Using the best lines from multiple sportsbooks, this would be the % take from the consensus sportsbook if bets were even on each side. More on Implied MarginImplied Margin Using the best lines from multiple sportsbooks, this would be the % take from the consensus sportsbook if bets were even on each side. More on Implied Margin| Open Line | 5Dimes | Bovada | BetOnline | GTBets | SportsBetting | Best Line | No-Vig OddsUsing a market maker sportsbook, this is what the line would be if there was no vigorish (sportsbook fee) in the price. More on No-Vig Odds | | |---|---|---|---|---|---|---|---|---| | Chase Hooper | -275 | - | -400 | -425 | - | -425 | -400 | - | | Alexander Hernandez | +235 | - | +315 | +325 | - | +325 | +325 | - | | Open Line | South Point | Circa | Caesars | Stations | Westgate | Best Line | No-Vig OddsUsing a market maker sportsbook, this is what the line would be if there was no vigorish (sportsbook fee) in the price. More on No-Vig Odds | | |---|---|---|---|---|---|---|---|---| | Chase Hooper | -270 | -420 | -435 | - | -400 | -420 | -400 | - | | Alexander Hernandez | +230 | +335 | +350 | - | +300 | +350 | +350 | - | Overall Base Rating Our analytical projection of the match in relation to the implied probability to win from the sportsbooks. More on Base Rating Base Rating Our analytical projection of the match in relation to the implied probability to win from the sportsbooks. More on Base RatingBet Trends Doing an analysis on the betting data, we project which team has which team has an edge. More on Bet Trends Bet Trends Doing an analysis on the betting data, we project which team has which team has an edge. More on Bet TrendsLatest ML Steam Move A quick and uniform line move across every sportsbook. Usually caused by an injury or deep-pocketed sharp bettor. More on Steam Move Steam Move A quick and uniform line move across every sportsbook. Usually caused by an injury or deep-pocketed sharp bettor. More on Steam MoveOverall Base Rating Our analytical projection of the match in relation to the implied probability to win from the sportsbooks. More on Base Rating Base Rating Our analytical projection of the match in relation to the implied probability to win from the sportsbooks. More on Base RatingBet Trends Doing an analysis on the betting data, we project which team has which team has an edge. More on Bet Trends Bet Trends Doing an analysis on the betting data, we project which team has which team has an edge. More on Bet TrendsLatest ML Steam Move A quick and uniform line move across every sportsbook. Usually caused by an injury or deep-pocketed sharp bettor. More on Steam Move Steam Move A quick and uniform line move across every sportsbook. Usually caused by an injury or deep-pocketed sharp bettor. More on Steam Move",2021-02-26,https://staging.dratings.com/predictor/ufc-mma-predictions/e564fd6b-f9de-536b-8703-26e701b06ec3
Chase Hooper vs Alexander Hernandez UFC 319 Betting Prediction August 16,"Chase Hooper vs Alexander Hernandez UFC 319 Betting Prediction August 16 Chase Hooper vs Alexander Hernandez Betting Prediction UFC 319 Betting Prediction, August 16. Place a bet on this mixed martial arts event at YouWager.lv. Chase Hooper vs Alexander Hernandez UFC 319 Betting Prediction Now we have the Chase Hooper vs Alexander Hernandez UFC 319 Betting Prediction for both teams. With a record of 16-3-1, Chase “The Dream” Hooper is into this bout with a strong performance. The southpaw boxer, who is 25 years old and weighs 155 pounds, has a height of 6 feet and one inch and a reach of three feet and four inches. His opponent Alexander “The Great Ape” Hernandez is 5’9 “and tips the scales at 155 lbs. The orthodox fighter looks to add a win to his career total of 16-8-0. The 32-year-old extends his reach 72” . Alexander Hernandez is connecting on 4.38 important strikes per minute, while Chase Hooper is landing 4.53 significant strikes per minute. Both of these figures are significant strikes. The percentage of big strikes that Hooper lands is 51%, whereas Hernandez is only landing 40% of his attempts. When compared to “The Great Ape,” “The Dream” accepts 2.96 significant strikes per minute while “The Great Ape” takes 4.62. This is in terms of defense within the cage. In addition, Hooper is able to resist 38 percent of the significant strikes that his opponents hit him with, whereas Hernandez is able to block 57 percent of the blows that are launched at him. Chase Hooper is the superior wrestler when it comes to grappling for the simple reason that he is able to knock his opponents to the canvas 2.59 times every 15 minutes. It is 34% of the time that Hooper is successful in bringing his opponent to the mat, while he is successful in stopping 55% of all takedown attempts that are made against him. With 36% of his takedown attempts, Hernandez is successful in bringing his opponents to the canvas, and he is successful in preventing 71% of the takedowns that his opponents have tried. When it comes to going for the sub, Hooper is the more capable fighter because he attempts 2.2 subs every 15 minutes, whilst Hernandez only manages to successfully complete 0.1 subs every 15 minutes. The most recent bout that Chase Hooper participated in was against Jim Miller, and he prevailed over Miller by way of a unanimous decision in the third round. Within the course of that battle, Miller landed 22 of the 45 total strikes that he threw. As the night came to a close, Hooper had connected with 59 of a total of 94 strikes. In terms of key strikes, Miller ended up landing 13 out of 35, which resulted in a rate of 37% for him. In the end, he was successful in landing 11 of the 30 heavy blows that were directed at the head. In the end, Hooper was successful in landing 47% of his important strikes by sticking 21 of 44. This occurred on the other side of the Octagon floor. Out of those serious blows, he received thirteen out of thirty-four to the head. 53% of the significant strikes that Miller connected on were thrown at a distance, and 85% of the significant strikes that Hooper connected on were thrown at a distance. Alexander Hernandez had his final appearance in the Octagon, where he faced Kurt Holobaugh. He ultimately prevailed in the fight by way of a unanimous decision in the third round of the bout. In the end, Hernandez was successful in landing 76% of the significant strikes he attempted at a distance, whereas Holobaugh was successful in landing 88% of the significant strikes he attempted at a distance. Hernandez landed 59 of his 149 significant strikes, which is 39% of the total number of strikes he tried. Out of 117 serious blows to the head, he connected on 36 of them completely. Holobaugh was successful in striking out 71 of 171 major batters during that game. It turned out that he was successful in landing 39 of the 122 serious hits that were thrown at him to the head. In terms of the total number of strikes that were attempted during the bout, Holobaugh ended up connecting on 106 of 215 strikes, whereas Hernandez ended up landing 87 of 186 strikes out of the total number of strikes that he attempted. Edson Barboza will face off against Drakkar Klose in the next round, which is another match that fans can look forward to. Barboza is looking to add another victory to his entire career record of 24-12-0. The orthodox fighter, who is 39 years old and is 5 feet 11 inches tall, has a weight of 155 pounds and a reach of 75 inches that is measured. Klose measures 5’9 “and steps on the scale at 155 lbs. The orthodox fighter holds a career mark of 15-3-1. The 37-year-old has a wingspan of 70” . While Edson Barboza is averaging 0.45 takedowns per 15 minutes, Drakkar Klose is bringing his opponents to the canvas 1.65 times every 15 minutes. Both of these statistics pertain to the art of grappling. As far as striking is concerned, Barboza is delivering 4.11 strikes per minute and is successful in connecting on 44% of his attempted blows. Drakkar Klose, on the other hand, is performing exceptionally well, connecting on 55% of the strikes he has thrown and doing so at a rate of 4.33 per minute. The battle between Nursulton Ruziboev and Bryan Battle, which is scheduled to take place in the Octagon, is another fight that you absolutely must miss on the evening. With a record of 13-2-0 (1 NC), Battle will be seeking to add another victory to his collection. The thirty-year-old fighter weighs 185 pounds and measures six feet and one inch tall. The orthodox fighter reaches 77 inches. Ruziboev comes in at 6’5 “and records a weight of 185 lbs. The orthodox fighter holds a career mark of 36-9-2 (2 NC). The 31-year-old has a reach of 76” . As far as takedowns are concerned, Bryan Battle is successful in preventing 53 percent of the takedowns that his opponents attempt, and he is successful in finishing his takedown attempts 17 percent of the time they are attempted. 66% of the time, Ruziboev is successful in finishing his takedown attempts, and he is successful in stopping 33% of the takedowns that his opponents have attempted. In terms of striking, Battle is able to land 5.12 strikes per minute while taking 4.11 strikes per minute against him. In contrast, Ruziboev is receiving 2.89 strikes per minute and is delivering 2.59 strikes per minute. He is beating his opponent. Visit the Betting School and learn how to wager on the moneyline, spread, and total; on your favorite team or an undervalued underdog. Sign up with YouWager.lv now and get in the game with the best welcome bonus, click below:",2025-08-15,https://blog.youwager.lv/2025/08/15/chase-hooper-vs-alexander-hernandez-ufc-319-betting-prediction-august-16/
Chase Hooper: From Alexander Hernandez Rivalry to Future MMA Prospects,"Chase Hooper: From Alexander Hernandez Rivalry to Future MMA Prospects Introduction: The Rise of Chase Hooper Chase Hooper, a name quickly becoming synonymous with young talent and exciting grappling in mixed martial arts (MMA), has carved a unique path in the sport. From his early days as a prodigy on the regional scene to his current presence in the UFC, Hooper's journey is a testament to dedication, evolving skill sets, and a willingness to learn and adapt. This analysis delves into Hooper's career, focusing on his significant rivalry with Alexander Hernandez and projecting his potential future trajectory. Early Career and Regional Dominance Hooper's ascent to the UFC was rapid, fueled by a combination of impressive performances and a dedicated online following. Even before turning professional, videos showcasing his grappling prowess circulated widely, earning him attention and the moniker of a prodigy. He started his professional career at a young age, facing older, more experienced opponents on the regional circuit. These early fights, while not always flawless victories, provided invaluable experience and exposure. Key aspects of Hooper's early career include: - **Young Age Debut:** Turning professional at a remarkably young age, Hooper gained significant experience early on. - **Grappling-Focused Style:** His early fights showcased a strong emphasis on submissions and ground control. - **Building a Following:** His engaging personality and impressive skills fostered a dedicated fanbase from the outset. The regional scene served as a crucial proving ground, allowing Hooper to hone his skills and develop a more well-rounded game before stepping onto the biggest stage in MMA. The Alexander Hernandez Rivalry: A Defining Moment The fight against Alexander Hernandez at UFC Fight Night: Font vs. Vera in April 2023 stands as a critical moment in Chase Hooper's career. Hernandez, a seasoned veteran known for his striking and aggressive style, presented a significant test for the young Hooper. This fight was more than just another bout; it represented a clash of styles, experience levels, and career trajectories. Pre-Fight Expectations and Analysis Leading up to the fight, many analysts considered Hernandez a heavy favorite. His striking power and experience were seen as significant advantages. However, Hooper's grappling skills were acknowledged as a potential equalizer. The prevailing narrative suggested that if Hooper could weather the early storm and take the fight to the ground, he would have a path to victory. Conversely, if Hernandez could keep the fight standing and utilize his striking, he was likely to secure a finish. The Fight Breakdown The fight unfolded largely as predicted. Hernandez came out aggressively, landing significant strikes in the opening rounds. Hooper absorbed considerable damage but remained composed and resilient. His ability to withstand Hernandez's initial onslaught was crucial. As the fight progressed, Hooper began to implement his grappling game, securing takedowns and working for submissions. The turning point came when Hooper locked in an arm-triangle choke, forcing Hernandez to tap out in the third round. This victory was not just a win; it was a statement. Analyzing the Keys to Victory Several factors contributed to Hooper's victory over Hernandez: - **Resilience and Chin:** Hooper demonstrated remarkable resilience, absorbing significant strikes without being deterred. - **Grappling Prowess:** His ability to secure takedowns and transition into advantageous positions on the ground proved decisive. - **Submission Skills:** The arm-triangle choke showcased his refined submission skills and ability to capitalize on opportunities. - **Game Plan Execution:** Hooper and his team clearly had a well-defined game plan, which they executed effectively despite facing adversity. Impact on Hooper's Career Trajectory The victory over Hernandez significantly boosted Hooper's stock in the UFC. It demonstrated his ability to overcome adversity, execute a game plan against a dangerous opponent, and secure a meaningful victory. It also silenced many doubters who questioned his ability to compete against established veterans. This win served as a springboard, opening doors to higher-profile fights and greater opportunities. Strengths and Weaknesses: A Detailed Assessment To accurately project Hooper's future prospects, it is essential to conduct a thorough assessment of his strengths and weaknesses. This analysis will provide a foundation for understanding his potential for growth and the areas where he needs to improve. Strengths - **Exceptional Grappling:** Hooper's grappling is undoubtedly his greatest strength. His submission skills, takedown ability, and ground control are all exceptionally high. He is particularly adept at utilizing various chokes and leg locks. - **Submission Variety:** Hooper displays a wide array of submission techniques, making him difficult to predict and prepare for on the ground. - **Resilience:** As demonstrated in the Hernandez fight, Hooper possesses remarkable resilience and the ability to withstand punishment. - **Cardio:** Hooper's cardiovascular conditioning is consistently strong, allowing him to maintain a high pace throughout his fights. - **Adaptability:** He has shown the ability to adapt his game plan mid-fight, adjusting to his opponent's strengths and weaknesses. - **Youth and Potential:** At a relatively young age, Hooper has significant room for improvement and development. - **Aggressive Style:** His willingness to engage and pursue finishes makes him an exciting fighter to watch. Weaknesses - **Striking Defense:** Hooper's striking defense is an area that needs improvement. He has shown a tendency to absorb too much damage on the feet. - **Striking Power:** While his striking has improved, Hooper is not known for possessing significant knockout power. - **Takedown Defense:** While his grappling is strong, his takedown defense can be vulnerable at times. - **Decision Making Under Pressure:** In some fights, Hooper's decision-making under pressure has been questionable. - **Sometimes Starts Slow:** Occasionally, Hooper starts slow and allows his opponent to dictate the pace of the fight early on. Areas for Improvement and Future Development Based on the identified strengths and weaknesses, specific areas for improvement can be targeted to enhance Hooper's overall game and increase his chances of success in the UFC. These areas include: - **Striking Defense:** Focusing on head movement, footwork, and blocking techniques to minimize damage taken on the feet. - **Striking Power:** Developing more power in his strikes through improved technique and strength training. - **Takedown Defense:** Enhancing his takedown defense through drills and specialized training to prevent opponents from taking him down. - **Fight IQ and Decision Making:** Improving his fight IQ and decision-making through film study, sparring, and working with experienced coaches. - **Early Fight Aggression:** Developing a strategy to start fights more aggressively and dictate the pace from the outset. Addressing these areas will require a dedicated training regimen, incorporating elements of striking, wrestling, and grappling. Working with a skilled coaching team is essential to ensure that the training is effective and tailored to Hooper's specific needs. Potential Matchups and Future Opponents Considering Hooper's current standing in the UFC and his skill set, several potential matchups could prove to be exciting and beneficial for his career. These potential opponents represent a range of styles and experience levels, providing opportunities for Hooper to test his skills and continue to climb the rankings. - **Grant Dawson:** A high-level wrestler with a strong grappling game, Dawson would present a fascinating clash of styles with Hooper. This fight would test Hooper's takedown defense and ability to impose his grappling game against a skilled wrestler. - **Dan Hooker:** Hooker, known for his aggressive striking and toughness, would be a stand-up war for Hooper. This fight would test Hooper's striking defense and his ability to withstand punishment. - **Nasrat Haqparast:** Haqparast, a powerful striker with a developing grappling game, would provide a well-rounded test for Hooper. This fight would test Hooper's ability to mix his striking and grappling and control the pace of the fight. - **Drew Dober:** Dober is a veteran with a high finishing rate, known for his exciting striking and grappling. These are just a few examples, and the specific matchups will depend on various factors, including the UFC's matchmaking decisions, the availability of opponents, and Hooper's own preferences. However, these potential opponents represent the type of challenges that Hooper will need to overcome to advance in the division. Projecting Future Success: Long-Term Potential Evaluating Hooper's long-term potential requires considering his age, skill set, work ethic, and the evolving landscape of the UFC. While predicting the future in MMA is inherently difficult, several factors suggest that Hooper has the potential to achieve significant success in the sport. Factors Supporting Future Success - **Youth and Development:** Hooper's young age provides him with ample time to continue developing his skills and evolving as a fighter. - **Dedication and Work Ethic:** His commitment to training and his willingness to learn and adapt are crucial for long-term success. - **Strong Grappling Base:** His exceptional grappling skills provide a solid foundation for his MMA game. - **Growing Fanbase:** His dedicated fanbase provides him with support and motivation. - **Adaptability:** Showing the ability to adjust his game plan mid-fight, adjusting to his opponent's strengths and weaknesses. Potential Challenges and Obstacles - **Competition in the UFC:** The UFC is the highest level of competition in MMA, and Hooper will face increasingly skilled and experienced opponents. - **Injuries:** The risk of injuries is always present in MMA, and injuries can derail a fighter's career. - **Maintaining Motivation:** Staying motivated and focused throughout a long career can be challenging. - **Evolving Game:** The sport of MMA is constantly evolving, and Hooper will need to adapt his game to stay ahead of the competition. Realistic Expectations While Hooper has the potential to achieve significant success, it is important to maintain realistic expectations. Becoming a champion in the UFC is an extremely difficult feat, and only a small percentage of fighters ever reach that level. However, with continued hard work, dedication, and smart decision-making, Hooper has the potential to become a top contender and a perennial presence in the upper echelons of the division. It’s also realistic to see him become a consistent top 15 ranked fighter. Given the depth of talent at lightweight, this would still be considered a major achievement for someone so young. Conclusion: A Promising Future Chase Hooper's journey in MMA has been marked by rapid progress, significant victories, and a relentless pursuit of improvement. His win over Alexander Hernandez served as a pivotal moment, showcasing his resilience, grappling prowess, and ability to execute a game plan against a dangerous opponent. While he still has areas to improve upon, his youth, dedication, and exceptional grappling skills suggest a promising future in the sport. As he continues to develop and refine his game, Hooper has the potential to become a top contender in the UFC and a significant force in the lightweight division. His journey is one of dedication, growth, and potential, and it will be fascinating to watch his career unfold.",2025-08-16,https://www.simpleaboutthings.com/articles/sports/chase-hooper-from-alexander-hernandez-rivalry-to-future-mma-prospects
"UFC 319 full card results, schedule for Dricus du Plessis vs. Khamzat Chimaev | Sporting News India","Who will walk out of the United Center on August 16 as the UFC middleweight champion? At UFC 319, Dricus du Plessis defends his title against Khamzat Chimaev. The unorthodox du Plessis (23-2) has had some of MMA’s best stumped when competing against him, from Israel Adesanya to Robert Whittaker. He rushes in, has intense cardio, and possesses a unique fighting style. Winner of eleven straight fights, du Plessis looks to add the dangerous Chimaev to his list. Chimaev (14-0) is known for smothering his opponents in the opening round and finishing them quickly. A freestyle wrestling champion, “Borz” has only fought out of the first round three times in his UFC career. Can his intense style result in gold around his waist? UFC 319 will also see the octagon debut of Aaron Pico (13-4), a multi-time wrestling champion and former top prospect for Bellator. The 28-year-old faces Lerone Murphy (16-0-1), ranked sixth in the UFC's featherweight rankings. Speaking of Bellator, former contender Michael ""Venom"" Page (23-3) looks to win two straight against Jared Cannonier (18-8), 2-2 in his last four fights. Baysangur Susurkaev (9-0) competes in a fight days after earning a contract. Meanwhile, a surging Chase Hooper (16-3-1) faces Alexander Hernandez (16-8), while Bryan Battle (12-2, 1 NC) looks to continue to entertain against Nursulton Ruziboev (36-9-2, 1 NC). The Sporting News will provide results from the entire UFC 319 fight card. UFC 319 full card results Main Card - Dricus du Plessis (c) vs. Khamzat Chimaev for the UFC middleweight title - Lerone Murphy vs. Aaron Pico; Featherweights - Geoff Neal vs. Carlos Prates; Welterweights - Jared Cannonier vs. Michael ""Venom"" Page; Middleweights - Tim Elliott vs. Kai Asakura; Flyweights Prelims - Gerald Meerschaert vs. Michal Oleksiejczuk; Middleweights - Baysangur Susurkaev vs. Eric Nolan; Middleweights - Jessica Andrade vs. Loopy Godinez; Strawweights - Chase Hooper vs. Alexander Hernandez; Lightweights Early Prelims - Edson Barboza vs. Drakkar Klose; Lightweights - Karine Silva vs. Dione Barbosa; Flyweights - Alibi Idiris vs. Joseph Morales; Flyweights Where to watch UFC 319 prelims - Live stream: Disney+ The UFC 319 preliminaries, starting at 8 p.m. ET, will be available on Disney+. The early preliminaries at 6:30 p.m. ET will also be available via Disney+. Where to watch UFC 319 The UFC 319 main card is available via pay-per-view on ESPN+. The PPV price for UFC 319 is $79.99 for current subscribers. In Australia, the event will air on Kayo. UFC 319 start time - Date: Saturday, August 16 - Time: 10 p.m. ET (8 p.m. ET for prelims) | 7 p.m. PT | 3 a.m. BST | 12 p.m. AEST - Location: United Center - Chicago, Illinois UFC 319 is in the United Center in Chicago, Illinois on August 16. The early prelims start at 6:30 p.m. ET, while the prelims are at 8 p.m. ET. The main card starts at 10 p.m. ET, and du Plessis and Chimaev should make their way to the octagon around 12:30 a.m. ET, depending on how long the undercard fights last.",2025-08-16,https://www.sportingnews.com/in/mma/news/ufc-319-full-card-results-dricus-du-plessis-vs-khamzat-chimaev/d74ff6f84c472cd03c32347a
TFF-17 Redemption: Week 1 Picks,skullcracker4hire Well Liked OG Bantamweight I was the inaugural J1 champion. The events were random as f---Back in the day we had two different minor leagues. JEC and J1 and both had strong turnouts esp jec. J1 had good numbers too considering it was sometimes the most random events. Those were my favorite leagues for awhile. I miss how many people we used to get for all events.,2025-08-13,https://forum.mmajunkie.com/threads/tff-17-redemption-week-1-picks.75701/page-3
Chase Hooper - Wikipedia,"Chase Hooper | Chase Hooper | ||||||||||||||| |---|---|---|---|---|---|---|---|---|---|---|---|---|---|---|---| | Born | Chase Alan Hooper September 13, 1999 Enumclaw, Washington, U.S. | |||||||||||||| | Other names | The Dream | |||||||||||||| | Height | 6 ft 1 in (185 cm) | |||||||||||||| | Weight | 155 lb (70 kg; 11 st 1 lb) | |||||||||||||| | Division | Lightweight (2017–2018, 2023–present) Featherweight (2018–2022) | |||||||||||||| | Reach | 75.5 in (192 cm)[1] | |||||||||||||| | Fighting out of | Enumclaw, Washington, U.S. | |||||||||||||| | Team | Combat Sport & Fitness | |||||||||||||| | Rank | Black belt in Brazilian Jiu-Jitsu[2] | |||||||||||||| | Years active | 2017–present | |||||||||||||| | Mixed martial arts record | ||||||||||||||| | Total | 20 | |||||||||||||| | Wins | 16 | |||||||||||||| | By knockout | 4 | |||||||||||||| | By submission | 8 | |||||||||||||| | By decision | 4 | |||||||||||||| | Losses | 3 | |||||||||||||| | By knockout | 1 | |||||||||||||| | By decision | 2 | |||||||||||||| | Draws | 1 | |||||||||||||| | Amateur record | ||||||||||||||| | Total | 5 | |||||||||||||| | Wins | 5 | |||||||||||||| | By knockout | 1 | |||||||||||||| | By submission | 4 | |||||||||||||| | Other information | ||||||||||||||| | Mixed martial arts record from Sherdog | ||||||||||||||| Medal record | Chase Alan Hooper[3] (born September 13, 1999) is an American mixed martial artist. He currently competes in the Lightweight division of the Ultimate Fighting Championship (UFC). Mixed martial arts career [edit]Hooper began his amateur MMA career while he was still attending Enumclaw High School.[4] On the regional circuit of Washington, Hooper compiled an undefeated 5–0 record with four stoppage wins[5] before making his professional debut on October 7, 2017, against Edson Penado. Hooper won the fight via rear-naked choke submission in the first round[6] utilizing his heavy skills in Brazilian jiu-jitsu, in which he's a juvenile Pan American champion as a blue belt.[7] Dana White's Contender Series [edit]Hooper competed at Dana White's Contender Series 14 against Canaan Kawaihae. He won the fight via unanimous decision and was awarded a development league contract.[8] He competed in three more fights (winning two of them and the other one ending in a draw) in notable minor promotions such as CFFC and Titan FC before being signed by the UFC.[9] Ultimate Fighting Championships [edit]Hooper made his promotional debut against Daniel Teymur on December 14, 2019, at UFC 245. He won the fight via technical knockout in the first round.[10] Hooper faced Alex Caceres on June 6, 2020, at UFC 250.[11] He lost the fight via unanimous decision, marking his first professional defeat.[12] Hooper faced Peter Barrett at UFC 256 on December 12, 2020.[13] He earned a comeback win in the third round via heel hook submission.[14] Hooper faced Steven Peterson on June 12, 2021, at UFC 263.[15] At the weigh-ins, Peterson weighed in at 148.5 pounds, two and a half pounds over the featherweight non-title fight limit. The bout proceeded at catchweight and he was fined 20% of his purse, which went to Hooper.[16] Hooper lost the fight via unanimous decision.[17] Hooper faced Felipe Colares on May 21, 2022, at UFC Fight Night 206.[18] He won the fight via technical knockout in round three.[19] This win earned him the Performance of the Night award.[20] Hooper faced Steve Garcia on October 29, 2022, at UFC Fight Night 213.[21] He lost the fight via TKO in the first round.[22] Hooper faced Nick Fiore on May 20, 2023, at UFC Fight Night 223.[23] He won the fight via unanimous decision.[24] Hooper faced Jordan Leavitt on November 18, 2023 at UFC Fight Night 232.[25] He won the fight via a rear-naked choke submission in the first round.[26] Hooper faced Viacheslav Borshchev on May 11, 2024, at UFC on ESPN 56.[27] After knocking down Borshchev in the first round, Hooper won the fight via Brabo choke submission in the second round.[28] Hooper faced former Strikeforce Lightweight Champion Clay Guida on December 7, 2024 at UFC 310.[29] He won the fight via an armbar submission in the first round.[30] This fight earned him another Performance of the Night award.[31] Hooper faced Jim Miller on April 12, 2025 at UFC 314.[32] He won the fight by unanimous decision.[33] Hooper is scheduled to face Alexander Hernandez on August 16, 2025, at UFC 319.[34] Professional grappling career [edit]Hooper competed against Renato Moicano at Fury Pro Grappling 3 on December 30, 2021 and lost the match by unanimous decision.[35] Hooper competed against Clay Guida at Fury Pro Grappling 6 on December 30, 2022, submitting Guida with a calf-slicer.[36] Hooper competed against Aljamain Sterling in the main event of ADXC 2 on January 19, 2024.[37] He lost the match by split decision.[38] Championships and accomplishments [edit]Mixed martial arts [edit]- Ultimate Fighting Championship - Performance of the Night (Two times) vs. Felipe Colares and Clay Guida[20][31] - Fourth most total strikes landed in a bout in UFC Lightweight division history (217 vs. Nick Fiore)[39] - UFC Honors Awards - 2020: Fan's Choice Comeback of the Year Nominee vs. Peter Barrett[40] - Dominate Fighting Championships - Dominate FC Featherweight Championship (One time) - Rumble on the Ridge - Rumble on the Ridge Amateur Featherweight Championship (One time) Brazilian Jiu-jitsu [edit]Mixed martial arts record [edit]| 20 matches | 16 wins | 3 losses | | By knockout | 4 | 1 | | By submission | 8 | 0 | | By decision | 4 | 2 | | Draws | 1 | | Res. | Record | Opponent | Method | Event | Date | Round | Time | Location | Notes | |---|---|---|---|---|---|---|---|---|---| | Win | 16–3–1 | Jim Miller | Decision (unanimous) | UFC 314 | April 12, 2025 | 3 | 5:00 | Miami, Florida, United States | | | Win | 15–3–1 | Clay Guida | Submission (armbar) | UFC 310 | December 7, 2024 | 1 | 3:41 | Las Vegas, Nevada, United States | Performance of the Night. | | Win | 14–3–1 | Viacheslav Borshchev | Submission (brabo choke) | UFC on ESPN: Lewis vs. Nascimento | May 11, 2024 | 2 | 3:00 | St. Louis, Missouri, United States | | | Win | 13–3–1 | Jordan Leavitt | Submission (rear-naked choke) | UFC Fight Night: Allen vs. Craig | November 18, 2023 | 1 | 2:58 | Las Vegas, Nevada, United States | | | Win | 12–3–1 | Nick Fiore | Decision (unanimous) | UFC Fight Night: Dern vs. Hill | May 20, 2023 | 3 | 5:00 | Las Vegas, Nevada, United States | Return to Lightweight. | | Loss | 11–3–1 | Steve Garcia | TKO (punches) | UFC Fight Night: Kattar vs. Allen | October 29, 2022 | 1 | 1:32 | Las Vegas, Nevada, United States | | | Win | 11–2–1 | Felipe Colares | TKO (punches) | UFC Fight Night: Holm vs. Vieira | May 21, 2022 | 3 | 3:00 | Las Vegas, Nevada, United States | Performance of the Night. | | Loss | 10–2–1 | Steven Peterson | Decision (unanimous) | UFC 263 | June 12, 2021 | 3 | 5:00 | Glendale, Arizona, United States | Catchweight (148.5 lb) bout; Peterson missed weight. | | Win | 10–1–1 | Peter Barrett | Submission (heel hook) | UFC 256 | December 12, 2020 | 3 | 3:02 | Las Vegas, Nevada, United States | | | Loss | 9–1–1 | Alex Caceres | Decision (unanimous) | UFC 250 | June 6, 2020 | 3 | 5:00 | Las Vegas, Nevada, United States | | | Win | 9–0–1 | Daniel Teymur | TKO (elbows and punches) | UFC 245 | December 14, 2019 | 1 | 4:34 | Las Vegas, Nevada, United States | | | Win | 8–0–1 | Luis Gomez | Submission (rear-naked choke) | Titan FC 55 | June 28, 2019 | 1 | 3:31 | Fort Lauderdale, Florida, United States | Catchweight (147.8 lb) bout; Gomez missed weight. | | Win | 7–0–1 | Sky Moiseichik | TKO (punches) | Island Fights 54 | March 22, 2019 | 2 | 3:47 | Panama City Beach, Florida, United States | | | Draw | 6–0–1 | Lashawn Alcocks | Draw (split) | Cage Fury FC 71 | December 14, 2018 | 3 | 5:00 | Atlantic City, New Jersey, United States | | | Win | 6–0 | Canaan Kawaihae | Decision (unanimous) | Dana White's Contender Series 14 | July 24, 2018 | 3 | 5:00 | Las Vegas, Nevada, United States | Return to Featherweight. | | Win | 5–0 | Brett Malone | Submission (rear-naked choke) | Combat Games 61 | April 21, 2018 | 2 | 4:08 | Snoqualmie, Washington, United States | Won the COGA Lightweight Championship. | | Win | 4–0 | Drew Brokenshire | Decision (unanimous) | Dominate FC 1 | February 24, 2018 | 5 | 5:00 | Olympia, Washington, United States | Featherweight debut. Won the DFC Featherweight Championship. | | Win | 3–0 | Wyatt Gonzalez | Submission (triangle choke) | CageSport 49 | February 10, 2018 | 1 | 3:57 | Tacoma, Washington, United States | | | Win | 2–0 | Sean Soliz | TKO (punches) | CageSport 48 | December 16, 2017 | 1 | 3:01 | Tacoma, Washington, United States | | | Win | 1–0 | Edson Penado | Submission (rear-naked choke) | Rumble on the Ridge 40 | October 7, 2017 | 1 | 2:45 | Snoqualmie, Washington, United States | Lightweight debut. | Amateur mixed martial arts record [edit]| Amateur record breakdown | || | 5 matches | 5 wins | 0 losses | | By knockout | 1 | 0 | | By submission | 4 | 0 | | Res. | Record | Opponent | Method | Event | Date | Round | Time | Location | Notes | |---|---|---|---|---|---|---|---|---|---| | Win | 5–0 | Jorge Alcala | Submission (rear-naked choke) | Summer Showdown 4 | August 25, 2017 | 1 | 2:45 | Tulalip, Washington, United States | | | Win | 4–0 | Gurpal Sahota | Submission (guillotine choke) | Rumble on the Ridge 38 | May 20, 2017 | 1 | 0:53 | Snoqualmie, Washington, United States | Won the Rumble on the Ridge Amateur Featherweight Championship | | Win | 3–0 | Byron Fernandus Jr | Submission (guillotine choke) | Supreme Showdown 2 | February 17, 2017 | 1 | 0:26 | Quil Ceda Village, Washington, United States | | | Win | 2–0 | Luke Main | Submission (rear-naked choke) | Reign FC: MMA Fight Night | November 26, 2016 | 1 | 2:15 | Suquamish, Washington, United States | | | Win | 1–0 | Patrick Harris | TKO (punches) | Rumble on the Ridge 36 | October 1, 2016 | 1 | 2:10 | Snoqualmie, Washington, United States | Submission grappling record [edit]| 3 Matches, 1 Win, 2 losses | ||||||| | Result | Rec. | Opponent | Method | Event | Date | Location | | |---|---|---|---|---|---|---|---| | Loss | 1–2 | Aljamain Sterling | Decision (split) | ADXC 2 | 19 January 2024 | Abu Dhabi, United Arab Emirates | | | Win | 1–1 | Clay Guida | Submission (calf slicer) | Fury Pro Grappling 6 | 30 December 2022 | Philadelphia, Pennsylvania, United States | | | Loss | 0–1 | Renato Moicano | Decision (unanimous) | Fury Pro Grappling 3 | 30 December 2021 | Philadelphia, Pennsylvania, United States | See also [edit]External links [edit]References [edit]- ^ ""Chase Hooper | UFC"". tapology.com. Retrieved 2020-05-22. - ^ ""UFC Fighter Chase Hooper promoted to BJJ Black Belt"". BJJTribes.com. March 11, 2021. Retrieved April 17, 2021. - ^ ""Chase Hooper (""The Dream"") | MMA Fighter Page"". Tapology. Retrieved 2024-09-20. - ^ Hanson, Kevin (2018-08-09). ""Enumclaw's Hooper a rising star in world of MMA"". Courier-Herald. Retrieved 2020-05-22. - ^ ""Chase Hooper (""The Dream"") | MMA Fighter Page"". Tapology. Retrieved 2020-05-22. - ^ ""COGA 59: Rumble on the Ridge 40 | ESPN FightCenter"". ESPN. Retrieved 2020-05-22. - ^ a b c ""Pan Jiu-Jitsu IBJJF Championship 2016"" (PDF). IBJJF. April 1, 2016. Archived (PDF) from the original on 2016-03-27. Retrieved May 22, 2020. - ^ Doyle, Dave (2018-07-24). ""DWTNCS results: Nick Newell comes up short in UFC bid, loses to Alex Munoz"". MMA Fighting. Retrieved 2020-05-22. - ^ Torres, Joel (2019-08-31). ""UFC signs youngest fighter in company history, Chase Hooper to debut at UFC 245"". THE SCRAP. Retrieved 2020-05-22. - ^ ""Chase Hooper wins by TKO in UFC debut"". Courier-Herald. 2019-12-19. Retrieved 2020-05-22. - ^ ""Chase Hooper vs. Alex Caceres added to UFC 250"". MMA Junkie. 2020-05-22. Retrieved 2020-05-22. - ^ Nalan King (2020-06-06). ""UFC 250 results: Alex Caceres dominates Chase Hooper for unanimous decision victory"". MMA Junkie. Retrieved 2020-06-06. - ^ DNA, MMA (2020-10-26). ""Chase Hooper vs. Peter Barrett toegevoegd aan UFC 256 evenement in Las Vegas"". MMA DNA. Retrieved 2020-10-31. - ^ Jay Anderson (2020-12-12). ""UFC 256 Results: Chase Hooper Breaks Out Imanari Roll, Locks in Heel Hook on Peter Barrett"". MMA Junkie. Retrieved 2020-12-12. - ^ DNA, MMA (2021-04-27). ""Chase Hooper vs. Steven Peterson toegevoegd aan UFC 263 op 12 juni"". MMA DNA. Retrieved 2021-04-27. - ^ Alexander K. Lee (2021-06-11). ""UFC 263 weigh-in results: Deiveson Figueiredo makes weight at last minute for flyweight championship bout"". mmafighting.com. Retrieved 2021-06-11. - ^ Evanoff, Josh (2021-06-12). ""UFC 263 Results: Steven Peterson Dominates Chase Hooper"". Cageside Press. Retrieved 2021-06-13. - ^ Heck, Mike (2022-01-30). ""Chase Hooper vs. Felipe Colares set for May 21 UFC event"". MMA Fighting. Retrieved 2022-01-31. - ^ Heck, Mike (2022-05-21). ""UFC Vegas 55 video: Chase Hooper ends wild battle with strikes in the third round"". MMA Fighting. Retrieved 2022-05-22. - ^ a b Dan Hiergesell (2022-05-21). ""UFC Vegas 55 bonuses: Chase Hooper leads $50K winners for return TKO"". mmamania.com. Retrieved 2022-05-21. - ^ Nolan King (2022-08-03). ""UFC fights added to Oct. 29 event"". mmajunkie.com. Retrieved 2022-08-03. - ^ Theodosi, Jamie (2022-10-29). ""UFC Vegas 63: Steve Garcia Spoils the Party with First Round KO of Chase Hooper"". Cageside Press. Retrieved 2022-10-31. - ^ ""Chase Hooper vs. New England Cartel's Nick Fiore in the works for UFC Fight Night on May 20"". MMA Junkie. 2023-04-17. Retrieved 2023-05-11. - ^ Theodosi, Jamie (2023-05-20). ""UFC Vegas 73: Chase Hooper Puts A Stamp On His Lightweight Debut, Bests Nick Fiore"". Cageside Press. Retrieved 2023-05-21. - ^ Desk, ITN News (2023-08-17). ""Jordan Leavitt vs Chase Hooper Reported for UFC Vegas 82 Event"". www.itnwwe.com. Retrieved 2023-08-17. {{cite web}} :|last= has generic name (help) - ^ Anderson, Jay (2023-11-19). ""UFC Vegas 82: Chase Hooper Lands Slick Sub on Jordan Leavitt, Notches Second Straight Win"". Cageside Press. Retrieved 2023-11-19. - ^ ""UFC adds Viacheslav Borshchev vs. Chase Hooper for May"". MMA Junkie. 2024-03-02. Retrieved 2024-03-02. - ^ Dewar, Val (2024-05-11). ""UFC St. Louis: Chase Hooper Drops, Brutalizes, Chokes Out Viacheslav Borshchev"". Cageside Press. Retrieved 2024-05-11. - ^ Nolan King (2024-09-25). ""Hall of Famer Clay Guida books UFC fight No. 37 vs. Chase Hooper"". mmajunkie.usatoday.com. Retrieved 2024-09-25. - ^ Mike Bohn (2024-12-07). ""UFC 310 video: Chase Hooper submits Clay Guida, who sets record for most octagon losses"". mmajunkie.usatoday.com. Retrieved 2024-12-07. - ^ a b Dan Hiergesell (2024-12-08). ""Bonuses! Hooper, Luque bank $50K for impressive submission wins - UFC 310"". mmamania.com. Retrieved 2024-12-08. - ^ Nolan King and Farah Hannoun (2025-01-28). ""UFC 314 adds Chase Hooper vs. Jim Miller to lineup"". mmajunkie.usatoday.com. Retrieved 2025-01-28. - ^ Mathis Desjardins (2025-04-12). ""Chase Hooper Dominates Miller, Wins Unanimous Decision"". cagesidepress.com. Retrieved 2025-04-12. - ^ Wells, Matthew; King, Nolan. ""UFC 319 adds Alexander Hernandez vs. Chase Hooper lightweight matchup"". MMA Junkie. Retrieved 2025-06-05. - ^ ""Fury Pro Grappling 3 Full Results And Review"". Jitsmagazine. 31 December 2021. Retrieved 23 December 2023. - ^ Burne, Kathrine (31 December 2022). ""Watch Gillian Robertson Submit Rose Namajunas At Fury Pro Grappling 6"". Jitsmagazine. Retrieved 23 December 2023. - ^ ""Aljamain Sterling And Chase Hooper Headline The Grappling Main Event Of The ADXC 2"". Jitsmagazine. 23 December 2023. Retrieved 23 December 2023. - ^ ""ADXC 2 Full Results And Review"". Jitsmagazine. 20 January 2024. Retrieved 20 January 2024. - ^ ""UFC Lightweight Fights - All Stats"". UFC. May 20, 2023. Retrieved 2023-05-20. - ^ UFC Staff (2020-03-10). ""UFC Honors 2020 Fan's Choice Awards (have to copy data fast)"". ufc.com. Archived from the original on 2020-06-10. Retrieved 2025-01-13. - 1999 births - Living people - American male mixed martial artists - Featherweight mixed martial artists - Mixed martial artists utilizing Brazilian jiu-jitsu - People from Enumclaw, Washington - Sportspeople from King County, Washington - Ultimate Fighting Championship male fighters - American practitioners of Brazilian jiu-jitsu - People awarded a black belt in Brazilian jiu-jitsu - 21st-century American sportsmen",2019-11-11,https://en.wikipedia.org/wiki/Chase_Hooper
Chase Hooper vs Alexander Hernandez - 08/17/25 - DRatings.com,"Chase Hooper Alexander Hernandez Last Fights Money Line Analysis Implied Margin Using the best lines from multiple sportsbooks, this would be the % take from the consensus sportsbook if bets were even on each side. More on Implied MarginImplied Margin Using the best lines from multiple sportsbooks, this would be the % take from the consensus sportsbook if bets were even on each side. More on Implied Margin| Open Line | 5Dimes | Bovada | BetOnline | GTBets | SportsBetting | Best Line | No-Vig OddsUsing a market maker sportsbook, this is what the line would be if there was no vigorish (sportsbook fee) in the price. More on No-Vig Odds | | |---|---|---|---|---|---|---|---|---| | Chase Hooper | -275 | - | -400 | -425 | - | -425 | -400 | - | | Alexander Hernandez | +235 | - | +315 | +325 | - | +325 | +325 | - | | Open Line | South Point | Circa | Caesars | Stations | Westgate | Best Line | No-Vig OddsUsing a market maker sportsbook, this is what the line would be if there was no vigorish (sportsbook fee) in the price. More on No-Vig Odds | | |---|---|---|---|---|---|---|---|---| | Chase Hooper | -270 | -420 | -435 | - | -400 | -420 | -400 | - | | Alexander Hernandez | +230 | +335 | +350 | - | +300 | +350 | +350 | - | Overall Base Rating Our analytical projection of the match in relation to the implied probability to win from the sportsbooks. More on Base Rating Base Rating Our analytical projection of the match in relation to the implied probability to win from the sportsbooks. More on Base RatingBet Trends Doing an analysis on the betting data, we project which team has which team has an edge. More on Bet Trends Bet Trends Doing an analysis on the betting data, we project which team has which team has an edge. More on Bet TrendsLatest ML Steam Move A quick and uniform line move across every sportsbook. Usually caused by an injury or deep-pocketed sharp bettor. More on Steam Move Steam Move A quick and uniform line move across every sportsbook. Usually caused by an injury or deep-pocketed sharp bettor. More on Steam MoveOverall Base Rating Our analytical projection of the match in relation to the implied probability to win from the sportsbooks. More on Base Rating Base Rating Our analytical projection of the match in relation to the implied probability to win from the sportsbooks. More on Base RatingBet Trends Doing an analysis on the betting data, we project which team has which team has an edge. More on Bet Trends Bet Trends Doing an analysis on the betting data, we project which team has which team has an edge. More on Bet TrendsLatest ML Steam Move A quick and uniform line move across every sportsbook. Usually caused by an injury or deep-pocketed sharp bettor. More on Steam Move Steam Move A quick and uniform line move across every sportsbook. Usually caused by an injury or deep-pocketed sharp bettor. More on Steam Move",2021-02-26,https://staging.dratings.com/predictor/ufc-mma-predictions/e564fd6b-f9de-536b-8703-26e701b06ec3
Chase Hooper vs Alexander Hernandez UFC 319 Betting Prediction August 16,"Chase Hooper vs Alexander Hernandez UFC 319 Betting Prediction August 16 Chase Hooper vs Alexander Hernandez Betting Prediction UFC 319 Betting Prediction, August 16. Place a bet on this mixed martial arts event at YouWager.lv. Chase Hooper vs Alexander Hernandez UFC 319 Betting Prediction Now we have the Chase Hooper vs Alexander Hernandez UFC 319 Betting Prediction for both teams. With a record of 16-3-1, Chase “The Dream” Hooper is into this bout with a strong performance. The southpaw boxer, who is 25 years old and weighs 155 pounds, has a height of 6 feet and one inch and a reach of three feet and four inches. His opponent Alexander “The Great Ape” Hernandez is 5’9 “and tips the scales at 155 lbs. The orthodox fighter looks to add a win to his career total of 16-8-0. The 32-year-old extends his reach 72” . Alexander Hernandez is connecting on 4.38 important strikes per minute, while Chase Hooper is landing 4.53 significant strikes per minute. Both of these figures are significant strikes. The percentage of big strikes that Hooper lands is 51%, whereas Hernandez is only landing 40% of his attempts. When compared to “The Great Ape,” “The Dream” accepts 2.96 significant strikes per minute while “The Great Ape” takes 4.62. This is in terms of defense within the cage. In addition, Hooper is able to resist 38 percent of the significant strikes that his opponents hit him with, whereas Hernandez is able to block 57 percent of the blows that are launched at him. Chase Hooper is the superior wrestler when it comes to grappling for the simple reason that he is able to knock his opponents to the canvas 2.59 times every 15 minutes. It is 34% of the time that Hooper is successful in bringing his opponent to the mat, while he is successful in stopping 55% of all takedown attempts that are made against him. With 36% of his takedown attempts, Hernandez is successful in bringing his opponents to the canvas, and he is successful in preventing 71% of the takedowns that his opponents have tried. When it comes to going for the sub, Hooper is the more capable fighter because he attempts 2.2 subs every 15 minutes, whilst Hernandez only manages to successfully complete 0.1 subs every 15 minutes. The most recent bout that Chase Hooper participated in was against Jim Miller, and he prevailed over Miller by way of a unanimous decision in the third round. Within the course of that battle, Miller landed 22 of the 45 total strikes that he threw. As the night came to a close, Hooper had connected with 59 of a total of 94 strikes. In terms of key strikes, Miller ended up landing 13 out of 35, which resulted in a rate of 37% for him. In the end, he was successful in landing 11 of the 30 heavy blows that were directed at the head. In the end, Hooper was successful in landing 47% of his important strikes by sticking 21 of 44. This occurred on the other side of the Octagon floor. Out of those serious blows, he received thirteen out of thirty-four to the head. 53% of the significant strikes that Miller connected on were thrown at a distance, and 85% of the significant strikes that Hooper connected on were thrown at a distance. Alexander Hernandez had his final appearance in the Octagon, where he faced Kurt Holobaugh. He ultimately prevailed in the fight by way of a unanimous decision in the third round of the bout. In the end, Hernandez was successful in landing 76% of the significant strikes he attempted at a distance, whereas Holobaugh was successful in landing 88% of the significant strikes he attempted at a distance. Hernandez landed 59 of his 149 significant strikes, which is 39% of the total number of strikes he tried. Out of 117 serious blows to the head, he connected on 36 of them completely. Holobaugh was successful in striking out 71 of 171 major batters during that game. It turned out that he was successful in landing 39 of the 122 serious hits that were thrown at him to the head. In terms of the total number of strikes that were attempted during the bout, Holobaugh ended up connecting on 106 of 215 strikes, whereas Hernandez ended up landing 87 of 186 strikes out of the total number of strikes that he attempted. Edson Barboza will face off against Drakkar Klose in the next round, which is another match that fans can look forward to. Barboza is looking to add another victory to his entire career record of 24-12-0. The orthodox fighter, who is 39 years old and is 5 feet 11 inches tall, has a weight of 155 pounds and a reach of 75 inches that is measured. Klose measures 5’9 “and steps on the scale at 155 lbs. The orthodox fighter holds a career mark of 15-3-1. The 37-year-old has a wingspan of 70” . While Edson Barboza is averaging 0.45 takedowns per 15 minutes, Drakkar Klose is bringing his opponents to the canvas 1.65 times every 15 minutes. Both of these statistics pertain to the art of grappling. As far as striking is concerned, Barboza is delivering 4.11 strikes per minute and is successful in connecting on 44% of his attempted blows. Drakkar Klose, on the other hand, is performing exceptionally well, connecting on 55% of the strikes he has thrown and doing so at a rate of 4.33 per minute. The battle between Nursulton Ruziboev and Bryan Battle, which is scheduled to take place in the Octagon, is another fight that you absolutely must miss on the evening. With a record of 13-2-0 (1 NC), Battle will be seeking to add another victory to his collection. The thirty-year-old fighter weighs 185 pounds and measures six feet and one inch tall. The orthodox fighter reaches 77 inches. Ruziboev comes in at 6’5 “and records a weight of 185 lbs. The orthodox fighter holds a career mark of 36-9-2 (2 NC). The 31-year-old has a reach of 76” . As far as takedowns are concerned, Bryan Battle is successful in preventing 53 percent of the takedowns that his opponents attempt, and he is successful in finishing his takedown attempts 17 percent of the time they are attempted. 66% of the time, Ruziboev is successful in finishing his takedown attempts, and he is successful in stopping 33% of the takedowns that his opponents have attempted. In terms of striking, Battle is able to land 5.12 strikes per minute while taking 4.11 strikes per minute against him. In contrast, Ruziboev is receiving 2.89 strikes per minute and is delivering 2.59 strikes per minute. He is beating his opponent. Visit the Betting School and learn how to wager on the moneyline, spread, and total; on your favorite team or an undervalued underdog. Sign up with YouWager.lv now and get in the game with the best welcome bonus, click below:",2025-08-15,https://blog.youwager.lv/2025/08/15/chase-hooper-vs-alexander-hernandez-ufc-319-betting-prediction-august-16/
