title,text,publish_date,url
"Edson Barboza vs. Drakkar Klose, UFC 319 | MMA Bout | Tapology","Fighter Comparison | Barboza | Klose | ||| | #26 FeatherW (Worldwide) | Ranking | #33 LightW (Worldwide) | || | 24-12-0 MMA | Pro Record | 15-3-1 MMA | || | 2025 2022 | Last 5 Fights | 2025 2022 | || | -115 (Near Even) | Betting Odds | +100 (Near Even) | || | | Nation | | || | Jupiter Florida | Fights out of | Glendale Arizona | || | 39 +6 mos, 3 wks, 5 days | Age at Fight | 37 +5 mos, 1 week | || | 155.5 lbs (70.5 kgs) | Weigh-In Result | 156.0 lbs (70.8 kgs) | || | 5'11"" (181cm) | Height | 5'9"" (175cm) | || | 75.0"" (191cm) | Reach | 70.0"" (178cm) | || | The Armory American Top Team | Gym | MMA Lab | Barboza vs. Klose Fight Predictions Fight Predictions Tapology Community Picks: 7,180 Bout Information Event Poster Fight Details - Event: UFC 319: Du Plessis vs. Chimaev - Date: Saturday 08.16.2025 at 06:30 PM ET - Referee: - Venue: United Center - Enclosure: Octagon - Location: Chicago, Illinois, United States - Bout Billing: Preliminary Card (fight 3 of 12) - Pro/Am: Professional - Weight: 155 lbs (70.3 kg) - Event Links: - Bout Links:",2025-05-13,https://www.tapology.com/fightcenter/bouts/1011989-ufc-319-edson-junior-barboza-vs-drakkar-klose
"Prediction, pick for Edson Barboza vs. Drakkar Klose","Prediction, pick for Edson Barboza vs. Drakkar Klose Ryan Wohl breaks down his best best for Edson Barboza vs. Drakkar Klose. An exciting fight on the UFC 319 Prelims features Edson Barboza vs. Drakkar Klose in a Lightweight bout. Barboza is a 15-year UFC veteran and is competing for the first time since May 2024. Which fighter will bounce back after losing their previous fight? Here is my best bet for Edson Barboza vs. Drakkar Klose at UFC 319. Edson Barboza Moneyline (-130) On paper, Barboza has the edge, boasting a five-inch reach advantage (75″ vs. 70″) while being two inches taller (5’11” vs. 5’9″). Klose lands more takedowns per 15 minutes and more significant strikes per minute. But Barboza is the better defensive fighter on the feet and the ground while being more accurate in takedown attempts. On DraftKings Sportsbook, Barboza is a -130 favorite, with Klose being a +110 underdog. Barboza has won two of his last three contests with his latest victory coming against Sodiq Yusuff in October 2023. In this matchup, Barboza needs to display his elite defense on the feet while controlling the pace of the bout. Barboza has fought two UFC Champions throughout his career and will make his 31st walk to the Octagon tonight. Klose is talented, but this is a step down in competition for Barboza. The Crown Is Yours: Sign up for DraftKings and experience the ultimate host for games and betting experiences! All odds and lines provided by DraftKings Sportsbook and are subject to change. Related Articles",2025-08-16,https://dknetwork.draftkings.com/2025/08/16/prediction-pick-for-edson-barboza-vs-drakkar-klose/
Edson Barboza vs. Drakkar Klose: Reliving MMA's Most Violent Finish & The Aftermath,"Edson Barboza vs. Drakkar Klose: Reliving MMA's Most Violent Finish & The Aftermath Edson Barboza vs. Drakkar Klose: A Fight Etched in MMA History The world of Mixed Martial Arts (MMA) is filled with unforgettable moments – spectacular knockouts, dramatic submissions, and battles of attrition that test the limits of human endurance. Among these, the fight between Edson Barboza and Drakkar Klose at UFC Fight Night: Waterson vs. Hill on October 3, 2020, stands out, not just for its explosive finish, but for the circumstances surrounding it and the lasting impact it had on both athletes. This wasn't just another fight; it was a clash of styles, a collision of ambitions, and ultimately, a testament to the unpredictable nature of combat sports. This article will delve into the intricacies of the fight, examining the background of each fighter, the pre-fight tension, the thrilling action inside the octagon, and the aftermath that followed. The Road to the Octagon: Edson Barboza and Drakkar Klose Edson Barboza: The Striking Virtuoso Edson Barboza, a name synonymous with devastating striking in MMA, had already carved a formidable reputation long before he stepped into the cage with Drakkar Klose. Hailing from Brazil, Barboza brought a world-class Muay Thai background to the UFC, electrifying audiences with his spinning kicks, lightning-fast punches, and punishing leg kicks. Prior to the Klose fight, Barboza had fought many top contenders and former champions, building a reputation as one of the most exciting and dangerous strikers in the lightweight and featherweight divisions. Key aspects of Barboza's career leading up to the fight include: - A record boasting victories over names like Anthony Pettis, Dan Hooker, and Paul Felder, all testament to his striking prowess and durability. - Multiple 'Fight of the Night' and 'Knockout of the Night' awards, showcasing his propensity for delivering thrilling performances. - A reputation for being a tough, durable fighter, willing to engage in striking battles. However, Barboza had also faced adversity, experiencing losses against top-tier opponents like Khabib Nurmagomedov, Tony Ferguson, and Justin Gaethje. These defeats, while highlighting areas for improvement, also showcased his resilience and willingness to learn and evolve. Drakkar Klose: The Rising Contender In contrast to Barboza's veteran status, Drakkar Klose entered the fight as a rising contender looking to establish himself in the competitive lightweight division. Known for his wrestling background and a relentless pressure fighting style, Klose presented a different challenge. He was a tough, determined fighter with a penchant for grinding out victories. Prior to facing Barboza, Klose had accumulated a solid record, including wins over Lando Vannata and Bobby Green. His strengths included: - Strong wrestling skills, allowing him to control opponents and dictate the pace of the fight. - A relentless pressure style, constantly pushing forward and engaging his opponents. - Good durability and cardio, enabling him to maintain a high level of activity throughout the fight. Klose aimed to use his wrestling and pressure to nullify Barboza's striking and impose his will on the fight. He saw the Barboza fight as an opportunity to elevate his status and move closer to title contention. The Buildup: Tensions and Expectations The pre-fight narrative was compelling. It was a classic striker vs. grappler matchup, with Barboza's explosive striking pitted against Klose's wrestling and pressure. The stylistic contrast fueled anticipation among fans and analysts alike. Klose, known for his confidence and occasionally brash demeanor, made it clear that he intended to test Barboza's wrestling and wear him down. He predicted a victory, emphasizing his belief that he could neutralize Barboza's striking and impose his grappling game. Barboza, as always, remained focused and respectful, acknowledging Klose's skills but expressing confidence in his own abilities. He emphasized his striking and his commitment to improving his overall game. He knew that Klose would attempt to take him down, and he prepared accordingly. The stage was set for a clash of styles, with both fighters determined to prove themselves and advance their careers. The fight was expected to be a closely contested battle, with the outcome hinging on who could successfully implement their game plan. Round One: A Tactical Dance The fight began with both fighters feeling each other out, establishing their range and testing their opponent's reactions. Barboza, as expected, looked to control the distance with his kicks, while Klose sought opportunities to close the gap and initiate grappling exchanges. Barboza landed several of his signature leg kicks, immediately targeting Klose's lead leg. These kicks were designed to slow Klose down and limit his mobility, making it more difficult for him to close the distance and initiate takedowns. Klose, however, was persistent in his pursuit of takedowns. He managed to secure a couple of takedowns in the first round, briefly controlling Barboza on the ground. While Barboza was able to quickly get back to his feet, Klose's success in securing takedowns demonstrated his commitment to his game plan. The round was competitive, with both fighters having their moments of success. Barboza's striking was sharp and effective, while Klose's wrestling posed a threat. At the end of the round, it was unclear who had the advantage. The Knockout: A Moment of Brutal Precision The second round began with a similar dynamic. Barboza continued to utilize his striking, while Klose pressed forward, looking for opportunities to grapple. However, what happened next would forever be etched in MMA history. As Klose moved forward, Barboza unleashed a perfectly timed and devastating right uppercut. The punch landed flush on Klose's chin, immediately shutting off his lights. Klose crumpled to the canvas, unconscious, in one of the most violent knockouts the sport has ever witnessed. The entire sequence, from the initial exchange to the final blow, was a blur of speed and precision. The crowd erupted in a mixture of shock and awe. Barboza had delivered a knockout for the ages, showcasing his incredible striking power and timing. It was a highlight-reel finish that would be replayed countless times. The knockout wasn't just a result of power; it was a testament to Barboza's technical skill and his ability to read his opponent. He recognized Klose's forward pressure and anticipated his movement, allowing him to perfectly time the uppercut. The Aftermath: Controversy and Lasting Effects The immediate aftermath of the knockout was one of celebration for Barboza and concern for Klose. Barboza had secured a spectacular victory and re-established himself as a force to be reckoned with in the lightweight division. Klose, on the other hand, was knocked out cold and required medical attention. However, the story didn't end there. In the weeks and months following the fight, a controversy emerged regarding the circumstances surrounding the bout. Drakkar Klose claimed that he had suffered a neck injury during a pre-fight face-off with Barboza at the weigh-ins. He alleged that Barboza had pushed him, causing him to tense up his neck and suffer spasms. Klose further claimed that the neck injury severely hampered his ability to prepare for the fight and ultimately contributed to his loss. He argued that he wasn't at 100% going into the fight and that the injury significantly impacted his performance. Klose also claimed he experienced concussion symptoms and further aggravated his condition during the fight. The Fallout: Klose's Health and Recovery The allegations sparked a debate within the MMA community. Some supported Klose, arguing that the injury was a significant factor in his defeat. Others defended Barboza, stating that the weigh-in face-off was a routine part of the fight promotion and that Klose should have been prepared for any potential physicality. Regardless of the circumstances, Klose's health became a major concern. He was sidelined for an extended period due to the neck injury and concussion symptoms. His career was put on hold as he focused on his recovery. The injury not only affected his physical well-being but also took a toll on his mental state. Klose publicly discussed the challenges he faced during his recovery, including persistent pain, headaches, and difficulty training. He expressed frustration and disappointment over the injury, which he felt had derailed his career momentum. Barboza's Perspective and Career Trajectory Edson Barboza, while not directly addressing the controversy in detail, maintained that he was focused on his own career and continued to seek out challenging fights. The victory over Klose undoubtedly boosted his confidence and solidified his position as one of the most exciting strikers in the sport. Following the Klose fight, Barboza continued to compete at a high level, facing a series of tough opponents. He eventually moved down to the featherweight division, seeking a fresh challenge and an opportunity to compete against new contenders. Barboza has continued to deliver exciting performances, showcasing his striking skills and demonstrating his resilience and longevity in the sport. The Impact on Future Face-Off Procedures The controversy surrounding the Barboza-Klose fight also raised questions about the safety and appropriateness of pre-fight face-offs. Some argued that the face-offs, while intended to build hype and excitement, could potentially lead to unnecessary injuries. In response to these concerns, some MMA organizations have implemented stricter guidelines regarding face-off procedures. These guidelines aim to minimize the risk of physical contact and ensure the safety of the fighters. Some organizations have prohibited fighters from touching each other during face-offs, while others have implemented stricter supervision and monitoring to prevent any potential incidents. The goal is to strike a balance between promoting the fight and protecting the well-being of the athletes. Lessons Learned: Risk Management and Athlete Safety The Barboza-Klose fight serves as a reminder of the inherent risks associated with MMA. It highlights the importance of athlete safety and the need for comprehensive risk management strategies. MMA organizations have a responsibility to ensure that fighters are adequately protected from unnecessary harm. This includes implementing strict medical protocols, providing comprehensive pre-fight medical evaluations, and ensuring that fighters are fully recovered from any injuries before returning to competition. Fighters also have a responsibility to prioritize their own health and safety. They should be transparent about any injuries they may have sustained and seek appropriate medical attention when necessary. They should also be willing to withdraw from a fight if they are not fully fit to compete. Conclusion: A Fight That Resonates The fight between Edson Barboza and Drakkar Klose remains a significant moment in MMA history. It was a fight that featured a spectacular knockout, a controversial aftermath, and lasting implications for both fighters involved. The fight serves as a testament to the unpredictable nature of combat sports and the importance of athlete safety. While Barboza continued his career at a high level, showcasing his striking prowess, Klose faced a long and challenging recovery process. The controversy surrounding the fight sparked a debate about pre-fight face-offs and the need for stricter safety protocols. Ultimately, the Barboza-Klose fight is a reminder of the physical and mental toll that MMA can take on athletes. It underscores the importance of prioritizing athlete safety and implementing comprehensive risk management strategies to protect the well-being of the fighters. The legacy of this fight lives on, reminding fans and fighters alike of the explosive potential, the inherent risks, and the complex dynamics that make MMA one of the most captivating and compelling sports in the world. Additional Resources and Further Reading - Official UFC Fight Night: Waterson vs. Hill Results: UFC.com - MMA Fighting News Coverage of Drakkar Klose Injury: MMAFighting.com - ESPN MMA Articles on Edson Barboza: ESPN.com",2025-08-16,https://www.simpleaboutthings.com/articles/sports/edson-barboza-vs-drakkar-klose-reliving-mma-s-most-violent-finish-the-aftermath
UFC 319: Du Plessis vs. Chimaev,"""Junior"" | Edson Barboza | Drakkar Klose | | |---|---|---| | Tale of the tape | || | Wins/Losses/Draws | 24-12-0 | 15-3-1 | | Average Fight Time | 12:12 | 11:20 | | Height | 5' 11"" | 5' 9"" | | Weight | 155 lbs. | 155 lbs. | | Reach | 75"" | 70"" | | Stance | Orthodox | Orthodox | | DOB | Jan 21, 1986 | Mar 09, 1988 | | Striking (Significant Strikes) | || | Strikes Landed per Min. (SLpM) | 4.11 | 4.33 | | Striking Accuracy | 44% | 55% | | Strikes Absorbed per Min. (SApM) | 4.65 | 3.54 | | Defense | 56% | 50% | | Grappling | || | Takedowns Average/15 min. | 0.45 | 1.65 | | Takedown Accuracy | 50% | 27% | | Takedown Defense | 72% | 69% | | Submission Average/15 min. | 0.1 | 0.0 | | Most recent fights (Newest First) | || | Loss - Murphy | Loss - Alvarez | | | Win - Yusuff | Win - Silva | | | Win - Quarantillo | Win - Solecki | | | Loss - Mitchell | Win - Garcia | | | Loss - Chikadze | Win - Jenkins |",No date found,http://ufcstats.com/fight-details/bc63f1b2e52f603e
Edson Barboza vs Drakkar Klose at UFC 319 16.08.25 - Bout Stats MMA Fighter,Edson Barboza - Drakkar Klose Edson Barboza Barboza - Age 39 - Reach 75 cm 191 cm - Height 71 cm 180 cm - Leg Reach 41 cm 104 cm - Last Weigh-In 145.5 lbs 66 kg Drakkar Klose Klose - Age 37 - Reach 70 cm 178 cm - Height 69 cm 175 cm - Leg Reach 39 cm 99 cm - Last Weigh-In 156 lbs 71 kg Other Bouts UFC 319 - Dricus Du Plessis23 - 2 - 012:00 AM ET • 5 x 5Middleweight Champion 185 lbsKhamzat Chimaev14 - 0 - 0 - Lerone Murphy16 - 0 - 111:30 PM ET • 3 x 5Featherweight Bout 145 lbsAaron Pico13 - 4 - 0 - Geoff Neal16 - 6 - 011:00 PM ET • 3 x 5Welterweight Bout 170 lbsCarlos Prates21 - 7 - 0 - Jared Cannonier18 - 8 - 010:30 PM ET • 3 x 5Middleweight Bout 185 lbsMichael Page23 - 3 - 0 - Tim Elliott20 - 13 - 110:00 PM ET • 3 x 5Flyweight Bout 125 lbsKai Asakura21 - 5 - 0 - Baysangur Susurkaev9 - 0 - 09:00 PM ET • 3 x 5Middleweight Bout 185 lbsEric Nolan8 - 3 - 0 - Gerald Meerschaert37 - 19 - 08:35 PM ET • 3 x 5Middleweight Bout 185 lbsMichal Oleksiejczuk20 - 9 - 0 1 NC - Jessica Andrade26 - 14 - 08:10 PM ET • 3 x 5Strawweight Bout 115 lbsLoopy Godinez13 - 5 - 0 - Alexander Hernandez16 - 8 - 07:45 PM ET • 3 x 5Lightweight Bout 155 lbsChase Hooper16 - 3 - 1 - Karine Silva18 - 5 - 06:55 PM ET • 3 x 5Flyweight Bout 125 lbsDione Barbosa8 - 3 - 0 - Alibi Idiris10 - 0 - 06:30 PM ET • 3 x 5Flyweight Bout 125 lbsJoseph Morales12 - 2 - 0,2025-08-16,https://gidstats.com/events/ufc_319-2463/edson_barboza_vs_drakkar_klose.html
Edson Barboza vs Drakkar Klose UFC 319 Betting Prediction August 16,"Edson Barboza vs Drakkar Klose UFC 319 Betting Prediction August 16 Edson Barboza vs Drakkar Betting Prediction UFC 319 Betting Prediction, August 16. Place a bet on this mixed martial arts event at YouWager.lv. Edson Barboza vs Drakkar UFC 319 Betting Prediction Now we have the Edson Barboza vs Drakkar UFC 319 Betting Prediction for both teams. With a career record of 24-12-0, Edson “Junior” Barboza is looking to add another victory to his collection. The orthodox fighter, who is 39 years old and is 5 feet 11 inches tall, has a weight of 155 pounds and a reach of 75 inches that is measured. Drakkar Klose measures 5’9 “and steps on the scale at 155 lbs. The orthodox fighter holds a career mark of 15-3-1. The 37-year-old has a wingspan of 70” . Edson Barboza is connecting on 4.11 significant strikes per minute, while Drakkar Klose is hitting on 4.33 important strikes per minute. Both of these figures are notable striking rates. When it comes to significant strikes, Barboza is successful 44% of the time, whereas Klose is successful 55% of the time. With regard to the defense of the cage, “Junior” is able to take in 4.65 important strikes per minute, whereas Klose is only able to take in 3.54. Klose is able to defend himself against fifty percent of the shots that are delivered in his direction, and Barboza is able to stop fifty-six percent of the significant hits that are made at him. Edson Barboza is not as effective as other wrestlers in the grappling category because he only brings his opponents to the mat 0.45 times every 15 minutes. Barboza is successful in completing his takedown attempts fifty percent of the time, while he is successful in stuffing seventy-two percent of all takedown attempts. Klose is successful in bringing his opponents to the ground on 27% of the takedowns he attempts, while he is successful in defending himself on 69% of the ones that are made against him. Barboza is the less talented fighter when it comes to submission attempts, since he attempts to achieve 0.1 submissions every 15 minutes, whilst Klose aims to get 0.4 submissions every three rounds through his submission efforts. Edson Barboza’s most recent bout, which took place inside the Octagon, was against Lerone Murphy, and he was defeated by a unanimous decision in the fifth round. In the end, Murphy was successful in landing 259 of the total 410 blows that he released. At the conclusion of this battle, Barboza had landed 79 of the total 242 strikes that were available to him. Murphy ended up landing 220 of 364 significant strikes, which represents a proportion of sixty percent. This was in reference to the big strikes. At the conclusion of the bout, he knocked out 172 of the 308 important blows that were delivered at the head. On the other side of the Octagon, Barboza was successful in landing 79 of 242 important blows, which is equivalent to 32 percent of his total. He was successful in 38 of 189 of those important strikes, with 38 of them being to the head. For Murphy, 93% of the significant strikes connected on were done at a distance, and for Barboza, 97% of the significant strikes connected on were done at a distance. His final fight was against Joel Alvarez, and he was defeated by a knee to the head in the first round. Drakkar Klose was unable to recover from this defeat. Klose was successful in landing all of the significant strikes he attempted from a distance, whereas Alvarez was only successful in connecting on sixty percent of the significant strikes he took from a distance. Klose was successful in connecting on seven out of thirteen of the big strikes he tried, resulting in a strike rate of 53 percent. In the end, he was successful in striking one of the six critical blows meant for the head. During that match, Alvarez ended up landing 20 of the 24 major strikes that were available. In the end, he was successful in connecting on 15 of 19 of the big strikes that were all aimed for the head. In terms of the total number of strikes that he threw during the fight, Alvarez connected on 39 out of 44, but Klose was only successful on 16 out of 23 of all the strikes that he attempted. When Bryan Battle takes against Nursulton Ruziboev, there is one more match that fans can look forward to seeing. Congratulations! With a record of 13-2-0 (1 NC), Battle will be seeking to add another victory to his collection. The thirty-year-old fighter weighs 185 pounds and measures six feet and one inch tall. The orthodox fighter reaches 77 inches. Ruziboev comes in at 6’5 “and records a weight of 185 lbs. The orthodox fighter holds a career mark of 36-9-2 (2 NC). The 31-year-old has a reach of 76” . In the grappling division, Bryan Battle achieves a takedown 0.77 times every 15 minutes while Nursulton Ruziboev brings his opponents to the canvas 0.75 times per 15 minutes. When it comes to striking, Battle is successful 5.12 times per minute and lands 52 percent of all the strikes he attempts. One of the other competitors in this bout is Nursulton Ruziboev, who has a strike rate of 2.59 per minute and has connected on 46% of the blows he has thrown. A fight between Loopy Godinez and Jessica Andrade is scheduled to take place on the evening, and it is recommended that you watch it. The overall record for Andrade’s career is 26-14-0. At a height of 5 feet and one inch, the 33-year-old boxer will compete at 115 pounds. The orthodox fighter reaches 62 inches. Godinez stands 5’2 “and is fighting at 115 lbs. The orthodox fighter holds a mark of 13-5-0. The 31-year-old extends her reach 61” . In terms of wrestling, Jessica Andrade is able to successfully prevent 71% of the takedowns that her opponents attempt, and she is successful in achieving a takedown 54% of the time that she attempts to do so. It is 47% of the time that Godinez is successful in bringing her opponents to the mat, while she is successful in preventing 81% of the takedowns that her opponents try. Andrade is receiving 5.49 strikes per minute, but she is landing 6.39 strikes per minute. This is in relation to striking strike rate. On the other hand, Godinez is taking 3.87 strikes per minute while simultaneously dealing 4.28 strikes per minute. Visit the Betting School and learn how to wager on the moneyline, spread, and total; on your favorite team or an undervalued underdog. Sign up with YouWager.lv now and get in the game with the best welcome bonus, click below:",2025-08-15,https://blog.youwager.lv/2025/08/15/edson-barboza-vs-drakkar-klose-ufc-319-betting-prediction-august-16/
Edson Barboza vs Drakkar Klose Prediction: Who Will Avoid Their Second Straight Defeat?,"Edson Barboza and Drakkar Klose both had winning streaks snapped in their most recent fights. They will take to the octagon at UFC 319 with the goal of avoiding a second loss in a row on Saturday night in Chicago. Before these lightweights fight in this prelim matchup, you can get my thoughts on the fight, along with my Edson Barboza vs Drakkar Klose prediction. Our Edson Barboza vs Drakkar Klose Pick - Pick: Edson Barboza by decision - Confidence: ★★★★☆ - UFC 319 Bonus Bets: Hit the Claim Bonus button to claim our DraftKings Sportsbook promo code. You can bet $5 and win $200 in bonus bets INSTANTLY, plus get over $200 off NFL Sunday Ticket! Bet $5, Get $200 in Bonus Bets Instantly + Over $200 Off NFL Sunday Ticket Gambling Problem? Call or TEXT 1-800-Gambler 21+ Gambling Problem? Call or TEXT 1-800-Gambler 21+ Promo Code: Click To Claim Bet $5, Get $200 in Bonus Bets Instantly + Over $200 Off NFL Sunday Ticket Gambling Problem? Call or TEXT 1-800-Gambler 21+ Promo Code: Click To Claim Gambling Problem? Call or TEXT 1-800-Gambler 21+ Tale of the Tape | Edson Barboza | Drakkar Klose | | |---|---|---| | Age | 39 | 37 | | Reach | 75″ | 70″ | | Stance | Orthodox | Orthodox | | Record | 24-12-0 | 15-3-1 | Edson Barboza vs Drakkar Klose Preview Edson Barboza remains a respected striker known for his arsenal of kicks. He lands just over four significant strikes per minute and is known for pushing the pace of his bouts. He lost his last fight to Lerone Murphy by decision in May of 2024. He will return to the octagon for the first time in over a year in this fight and he will look to prove that there is no rust after that long layoff from competition. Drakkar Klose is a well-rounded fighter. He lands slightly more significant strikes per minute than Barboza at 4.33 per minute. He had a four-fight winning streak snapped in his last fight when he lost by first-round knockout to Joel Alvarez in December of 2024. Klose is at a reach disadvantage and he will need to figure out how to overcome that and get in close to neutralize Barboza’s striking capabilities. Betting Insights - Barboza is the favorite to win this fight at -142 and Klose is a +120 underdog. - This fight has been set at a total of 2.5 rounds by DraftKings Sportsbook. The over is favored at -166 and the under is +130. - Barboza has seen three of his last four fights go the distance. - Four of Klose’s last six fights have been decided by knockout. Edson Barboza vs Drakkar Klose Prediction Barboza has the experience advantage and is the better striker going into this matchup. The big question will be whether or not Barboza will look like the same fighter that we have seen in the past. I don’t know that we necessarily get a vintage Edson Barboza performance here. But I do think that we get enough from Barboza to win this fight. The Brazilian is no longer the kind of fighter that I expect to secure a win via finish. But he should do enough to get a decision here. I won’t hold his loss to Lerone Murphy against him given that Murphy is doing so well in UFC. Look for Barboza by decision to come in at plus money.",2025-08-15,https://ats.io/mma/edson-barboza-vs-drakkar-klose-prediction/462490/
Edson Barboza vs Drakkar Klose - 08/16/25 - DRatings.com,"Edson Barboza Drakkar Klose Last 5 Fights Money Line Analysis Implied Margin Using the best lines from multiple sportsbooks, this would be the % take from the consensus sportsbook if bets were even on each side. More on Implied MarginImplied Margin Using the best lines from multiple sportsbooks, this would be the % take from the consensus sportsbook if bets were even on each side. More on Implied Margin| Open Line | Heritage | Bovada | BetOnline | YouWager | SportsBetting | Best Line | No-Vig OddsUsing a market maker sportsbook, this is what the line would be if there was no vigorish (sportsbook fee) in the price. More on No-Vig Odds | | |---|---|---|---|---|---|---|---|---| | Edson Barboza | -150 | -120 | -122 | -115 | -120 | -115 | -115 | -104.4 | | Drakkar Klose | +130 | +100 | +102 | -105 | +100 | -105 | +102 | +104.4 | | Open Line | South Point | Circa | Wynn | Stations | Westgate | Best Line | No-Vig OddsUsing a market maker sportsbook, this is what the line would be if there was no vigorish (sportsbook fee) in the price. More on No-Vig Odds | | |---|---|---|---|---|---|---|---|---| | Edson Barboza | -155 | -120 | -113 | -130 | -120 | -130 | -113 | -104.4 | | Drakkar Klose | +135 | +100 | -107 | +110 | -110 | +110 | +110 | +104.4 | Overall Base Rating Our analytical projection of the match in relation to the implied probability to win from the sportsbooks. More on Base Rating Base Rating Our analytical projection of the match in relation to the implied probability to win from the sportsbooks. More on Base RatingBet Trends Doing an analysis on the betting data, we project which team has which team has an edge. More on Bet Trends Bet Trends Doing an analysis on the betting data, we project which team has which team has an edge. More on Bet TrendsLatest ML Steam Move A quick and uniform line move across every sportsbook. Usually caused by an injury or deep-pocketed sharp bettor. More on Steam Move Steam Move A quick and uniform line move across every sportsbook. Usually caused by an injury or deep-pocketed sharp bettor. More on Steam MoveOverall Base Rating Our analytical projection of the match in relation to the implied probability to win from the sportsbooks. More on Base Rating Base Rating Our analytical projection of the match in relation to the implied probability to win from the sportsbooks. More on Base RatingBet Trends Doing an analysis on the betting data, we project which team has which team has an edge. More on Bet Trends Bet Trends Doing an analysis on the betting data, we project which team has which team has an edge. More on Bet TrendsLatest ML Steam Move A quick and uniform line move across every sportsbook. Usually caused by an injury or deep-pocketed sharp bettor. More on Steam Move Steam Move A quick and uniform line move across every sportsbook. Usually caused by an injury or deep-pocketed sharp bettor. More on Steam Move",2024-05-19,https://www.dratings.com/predictor/ufc-mma-predictions/5177bd5b-30d5-5828-aada-0905c029f4df
"Edson Barboza vs. Drakkar Klose prediction, odds, pick for UFC 319","Edson Barboza vs. Drakkar Klose prediction, odds, pick for UFC 319 The post Edson Barboza vs. Drakkar Klose prediction, odds, pick for UFC 319 appeared first on ClutchPoints. UFC 319: Dricus Du Plessis versus Khamzat Chimaev continues the prelims with a fight between Edson Barboza and Drakkar Klose in the lightweight division on Saturday. Check out our UFC odds series for our Barboza-Klose prediction and pick. Edson Barboza (24-12) enters this weekend’s matchup against Drakkar Klose coming off a unanimous decision loss to Lerone Murphy in May 2024. Barboza was originally slated to fight Steve Garcia in February 2025 but withdrew due to injury. Known for his explosive striking and experience, Barboza will look to rebound at UFC 319. Drakkar Klose (15-3-1) arrives at UFC 319 following a knockout loss to Joel Álvarez in December 2024. Prior to that, he secured a unanimous decision win over Joaquim Silva in May 2024. Known for his striking and resilience, Klose will look to bounce back against Edson Barboza this weekend. Here are the UFC 319 Odds, courtesy of DraftKings. UFC 319 odds: Edson Barboza-Drakkar Klose odds Edson Barboza: -135 Drakkar Klose: +114 Over 2.5 rounds: -166 Under 2.5 rounds: +130 *Watch sports LIVE with fuboTV (Get Access | Save $30)* Why Edson Barboza will win Last Fight: (L) Lerone Murphy – DEC Last 5: 2-3 Finishes: 15 (13 KO/TKO/2 SUB) Edson Barboza has a strong case to beat Drakkar Klose at UFC 319 due to his world-class striking, reach advantage, and knockout power. Barboza’s 75-inch reach gives him a notable edge over Klose’s 70-inch reach, allowing him to keep Klose at a distance with precise jabs and devastating leg kicks. Known for explosive combinations, Barboza connects on 4.11 significant strikes per minute with 44% accuracy, delivering power that can end fights abruptly. Barboza’s experience and tactical mindset also play a crucial role. Despite absorbing more strikes per minute (4.65) than Klose (3.54), Barboza defends 56% of incoming strikes, showing solid defense to survive exchanges. His takedown defense is robust at 72%, limiting Klose’s wrestling opportunities and enabling Barboza to keep the fight standing, where he is most dangerous. While Klose applies a high pace and volume with effective striking and decent wrestling, Barboza’s striking precision, power, and reach will likely frustrate Klose’s pressure style. If Barboza controls distance and lands his leg kicks and counters, he can break down Klose and secure a finish or decision win. Barboza’s striking superiority, combined with his cage experience and fight IQ, makes him the favorite to defeat Klose at UFC 319 in a compelling clash of styles. This fight will test Barboza’s ability to use range and power to neutralize a relentless opponent. Why Drakkar Klose will win Last Fight: (L) Joel Alvarez – KO/TKO R1 Last 5: 3-2 Finishes: 6 (6 KO/TKO) Drakkar Klose has a solid case to defeat Edson Barboza at UFC 319 based on his precision striking, pace, and grappling volume. Klose connects on 4.33 significant strikes per minute with an accuracy of 55%, both higher than Barboza’s 4.11 strikes per minute and 44% accuracy. This efficiency in striking means Klose can maximize his output while minimizing wasted energy. Klose’s ability to absorb fewer strikes per minute (3.54 compared to Barboza’s 4.65) and his solid strike defense help him stay fresher throughout the fight. His style focuses on high-volume, tactical striking, which could frustrate Barboza’s more measured and powerful approach. Klose’s capability to maintain a high pace will test Barboza’s endurance, especially after a recent 15-month layoff. On the grappling front, Klose attempts significantly more takedowns per 15 minutes (1.65 vs. Barboza’s 0.45) and boasts strong submission attempts. His ability to control the fight on the ground and keep Barboza on the defensive could neutralize Barboza’s striking power advantage. Klose’s combination of pressure, pace, and versatile grappling provides him the tools to outwork and outlast Barboza. If he executes a high-pressure game plan and maintains volume, Klose is favored to win a competitive decision at UFC 319. Final Edson Barboza-Drakkar Klose prediction & pick Edson Barboza vs. Drakkar Klose at UFC 319 is a fascinating matchup of styles and experience that should deliver an exciting contest. Barboza enters as the favorite due to his world-class striking, 75-inch reach, and knockout power, connecting on 4.11 significant strikes per minute at 44% accuracy. His precise leg kicks and jabs could keep Klose at bay and control the distance effectively. However, Klose’s efficiency and pace cannot be overlooked. He lands 4.33 significant strikes per minute with 55% accuracy, connecting more efficiently and absorbing fewer strikes. Klose’s high-volume, technical striking combined with solid takedown attempts and grappling ability could disrupt Barboza’s rhythm. Barboza’s strong takedown defense (72%) will be tested by Klose’s persistent wrestling, who attempts more takedowns and submission attempts per fight. Klose’s pressure and cardio favor a high-paced fight that may wear down Barboza, especially after Barboza’s recent 15-month layoff. Klose’s tactical pressure, volume striking, and grappling versatility position him as a slight favorite if he can maintain pace and control. But Barboza’s precision striking and power always pose a threat for a finish. Expect a competitive, technical, and strategic battle at UFC 319 with Klose getting the win via a decision in a close fight. Final Edson Barboza-Drakkar Klose Prediction & Pick: Drakkar Klose (+114), Over 2.5 Rounds (-166)",2025-08-14,https://sports.yahoo.com/article/edson-barboza-vs-drakkar-klose-173003409.html?fr=sycsrp_catchall
Edson Barboza vs Drakkar Klose,"UFC 319 fight card, start time, date and location for the upcoming Dricus du Plessis vs. Khamzat Chimaev-led championship pay-per-view (PPV) event on Sat., Aug 16, 2025, inside United Center in... Date: August 16, 2025 | Edson Barboza | Drakkar Klose | | |---|---|---| | age | 37 | | | 5'11"" | height | 5'8 | | 155 | weight | 155lbs |",2025-06-17,https://www.mmafighting.com/fight/15748/edson-barboza-vs-drakkar-klose
UFC 319 Predictions & Odds Today: Expert Picks for Saturday's Dricus Du Plessis vs. Khamzat Chimaev Card,"UFC 319 Predictions & Odds Today: Expert Picks for Dricus Du Plessis vs. Khamzat Chimaev Last Updated: August 16, 2025 6:44 AM EDT • 4 minute read X Social Google News Link Dricus Du Plessis aims to defend his middleweight crown for the third time at UFC 319, and my UFC 319 predictions and odds back the South African to hold off Khamzat Chimaev. Despite entering as a +200 underdog, Du Plessis is one of my three UFC 319 best bets for Saturday’s card, which kicks off at 10 p.m. ET (ESPN+ PPV) from United Center in Chicago. Chimaev sits as the -250 favorite at top UFC betting sites, with the Over/Under for rounds set at 2.5. My UFC 319 best bets lean on the champion and betting underdog in the main event as one of my three favorite picks for Saturday night. 💰 UFC predictions, odds, & picks: Dricus Du Plessis vs. Khamzat Chimaev (Odds via our best UFC betting sites; UFC picks confidence based on a 1-to-5-star scale) - Dricus Du Plessis moneyline vs. Khamzat Chimaev (+210 via DraftKings) ⭐⭐⭐ - Michael Page to win by decision vs. Jared Cannonier (+100 via BetMGM) ⭐⭐⭐⭐ - Edson Barboza to win by KO/TKO/DQ vs. Drakkar Klose (+280 via FanDuel) ⭐⭐⭐ 🎯 UFC 319 predictions and best bets 🏆 Dricus Du Plessis moneyline vs. Khamzat Chimaev ⭐⭐⭐ 📊 Best odds: +210 via DraftKings ($10 to win $21) Each product featured on our website has been meticulously researched and selected by our team of experts. If you sign up through our links, we may get a commission. The challenger enters this title bout as the sizable betting favorite at the best sports betting sites. It's not without good reason either, as Chimaev has taken the UFC by storm since his 2020 debut. He's overpowered every opponent since, maintaining an unblemished professional record and an 8-0 clip under the promotion. Twelve of Chimaev's 14 wins have come inside the distance, as well. Although he's known for his technical grappling, he's also a proficient striker. ""Borz"" has a balanced resume with six wins apiece via submission and KO/TKO. There are question marks surrounding the Emirati's battery and experience, though, as this is his first shot at a belt. The same cannot be said for Du Plessis, who has successfully defended his middleweight belt on numerous occasions. The South African's last three fights have bled into the championship rounds, but he remains a perfect 9-0 in the UFC. I believe Du Plessis has enough in the tank to fend off Chimaev's submission attempts and outlast him in the latter stages. While I like the champ to retain his belt via the judge's scorecards for a third time in his last four fights, there's no need to go out on a limb with DDP's moneyline odds offering plenty of value. 🥊 Michael Page to win by decision vs. Jared Cannonier ⭐⭐⭐⭐ 📊 Best odds: +100 via BetMGM ($10 to win $10) Each product featured on our website has been meticulously researched and selected by our team of experts. If you sign up through our links, we may get a commission. Cannonier is a popular underdog pick for this pay-per-view event due to his raw power and weight advantage as a natural middleweight. He's a close-combat striker with menacing combinations complemented by constant leg kicks. ""The Killa Gorilla"" has made a career out of using his big frame to close down opponents in the octagon, forcing them to fight his way. However, Page simply won't allow for that to happen. The 38-year-old, a natural welterweight, will use his length and speed to attack in bursts, dictating the tempo from a distance. ""Venom"" might lack the knockout power needed to finish Cannonier inside the distance, but he more than makes up for that middleweight power deficiency with adeptness and versatility. The best sports betting apps agree in the sense that they view Page (-189) as an overwhelming favorite. I'm predicting Page will pick up his third victory via decision in his last four fights. This is a much more profitable market than the moneyline, offering an even-money return on winning wagers with BetMGM. 🥊 Edson Barboza to win by KO/TKO/DQ vs. Drakkar Klose ⭐⭐⭐ 📊 Best odds: +280 via FanDuel ($10 to win $28) Each product featured on our website has been meticulously researched and selected by our team of experts. If you sign up through our links, we may get a commission. How long can Barboza keep this fight off the mats? That's the pivotal question heading into this prelim bout. If he can defend Klose's takedown attempts early on and win the war of attrition with the American using his punishing kickboxing, he should be able to wear down Klose enough to fend off further wrestling endeavors. Keeping this fight vertical will be Barboza's biggest challenge but also his key to victory. He's a much more gifted striker than his 37-year-old counterpart, who struggles with fighters cut from this cloth. My money is on the Brazilian to hand Klose his second consecutive knockout at a profitable price. However, if you prefer to play a more basic market, Barboza moneyline is still playable at -140 with the best sportsbooks. 📈 UFC 319 betting insights Here are some betting insights from BetMGM ahead of UFC 319: - The most popular prop is Du Plessis to win by KO/TKO or DQ at +525 - Bettors are torn on the main event, with Du Plessis receiving 65% of the bets to win at +155, but Chimaev getting 77% of the handle at -190 - Klose is receiving a dramatic 82% of the handle at +125 vs. Barboza but just 57% of the bets (21+. Gambling Problem? Call 1-800-GAMBLER) * Bonuses not applicable in Ontario. Not intended for use in MA. Each betting site featured on SBR has been meticulously researched and selected by our team of experts. If you sign up through our links, we may get a commission. Gabe Henderson X social",2025-08-15,https://www.sportsbookreview.com/picks/ufc/best-bets-odds-ufc-319-aug-16-2025/
"UFC 319 Predictions: Odds, Card Breakdown, and Best Bets for Saturday, August 16","Live from the United Center in Chicago, IL, we have an amazing card at UFC 319. The Middleweight title is on the line as current champ Dricus Du Plessis takes on undefeated challenger Khamzat Chimaev. We also have a ton of other fights lining this entire card. Today, I will break down my 3 favorite bets for this weekend’s fight card. Let’s get into it! This should be a fun fight against two pretty high-level guys early in the card. Barboza is one of the greatest strikers to ever grace the UFC Octagon. He has a career UFC record of 18-12 with 8 KO/TKOs in that span. He now takes on Drakkar Klose, who is 9-3 in his UFC career, but is coming off a brutal KO loss back in December. Klose is a very strong and explosive fighter, but he will have a tough time cracking the striking ability of Barboza. Both of these guys are pretty old, Barboza at 39 and Klose at 37, but they still have some fight left in the tank. I think Barboza and his legendary kicks will give him this fight. I think he will manage the distance well and capitalize when Klose needs to close the distance. MY PICK: Edson Barboza -140 I cannot wait for this fight. Aaron Pico is making his highly anticipated UFC debut against one of the UFC’s hottest prospects, Lerone Murphy. Both of these guys are extremely explosive and could be potential challengers in the lightweight division. This fight comes with a ton of question marks, though. The last Bellator phenom we saw in the UFC, Patchy Mix, got dismantled. So, can Pico change the tune? I think Pico needs to lean on his wrestling background in this fight. He was a junior world freestyle champion and the number one recruit in the nation before foregoing college and fighting full-time. Murphy is a very dangerous striker, and while Pico is also skilled in his striking game, he needs to play to his strengths. Give me Pico to give Murphy his first career loss this weekend, but in a close decision. MY PICK: Aaron Pico +140 Here. We. Go. The Middleweight title is on the line as current champ DDP takes on terrifying challenger Khamzat Chimaev. This fight is guaranteed to be fireworks, as Chimaev is known for his high-paced attacking, and DDP is known for his unorthodox, but brutal, style of fighting. DDP’s last loss as a pro was all the way back in 2018, and since then, he has beaten everyone in his path, including Israel Adesanya, Robert Whittaker, and Sean Strickland. Chimaev has never lost, and his 2 latest wins were against former champions Robert Whittaker and Kamaru Usman. He has proven he is legit in every way, and now he finally gets his title shot. Chimaev is a big favorite in this one, sitting at -258 at the time of me writing this. DDP is as tough as they come, and his unorthodox style of striking has given people tons of problems. The issue with that is Khamzat won’t be looking to stand for too long. Chimaev has an average control time of 55.2% in his UFC career, meaning he is in a dominant position in grappling more than half the time he's fought in the UFC. I love DDP, and I think he has a chance here, but I’m not sure he will be able to handle the onslaught of Khamzat. I think Khamzat takes his back and ends it pretty early. MY PICK: Khamzat Chimaev by Submission +130",2025-08-16,https://www.bettorsinsider.com/mma/2025/08/16/ufc-319-predictions-odds-card-breakdown-and-best-bets-for-saturday-august-16
"UFC 319 predictions: Expert betting picks, odds for each fight on Dricus du Plessis vs. Khamzat Chimaev card | Sporting News","Khamzat Chimaev is ready to take over the UFC. He will first have to get past the crafty Dricus du Plessis, who defends his middleweight title at UFC 319 on August 16 inside the United Center. du Plessis (23-2) became the first South African to become UFC champion. Winner of eleven straight fights, the former kickboxing star has beaten three former champions. He has learned to adapt in every fight with his unique offense. The fight is a long time coming for Chimaev (14-0), who recently broke the jaw of Robert Whittaker. One of the most dangerous fighters in MMA, the Chechen had a rocket ship strapped to his back early, and a win could propel him to superstardom. UFC 319 will also see the octagon debut of Aaron Pico and the returns of Michael Page and Kai Asakura. Jessica Andrade once again competes this year, as does the surging Chase Hooper. With the help of the FanDuel Sportsbook, The Sporting News makes predictions on the entire card at UFC 319. UFC 319 expert picks and full card predictions Dricus du Plessis (c) vs. Khamzat Chimaev for the UFC middleweight title Per the FanDuel Sportsbook, Khamzat Chimaev is the -260 favorite, while Dricus du Plessis is the +196 underdog. Chimaev lands 5.36 significant strikes per minute, has a 58% strike accuracy mark, and averages 4.31 takedowns landed per 15 minutes. He's competed in three fights where his opponents have landed zero significant strikes. du Plessis lands 6.12 significant strikes, has a 48% strike accuracy mark, and averages 2.55 takedowns landed. He's landed 374 significant strikes in three fights. It’s one of the most appetizing title fights of the last few years. Both have high skill levels and have everything to gain and lose. Chimaev was destined for superstardom since his UFC debut, before a COVID-19 infection affected his career. Still, he’s a killer, using ground and pound to decimate the opposition. du Plessis has only been taken down three times in the UFC and is one of the most unorthodox fighters in MMA history. Just ask Israel Adesanya and Sean Strickland. MORE: How to bet on combat sports While not a serious factor, “DDP” is known for playing mind games. If he gets into Chimaev’s head and forces him to make mistakes, du Plessis can take advantage. One thing against the champion is that he’s offensively open, which Chimaev can easily take advantage of. For Chimaev, does he have a lengthy gas tank after the first round, especially against someone like du Plessis? If Chimaev can grapple early, he should finish the fight in the first round. If it goes past the first? du Plessis will force him to work and slip by a few grappling attempts. Dricus may not knock him out, but he could give Chimaev trouble if his cardio is on point. Sporting News prediction: du Plessis via unanimous decision Lerone Murphy vs. Aaron Pico; Featherweights Per the FanDuel Sportsbook, Aaron Pico is the -184 favorite, while Lerone Murphy is the +142 underdog. It's Pico's first fight in the octagon. The former Bellator prospect and wrestling champion has nine wins via knockout. Murphy lands 4.53 significant strikes per minute and averages 1.45 takedowns landed per 15 minutes. He’s done some boxing training, which also makes him a lethal striker. Pico has the confidence, though his resume doesn’t compare to Murphy's. However, a left hook to the liver can still cause harm, regardless of who the opponent is. Pico can control all angles of the fight, but must get after a slippery Murphy. There was a point where he was the most wanted man in MMA. Pico should prove why in a tough fight where he breaks down Murphy's body. Sporting News prediction: Pico via TKO (round two) Geoff Neal vs. Carlos Prates; Welterweights Per the FanDuel Sportsbook, Carlos Prates is the -265 favorite, while Geoff Neal is the +200 underdog. Prates lands 3.60 significant strikes per minute and absorbs 4.79 strikes. He has great cardio despite being a known cigarette smoker. Neal lands 5.50 significant strikes and absorbs 5.44 shots. It’s a fight to prove if Prates is the real deal after saying he didn’t listen to his corner in his last contest. Neal is technical, but he may come forward. Prates wants that so they can duke it out. The latter is more comfortable even when feeling tired and could outlast Neal. Sporting News prediction: Prates via TKO (round one) Jared Cannonier vs. Michael ""Venom"" Page; Middleweights Per the FanDuel Sportsbook, ""MVP"" is the -205 favorite, while Jared Cannonier is the +158 underdog. Page is a former kickboxing champion and Bellator title contender. He landed 41 significant strikes in his octagon debut against Kevin Holland. In just a short period of time, Page has landed 2.53 significant strikes. Cannonier lands 4.60 significant strikes and absorbs 4.49 strikes. He averages 0.46 takedowns landed. Cannonier can strike with the best of them, but is not all that technical. Page is one of the most creative finishers in MMA. He can hang back and land one big counter shot for the win. His opponent presses forward, which is not ideal. Until proven otherwise, Page is the faster fighter who can force the fight in his favor. Sporting News prediction: Page via unanimous decision Tim Elliott vs. Kai Asakura; Flyweights Per the FanDuel Sportsbook, Kai Asakura is the -350 favorite, while Tim Elliot is the +255 underdog. Asakura lost his last fight for gold, getting taken down three times. He has thirteen wins via knockout and three via submission. Elliott lands 3.39 significant strikes per minute and averages 3.73 takedowns landed per 15 minutes. MORE: Top 10 women's fights in MMA history One of Asakura's most significant advantages is his size. He was a bantamweight in RIZIN and competes in a proper flyweight fight. Elliott is 38, but can easily control the fight on the floor. Asakura can knock his head off, but it’s unknown if he can adapt when being brought down in the octagon, something Elliott can take advantage of. Sporting News prediction: Elliott via submission (round two) Gerald Meerschaert vs. Michal Oleksiejczuk; Middleweights Per the FanDuel Sportsbook, Michal Oleksiejczuk is the -250 favorite, while Gerald Meerschaert is the +190 underdog. Oleksiejczuk lands 5.27 significant strikes per minute and averages 1.05 takedowns landed per 15 minutes. He absorbs 4.51 significant strikes. Meerschaert lands 3.05 significant strikes and averages 1.86 takedowns landed. Since losing against Chimaev, he’s gone 6-5. On the floor, Oleksiejczuk might have the edge. He will have the edge on the feet, especially if the fight turns into a brawl. Meerschaert is as tough as they come, but his recent luck is not providing confidence in his ability to win. Sporting News prediction: Oleksiejczuk via TKO (round one) Jessica Andrade vs. Loopy Godinez; Strawweights Per the FanDuel Sportsbook, Loopy Godinez is the -160 favorite, while Jessica Andrade is the +124 underdog. Andrade lands 6.39 significant strikes per minute and absorbs 5.49 strikes. The busy fighter has fought eight times since 2023. Godinez lands 4.28 significant strikes and averages 3.12 takedowns landed per 15 minutes. She has landed eight in her last two fights. Against some of the top fighters in the division, Godinez has struggled. However, she faces a former champion in Andrade, who has recently sustained significant damage. Andrade still packs a punch, but the competition continues to adapt. Godinez should be able to glide past Andrade and give her some trouble early on, especially on the floor. Sporting News prediction: Godinez via unanimous decision Baysangur Susurkaev vs. Eric Nolan; Middleweights Betting odds are not yet available for this fight. Susurkaev fought days ago, earning a contract after a knockout win on Dana White's Contender Series. He has eight wins via knockout. Nolan has four wins via knockout, winning three straight via the power punch. It is a risky fight for Susurkaev, looking to prove himself after an impressive debut in the octagon. However, he’s ready to do whatever it takes to win. Both will be swinging away, and if all goes according to plan, Susurkaev should win via knockout. Sporting News prediction: Susurkaev via KO (round one) Chase Hooper vs. Alexander Hernandez; Lightweights Per the FanDuel Sportsbook, Chase Hooper is the -350 favorite, while Alexander Hernandez is the +255 underdog. Hooper lands 4.53 significant strikes per minute. He also averages 2.59 takedowns landed per 15 minutes, landing twelve in his last three fights. Hernandez lands 4.38 significant strikes and averages 1.24 takedowns. Since calling out and losing to Donald Cerrone, Hernandez has traded wins and losses. Against top-tier strikers, Hernandez has struggled. Hooper has managed to work past elder fighters and forced slippery fighters to submit. The latter appears more loose compared to Hernandez, and could force him to make a mistake, which has happened more frequently of late, and submit him. Sporting News prediction: Hooper via submission (round two) Edson Barboza vs. Drakkar Klose; Lightweights Per the FanDuel Sportsbook, Edson Barboza is the -146 favorite, while Drakkar Kloose is the +114 underdog. Barboza lands 4.11 significant strikes per minute and has a 44% strike accuracy mark. He averages 0.45 takedowns landed per 15 minutes, but is susceptible to the takedown. Klose lands 4.33 significant strikes and has a 55% accuracy mark. He averages 1.65 takedowns landed. Barboza struggled against Lerone Murphy last time out, getting hit with 220 significant strikes. Klose's strikes hurt, but he can make mistakes, which forces him to defend against the opposition’s strikes. Barboza is solid within the clinch and has a significant reach advantage. Expect both to help Barboza’s cause in the fight. Sporting News prediction: Barboza via unanimous decision Bryan Battle vs. Nursulton Ruziboev; Middleweights Per the FanDuel Sportsbook, Bryan Battle is the -174 favorite, while Nursulton Ruziboev is the +136 underdog. Battle lands 5.12 significant strikes per minute and has a 52% strike accuracy mark. He is susceptible to the takedown. Ruziboev averages around 0.75 takedowns landed per 15 minutes. Ruziboev lands 2.59 significant strikes and has a 46% strike accuracy mark. Against Joaquin Buckley, Ruziboev struggled to put him away. The colorful Battle has used his hands to strike through his opponent’s defense, improving with each fight. Given the level of competition both have faced and his growth, Battle may walk out with another win. Hopefully, he gets the mic after. Sporting News prediction: Battle via unanimous decision Karine Silva vs. Dione Barbosa; Flyweights Per the FanDuel Sportsbook, Karine Silva is the -235 favorite, while Dione Barbosa is the +180 underdog. Silva lands 3.04 significant strikes per minute, has a 38% strike accuracy mark, and averages 2.79 takedowns landed per 15 minutes. She has landed nine takedowns in five fights. Barbosa lands 2.35 strikes, has a 50% strike accuracy mark, and averages 1.93 takedowns. She's landed five takedowns in four UFC fights. Despite losing her last fight, Silva can attack from all angles. “Killer” may give Barbosa trouble on the floor and can even strike her down. However, Barbosa is sneaky. She has recently faced and thrived against elite-level competition, leading The Sporting News to believe an early upset is possible.",2025-08-14,https://www.sportingnews.com/us/betting/news/ufc-319-predictions-expert-betting-odds-dricus-du-plessis-vs-khamzat-chimaev/9ac8fb0f02acb6d8cc0b471b
UFC 319: Make your predictions for Dricus Du Plessis vs. Khamzat Chimaev,"UFC UFC 319: Make your predictions for Dricus Du Plessis vs. Khamzat Chimaev UFC returns to Chicago for first time in six years Matt Erickson MMA Junkie We want your predictions for UFC 319. Our staff picks feature includes the consensus picks from MMA Junkie readers. Simply cast your vote for each bout below, and we'll use the official tallies that are registered by Friday at noon ET (9 a.m. PT). Those reader consensus picks will be part of the main card staff predictions we release ahead of UFC 319 (pay-per-view, ESPN, ESPN+), which takes place Saturday at United Center in Chicago. Make your picks below. Dione Barbosa vs. Karine Silva - Records: Barbosa (8-3 MMA, 2-1 UFC), Silva (18-5 MMA, 4-1 UFC) - Division: Women’s flyweight - Rankings: Silva honorable mention - Odds (as of 08.11.25): Barbosa +140, Silva -180 Bryan Battle vs. Nursulton Ruziboev - Records: Battle (12-2 MMA, 7-1 UFC), Ruziboev (36-9-2 MMA, 4-1 UFC) - Division: Middleweight - Rankings: None - Odds (as of 08.11.25): Battle -185, Ruziboev +145 Edson Barboza vs. Drakkar Klose - Records: Barboza (24-12 MMA, 18-12 UFC), Klose (15-3-1 MMA, 9-3 UFC) - Division: Lightweight - Rankings: None - Odds (as of 08.11.25): Barboza -170, Klose +130 Alexander Hernandez vs. Chase Hooper - Records: Hernandez (16-8 MMA, 8-7 UFC), Hooper (16-3-1 MMA, 8-3 UFC) - Division: Lightweight - Rankings: None - Odds (as of 08.11.25): Hernandez +230, Hooper -310 Jessica Andrade vs. Loopy Godinez - Records: Andrade (26-14 MMA, 17-12 UFC), Godinez (13-5 MMA, 8-5 UFC) - Division: Women’s strawweight - Rankings: Andrade No. 5, Godinez No. 8 - Odds (as of 08.11.25): Andrade +145, Godinez -190 Gerald Meerschaert vs. Michal Oleksiejczuk - Records: Meerschaert (37-19 MMA, 12-11 UFC), Oleksiejczuk (20-9 MMA, 8-7 UFC) - Division: Middleweight - Rankings: None - Odds (as of 08.11.25): Meerschaert +195, Oleksiejczuk -260 Diego Ferreira vs. King Green - Records: Ferreira (19-6 MMA, 10-6 UFC), Green (32-17-1 MMA, 13-12-1 UFC) - Division: Lightweight - Rankings: None - Odds (as of 08.11.25): Ferreira -205, Green +160 Kai Asakura vs. Tim Elliott - Records: Asakura (21-5 MMA, 0-1 UFC), Elliott (20-14-1 MMA, 9-11 UFC) - Division: Flyweight - Rankings: Asakura No. 12 - Odds (as of 08.11.25): Asakura -340, Elliott +255 Jared Cannonier vs. Michael Page - Records: Cannonier (18-8 MMA, 11-8 UFC), Page (23-3 MMA, 2-1 UFC) - Division: Middleweight - Rankings: Cannonier No. 9 - Odds (as of 08.11.25): Cannonier +135, Page -175 Geoff Neal vs. Carlos Prates - Records: Neal (16-6 MMA, 8-4 UFC), Prates (21-7 MMA, 4-1 UFC) - Division: Welterweight - Rankings: Prates No. 14 - Odds (as of 08.11.25): Neal +200, Prates -265 Lerone Murphy vs. Aaron Pico - Records: Murphy (16-0-1 MMA, 8-0-1 UFC), Pico (13-4 MMA, 0-0 UFC) - Division: Featherweight - Rankings: Murphy No. 6, Pico honorable mention - Odds (as of 08.11.25): Murphy +125, Pico -160 Dricus Du Plessis vs. Khamzat Chimaev - Records: Du Plessis (23-2 MMA, 9-0 UFC), Chimaev (14-0 MMA, 8-0 UFC) - Division: Middleweight - Rankings: Du Plessis No. 1, No. 5 pound-for-pound; Chimaev No. 2, No. 13 pound-for-pound - Odds (as of 08.11.25): Du Plessis +165, Chimaev -215 UFC 319 fight card (as of Aug. 11, 2 p.m. ET) MAIN CARD (Pay-per-view, 10 p.m. ET) - Champ Dricus Du Plessis vs. Khamzat Chimaev – for middleweight title - Lerone Murphy vs. Aaron Pico - Geoff Neal vs. Carlos Prates - Jared Cannonier vs. Michael Page - Kai Asakura vs. Tim Elliott PRELIMINARY CARD (ESPN, ESPN+, 8 p.m. ET) - Diego Ferreira vs. King Green - Gerald Meerschaert vs. Michal Oleksiejczuk - Jessica Andrade vs. Loopy Godinez - Alexander Hernandez vs. Chase Hooper PRELIMINARY CARD (ESPN+, 6 p.m. ET) - Edson Barboza vs. Drakkar Klose - Bryan Battle vs. Nursulton Ruziboev - Dione Barbosa vs. Karine Silva - Alibi Idiris vs. Joseph Morales – “TUF 33” flyweight final - TBA – “TUF 33” welterweight final",2025-08-11,https://mmajunkie.usatoday.com/story/sports/ufc/2025/08/11/ufc-319-dricus-du-plessis-vs-khamzat-chimaev-middleweight-title-reader-predictions-picks/85615693007/
"UFC 319 ‘Du Plessis vs. Chimaev’ Play-by-Play, Results & Round Scoring","UFC 319 ‘Du Plessis vs. Chimaev’ Play-by-Play, Results & Round Scoring - Dricus Du Plessis (185) vs. Khamzat Chimaev (183) - Lerone Murphy (146) vs. Aaron Pico (145) - Geoff Neal (171) vs. Carlos Prates (170) - Jared Cannonier (186) vs. Michael Page (186) - Kai Asakura (126) vs. Tim Elliott (126) - Eric Nolan (183) vs. Baysangur Susurkaev (186) - Gerald Meerschaert (185) vs. Michal Oleksiejczuk (186) - Jessica Andrade (116) vs. Lupita Godinez (115) - Alexander Hernandez (156) vs. Chase Hooper (155) - Edson Barboza (155.5) vs. Drakkar Klose (156) - Dione Barbosa (125.5) vs. Karine Silva (125) - Alibi Idiris (126) vs. Joseph Morales (126) Advertisement Alibi Idiris (126) vs. Joseph Morales (126) BETTING PREVIEW | SCOUTING REPORT | ODDS: Idiris (-450), Morales (+350)Round 1 Sherdog Scores Jay Pettry scores the round:Devin Tejada scores the round: Scottie Smith scores the round: Round 2 Sherdog Scores Jay Pettry scores the round:Devin Tejada scores the round: Scottie Smith scores the round: Round 3 Sherdog Scores Jay Pettry scores the round:Devin Tejada scores the round: Scottie Smith scores the round: The Official Result Dione Barbosa (125.5) vs. Karine Silva (125) BETTING PREVIEW | SCOUTING REPORT | ODDS: Silva (-218), Barbosa (+180)Round 1 Sherdog Scores Jay Pettry scores the round:Devin Tejada scores the round: Scottie Smith scores the round: Round 2 Sherdog Scores Jay Pettry scores the round:Devin Tejada scores the round: Scottie Smith scores the round: Round 3 Sherdog Scores Jay Pettry scores the round:Devin Tejada scores the round: Scottie Smith scores the round: The Official Result Edson Barboza (155.5) vs. Drakkar Klose (156) BETTING PREVIEW | SCOUTING REPORT | ODDS: Barboza (-142), Klose (+120)Round 1 Sherdog Scores Jay Pettry scores the round:Devin Tejada scores the round: Scottie Smith scores the round: Round 2 Sherdog Scores Jay Pettry scores the round:Devin Tejada scores the round: Scottie Smith scores the round: Round 3 Sherdog Scores Jay Pettry scores the round:Devin Tejada scores the round: Scottie Smith scores the round: The Official Result Alexander Hernandez (156) vs. Chase Hooper (155) BETTING PREVIEW | SCOUTING REPORT | ODDS: Hooper (-345), Hernandez (+275)Round 1 Sherdog Scores Jay Pettry scores the round:Devin Tejada scores the round: Scottie Smith scores the round: Round 2 Sherdog Scores Jay Pettry scores the round:Devin Tejada scores the round: Scottie Smith scores the round: Round 3 Sherdog Scores Jay Pettry scores the round:Devin Tejada scores the round: Scottie Smith scores the round: The Official Result Jessica Andrade (116) vs. Lupita Godinez (115) BETTING PREVIEW | SCOUTING REPORT | ODDS: Godinez (-148), Andrade (+124)Round 1 Sherdog Scores Jay Pettry scores the round:Devin Tejada scores the round: Scottie Smith scores the round: Round 2 Sherdog Scores Jay Pettry scores the round:Devin Tejada scores the round: Scottie Smith scores the round: Round 3 Sherdog Scores Jay Pettry scores the round:Devin Tejada scores the round: Scottie Smith scores the round: The Official Result Gerald Meerschaert (185) vs. Michal Oleksiejczuk (186) BETTING PREVIEW | SCOUTING REPORT | ODDS: Oleksiejczuk (-218), Meerschaert (+180)Round 1 Sherdog Scores Jay Pettry scores the round:Devin Tejada scores the round: Scottie Smith scores the round: Round 2 Sherdog Scores Jay Pettry scores the round:Devin Tejada scores the round: Scottie Smith scores the round: Round 3 Sherdog Scores Jay Pettry scores the round:Devin Tejada scores the round: Scottie Smith scores the round: The Official Result Eric Nolan (183) vs. Baysangur Susurkaev (186) Round 1 Sherdog Scores Jay Pettry scores the round:Devin Tejada scores the round: Scottie Smith scores the round: Round 2 Sherdog Scores Jay Pettry scores the round:Devin Tejada scores the round: Scottie Smith scores the round: Round 3 Sherdog Scores Jay Pettry scores the round:Devin Tejada scores the round: Scottie Smith scores the round: The Official Result Kai Asakura (126) vs. Tim Elliott (126) BETTING PREVIEW | SCOUTING REPORT | ODDS: Asakura (-310), Elliott (+250)Round 1 Sherdog Scores Jay Pettry scores the round:Devin Tejada scores the round: Scottie Smith scores the round: Round 2 Sherdog Scores Jay Pettry scores the round:Devin Tejada scores the round: Scottie Smith scores the round: Round 3 Sherdog Scores Jay Pettry scores the round:Devin Tejada scores the round: Scottie Smith scores the round: The Official Result Jared Cannonier (186) vs. Michael Page (186) BETTING PREVIEW | SCOUTING REPORT | ODDS: Page (-192), Cannonier (+160)Round 1 Sherdog Scores Jay Pettry scores the round:Devin Tejada scores the round: Scottie Smith scores the round: Round 2 Sherdog Scores Jay Pettry scores the round:Devin Tejada scores the round: Scottie Smith scores the round: Round 3 Sherdog Scores Jay Pettry scores the round:Devin Tejada scores the round: Scottie Smith scores the round: The Official Result Geoff Neal (171) vs. Carlos Prates (170) BETTING PREVIEW | SCOUTING REPORT | ODDS: Prates (-250), Neal (+205)Round 1 Sherdog Scores Jay Pettry scores the round:Devin Tejada scores the round: Scottie Smith scores the round: Round 2 Sherdog Scores Jay Pettry scores the round:Devin Tejada scores the round: Scottie Smith scores the round: Round 3 Sherdog Scores Jay Pettry scores the round:Devin Tejada scores the round: Scottie Smith scores the round: The Official Result Lerone Murphy (146) vs. Aaron Pico (145) BETTING PREVIEW | SCOUTING REPORT | ODDS: Pico (-185), Murphy (+154)Round 1 Sherdog Scores Jay Pettry scores the round:Devin Tejada scores the round: Scottie Smith scores the round: Round 2 Sherdog Scores Jay Pettry scores the round:Devin Tejada scores the round: Scottie Smith scores the round: Round 3 Sherdog Scores Jay Pettry scores the round:Devin Tejada scores the round: Scottie Smith scores the round: The Official Result UFC Middleweight Title Fight: Dricus Du Plessis (185) vs. Khamzat Chimaev (183) BETTING PREVIEW | SCOUTING REPORT | ODDS: Chimaev (-238), du Plessis (+195)Round 1 Sherdog Scores Jay Pettry scores the round:Devin Tejada scores the round: Scottie Smith scores the round: Round 2 Sherdog Scores Jay Pettry scores the round:Devin Tejada scores the round: Scottie Smith scores the round: Round 3 Sherdog Scores Jay Pettry scores the round:Devin Tejada scores the round: Scottie Smith scores the round: Round 4 Sherdog Scores Jay Pettry scores the round:Devin Tejada scores the round: Scottie Smith scores the round: Round 5 Sherdog Scores Jay Pettry scores the round:Devin Tejada scores the round: Scottie Smith scores the round: The Official Result More",2025-08-16,https://www.sherdog.com/news/news/UFC-319-Du-Plessis-vs-Chimaev-PlaybyPlay-Results-Round-Scoring-198064
Edson Barboza vs Drakkar Klose,"UFC 319 fight card, start time, date and location for the upcoming Dricus du Plessis vs. Khamzat Chimaev-led championship pay-per-view (PPV) event on Sat., Aug 16, 2025, inside United Center in... Date: August 16, 2025 | Edson Barboza | Drakkar Klose | | |---|---|---| | age | 37 | | | 5'11"" | height | 5'8 | | 155 | weight | 155lbs |",2025-06-17,https://www.mmafighting.com/fight/15748/edson-barboza-vs-drakkar-klose
UFC 319 Predictions & Odds Today: Expert Picks for Saturday's Dricus Du Plessis vs. Khamzat Chimaev Card,"UFC 319 Predictions & Odds Today: Expert Picks for Dricus Du Plessis vs. Khamzat Chimaev Last Updated: August 16, 2025 6:44 AM EDT • 4 minute read X Social Google News Link Dricus Du Plessis aims to defend his middleweight crown for the third time at UFC 319, and my UFC 319 predictions and odds back the South African to hold off Khamzat Chimaev. Despite entering as a +200 underdog, Du Plessis is one of my three UFC 319 best bets for Saturday’s card, which kicks off at 10 p.m. ET (ESPN+ PPV) from United Center in Chicago. Chimaev sits as the -250 favorite at top UFC betting sites, with the Over/Under for rounds set at 2.5. My UFC 319 best bets lean on the champion and betting underdog in the main event as one of my three favorite picks for Saturday night. 💰 UFC predictions, odds, & picks: Dricus Du Plessis vs. Khamzat Chimaev (Odds via our best UFC betting sites; UFC picks confidence based on a 1-to-5-star scale) - Dricus Du Plessis moneyline vs. Khamzat Chimaev (+210 via DraftKings) ⭐⭐⭐ - Michael Page to win by decision vs. Jared Cannonier (+100 via BetMGM) ⭐⭐⭐⭐ - Edson Barboza to win by KO/TKO/DQ vs. Drakkar Klose (+280 via FanDuel) ⭐⭐⭐ 🎯 UFC 319 predictions and best bets 🏆 Dricus Du Plessis moneyline vs. Khamzat Chimaev ⭐⭐⭐ 📊 Best odds: +210 via DraftKings ($10 to win $21) Each product featured on our website has been meticulously researched and selected by our team of experts. If you sign up through our links, we may get a commission. The challenger enters this title bout as the sizable betting favorite at the best sports betting sites. It's not without good reason either, as Chimaev has taken the UFC by storm since his 2020 debut. He's overpowered every opponent since, maintaining an unblemished professional record and an 8-0 clip under the promotion. Twelve of Chimaev's 14 wins have come inside the distance, as well. Although he's known for his technical grappling, he's also a proficient striker. ""Borz"" has a balanced resume with six wins apiece via submission and KO/TKO. There are question marks surrounding the Emirati's battery and experience, though, as this is his first shot at a belt. The same cannot be said for Du Plessis, who has successfully defended his middleweight belt on numerous occasions. The South African's last three fights have bled into the championship rounds, but he remains a perfect 9-0 in the UFC. I believe Du Plessis has enough in the tank to fend off Chimaev's submission attempts and outlast him in the latter stages. While I like the champ to retain his belt via the judge's scorecards for a third time in his last four fights, there's no need to go out on a limb with DDP's moneyline odds offering plenty of value. 🥊 Michael Page to win by decision vs. Jared Cannonier ⭐⭐⭐⭐ 📊 Best odds: +100 via BetMGM ($10 to win $10) Each product featured on our website has been meticulously researched and selected by our team of experts. If you sign up through our links, we may get a commission. Cannonier is a popular underdog pick for this pay-per-view event due to his raw power and weight advantage as a natural middleweight. He's a close-combat striker with menacing combinations complemented by constant leg kicks. ""The Killa Gorilla"" has made a career out of using his big frame to close down opponents in the octagon, forcing them to fight his way. However, Page simply won't allow for that to happen. The 38-year-old, a natural welterweight, will use his length and speed to attack in bursts, dictating the tempo from a distance. ""Venom"" might lack the knockout power needed to finish Cannonier inside the distance, but he more than makes up for that middleweight power deficiency with adeptness and versatility. The best sports betting apps agree in the sense that they view Page (-189) as an overwhelming favorite. I'm predicting Page will pick up his third victory via decision in his last four fights. This is a much more profitable market than the moneyline, offering an even-money return on winning wagers with BetMGM. 🥊 Edson Barboza to win by KO/TKO/DQ vs. Drakkar Klose ⭐⭐⭐ 📊 Best odds: +280 via FanDuel ($10 to win $28) Each product featured on our website has been meticulously researched and selected by our team of experts. If you sign up through our links, we may get a commission. How long can Barboza keep this fight off the mats? That's the pivotal question heading into this prelim bout. If he can defend Klose's takedown attempts early on and win the war of attrition with the American using his punishing kickboxing, he should be able to wear down Klose enough to fend off further wrestling endeavors. Keeping this fight vertical will be Barboza's biggest challenge but also his key to victory. He's a much more gifted striker than his 37-year-old counterpart, who struggles with fighters cut from this cloth. My money is on the Brazilian to hand Klose his second consecutive knockout at a profitable price. However, if you prefer to play a more basic market, Barboza moneyline is still playable at -140 with the best sportsbooks. 📈 UFC 319 betting insights Here are some betting insights from BetMGM ahead of UFC 319: - The most popular prop is Du Plessis to win by KO/TKO or DQ at +525 - Bettors are torn on the main event, with Du Plessis receiving 65% of the bets to win at +155, but Chimaev getting 77% of the handle at -190 - Klose is receiving a dramatic 82% of the handle at +125 vs. Barboza but just 57% of the bets (21+. Gambling Problem? Call 1-800-GAMBLER) * Bonuses not applicable in Ontario. Not intended for use in MA. Each betting site featured on SBR has been meticulously researched and selected by our team of experts. If you sign up through our links, we may get a commission. Gabe Henderson X social",2025-08-15,https://www.sportsbookreview.com/picks/ufc/best-bets-odds-ufc-319-aug-16-2025/
"UFC 319 Predictions: Odds, Card Breakdown, and Best Bets for Saturday, August 16","Live from the United Center in Chicago, IL, we have an amazing card at UFC 319. The Middleweight title is on the line as current champ Dricus Du Plessis takes on undefeated challenger Khamzat Chimaev. We also have a ton of other fights lining this entire card. Today, I will break down my 3 favorite bets for this weekend’s fight card. Let’s get into it! This should be a fun fight against two pretty high-level guys early in the card. Barboza is one of the greatest strikers to ever grace the UFC Octagon. He has a career UFC record of 18-12 with 8 KO/TKOs in that span. He now takes on Drakkar Klose, who is 9-3 in his UFC career, but is coming off a brutal KO loss back in December. Klose is a very strong and explosive fighter, but he will have a tough time cracking the striking ability of Barboza. Both of these guys are pretty old, Barboza at 39 and Klose at 37, but they still have some fight left in the tank. I think Barboza and his legendary kicks will give him this fight. I think he will manage the distance well and capitalize when Klose needs to close the distance. MY PICK: Edson Barboza -140 I cannot wait for this fight. Aaron Pico is making his highly anticipated UFC debut against one of the UFC’s hottest prospects, Lerone Murphy. Both of these guys are extremely explosive and could be potential challengers in the lightweight division. This fight comes with a ton of question marks, though. The last Bellator phenom we saw in the UFC, Patchy Mix, got dismantled. So, can Pico change the tune? I think Pico needs to lean on his wrestling background in this fight. He was a junior world freestyle champion and the number one recruit in the nation before foregoing college and fighting full-time. Murphy is a very dangerous striker, and while Pico is also skilled in his striking game, he needs to play to his strengths. Give me Pico to give Murphy his first career loss this weekend, but in a close decision. MY PICK: Aaron Pico +140 Here. We. Go. The Middleweight title is on the line as current champ DDP takes on terrifying challenger Khamzat Chimaev. This fight is guaranteed to be fireworks, as Chimaev is known for his high-paced attacking, and DDP is known for his unorthodox, but brutal, style of fighting. DDP’s last loss as a pro was all the way back in 2018, and since then, he has beaten everyone in his path, including Israel Adesanya, Robert Whittaker, and Sean Strickland. Chimaev has never lost, and his 2 latest wins were against former champions Robert Whittaker and Kamaru Usman. He has proven he is legit in every way, and now he finally gets his title shot. Chimaev is a big favorite in this one, sitting at -258 at the time of me writing this. DDP is as tough as they come, and his unorthodox style of striking has given people tons of problems. The issue with that is Khamzat won’t be looking to stand for too long. Chimaev has an average control time of 55.2% in his UFC career, meaning he is in a dominant position in grappling more than half the time he's fought in the UFC. I love DDP, and I think he has a chance here, but I’m not sure he will be able to handle the onslaught of Khamzat. I think Khamzat takes his back and ends it pretty early. MY PICK: Khamzat Chimaev by Submission +130",2025-08-16,https://www.bettorsinsider.com/mma/2025/08/16/ufc-319-predictions-odds-card-breakdown-and-best-bets-for-saturday-august-16
"UFC 319 predictions: Expert betting picks, odds for each fight on Dricus du Plessis vs. Khamzat Chimaev card | Sporting News","Khamzat Chimaev is ready to take over the UFC. He will first have to get past the crafty Dricus du Plessis, who defends his middleweight title at UFC 319 on August 16 inside the United Center. du Plessis (23-2) became the first South African to become UFC champion. Winner of eleven straight fights, the former kickboxing star has beaten three former champions. He has learned to adapt in every fight with his unique offense. The fight is a long time coming for Chimaev (14-0), who recently broke the jaw of Robert Whittaker. One of the most dangerous fighters in MMA, the Chechen had a rocket ship strapped to his back early, and a win could propel him to superstardom. UFC 319 will also see the octagon debut of Aaron Pico and the returns of Michael Page and Kai Asakura. Jessica Andrade once again competes this year, as does the surging Chase Hooper. With the help of the FanDuel Sportsbook, The Sporting News makes predictions on the entire card at UFC 319. UFC 319 expert picks and full card predictions Dricus du Plessis (c) vs. Khamzat Chimaev for the UFC middleweight title Per the FanDuel Sportsbook, Khamzat Chimaev is the -260 favorite, while Dricus du Plessis is the +196 underdog. Chimaev lands 5.36 significant strikes per minute, has a 58% strike accuracy mark, and averages 4.31 takedowns landed per 15 minutes. He's competed in three fights where his opponents have landed zero significant strikes. du Plessis lands 6.12 significant strikes, has a 48% strike accuracy mark, and averages 2.55 takedowns landed. He's landed 374 significant strikes in three fights. It’s one of the most appetizing title fights of the last few years. Both have high skill levels and have everything to gain and lose. Chimaev was destined for superstardom since his UFC debut, before a COVID-19 infection affected his career. Still, he’s a killer, using ground and pound to decimate the opposition. du Plessis has only been taken down three times in the UFC and is one of the most unorthodox fighters in MMA history. Just ask Israel Adesanya and Sean Strickland. MORE: How to bet on combat sports While not a serious factor, “DDP” is known for playing mind games. If he gets into Chimaev’s head and forces him to make mistakes, du Plessis can take advantage. One thing against the champion is that he’s offensively open, which Chimaev can easily take advantage of. For Chimaev, does he have a lengthy gas tank after the first round, especially against someone like du Plessis? If Chimaev can grapple early, he should finish the fight in the first round. If it goes past the first? du Plessis will force him to work and slip by a few grappling attempts. Dricus may not knock him out, but he could give Chimaev trouble if his cardio is on point. Sporting News prediction: du Plessis via unanimous decision Lerone Murphy vs. Aaron Pico; Featherweights Per the FanDuel Sportsbook, Aaron Pico is the -184 favorite, while Lerone Murphy is the +142 underdog. It's Pico's first fight in the octagon. The former Bellator prospect and wrestling champion has nine wins via knockout. Murphy lands 4.53 significant strikes per minute and averages 1.45 takedowns landed per 15 minutes. He’s done some boxing training, which also makes him a lethal striker. Pico has the confidence, though his resume doesn’t compare to Murphy's. However, a left hook to the liver can still cause harm, regardless of who the opponent is. Pico can control all angles of the fight, but must get after a slippery Murphy. There was a point where he was the most wanted man in MMA. Pico should prove why in a tough fight where he breaks down Murphy's body. Sporting News prediction: Pico via TKO (round two) Geoff Neal vs. Carlos Prates; Welterweights Per the FanDuel Sportsbook, Carlos Prates is the -265 favorite, while Geoff Neal is the +200 underdog. Prates lands 3.60 significant strikes per minute and absorbs 4.79 strikes. He has great cardio despite being a known cigarette smoker. Neal lands 5.50 significant strikes and absorbs 5.44 shots. It’s a fight to prove if Prates is the real deal after saying he didn’t listen to his corner in his last contest. Neal is technical, but he may come forward. Prates wants that so they can duke it out. The latter is more comfortable even when feeling tired and could outlast Neal. Sporting News prediction: Prates via TKO (round one) Jared Cannonier vs. Michael ""Venom"" Page; Middleweights Per the FanDuel Sportsbook, ""MVP"" is the -205 favorite, while Jared Cannonier is the +158 underdog. Page is a former kickboxing champion and Bellator title contender. He landed 41 significant strikes in his octagon debut against Kevin Holland. In just a short period of time, Page has landed 2.53 significant strikes. Cannonier lands 4.60 significant strikes and absorbs 4.49 strikes. He averages 0.46 takedowns landed. Cannonier can strike with the best of them, but is not all that technical. Page is one of the most creative finishers in MMA. He can hang back and land one big counter shot for the win. His opponent presses forward, which is not ideal. Until proven otherwise, Page is the faster fighter who can force the fight in his favor. Sporting News prediction: Page via unanimous decision Tim Elliott vs. Kai Asakura; Flyweights Per the FanDuel Sportsbook, Kai Asakura is the -350 favorite, while Tim Elliot is the +255 underdog. Asakura lost his last fight for gold, getting taken down three times. He has thirteen wins via knockout and three via submission. Elliott lands 3.39 significant strikes per minute and averages 3.73 takedowns landed per 15 minutes. MORE: Top 10 women's fights in MMA history One of Asakura's most significant advantages is his size. He was a bantamweight in RIZIN and competes in a proper flyweight fight. Elliott is 38, but can easily control the fight on the floor. Asakura can knock his head off, but it’s unknown if he can adapt when being brought down in the octagon, something Elliott can take advantage of. Sporting News prediction: Elliott via submission (round two) Gerald Meerschaert vs. Michal Oleksiejczuk; Middleweights Per the FanDuel Sportsbook, Michal Oleksiejczuk is the -250 favorite, while Gerald Meerschaert is the +190 underdog. Oleksiejczuk lands 5.27 significant strikes per minute and averages 1.05 takedowns landed per 15 minutes. He absorbs 4.51 significant strikes. Meerschaert lands 3.05 significant strikes and averages 1.86 takedowns landed. Since losing against Chimaev, he’s gone 6-5. On the floor, Oleksiejczuk might have the edge. He will have the edge on the feet, especially if the fight turns into a brawl. Meerschaert is as tough as they come, but his recent luck is not providing confidence in his ability to win. Sporting News prediction: Oleksiejczuk via TKO (round one) Jessica Andrade vs. Loopy Godinez; Strawweights Per the FanDuel Sportsbook, Loopy Godinez is the -160 favorite, while Jessica Andrade is the +124 underdog. Andrade lands 6.39 significant strikes per minute and absorbs 5.49 strikes. The busy fighter has fought eight times since 2023. Godinez lands 4.28 significant strikes and averages 3.12 takedowns landed per 15 minutes. She has landed eight in her last two fights. Against some of the top fighters in the division, Godinez has struggled. However, she faces a former champion in Andrade, who has recently sustained significant damage. Andrade still packs a punch, but the competition continues to adapt. Godinez should be able to glide past Andrade and give her some trouble early on, especially on the floor. Sporting News prediction: Godinez via unanimous decision Baysangur Susurkaev vs. Eric Nolan; Middleweights Betting odds are not yet available for this fight. Susurkaev fought days ago, earning a contract after a knockout win on Dana White's Contender Series. He has eight wins via knockout. Nolan has four wins via knockout, winning three straight via the power punch. It is a risky fight for Susurkaev, looking to prove himself after an impressive debut in the octagon. However, he’s ready to do whatever it takes to win. Both will be swinging away, and if all goes according to plan, Susurkaev should win via knockout. Sporting News prediction: Susurkaev via KO (round one) Chase Hooper vs. Alexander Hernandez; Lightweights Per the FanDuel Sportsbook, Chase Hooper is the -350 favorite, while Alexander Hernandez is the +255 underdog. Hooper lands 4.53 significant strikes per minute. He also averages 2.59 takedowns landed per 15 minutes, landing twelve in his last three fights. Hernandez lands 4.38 significant strikes and averages 1.24 takedowns. Since calling out and losing to Donald Cerrone, Hernandez has traded wins and losses. Against top-tier strikers, Hernandez has struggled. Hooper has managed to work past elder fighters and forced slippery fighters to submit. The latter appears more loose compared to Hernandez, and could force him to make a mistake, which has happened more frequently of late, and submit him. Sporting News prediction: Hooper via submission (round two) Edson Barboza vs. Drakkar Klose; Lightweights Per the FanDuel Sportsbook, Edson Barboza is the -146 favorite, while Drakkar Kloose is the +114 underdog. Barboza lands 4.11 significant strikes per minute and has a 44% strike accuracy mark. He averages 0.45 takedowns landed per 15 minutes, but is susceptible to the takedown. Klose lands 4.33 significant strikes and has a 55% accuracy mark. He averages 1.65 takedowns landed. Barboza struggled against Lerone Murphy last time out, getting hit with 220 significant strikes. Klose's strikes hurt, but he can make mistakes, which forces him to defend against the opposition’s strikes. Barboza is solid within the clinch and has a significant reach advantage. Expect both to help Barboza’s cause in the fight. Sporting News prediction: Barboza via unanimous decision Bryan Battle vs. Nursulton Ruziboev; Middleweights Per the FanDuel Sportsbook, Bryan Battle is the -174 favorite, while Nursulton Ruziboev is the +136 underdog. Battle lands 5.12 significant strikes per minute and has a 52% strike accuracy mark. He is susceptible to the takedown. Ruziboev averages around 0.75 takedowns landed per 15 minutes. Ruziboev lands 2.59 significant strikes and has a 46% strike accuracy mark. Against Joaquin Buckley, Ruziboev struggled to put him away. The colorful Battle has used his hands to strike through his opponent’s defense, improving with each fight. Given the level of competition both have faced and his growth, Battle may walk out with another win. Hopefully, he gets the mic after. Sporting News prediction: Battle via unanimous decision Karine Silva vs. Dione Barbosa; Flyweights Per the FanDuel Sportsbook, Karine Silva is the -235 favorite, while Dione Barbosa is the +180 underdog. Silva lands 3.04 significant strikes per minute, has a 38% strike accuracy mark, and averages 2.79 takedowns landed per 15 minutes. She has landed nine takedowns in five fights. Barbosa lands 2.35 strikes, has a 50% strike accuracy mark, and averages 1.93 takedowns. She's landed five takedowns in four UFC fights. Despite losing her last fight, Silva can attack from all angles. “Killer” may give Barbosa trouble on the floor and can even strike her down. However, Barbosa is sneaky. She has recently faced and thrived against elite-level competition, leading The Sporting News to believe an early upset is possible.",2025-08-14,https://www.sportingnews.com/us/betting/news/ufc-319-predictions-expert-betting-odds-dricus-du-plessis-vs-khamzat-chimaev/9ac8fb0f02acb6d8cc0b471b
UFC 319: Make your predictions for Dricus Du Plessis vs. Khamzat Chimaev,"UFC UFC 319: Make your predictions for Dricus Du Plessis vs. Khamzat Chimaev UFC returns to Chicago for first time in six years Matt Erickson MMA Junkie We want your predictions for UFC 319. Our staff picks feature includes the consensus picks from MMA Junkie readers. Simply cast your vote for each bout below, and we'll use the official tallies that are registered by Friday at noon ET (9 a.m. PT). Those reader consensus picks will be part of the main card staff predictions we release ahead of UFC 319 (pay-per-view, ESPN, ESPN+), which takes place Saturday at United Center in Chicago. Make your picks below. Dione Barbosa vs. Karine Silva - Records: Barbosa (8-3 MMA, 2-1 UFC), Silva (18-5 MMA, 4-1 UFC) - Division: Women’s flyweight - Rankings: Silva honorable mention - Odds (as of 08.11.25): Barbosa +140, Silva -180 Bryan Battle vs. Nursulton Ruziboev - Records: Battle (12-2 MMA, 7-1 UFC), Ruziboev (36-9-2 MMA, 4-1 UFC) - Division: Middleweight - Rankings: None - Odds (as of 08.11.25): Battle -185, Ruziboev +145 Edson Barboza vs. Drakkar Klose - Records: Barboza (24-12 MMA, 18-12 UFC), Klose (15-3-1 MMA, 9-3 UFC) - Division: Lightweight - Rankings: None - Odds (as of 08.11.25): Barboza -170, Klose +130 Alexander Hernandez vs. Chase Hooper - Records: Hernandez (16-8 MMA, 8-7 UFC), Hooper (16-3-1 MMA, 8-3 UFC) - Division: Lightweight - Rankings: None - Odds (as of 08.11.25): Hernandez +230, Hooper -310 Jessica Andrade vs. Loopy Godinez - Records: Andrade (26-14 MMA, 17-12 UFC), Godinez (13-5 MMA, 8-5 UFC) - Division: Women’s strawweight - Rankings: Andrade No. 5, Godinez No. 8 - Odds (as of 08.11.25): Andrade +145, Godinez -190 Gerald Meerschaert vs. Michal Oleksiejczuk - Records: Meerschaert (37-19 MMA, 12-11 UFC), Oleksiejczuk (20-9 MMA, 8-7 UFC) - Division: Middleweight - Rankings: None - Odds (as of 08.11.25): Meerschaert +195, Oleksiejczuk -260 Diego Ferreira vs. King Green - Records: Ferreira (19-6 MMA, 10-6 UFC), Green (32-17-1 MMA, 13-12-1 UFC) - Division: Lightweight - Rankings: None - Odds (as of 08.11.25): Ferreira -205, Green +160 Kai Asakura vs. Tim Elliott - Records: Asakura (21-5 MMA, 0-1 UFC), Elliott (20-14-1 MMA, 9-11 UFC) - Division: Flyweight - Rankings: Asakura No. 12 - Odds (as of 08.11.25): Asakura -340, Elliott +255 Jared Cannonier vs. Michael Page - Records: Cannonier (18-8 MMA, 11-8 UFC), Page (23-3 MMA, 2-1 UFC) - Division: Middleweight - Rankings: Cannonier No. 9 - Odds (as of 08.11.25): Cannonier +135, Page -175 Geoff Neal vs. Carlos Prates - Records: Neal (16-6 MMA, 8-4 UFC), Prates (21-7 MMA, 4-1 UFC) - Division: Welterweight - Rankings: Prates No. 14 - Odds (as of 08.11.25): Neal +200, Prates -265 Lerone Murphy vs. Aaron Pico - Records: Murphy (16-0-1 MMA, 8-0-1 UFC), Pico (13-4 MMA, 0-0 UFC) - Division: Featherweight - Rankings: Murphy No. 6, Pico honorable mention - Odds (as of 08.11.25): Murphy +125, Pico -160 Dricus Du Plessis vs. Khamzat Chimaev - Records: Du Plessis (23-2 MMA, 9-0 UFC), Chimaev (14-0 MMA, 8-0 UFC) - Division: Middleweight - Rankings: Du Plessis No. 1, No. 5 pound-for-pound; Chimaev No. 2, No. 13 pound-for-pound - Odds (as of 08.11.25): Du Plessis +165, Chimaev -215 UFC 319 fight card (as of Aug. 11, 2 p.m. ET) MAIN CARD (Pay-per-view, 10 p.m. ET) - Champ Dricus Du Plessis vs. Khamzat Chimaev – for middleweight title - Lerone Murphy vs. Aaron Pico - Geoff Neal vs. Carlos Prates - Jared Cannonier vs. Michael Page - Kai Asakura vs. Tim Elliott PRELIMINARY CARD (ESPN, ESPN+, 8 p.m. ET) - Diego Ferreira vs. King Green - Gerald Meerschaert vs. Michal Oleksiejczuk - Jessica Andrade vs. Loopy Godinez - Alexander Hernandez vs. Chase Hooper PRELIMINARY CARD (ESPN+, 6 p.m. ET) - Edson Barboza vs. Drakkar Klose - Bryan Battle vs. Nursulton Ruziboev - Dione Barbosa vs. Karine Silva - Alibi Idiris vs. Joseph Morales – “TUF 33” flyweight final - TBA – “TUF 33” welterweight final",2025-08-11,https://mmajunkie.usatoday.com/story/sports/ufc/2025/08/11/ufc-319-dricus-du-plessis-vs-khamzat-chimaev-middleweight-title-reader-predictions-picks/85615693007/
Edson Barboza Makes Lightweight Return In Fight With Drakkar Klose At UFC 319 In August,"Edson Barboza makes lightweight return in fight with Drakkar Klose at UFC 319 in August Veteran striking star, Edson Barboza is set to make his return to the lightweight limit later this summer, booking a showdown with perennial contender, Drakkar Klose at UFC 319 on August 16. from the United Center in Chicago, Illinois. Barboza, who made his featherweight divisional bow at the beginning of 2020, is set for his return to the lightweight for the first time since a 2019 rematch defeat to two-fight foe, Paul Felder in Abu Dhabi, UAE. As for Klose, the Michigan veteran saw his impressive four-fight winning run halted in spectacular fashion against Spaniard, Joel Alvarez — courtesy of a stunning flying knee back in December of last year at UFC Fight Night Tampa. Edson Barboza books return fight at UFC 319 against Drakkar Klose News of Edson Barboza’s return against Drakkar Klose was confirmed by the UFC in a press release obtained this evening. 24-12 as a professional, Brazilian star, Barboza has been out of action since he headlined against Lerone Murphy at UFC Vegas 92 in May of last year, dropping a decision loss to the British standout. Prior to that, the Nova Friburgo native turned in a pair of victories over Sodiq Yusuff, and Billy Quarantillo — the latter of which courtesy of a stunning opening round flying knee knockout. During his golden years at the lightweight limit, striking ace, Barboza turned in notable successes over the likes of Terry Etim, Evan Dunham, King Green, Paul Felder, Anthony Pettis, Gilbert Melendez, Beneil Dariush, and Dan Hooker of note. UFC 319 takes place on August 16. from the United Center, with an undisputed middleweight title fight between the incumbent, Dricus du Plessi, and the unbeaten, Khamzat Chimaev set to take main event honors in the promotion’s return to Chicago, Illinois.",2025-06-17,https://www.lowkickmma.com/edson-barboza-lightweight-fight-drakkar-klose-ufc-319/
"UFC 319: Chimaev vs. Du Plessis Odds, Picks, Predictions and Best Bets","UFC 319 Predictions: UFC 319, one of the final five pay-per-view (PPV) events for the UFC in 2025, takes place this Saturday. Starting in 2026, UFC events will shift to Paramount and CBS, phasing out the traditional PPV model for a more lucrative platform. While this transition deserves deeper discussion, we’ll save that for another time. The main event features a thrilling middleweight title clash between champion Dricus Du Plessis of South Africa and the No. 3-ranked Khamzat Chimaev, a Russian grappler widely regarded as one of the UFC’s most dangerous fighters. The fight card begins with early prelims at 3:00 p.m. PT, regular prelims at 5:00 p.m. PT, and the PPV portion at 7:00 p.m. PT. UFC 319 features 13 scheduled bouts, with five involving fighters at 170 pounds or heavier, offering a higher likelihood of finishes. Five matchups have a youth advantage of six years or more, and two bouts pit fighters aged 37 or older against each other—call them the “geriatric” battles! Last week’s parlay loss dropped my column’s record to 16-18, -0.47 units for the year. Let’s get back in the black with UFC 319! Khamzat Chimaev (-230) vs. Dricus Du Plessis (+195) Middleweight Championship (185 pounds) Main Event Khamzat Chimaev, a brown belt in Brazilian Jiu-Jitsu (BJJ) with exceptional wrestling, trains between Sweden and the UAE. He burst onto the UFC scene like a lightning bolt, dominating opponents across welterweight and middleweight with devastating finishes. However, recent health issues, inactivity, and a lack of elite middleweight competition have tempered his momentum. His notable middleweight wins include a one-sided thrashing of former champion Robert Whittaker last October, a close majority decision over welterweight Kamaru Usman (who took the fight on short notice), and a favorable matchup against Kevin Holland. Chimaev’s aggressive, smothering style shines in the first two rounds, but he’s shown signs of fatigue against smaller opponents like Gilbert Burns and Usman. This vulnerability could be critical against a true middleweight like Du Plessis. Champion Dricus Du Plessis, a second-degree black belt in kickboxing, brings an unconventional, awkward fighting style. A massive, dynamically strong middleweight with excellent cardio and durability, he’s not nimble or precise with his striking but thrives in chaotic, pressure-heavy brawls. His strategy: overwhelm Chimaev with relentless forward pressure, aiming to break the Russian’s will. Du Plessis has won nine consecutive UFC fights, including four title defenses against the division’s elite. In contrast, Chimaev has fought only once since October 2023. While Chimaev has likely improved his cardio, his limited recent octagon time is a concern. This fight is a must-watch from the opening bell. Chimaev will aim to dominate early with his grappling, looking to “drown” Du Plessis in pressure. However, Du Plessis plans to counter by bullying the bully, attacking from the start to exploit Chimaev’s potential fatigue after the first 10 minutes. If Du Plessis survives the early storm and takes the fight into the third round, his size, strength, and experience could drain Chimaev’s energy. To retain his title, Du Plessis must deliver the best 10 minutes of his career to avoid Chimaev’s deadly submission game. The betting line for Du Plessis (+195) is rising, so wait for the best price. UFC 319 Best Bet: Dricus Du Plessis (+195) Total: Under 2.5 Rounds (-125) Carlos Prates (-245) vs. Geoff Neal (+205) Welterweight (170 pounds) Geoff Neal, ranked No. 11 in the welterweight division, is a powerful striker and BJJ purple belt from Texas. Fresh off a win over Rafael dos Anjos, Neal previously dropped bouts to elite talents Shavkat Rakhmonov and Ian Machado Garry. No. 12-ranked Carlos Prates, a chain-smoking Brazilian BJJ black belt, is an ultra-aggressive striker with knockout power. With advantages in height, reach, youth, and speed, Prates is the more dynamic fighter. Both men, previously defeated by Garry, will look to trade bombs in a stand-up war. Prates’ diverse striking, including a punishing leg-kick game, could neutralize Neal’s compact power and mobility. This fight promises fireworks, with Prates likely securing a finish. Total: Under 2.5 Rounds (-165) Edson Barboza (-155) vs. Drakkar Klose (+135) Lightweight (155 pounds) At 39, Brazilian Edson Barboza returns to lightweight, his original UFC division, for a pivotal bout. His opponent, 37-year-old Drakkar Klose from Phoenix, Arizona, enters off a loss to Joel Alvarez after a four-fight win streak. Both are lethal strikers—Klose with heavy hands and a direct approach, Barboza with a diverse arsenal, including leg-kicking prowess. This matchup screams finish, but it’s likely to last beyond 7:30 due to their durability and skill. Total: Over 1.5 Rounds (-200) For my complete UFC 319 picks, check out the Bout Business Podcast dropping Friday morning at GambLou.com. Thanks for reading, and enjoy the fights!",2025-08-16,https://vsin.com/mma/ufc-319-chimaev-vs-du-plessis-odds-picks-predictions-and-best-bets/
UFC 319 staff picks including Dricus du Plessis predicted to end Khamzat Chimaev's undefeated streak,"The experts have made their picks, and there are some interesting predictions for UFC 319. The event is the biggest UFC show for a while, featuring a massive UFC Middleweight title clash between Dricus du Plessis and the undefeated challenger, Khamzat Chimaev. Both men have yet to lose in the UFC, building up some impressive winning streaks en route to UFC 319. Du Plessis and Chimaev top an impressive-looking card, which also sees Lerone Murphy and Aaron Pico battle in the co-main event, as well as an action-packed undercard and prelims. The Bloody Elbow staff has made their predictions about what will happen at UFC 319, including the two main event fights as well as the Fight of the Night and Performance of the Night bonus winners Dricus du Plessis vs Khamzat Chimaev prediction - Harvey Leonard: Dricus du Plessis - Jordan Ellis: Khamzat Chimaev - Ross Markey: Dricus du Plessis The Bloody Elbow experts have made a split decision on who will win the UFC 319 main event, which could be how du Plessis retains his title, given how close this fight could be. The main event features two fighters who are undefeated in the UFC, with du Plessis’s last defeat coming via knockout before he made his debut in the promotion. His 9-0 record since his 2020 debut has helped position du Plessis as the #4 pound-for-pound fighter in the company. Wins over Sean Strickland and Israel Adesanya saw him win and defend the UFC Middleweight title in impressive fashion. Both Harvey and Ross can’t look past a du Plessis victory, but Jordan is backing the undefeated Chechen Chimaev to use his size advantage to take out the champion and claim his Middleweight crown. Lerone Murphy vs Aaron Pico prediction - Harvey Leonard: Lerone Murphy - Jordan Ellis: Aaron Pico - Ross Markey: Lerone Murphy Aaron Pico makes the jump over to the UFC after a good career in Bellator, but he will have to contend with an undefeated opponent who will be the clear favorite for this bout. Pico takes on Lerone Murphy in the UFC 319 main event, bringing his famous knockout blows to the biggest promotion, and Jordan thinks he has enough to finish Murphy on August 16. He won three of his last five fights via KO, with his only loss since 2019 coming due to a shoulder injury suffered at the end of the first round against Jeremy Kennedy. However, Pico hasn’t competed since February last year, and that ring rust could give Murphy more of a chance to win. Harvey and Ross are backing the 16-0-1 UFC star to beat the debuting Pico, who a UFC legend questioned why he took such a hard fight for his maiden voyage in the promotion. A loss here could derail his MMA career despite huge future promise, which seems likely if Murphy is in top form once again. UFC 319 Fight of the Night prediction - Harvey Leonard: Edson Barboza vs. Drakker Klose - Jordan Ellis: Geoff Neal vs Carlos Prates - Ross Markey: Edson Barboza vs. Drakker Klose Harvey and Ross are once again in agreement, choosing the Edson Barboza and Drakkar Klose fight as the one that will earn a $50,000 bonus at the end of the night at UFC 319. Barboza continues into his 17th year in MMA, shockingly moving up to Lightweight following his spirited defeat to Lerone Murphy back in May, pushing the undefeated fighter to the limit over five rounds. While his record isn’t the best over the past few years, nobody could ever accuse Barboza of not giving his all or putting on great fights. That is why his bout with Klose could win the bonus, with both men coming off the back of losses, with knockout power in their gloves, and with something to prove at UFC 319. Meanwhile, Jordan is excited by one of the most high-profile bouts outside of the main event, as Carlos Prates battles Geoff Neal in a Welterweight battle. The fight was originally scheduled for UFC 314 before Neal pulled out of the bout and the pair could cause chaos on August 16. Both men are prone to finishes in their fights, whether on the giving or receiving end, leaving either vulnerable for a spectacular knockout shot or a brutal submission in the middle of the octagon, in a fight that you won’t be able to take your eyes off of. UFC 319 Performance of the Night prediction - Harvey Leonard: Kai Asakura - Jordan Ellis: Michael Page - Ross Markey: Carlos Prates There are three distinct picks for the Performance of the Night winner, with all three fighters having a good claim to earn the $50,000 bonus. Harvey is backing Japanese star Kai Asakura to impress in his first fight of the year, following 2024’s submission defeat to Alexandre Pantoja at UFC 310. This is just his second fight in the UFC, after numerous impressive bouts in his home country for Rizin before making the jump to the United States. Asakura will want to make a splash when he faces Tim Elliot at UFC 319. Meanwhile, Jordan is backing Michael “Venom” Page to continue his rehab in the octagon after his UFC 303 loss to Ian Machado Garry. He impressed in his return to Middleweight against Sharabudin Magomedov in February, and will look to use some more of his famed knockout power to finish Jared Cannonier at UFC 319. Finally, Ross can’t look past Prates for the Performance of the Night winner. With the ability to finish a fight at any time, Prates is in pole position to pick up the bonus if he can beat Neal on August 16.",2025-08-14,https://bloodyelbow.com/2025/08/14/ufc-319-staff-picks-including-dricus-du-plessis-predicted-to-end-khamzat-chimaevs-undefeated-streak/
Drakkar Klose Does Not Want To Have Any Regrets,"In January of 2017, Drakkar Klose stepped into the UFC Octagon for the first time and improved his unbeaten pro MMA record to 7-0-1 with a decision win over Devin Powell. Nearly nine years later, the native of Kalamazoo, Michigan, is still here, still doing his thing at the highest level of the sport, and as he approaches his UFC 319 bout against Edson Barboza this weekend, he still believes he’s got something left in the tank. “Yeah, I’m not on empty,” Klose laughs. “I probably got a half a tank left.” UFC Coming To Paramount In 2026! Read The Announcement That’s enough to get him somewhere in a notoriously tough lightweight division, and he knows it. He just needs to have everything come together on Saturday, and a big win over a well-respected veteran like Barboza will do wonders for his future. “I hope so, and I believe it will,” he said. “Last fight I trained hard, but right before the walkout I started thinking about my brother and I started crying a little bit. I did everything right, but I wasn't mentally prepared for that fight. I was talking to (UFC Hall of Famer) Mark Kerr and he was talking to me about when he had lost his mom and how he was angry and all that, and he was like, ‘You're never going to get over the pain; you’ve just got to learn how to live with it. It's been a year now, and I've just been trying to learn to live with it and cherish the moments that I did have with my brother. So I'm in a way better head space than I was that last fight.” That last fight, a first-round knockout loss at the hands of Joel Alvarez, came just four months after the senseless murder of Klose’s brother, Tuan Williams. Remarkably, Klose made it to the fight in Tampa in December, but he wasn’t ready. It’s the part of the fight game many don’t understand, that for all the superhuman things athletes do in the Octagon, they’re still human, and sometimes what happens outside of competition affects what happens in it. Klose got a reminder of that in June when he went to New Jersey to watch his teammate Sean O’Malley attempt to regain his bantamweight title against Merab Dvalishvili and heard what some fans had to say. MORE UFC 319: UFC 319 Embedded | Fight by Fight Preview | Fighters On The Rise | Significant Stats | Matchup Spotlight: Neal vs Prates “Just sitting in the stands, you hear all this crazy stuff out of people's mouth and it's like, we're human. We're just like you, but we just chose to fight. And I think some people, they just don't understand that.” Some won’t ever get it, but it doesn’t stop people like Klose from trying to block out the noise and go to work. And he’s done that leading up to his meeting with Barboza, a longtime lightweight contender returning to the division after an eight-fight stint at 145 pounds. “He's definitely a dangerous opponent and he's been doing it for a long time,” said Klose of the Brazilian. “He's fought the who's who of MMA, and he has a good showing with them. But what his downfall is, it's his wrestling. He fought at ’55 and the guys were taking him down, wrestling him up, and then he made that transition down to ‘45. He had some success down there, but when guys started wrestling with him, it was the same thing that it was at ‘55. And he is a little bit older now and, to be honest, I don't think he has too many more left in him, so I think he's just trying to fight where he's comfortable. He's not cutting that much weight, but he's always a dangerous opponent and that excites me.” The 37-year-old Klose also doesn’t mind being the young guy in the matchup against his 39-year-old opponent. FOLLOW @UFCNEWS: On Facebook | On Instagram | On X | On Threads “Two years younger, but hey, I’ll take it,” he laughs. “When they first gave me the call, I was like, thank God, it's someone older than me, because we all like to think that we still have it, but I'm not going to lie, I've slowed down throughout the years. It's kind of hard to compete with these younger guys, and good thing I have these younger guys to still compete with to show me like, ‘Hey man, this is a young man's sport.’ (Laughs) I'm just glad I get to go in there and compete with someone a little bit older than me.” Older, yes. Wiser, yes again. And though Klose knows he is closer to the end of his career than he was back in 2017, he believes he still has plenty to give to his fans and the sport. “I'm not going to sit here and lie,” he admits. “I always wanted to chase the belt, but it just feels like it's not in my cards. So, for me right now, I want to go out, try to make as much money as I can for my family, and when it's my time, walk away on top, hopefully with a great record and still having my brain cells intact.” For most, that might be a tough conversation to have. It wasn’t for Klose, one of the sport’s class acts. Order UFC 319: Du Plessis vs Chimaev “I always had a lot of regrets in wrestling,” he said. “Like, man, I wish I'd have done this. And then I found MMA and I was able to put all those, ‘oh, I wish I would've done this’ things and apply that to my MMA career. So put everything into it, and when it is time for me to walk away, I won't have those ‘I wish I would’ve done this,’ thoughts.” He shouldn’t, because more than eight years on the UFC roster, with nine wins and counting, isn’t anything to scoff at. And he’s still going, so the best may be yet to come. “I’ve lived with a lot of injuries along the road, but I grew as a person and that's all life is about,” said Klose of his run in the big show. “If you don't grow, why are you living? I still have friends who are like, ‘Oh, you changed.’ I'm like, yes, I changed. That's what you're supposed to do in life. If you're the same person you were from day one, you didn't learn anything in life.” Don't miss a moment of UFC 319: Du Plessis vs Chimaev, live from United Center in Chicago, Illinois on August 16, 2025. Prelims start at 8pm ET/5pm PT, followed by the main card live on PPV at 10pm ET/7pm PT.",2025-08-15,https://www.ufc.com/news/drakkar-klose-does-not-want-to-have-any-regrets-ufc-319
Edson Barboza v Drakkar Klose LIVE 17/08/2025 | MMA - Flashscore,"AD Les jeux d’argent et de hasard peuvent être dangereux : pertes d’argent, conflits familiaux, addiction… Retrouvez nos conseils sur www.joueurs-info-service.fr (09-74-75-13-13, appel non surtaxé) 18+ | Erlaubtes Glücksspiel gemäß der Whitelist | Suchtrisiken | Hilfe unter buwei.de 18+. Verantwortungsbewusst wetten. 18+ Jogue com responsabilidade 21+ | COMPETENT REGULATOR EEEP | RISK OF ADDICTION & LOSS OF PROPERTY | KETHEA HELPLINE: 210 9237777 | PLAY RESPONSIBLY & SAFELY | Les jeux d’argent et de hasard peuvent être dangereux : pertes d’argent, conflits familiaux, addiction… Retrouvez nos conseils sur www.joueurs-info-service.fr (09-74-75-13-13, appel non surtaxé) 18+ | Erlaubtes Glücksspiel gemäß der Whitelist | Suchtrisiken | Hilfe unter buwei.de 18+. Verantwortungsbewusst wetten. 18+ Jogue com responsabilidade Do you want to withdraw your consent to display betting ads? Yes, change settings",2025-08-01,https://www.flashscore.com/h2h/mma/barboza-edson-rc4cqUum/klose-drakkar-zctdQf0G/
"MMA Match Preview: Edson Barboza (24-12) vs. Drakkar Klose (15-3-1) - Sports Gaming Journal - Sports Betting News, Gaming Industry News","Fight Details | Attribute | Info | | Event | UFC 319: Du Plessis vs. Chimaev | | Matchup | Edson Barboza vs. Drakkar Klose | | Division | Lightweight (155 lbs) | | Date | Saturday, August 16, 2025 | | Venue | United Center, Chicago, IL | | Broadcast | ESPN+, UFC Fight Pass | | Bout Placement | Preliminary Card | Fighter Breakdown Edson “Junior” Barboza Record: 24–12 Age: 39 Height/Reach: 5’11” / 75″ Recent Form: Loss to Lerone Murphy, win over Sodiq Yusuff Style: Elite Muay Thai striker with devastating leg kicks Key Traits: KO wins over Beneil Dariush, Dan Hooker, and Terry Etim Known for spinning attacks and body shots Returning to lightweight after featherweight stint Drakkar Klose Record: 15–3–1 Age: 37 Height/Reach: 5’9″ / 70″ Recent Form: Wins over Joaquim Silva and Joe Solecki; loss to Joel Alvarez Style: Pressure fighter with solid wrestling and boxing Key Traits: Durable and consistent Strong clinch control and cage pressure Trains out of MMA Lab in Arizona Tactical Preview Barboza’s Path to Victory: Keep distance and use leg kicks to slow Klose’s forward pressure Counter with speed and precision Avoid clinch and takedown exchanges Klose’s Path to Victory: Close the distance and grind Barboza against the cage Mix in takedowns to wear down Barboza’s legs Stay defensively sound against spinning attacks Rankings & Implications | Fighter | Lightweight Rank (Global) | | Edson Barboza | #27 | | Drakkar Klose | #24 | A win for Klose could earn him a top-20 opponent A win for Barboza would reestablish his relevance at lightweight FIGHT ODDS Edson Barboza – 140 Drakkar Klose + 120 Odds Courtesy of Sports Odds Direct as of Friday, August 15, 2025",2025-08-14,https://sportsgamingjournal.com/mma-match-preview-edson-barboza-24-12-vs-drakkar-klose-15-3-1/
Edson Barbosa vs. Drakkar Klose,"The first thing people are going to do here is point out that Barbosa is 39 while completely ignoring the fact that Drakkar is 37 and has a liteny of injuries. I don't think age will be a factor here but pace might be. Edson cuts a ton of weight and does tend to slow down. If Drakkar comes out with a wrestle heavy gameplan he could definitely wear on Edson and take away the power. I'm split here because I really want to pick Drakkar as a dog, but I haven't really seen anything yet that tells me Barboza is washed. I'm going to slightly lean Edson here but might change that pick as we get closer to the fight. Edson Barbosa Edson Barbosa is a great striker with amazing movement. He has fought every single person in this division and is a walking highlight reel of KOs and submissions. He is unbelievably fast and insanely technical. Barboza doesn't initiate many takedowns, but he is very good on the ground with some sneaky submissions. He is coming off the main event loss to Lerone Murphy more than a year ago. Drakkar Klose Drakkar Klose is a very good wrestler who developed striking as well. He was a state champion wrestler who uses his wrestling offense, but does have some issues defending takedowns. He has solid boxing with power and speed. Overall he is a well rounded guy who can go the distance or finish a fight. He is coming off KO loss to Joel Alvarez where he had a takedown but couldn't hang in the striking.",2025-08-01,https://wewantpicks.com/edson-barbosa-vs-drakkar-klose/
Edson Barboza Makes Lightweight Return In Fight With Drakkar Klose At UFC 319 In August,"Edson Barboza makes lightweight return in fight with Drakkar Klose at UFC 319 in August Veteran striking star, Edson Barboza is set to make his return to the lightweight limit later this summer, booking a showdown with perennial contender, Drakkar Klose at UFC 319 on August 16. from the United Center in Chicago, Illinois. Barboza, who made his featherweight divisional bow at the beginning of 2020, is set for his return to the lightweight for the first time since a 2019 rematch defeat to two-fight foe, Paul Felder in Abu Dhabi, UAE. As for Klose, the Michigan veteran saw his impressive four-fight winning run halted in spectacular fashion against Spaniard, Joel Alvarez — courtesy of a stunning flying knee back in December of last year at UFC Fight Night Tampa. Edson Barboza books return fight at UFC 319 against Drakkar Klose News of Edson Barboza’s return against Drakkar Klose was confirmed by the UFC in a press release obtained this evening. 24-12 as a professional, Brazilian star, Barboza has been out of action since he headlined against Lerone Murphy at UFC Vegas 92 in May of last year, dropping a decision loss to the British standout. Prior to that, the Nova Friburgo native turned in a pair of victories over Sodiq Yusuff, and Billy Quarantillo — the latter of which courtesy of a stunning opening round flying knee knockout. During his golden years at the lightweight limit, striking ace, Barboza turned in notable successes over the likes of Terry Etim, Evan Dunham, King Green, Paul Felder, Anthony Pettis, Gilbert Melendez, Beneil Dariush, and Dan Hooker of note. UFC 319 takes place on August 16. from the United Center, with an undisputed middleweight title fight between the incumbent, Dricus du Plessi, and the unbeaten, Khamzat Chimaev set to take main event honors in the promotion’s return to Chicago, Illinois.",2025-06-17,https://www.lowkickmma.com/edson-barboza-lightweight-fight-drakkar-klose-ufc-319/
"UFC 319: Chimaev vs. Du Plessis Odds, Picks, Predictions and Best Bets","UFC 319 Predictions: UFC 319, one of the final five pay-per-view (PPV) events for the UFC in 2025, takes place this Saturday. Starting in 2026, UFC events will shift to Paramount and CBS, phasing out the traditional PPV model for a more lucrative platform. While this transition deserves deeper discussion, we’ll save that for another time. The main event features a thrilling middleweight title clash between champion Dricus Du Plessis of South Africa and the No. 3-ranked Khamzat Chimaev, a Russian grappler widely regarded as one of the UFC’s most dangerous fighters. The fight card begins with early prelims at 3:00 p.m. PT, regular prelims at 5:00 p.m. PT, and the PPV portion at 7:00 p.m. PT. UFC 319 features 13 scheduled bouts, with five involving fighters at 170 pounds or heavier, offering a higher likelihood of finishes. Five matchups have a youth advantage of six years or more, and two bouts pit fighters aged 37 or older against each other—call them the “geriatric” battles! Last week’s parlay loss dropped my column’s record to 16-18, -0.47 units for the year. Let’s get back in the black with UFC 319! Khamzat Chimaev (-230) vs. Dricus Du Plessis (+195) Middleweight Championship (185 pounds) Main Event Khamzat Chimaev, a brown belt in Brazilian Jiu-Jitsu (BJJ) with exceptional wrestling, trains between Sweden and the UAE. He burst onto the UFC scene like a lightning bolt, dominating opponents across welterweight and middleweight with devastating finishes. However, recent health issues, inactivity, and a lack of elite middleweight competition have tempered his momentum. His notable middleweight wins include a one-sided thrashing of former champion Robert Whittaker last October, a close majority decision over welterweight Kamaru Usman (who took the fight on short notice), and a favorable matchup against Kevin Holland. Chimaev’s aggressive, smothering style shines in the first two rounds, but he’s shown signs of fatigue against smaller opponents like Gilbert Burns and Usman. This vulnerability could be critical against a true middleweight like Du Plessis. Champion Dricus Du Plessis, a second-degree black belt in kickboxing, brings an unconventional, awkward fighting style. A massive, dynamically strong middleweight with excellent cardio and durability, he’s not nimble or precise with his striking but thrives in chaotic, pressure-heavy brawls. His strategy: overwhelm Chimaev with relentless forward pressure, aiming to break the Russian’s will. Du Plessis has won nine consecutive UFC fights, including four title defenses against the division’s elite. In contrast, Chimaev has fought only once since October 2023. While Chimaev has likely improved his cardio, his limited recent octagon time is a concern. This fight is a must-watch from the opening bell. Chimaev will aim to dominate early with his grappling, looking to “drown” Du Plessis in pressure. However, Du Plessis plans to counter by bullying the bully, attacking from the start to exploit Chimaev’s potential fatigue after the first 10 minutes. If Du Plessis survives the early storm and takes the fight into the third round, his size, strength, and experience could drain Chimaev’s energy. To retain his title, Du Plessis must deliver the best 10 minutes of his career to avoid Chimaev’s deadly submission game. The betting line for Du Plessis (+195) is rising, so wait for the best price. UFC 319 Best Bet: Dricus Du Plessis (+195) Total: Under 2.5 Rounds (-125) Carlos Prates (-245) vs. Geoff Neal (+205) Welterweight (170 pounds) Geoff Neal, ranked No. 11 in the welterweight division, is a powerful striker and BJJ purple belt from Texas. Fresh off a win over Rafael dos Anjos, Neal previously dropped bouts to elite talents Shavkat Rakhmonov and Ian Machado Garry. No. 12-ranked Carlos Prates, a chain-smoking Brazilian BJJ black belt, is an ultra-aggressive striker with knockout power. With advantages in height, reach, youth, and speed, Prates is the more dynamic fighter. Both men, previously defeated by Garry, will look to trade bombs in a stand-up war. Prates’ diverse striking, including a punishing leg-kick game, could neutralize Neal’s compact power and mobility. This fight promises fireworks, with Prates likely securing a finish. Total: Under 2.5 Rounds (-165) Edson Barboza (-155) vs. Drakkar Klose (+135) Lightweight (155 pounds) At 39, Brazilian Edson Barboza returns to lightweight, his original UFC division, for a pivotal bout. His opponent, 37-year-old Drakkar Klose from Phoenix, Arizona, enters off a loss to Joel Alvarez after a four-fight win streak. Both are lethal strikers—Klose with heavy hands and a direct approach, Barboza with a diverse arsenal, including leg-kicking prowess. This matchup screams finish, but it’s likely to last beyond 7:30 due to their durability and skill. Total: Over 1.5 Rounds (-200) For my complete UFC 319 picks, check out the Bout Business Podcast dropping Friday morning at GambLou.com. Thanks for reading, and enjoy the fights!",2025-08-16,https://vsin.com/mma/ufc-319-chimaev-vs-du-plessis-odds-picks-predictions-and-best-bets/
UFC 319 staff picks including Dricus du Plessis predicted to end Khamzat Chimaev's undefeated streak,"The experts have made their picks, and there are some interesting predictions for UFC 319. The event is the biggest UFC show for a while, featuring a massive UFC Middleweight title clash between Dricus du Plessis and the undefeated challenger, Khamzat Chimaev. Both men have yet to lose in the UFC, building up some impressive winning streaks en route to UFC 319. Du Plessis and Chimaev top an impressive-looking card, which also sees Lerone Murphy and Aaron Pico battle in the co-main event, as well as an action-packed undercard and prelims. The Bloody Elbow staff has made their predictions about what will happen at UFC 319, including the two main event fights as well as the Fight of the Night and Performance of the Night bonus winners Dricus du Plessis vs Khamzat Chimaev prediction - Harvey Leonard: Dricus du Plessis - Jordan Ellis: Khamzat Chimaev - Ross Markey: Dricus du Plessis The Bloody Elbow experts have made a split decision on who will win the UFC 319 main event, which could be how du Plessis retains his title, given how close this fight could be. The main event features two fighters who are undefeated in the UFC, with du Plessis’s last defeat coming via knockout before he made his debut in the promotion. His 9-0 record since his 2020 debut has helped position du Plessis as the #4 pound-for-pound fighter in the company. Wins over Sean Strickland and Israel Adesanya saw him win and defend the UFC Middleweight title in impressive fashion. Both Harvey and Ross can’t look past a du Plessis victory, but Jordan is backing the undefeated Chechen Chimaev to use his size advantage to take out the champion and claim his Middleweight crown. Lerone Murphy vs Aaron Pico prediction - Harvey Leonard: Lerone Murphy - Jordan Ellis: Aaron Pico - Ross Markey: Lerone Murphy Aaron Pico makes the jump over to the UFC after a good career in Bellator, but he will have to contend with an undefeated opponent who will be the clear favorite for this bout. Pico takes on Lerone Murphy in the UFC 319 main event, bringing his famous knockout blows to the biggest promotion, and Jordan thinks he has enough to finish Murphy on August 16. He won three of his last five fights via KO, with his only loss since 2019 coming due to a shoulder injury suffered at the end of the first round against Jeremy Kennedy. However, Pico hasn’t competed since February last year, and that ring rust could give Murphy more of a chance to win. Harvey and Ross are backing the 16-0-1 UFC star to beat the debuting Pico, who a UFC legend questioned why he took such a hard fight for his maiden voyage in the promotion. A loss here could derail his MMA career despite huge future promise, which seems likely if Murphy is in top form once again. UFC 319 Fight of the Night prediction - Harvey Leonard: Edson Barboza vs. Drakker Klose - Jordan Ellis: Geoff Neal vs Carlos Prates - Ross Markey: Edson Barboza vs. Drakker Klose Harvey and Ross are once again in agreement, choosing the Edson Barboza and Drakkar Klose fight as the one that will earn a $50,000 bonus at the end of the night at UFC 319. Barboza continues into his 17th year in MMA, shockingly moving up to Lightweight following his spirited defeat to Lerone Murphy back in May, pushing the undefeated fighter to the limit over five rounds. While his record isn’t the best over the past few years, nobody could ever accuse Barboza of not giving his all or putting on great fights. That is why his bout with Klose could win the bonus, with both men coming off the back of losses, with knockout power in their gloves, and with something to prove at UFC 319. Meanwhile, Jordan is excited by one of the most high-profile bouts outside of the main event, as Carlos Prates battles Geoff Neal in a Welterweight battle. The fight was originally scheduled for UFC 314 before Neal pulled out of the bout and the pair could cause chaos on August 16. Both men are prone to finishes in their fights, whether on the giving or receiving end, leaving either vulnerable for a spectacular knockout shot or a brutal submission in the middle of the octagon, in a fight that you won’t be able to take your eyes off of. UFC 319 Performance of the Night prediction - Harvey Leonard: Kai Asakura - Jordan Ellis: Michael Page - Ross Markey: Carlos Prates There are three distinct picks for the Performance of the Night winner, with all three fighters having a good claim to earn the $50,000 bonus. Harvey is backing Japanese star Kai Asakura to impress in his first fight of the year, following 2024’s submission defeat to Alexandre Pantoja at UFC 310. This is just his second fight in the UFC, after numerous impressive bouts in his home country for Rizin before making the jump to the United States. Asakura will want to make a splash when he faces Tim Elliot at UFC 319. Meanwhile, Jordan is backing Michael “Venom” Page to continue his rehab in the octagon after his UFC 303 loss to Ian Machado Garry. He impressed in his return to Middleweight against Sharabudin Magomedov in February, and will look to use some more of his famed knockout power to finish Jared Cannonier at UFC 319. Finally, Ross can’t look past Prates for the Performance of the Night winner. With the ability to finish a fight at any time, Prates is in pole position to pick up the bonus if he can beat Neal on August 16.",2025-08-14,https://bloodyelbow.com/2025/08/14/ufc-319-staff-picks-including-dricus-du-plessis-predicted-to-end-khamzat-chimaevs-undefeated-streak/
Drakkar Klose Does Not Want To Have Any Regrets,"In January of 2017, Drakkar Klose stepped into the UFC Octagon for the first time and improved his unbeaten pro MMA record to 7-0-1 with a decision win over Devin Powell. Nearly nine years later, the native of Kalamazoo, Michigan, is still here, still doing his thing at the highest level of the sport, and as he approaches his UFC 319 bout against Edson Barboza this weekend, he still believes he’s got something left in the tank. “Yeah, I’m not on empty,” Klose laughs. “I probably got a half a tank left.” UFC Coming To Paramount In 2026! Read The Announcement That’s enough to get him somewhere in a notoriously tough lightweight division, and he knows it. He just needs to have everything come together on Saturday, and a big win over a well-respected veteran like Barboza will do wonders for his future. “I hope so, and I believe it will,” he said. “Last fight I trained hard, but right before the walkout I started thinking about my brother and I started crying a little bit. I did everything right, but I wasn't mentally prepared for that fight. I was talking to (UFC Hall of Famer) Mark Kerr and he was talking to me about when he had lost his mom and how he was angry and all that, and he was like, ‘You're never going to get over the pain; you’ve just got to learn how to live with it. It's been a year now, and I've just been trying to learn to live with it and cherish the moments that I did have with my brother. So I'm in a way better head space than I was that last fight.” That last fight, a first-round knockout loss at the hands of Joel Alvarez, came just four months after the senseless murder of Klose’s brother, Tuan Williams. Remarkably, Klose made it to the fight in Tampa in December, but he wasn’t ready. It’s the part of the fight game many don’t understand, that for all the superhuman things athletes do in the Octagon, they’re still human, and sometimes what happens outside of competition affects what happens in it. Klose got a reminder of that in June when he went to New Jersey to watch his teammate Sean O’Malley attempt to regain his bantamweight title against Merab Dvalishvili and heard what some fans had to say. MORE UFC 319: UFC 319 Embedded | Fight by Fight Preview | Fighters On The Rise | Significant Stats | Matchup Spotlight: Neal vs Prates “Just sitting in the stands, you hear all this crazy stuff out of people's mouth and it's like, we're human. We're just like you, but we just chose to fight. And I think some people, they just don't understand that.” Some won’t ever get it, but it doesn’t stop people like Klose from trying to block out the noise and go to work. And he’s done that leading up to his meeting with Barboza, a longtime lightweight contender returning to the division after an eight-fight stint at 145 pounds. “He's definitely a dangerous opponent and he's been doing it for a long time,” said Klose of the Brazilian. “He's fought the who's who of MMA, and he has a good showing with them. But what his downfall is, it's his wrestling. He fought at ’55 and the guys were taking him down, wrestling him up, and then he made that transition down to ‘45. He had some success down there, but when guys started wrestling with him, it was the same thing that it was at ‘55. And he is a little bit older now and, to be honest, I don't think he has too many more left in him, so I think he's just trying to fight where he's comfortable. He's not cutting that much weight, but he's always a dangerous opponent and that excites me.” The 37-year-old Klose also doesn’t mind being the young guy in the matchup against his 39-year-old opponent. FOLLOW @UFCNEWS: On Facebook | On Instagram | On X | On Threads “Two years younger, but hey, I’ll take it,” he laughs. “When they first gave me the call, I was like, thank God, it's someone older than me, because we all like to think that we still have it, but I'm not going to lie, I've slowed down throughout the years. It's kind of hard to compete with these younger guys, and good thing I have these younger guys to still compete with to show me like, ‘Hey man, this is a young man's sport.’ (Laughs) I'm just glad I get to go in there and compete with someone a little bit older than me.” Older, yes. Wiser, yes again. And though Klose knows he is closer to the end of his career than he was back in 2017, he believes he still has plenty to give to his fans and the sport. “I'm not going to sit here and lie,” he admits. “I always wanted to chase the belt, but it just feels like it's not in my cards. So, for me right now, I want to go out, try to make as much money as I can for my family, and when it's my time, walk away on top, hopefully with a great record and still having my brain cells intact.” For most, that might be a tough conversation to have. It wasn’t for Klose, one of the sport’s class acts. Order UFC 319: Du Plessis vs Chimaev “I always had a lot of regrets in wrestling,” he said. “Like, man, I wish I'd have done this. And then I found MMA and I was able to put all those, ‘oh, I wish I would've done this’ things and apply that to my MMA career. So put everything into it, and when it is time for me to walk away, I won't have those ‘I wish I would’ve done this,’ thoughts.” He shouldn’t, because more than eight years on the UFC roster, with nine wins and counting, isn’t anything to scoff at. And he’s still going, so the best may be yet to come. “I’ve lived with a lot of injuries along the road, but I grew as a person and that's all life is about,” said Klose of his run in the big show. “If you don't grow, why are you living? I still have friends who are like, ‘Oh, you changed.’ I'm like, yes, I changed. That's what you're supposed to do in life. If you're the same person you were from day one, you didn't learn anything in life.” Don't miss a moment of UFC 319: Du Plessis vs Chimaev, live from United Center in Chicago, Illinois on August 16, 2025. Prelims start at 8pm ET/5pm PT, followed by the main card live on PPV at 10pm ET/7pm PT.",2025-08-15,https://www.ufc.com/news/drakkar-klose-does-not-want-to-have-any-regrets-ufc-319
Edson Barboza v Drakkar Klose LIVE 17/08/2025 | MMA - Flashscore,"AD Les jeux d’argent et de hasard peuvent être dangereux : pertes d’argent, conflits familiaux, addiction… Retrouvez nos conseils sur www.joueurs-info-service.fr (09-74-75-13-13, appel non surtaxé) 18+ | Erlaubtes Glücksspiel gemäß der Whitelist | Suchtrisiken | Hilfe unter buwei.de 18+. Verantwortungsbewusst wetten. 18+ Jogue com responsabilidade 21+ | COMPETENT REGULATOR EEEP | RISK OF ADDICTION & LOSS OF PROPERTY | KETHEA HELPLINE: 210 9237777 | PLAY RESPONSIBLY & SAFELY | Les jeux d’argent et de hasard peuvent être dangereux : pertes d’argent, conflits familiaux, addiction… Retrouvez nos conseils sur www.joueurs-info-service.fr (09-74-75-13-13, appel non surtaxé) 18+ | Erlaubtes Glücksspiel gemäß der Whitelist | Suchtrisiken | Hilfe unter buwei.de 18+. Verantwortungsbewusst wetten. 18+ Jogue com responsabilidade Do you want to withdraw your consent to display betting ads? Yes, change settings",2025-08-01,https://www.flashscore.com/h2h/mma/barboza-edson-rc4cqUum/klose-drakkar-zctdQf0G/
"MMA Match Preview: Edson Barboza (24-12) vs. Drakkar Klose (15-3-1) - Sports Gaming Journal - Sports Betting News, Gaming Industry News","Fight Details | Attribute | Info | | Event | UFC 319: Du Plessis vs. Chimaev | | Matchup | Edson Barboza vs. Drakkar Klose | | Division | Lightweight (155 lbs) | | Date | Saturday, August 16, 2025 | | Venue | United Center, Chicago, IL | | Broadcast | ESPN+, UFC Fight Pass | | Bout Placement | Preliminary Card | Fighter Breakdown Edson “Junior” Barboza Record: 24–12 Age: 39 Height/Reach: 5’11” / 75″ Recent Form: Loss to Lerone Murphy, win over Sodiq Yusuff Style: Elite Muay Thai striker with devastating leg kicks Key Traits: KO wins over Beneil Dariush, Dan Hooker, and Terry Etim Known for spinning attacks and body shots Returning to lightweight after featherweight stint Drakkar Klose Record: 15–3–1 Age: 37 Height/Reach: 5’9″ / 70″ Recent Form: Wins over Joaquim Silva and Joe Solecki; loss to Joel Alvarez Style: Pressure fighter with solid wrestling and boxing Key Traits: Durable and consistent Strong clinch control and cage pressure Trains out of MMA Lab in Arizona Tactical Preview Barboza’s Path to Victory: Keep distance and use leg kicks to slow Klose’s forward pressure Counter with speed and precision Avoid clinch and takedown exchanges Klose’s Path to Victory: Close the distance and grind Barboza against the cage Mix in takedowns to wear down Barboza’s legs Stay defensively sound against spinning attacks Rankings & Implications | Fighter | Lightweight Rank (Global) | | Edson Barboza | #27 | | Drakkar Klose | #24 | A win for Klose could earn him a top-20 opponent A win for Barboza would reestablish his relevance at lightweight FIGHT ODDS Edson Barboza – 140 Drakkar Klose + 120 Odds Courtesy of Sports Odds Direct as of Friday, August 15, 2025",2025-08-14,https://sportsgamingjournal.com/mma-match-preview-edson-barboza-24-12-vs-drakkar-klose-15-3-1/
Edson Barbosa vs. Drakkar Klose,"The first thing people are going to do here is point out that Barbosa is 39 while completely ignoring the fact that Drakkar is 37 and has a liteny of injuries. I don't think age will be a factor here but pace might be. Edson cuts a ton of weight and does tend to slow down. If Drakkar comes out with a wrestle heavy gameplan he could definitely wear on Edson and take away the power. I'm split here because I really want to pick Drakkar as a dog, but I haven't really seen anything yet that tells me Barboza is washed. I'm going to slightly lean Edson here but might change that pick as we get closer to the fight. Edson Barbosa Edson Barbosa is a great striker with amazing movement. He has fought every single person in this division and is a walking highlight reel of KOs and submissions. He is unbelievably fast and insanely technical. Barboza doesn't initiate many takedowns, but he is very good on the ground with some sneaky submissions. He is coming off the main event loss to Lerone Murphy more than a year ago. Drakkar Klose Drakkar Klose is a very good wrestler who developed striking as well. He was a state champion wrestler who uses his wrestling offense, but does have some issues defending takedowns. He has solid boxing with power and speed. Overall he is a well rounded guy who can go the distance or finish a fight. He is coming off KO loss to Joel Alvarez where he had a takedown but couldn't hang in the striking.",2025-08-01,https://wewantpicks.com/edson-barbosa-vs-drakkar-klose/
Edson Barboza vs Drakkar Klose - Men's Lightweight,"New Jersey Best New Jersey Betting Sites 4.5/54.5/5Bet $1,Double Your WinningsYour Next 10 Bets iOS Rating:4.7/5(89,306) Google Play Rating:4.5/5(30,709) Play Now Read ReviewTerms and ConditionsMust be 21 or older and physically present in NJ. New users only. Must register using eligible promo code. First bet after registration must qualify. Max. Bonus Bet: $1,059. Bonus Bet expires 14 days after receipt. Void where prohibited. See Caesars.com/promos for full terms. If you or someone you know has a gambling problem, crisis counseling and referral services can be accessed by calling 1-800- GAMBLER (1-800-426-2537).Gambling Problem? Call 1-800-GAMBLER 4.5/54.5/5Bet $5Get$150 in Bonus Bets iOS Rating:4.9/5(232,372) Google Play Rating:4.7/5(49,737) Play Now Read ReviewTerms and ConditionsNJ Only. 21+. T&Cs apply. Gambling Problem? Call 1-800-GAMBLER 4.5/54.5/5Bet $5Get $150 inBonus Bets Instantly iOS Rating:4.8/5(845,560) Google Play Rating:4.3/5(174,461) Claim Offer Read ReviewTerms and ConditionsGAMBLING PROBLEM? CALL 1-800-GAMBLER, (800) 327-5050 or visit gamblinghelplinema.org (MA). Call 877-8-HOPENY/text HOPENY (467369) (NY).Please Gamble Responsibly. 888-789-7777/visit ccpg.org (CT), or visit www.mdgamblinghelp.org (MD). 21+ and present in most states. (18+ DC/KY/NH/WY). Void in ONT/OR/NH. Eligibility restrictions apply. On behalf of Boot Hill Casino & Resort (KS). 1 per new customer. Must register new account to receive reward Token. Must select Token BEFORE placing min. $5 bet to receive $150 in Bonus Bets instantly. Min. -500 odds req. Token and Bonus Bets are single-use and non-withdrawable. Bonus Bets expire in 7 days (168 hours). Stake removed from payout. Terms: sportsbook.draftkings.com/promos. Sponsored by DK. 4.5/54.5/5Bet $5Get$150 iOS Rating:4.7/5(374,553) Google Play Rating:4.6/5(198,307) Play Now Read ReviewTerms and ConditionsYou must be over 21 to play. GAMBLING PROBLEM? CALL 1-800-GAMBLER.App Exclusive Offer. Deposit required. Paid in Bonus Bets. Bonus Bets wager excluded from returns. New customers only. T&Cs, time limits and exclusions apply. 4.5/54.5/5Bet $5Get $300 inBonus Bets If Your Bet Wins iOS Rating:4.9/5(1,861,547) Google Play Rating:4.6/5(382,450) Play Now Read ReviewTerms and ConditionsNew customers only. Deposit min. $10. Place first bet of min $5 and get $300 in bonus bets if your bet wins.Gambling Problem? Call 1-800-GAMBLER.21+ and present in NJ. 4.5/54.5/5Bet $10Get$150 If You Win iOS Rating:4.8/5(239,666) Google Play Rating:4.2/5(36,689) Play Now Read ReviewTerms and ConditionsBonus bets expire in 7 days. One new customer offer per user. Additional terms apply.Gambling Problem? Call 1-800-GAMBLER.21+ and present in NJ. 4.5/54.5/5Play $5Get$50 iOS Rating:4.8/5(202,151) Google Play Rating:4.6/5(19.7K) Claim Offer Read ReviewTerms and ConditionsMust be 18+ (19+ in AL, NE; 19+ in CO for some games; 21+ in AZ, MA, and VA) and present in a state where Underdog Fantasy operates. Terms apply. See assets.underdogfantasy.com/web/PlayandGetTerms_DFS_.html for details. Offer not valid in MD, MI,NY, OH, and PA. Concerned with your play? Call 1-800-GAMBLER or visit www.ncpgambling.org; NY: Call the 24/7 HOPEline at 1-877-8-HOPENY or Text HOPENY (467369) 4.5/54.5/5Use Code: OddsSharkEarn 2% Back for 30 Days,Up to 200 in Prophet Cash iOS Rating:4.8/5(1.6K) Google Play Rating:4.9/5(346) Claim Offer Read Review 4.5/54.5/5Play $5Get $50 inBonus Picks iOS Rating:4.7/5(10,536) Google Play Rating:4.8/5(4,580) Claim Offer Read ReviewTerms and ConditionsGambling Problem? Call 1-800-GAMBLER. Help is available for problem gambling. Call (888) 789-7777 or visit ccpg.org (CT). 18+ (19+ AL/NE, 21+ AZ/MA). Valid only where Pick6 operates, see dkng.co/pick6states. Void in NY, ONT, and where prohibited. Eligibility restrictions apply. Terms pick6. 1 per new Pick6 customer. $5+ first Pick Set to receive max. $50 issued as non-withdrawable Bonus Picks that expire in 14 days (336 hours). Ends 6/22/25 at 11:59 PM ET. Terms: pick6.draftkings.com/promos. Sponsored by DraftKings.Gambling Problem? Call 1-800-GAMBLER.21+ and present in NJ. See all New Jersey Sportsbooks Odds Saturday, August 16 - UFC 319 Sat Aug 16 - UFC 319 ROUND 1 Close MatchupOpeningCurrent 10:23pm EDT Edson Barboza Edson Barboza VS / Drakkar Klose Drakkar Klose -150 +118 -135 +110 New Jersey Best New Jersey Betting Sites 4.5/54.5/5Bet $1,Double Your WinningsYour Next 10 Bets iOS Rating:4.7/5(89,306) Google Play Rating:4.5/5(30,709) Play Now Read ReviewTerms and ConditionsMust be 21 or older and physically present in NJ. New users only. Must register using eligible promo code. First bet after registration must qualify. Max. Bonus Bet: $1,059. Bonus Bet expires 14 days after receipt. Void where prohibited. See Caesars.com/promos for full terms. If you or someone you know has a gambling problem, crisis counseling and referral services can be accessed by calling 1-800- GAMBLER (1-800-426-2537).Gambling Problem? Call 1-800-GAMBLER 4.5/54.5/5Bet $5Get$150 in Bonus Bets iOS Rating:4.9/5(232,372) Google Play Rating:4.7/5(49,737) Play Now Read ReviewTerms and ConditionsNJ Only. 21+. T&Cs apply. Gambling Problem? Call 1-800-GAMBLER 4.5/54.5/5Bet $5Get $150 inBonus Bets Instantly iOS Rating:4.8/5(845,560) Google Play Rating:4.3/5(174,461) Claim Offer Read ReviewTerms and ConditionsGAMBLING PROBLEM? CALL 1-800-GAMBLER, (800) 327-5050 or visit gamblinghelplinema.org (MA). Call 877-8-HOPENY/text HOPENY (467369) (NY).Please Gamble Responsibly. 888-789-7777/visit ccpg.org (CT), or visit www.mdgamblinghelp.org (MD). 21+ and present in most states. (18+ DC/KY/NH/WY). Void in ONT/OR/NH. Eligibility restrictions apply. On behalf of Boot Hill Casino & Resort (KS). 1 per new customer. Must register new account to receive reward Token. Must select Token BEFORE placing min. $5 bet to receive $150 in Bonus Bets instantly. Min. -500 odds req. Token and Bonus Bets are single-use and non-withdrawable. Bonus Bets expire in 7 days (168 hours). Stake removed from payout. Terms: sportsbook.draftkings.com/promos. Sponsored by DK. 4.5/54.5/5Bet $5Get$150 iOS Rating:4.7/5(374,553) Google Play Rating:4.6/5(198,307) Play Now Read ReviewTerms and ConditionsYou must be over 21 to play. GAMBLING PROBLEM? CALL 1-800-GAMBLER.App Exclusive Offer. Deposit required. Paid in Bonus Bets. Bonus Bets wager excluded from returns. New customers only. T&Cs, time limits and exclusions apply. 4.5/54.5/5Bet $5Get $300 inBonus Bets If Your Bet Wins iOS Rating:4.9/5(1,861,547) Google Play Rating:4.6/5(382,450) Play Now Read ReviewTerms and ConditionsNew customers only. Deposit min. $10. Place first bet of min $5 and get $300 in bonus bets if your bet wins.Gambling Problem? Call 1-800-GAMBLER.21+ and present in NJ. 4.5/54.5/5Bet $10Get$150 If You Win iOS Rating:4.8/5(239,666) Google Play Rating:4.2/5(36,689) Play Now Read ReviewTerms and ConditionsBonus bets expire in 7 days. One new customer offer per user. Additional terms apply.Gambling Problem? Call 1-800-GAMBLER.21+ and present in NJ. 4.5/54.5/5Play $5Get$50 iOS Rating:4.8/5(202,151) Google Play Rating:4.6/5(19.7K) Claim Offer Read ReviewTerms and ConditionsMust be 18+ (19+ in AL, NE; 19+ in CO for some games; 21+ in AZ, MA, and VA) and present in a state where Underdog Fantasy operates. Terms apply. See assets.underdogfantasy.com/web/PlayandGetTerms_DFS_.html for details. Offer not valid in MD, MI,NY, OH, and PA. Concerned with your play? Call 1-800-GAMBLER or visit www.ncpgambling.org; NY: Call the 24/7 HOPEline at 1-877-8-HOPENY or Text HOPENY (467369) 4.5/54.5/5Use Code: OddsSharkEarn 2% Back for 30 Days,Up to 200 in Prophet Cash iOS Rating:4.8/5(1.6K) Google Play Rating:4.9/5(346) Claim Offer Read Review 4.5/54.5/5Play $5Get $50 inBonus Picks iOS Rating:4.7/5(10,536) Google Play Rating:4.8/5(4,580) Claim Offer Read ReviewTerms and ConditionsGambling Problem? Call 1-800-GAMBLER. Help is available for problem gambling. Call (888) 789-7777 or visit ccpg.org (CT). 18+ (19+ AL/NE, 21+ AZ/MA). Valid only where Pick6 operates, see dkng.co/pick6states. Void in NY, ONT, and where prohibited. Eligibility restrictions apply. Terms pick6. 1 per new Pick6 customer. $5+ first Pick Set to receive max. $50 issued as non-withdrawable Bonus Picks that expire in 14 days (336 hours). Ends 6/22/25 at 11:59 PM ET. Terms: pick6.draftkings.com/promos. Sponsored by DraftKings.Gambling Problem? Call 1-800-GAMBLER.21+ and present in NJ. See all New Jersey Sportsbooks Odds Saturday, August 16 - UFC 319 Sat Aug 16 - UFC 319 ROUND 1 Close MatchupOpeningCurrent 10:23pm EDT Edson Barboza Edson Barboza VS / Drakkar Klose Drakkar Klose -150 +118 -135 +110 New Jersey Best New Jersey Betting Sites 4.5/54.5/5Bet $1,Double Your WinningsYour Next 10 Bets iOS Rating:4.7/5(89,306) Google Play Rating:4.5/5(30,709) Play Now Read ReviewTerms and ConditionsMust be 21 or older and physically present in NJ. New users only. Must register using eligible promo code. First bet after registration must qualify. Max. Bonus Bet: $1,059. Bonus Bet expires 14 days after receipt. Void where prohibited. See Caesars.com/promos for full terms. If you or someone you know has a gambling problem, crisis counseling and referral services can be accessed by calling 1-800- GAMBLER (1-800-426-2537).Gambling Problem? Call 1-800-GAMBLER 4.5/54.5/5Bet $5Get$150 in Bonus Bets iOS Rating:4.9/5(232,372) Google Play Rating:4.7/5(49,737) Play Now Read ReviewTerms and ConditionsNJ Only. 21+. T&Cs apply. Gambling Problem? Call 1-800-GAMBLER 4.5/54.5/5Bet $5Get $150 inBonus Bets Instantly iOS Rating:4.8/5(845,560) Google Play Rating:4.3/5(174,461) Claim Offer Read ReviewTerms and ConditionsGAMBLING PROBLEM? CALL 1-800-GAMBLER, (800) 327-5050 or visit gamblinghelplinema.org (MA). Call 877-8-HOPENY/text HOPENY (467369) (NY).Please Gamble Responsibly. 888-789-7777/visit ccpg.org (CT), or visit www.mdgamblinghelp.org (MD). 21+ and present in most states. (18+ DC/KY/NH/WY). Void in ONT/OR/NH. Eligibility restrictions apply. On behalf of Boot Hill Casino & Resort (KS). 1 per new customer. Must register new account to receive reward Token. Must select Token BEFORE placing min. $5 bet to receive $150 in Bonus Bets instantly. Min. -500 odds req. Token and Bonus Bets are single-use and non-withdrawable. Bonus Bets expire in 7 days (168 hours). Stake removed from payout. Terms: sportsbook.draftkings.com/promos. Sponsored by DK. 4.5/54.5/5Bet $5Get$150 iOS Rating:4.7/5(374,553) Google Play Rating:4.6/5(198,307) Play Now Read ReviewTerms and ConditionsYou must be over 21 to play. GAMBLING PROBLEM? CALL 1-800-GAMBLER.App Exclusive Offer. Deposit required. Paid in Bonus Bets. Bonus Bets wager excluded from returns. New customers only. T&Cs, time limits and exclusions apply. 4.5/54.5/5Bet $5Get $300 inBonus Bets If Your Bet Wins iOS Rating:4.9/5(1,861,547) Google Play Rating:4.6/5(382,450) Play Now Read ReviewTerms and ConditionsNew customers only. Deposit min. $10. Place first bet of min $5 and get $300 in bonus bets if your bet wins.Gambling Problem? Call 1-800-GAMBLER.21+ and present in NJ. 4.5/54.5/5Bet $10Get$150 If You Win iOS Rating:4.8/5(239,666) Google Play Rating:4.2/5(36,689) Play Now Read ReviewTerms and ConditionsBonus bets expire in 7 days. One new customer offer per user. Additional terms apply.Gambling Problem? Call 1-800-GAMBLER.21+ and present in NJ. 4.5/54.5/5Play $5Get$50 iOS Rating:4.8/5(202,151) Google Play Rating:4.6/5(19.7K) Claim Offer Read ReviewTerms and ConditionsMust be 18+ (19+ in AL, NE; 19+ in CO for some games; 21+ in AZ, MA, and VA) and present in a state where Underdog Fantasy operates. Terms apply. See assets.underdogfantasy.com/web/PlayandGetTerms_DFS_.html for details. Offer not valid in MD, MI,NY, OH, and PA. Concerned with your play? Call 1-800-GAMBLER or visit www.ncpgambling.org; NY: Call the 24/7 HOPEline at 1-877-8-HOPENY or Text HOPENY (467369) 4.5/54.5/5Use Code: OddsSharkEarn 2% Back for 30 Days,Up to 200 in Prophet Cash iOS Rating:4.8/5(1.6K) Google Play Rating:4.9/5(346) Claim Offer Read Review 4.5/54.5/5Play $5Get $50 inBonus Picks iOS Rating:4.7/5(10,536) Google Play Rating:4.8/5(4,580) Claim Offer Read ReviewTerms and ConditionsGambling Problem? Call 1-800-GAMBLER. Help is available for problem gambling. Call (888) 789-7777 or visit ccpg.org (CT). 18+ (19+ AL/NE, 21+ AZ/MA). Valid only where Pick6 operates, see dkng.co/pick6states. Void in NY, ONT, and where prohibited. Eligibility restrictions apply. Terms pick6. 1 per new Pick6 customer. $5+ first Pick Set to receive max. $50 issued as non-withdrawable Bonus Picks that expire in 14 days (336 hours). Ends 6/22/25 at 11:59 PM ET. Terms: pick6.draftkings.com/promos. Sponsored by DraftKings.Gambling Problem? Call 1-800-GAMBLER.21+ and present in NJ. See all New Jersey Sportsbooks Odds Saturday, August 16 - UFC 319 Sat Aug 16 - UFC 319 ROUND 1 Close MatchupOpeningCurrent 10:23pm EDT Edson Barboza Edson Barboza VS / Drakkar Klose Drakkar Klose -150 +118 -135 +110 New Jersey Best New Jersey Betting Sites 4.5/54.5/5Bet $1,Double Your WinningsYour Next 10 Bets iOS Rating:4.7/5(89,306) Google Play Rating:4.5/5(30,709) Play Now Read ReviewTerms and ConditionsMust be 21 or older and physically present in NJ. New users only. Must register using eligible promo code. First bet after registration must qualify. Max. Bonus Bet: $1,059. Bonus Bet expires 14 days after receipt. Void where prohibited. See Caesars.com/promos for full terms. If you or someone you know has a gambling problem, crisis counseling and referral services can be accessed by calling 1-800- GAMBLER (1-800-426-2537).Gambling Problem? Call 1-800-GAMBLER 4.5/54.5/5Bet $5Get$150 in Bonus Bets iOS Rating:4.9/5(232,372) Google Play Rating:4.7/5(49,737) Play Now Read ReviewTerms and ConditionsNJ Only. 21+. T&Cs apply. Gambling Problem? Call 1-800-GAMBLER 4.5/54.5/5Bet $5Get $150 inBonus Bets Instantly iOS Rating:4.8/5(845,560) Google Play Rating:4.3/5(174,461) Claim Offer Read ReviewTerms and ConditionsGAMBLING PROBLEM? CALL 1-800-GAMBLER, (800) 327-5050 or visit gamblinghelplinema.org (MA). Call 877-8-HOPENY/text HOPENY (467369) (NY).Please Gamble Responsibly. 888-789-7777/visit ccpg.org (CT), or visit www.mdgamblinghelp.org (MD). 21+ and present in most states. (18+ DC/KY/NH/WY). Void in ONT/OR/NH. Eligibility restrictions apply. On behalf of Boot Hill Casino & Resort (KS). 1 per new customer. Must register new account to receive reward Token. Must select Token BEFORE placing min. $5 bet to receive $150 in Bonus Bets instantly. Min. -500 odds req. Token and Bonus Bets are single-use and non-withdrawable. Bonus Bets expire in 7 days (168 hours). Stake removed from payout. Terms: sportsbook.draftkings.com/promos. Sponsored by DK. 4.5/54.5/5Bet $5Get$150 iOS Rating:4.7/5(374,553) Google Play Rating:4.6/5(198,307) Play Now Read ReviewTerms and ConditionsYou must be over 21 to play. GAMBLING PROBLEM? CALL 1-800-GAMBLER.App Exclusive Offer. Deposit required. Paid in Bonus Bets. Bonus Bets wager excluded from returns. New customers only. T&Cs, time limits and exclusions apply. 4.5/54.5/5Bet $5Get $300 inBonus Bets If Your Bet Wins iOS Rating:4.9/5(1,861,547) Google Play Rating:4.6/5(382,450) Play Now Read ReviewTerms and ConditionsNew customers only. Deposit min. $10. Place first bet of min $5 and get $300 in bonus bets if your bet wins.Gambling Problem? Call 1-800-GAMBLER.21+ and present in NJ. 4.5/54.5/5Bet $10Get$150 If You Win iOS Rating:4.8/5(239,666) Google Play Rating:4.2/5(36,689) Play Now Read ReviewTerms and ConditionsBonus bets expire in 7 days. One new customer offer per user. Additional terms apply.Gambling Problem? Call 1-800-GAMBLER.21+ and present in NJ. 4.5/54.5/5Play $5Get$50 iOS Rating:4.8/5(202,151) Google Play Rating:4.6/5(19.7K) Claim Offer Read ReviewTerms and ConditionsMust be 18+ (19+ in AL, NE; 19+ in CO for some games; 21+ in AZ, MA, and VA) and present in a state where Underdog Fantasy operates. Terms apply. See assets.underdogfantasy.com/web/PlayandGetTerms_DFS_.html for details. Offer not valid in MD, MI,NY, OH, and PA. Concerned with your play? Call 1-800-GAMBLER or visit www.ncpgambling.org; NY: Call the 24/7 HOPEline at 1-877-8-HOPENY or Text HOPENY (467369) 4.5/54.5/5Use Code: OddsSharkEarn 2% Back for 30 Days,Up to 200 in Prophet Cash iOS Rating:4.8/5(1.6K) Google Play Rating:4.9/5(346) Claim Offer Read Review 4.5/54.5/5Play $5Get $50 inBonus Picks iOS Rating:4.7/5(10,536) Google Play Rating:4.8/5(4,580) Claim Offer Read ReviewTerms and ConditionsGambling Problem? Call 1-800-GAMBLER. Help is available for problem gambling. Call (888) 789-7777 or visit ccpg.org (CT). 18+ (19+ AL/NE, 21+ AZ/MA). Valid only where Pick6 operates, see dkng.co/pick6states. Void in NY, ONT, and where prohibited. Eligibility restrictions apply. Terms pick6. 1 per new Pick6 customer. $5+ first Pick Set to receive max. $50 issued as non-withdrawable Bonus Picks that expire in 14 days (336 hours). Ends 6/22/25 at 11:59 PM ET. Terms: pick6.draftkings.com/promos. Sponsored by DraftKings.Gambling Problem? Call 1-800-GAMBLER.21+ and present in NJ. See all New Jersey Sportsbooks Odds Saturday, August 16 - UFC 319 Sat Aug 16 - UFC 319 ROUND 1 Close MatchupOpeningCurrent 10:23pm EDT Edson Barboza Edson Barboza VS / Drakkar Klose Drakkar Klose -150 +118 -135 +110 New Jersey Best New Jersey Betting Sites 4.5/54.5/5Bet $1,Double Your WinningsYour Next 10 Bets iOS Rating:4.7/5(89,306) Google Play Rating:4.5/5(30,709) Play Now Read ReviewTerms and ConditionsMust be 21 or older and physically present in NJ. New users only. Must register using eligible promo code. First bet after registration must qualify. Max. Bonus Bet: $1,059. Bonus Bet expires 14 days after receipt. Void where prohibited. See Caesars.com/promos for full terms. If you or someone you know has a gambling problem, crisis counseling and referral services can be accessed by calling 1-800- GAMBLER (1-800-426-2537).Gambling Problem? Call 1-800-GAMBLER 4.5/54.5/5Bet $5Get$150 in Bonus Bets iOS Rating:4.9/5(232,372) Google Play Rating:4.7/5(49,737) Play Now Read ReviewTerms and ConditionsNJ Only. 21+. T&Cs apply. Gambling Problem? Call 1-800-GAMBLER 4.5/54.5/5Bet $5Get $150 inBonus Bets Instantly iOS Rating:4.8/5(845,560) Google Play Rating:4.3/5(174,461) Claim Offer Read ReviewTerms and ConditionsGAMBLING PROBLEM? CALL 1-800-GAMBLER, (800) 327-5050 or visit gamblinghelplinema.org (MA). Call 877-8-HOPENY/text HOPENY (467369) (NY).Please Gamble Responsibly. 888-789-7777/visit ccpg.org (CT), or visit www.mdgamblinghelp.org (MD). 21+ and present in most states. (18+ DC/KY/NH/WY). Void in ONT/OR/NH. Eligibility restrictions apply. On behalf of Boot Hill Casino & Resort (KS). 1 per new customer. Must register new account to receive reward Token. Must select Token BEFORE placing min. $5 bet to receive $150 in Bonus Bets instantly. Min. -500 odds req. Token and Bonus Bets are single-use and non-withdrawable. Bonus Bets expire in 7 days (168 hours). Stake removed from payout. Terms: sportsbook.draftkings.com/promos. Sponsored by DK. 4.5/54.5/5Bet $5Get$150 iOS Rating:4.7/5(374,553) Google Play Rating:4.6/5(198,307) Play Now Read ReviewTerms and ConditionsYou must be over 21 to play. GAMBLING PROBLEM? CALL 1-800-GAMBLER.App Exclusive Offer. Deposit required. Paid in Bonus Bets. Bonus Bets wager excluded from returns. New customers only. T&Cs, time limits and exclusions apply. 4.5/54.5/5Bet $5Get $300 inBonus Bets If Your Bet Wins iOS Rating:4.9/5(1,861,547) Google Play Rating:4.6/5(382,450) Play Now Read ReviewTerms and ConditionsNew customers only. Deposit min. $10. Place first bet of min $5 and get $300 in bonus bets if your bet wins.Gambling Problem? Call 1-800-GAMBLER.21+ and present in NJ. 4.5/54.5/5Bet $10Get$150 If You Win iOS Rating:4.8/5(239,666) Google Play Rating:4.2/5(36,689) Play Now Read ReviewTerms and ConditionsBonus bets expire in 7 days. One new customer offer per user. Additional terms apply.Gambling Problem? Call 1-800-GAMBLER.21+ and present in NJ. 4.5/54.5/5Play $5Get$50 iOS Rating:4.8/5(202,151) Google Play Rating:4.6/5(19.7K) Claim Offer Read ReviewTerms and ConditionsMust be 18+ (19+ in AL, NE; 19+ in CO for some games; 21+ in AZ, MA, and VA) and present in a state where Underdog Fantasy operates. Terms apply. See assets.underdogfantasy.com/web/PlayandGetTerms_DFS_.html for details. Offer not valid in MD, MI,NY, OH, and PA. Concerned with your play? Call 1-800-GAMBLER or visit www.ncpgambling.org; NY: Call the 24/7 HOPEline at 1-877-8-HOPENY or Text HOPENY (467369) 4.5/54.5/5Use Code: OddsSharkEarn 2% Back for 30 Days,Up to 200 in Prophet Cash iOS Rating:4.8/5(1.6K) Google Play Rating:4.9/5(346) Claim Offer Read Review 4.5/54.5/5Play $5Get $50 inBonus Picks iOS Rating:4.7/5(10,536) Google Play Rating:4.8/5(4,580) Claim Offer Read ReviewTerms and ConditionsGambling Problem? Call 1-800-GAMBLER. Help is available for problem gambling. Call (888) 789-7777 or visit ccpg.org (CT). 18+ (19+ AL/NE, 21+ AZ/MA). Valid only where Pick6 operates, see dkng.co/pick6states. Void in NY, ONT, and where prohibited. Eligibility restrictions apply. Terms pick6. 1 per new Pick6 customer. $5+ first Pick Set to receive max. $50 issued as non-withdrawable Bonus Picks that expire in 14 days (336 hours). Ends 6/22/25 at 11:59 PM ET. Terms: pick6.draftkings.com/promos. Sponsored by DraftKings.Gambling Problem? Call 1-800-GAMBLER.21+ and present in NJ. See all New Jersey Sportsbooks New Jersey Best New Jersey Betting Sites 4.5/54.5/5Bet $1,Double Your WinningsYour Next 10 Bets iOS Rating:4.7/5(89,306) Google Play Rating:4.5/5(30,709) Play Now Read ReviewTerms and ConditionsMust be 21 or older and physically present in NJ. New users only. Must register using eligible promo code. First bet after registration must qualify. Max. Bonus Bet: $1,059. Bonus Bet expires 14 days after receipt. Void where prohibited. See Caesars.com/promos for full terms. If you or someone you know has a gambling problem, crisis counseling and referral services can be accessed by calling 1-800- GAMBLER (1-800-426-2537).Gambling Problem? Call 1-800-GAMBLER 4.5/54.5/5Bet $5Get$150 in Bonus Bets iOS Rating:4.9/5(232,372) Google Play Rating:4.7/5(49,737) Play Now Read ReviewTerms and ConditionsNJ Only. 21+. T&Cs apply. Gambling Problem? Call 1-800-GAMBLER 4.5/54.5/5Bet $5Get $150 inBonus Bets Instantly iOS Rating:4.8/5(845,560) Google Play Rating:4.3/5(174,461) Claim Offer Read ReviewTerms and ConditionsGAMBLING PROBLEM? CALL 1-800-GAMBLER, (800) 327-5050 or visit gamblinghelplinema.org (MA). Call 877-8-HOPENY/text HOPENY (467369) (NY).Please Gamble Responsibly. 888-789-7777/visit ccpg.org (CT), or visit www.mdgamblinghelp.org (MD). 21+ and present in most states. (18+ DC/KY/NH/WY). Void in ONT/OR/NH. Eligibility restrictions apply. On behalf of Boot Hill Casino & Resort (KS). 1 per new customer. Must register new account to receive reward Token. Must select Token BEFORE placing min. $5 bet to receive $150 in Bonus Bets instantly. Min. -500 odds req. Token and Bonus Bets are single-use and non-withdrawable. Bonus Bets expire in 7 days (168 hours). Stake removed from payout. Terms: sportsbook.draftkings.com/promos. Sponsored by DK. 4.5/54.5/5Bet $5Get$150 iOS Rating:4.7/5(374,553) Google Play Rating:4.6/5(198,307) Play Now Read ReviewTerms and ConditionsYou must be over 21 to play. GAMBLING PROBLEM? CALL 1-800-GAMBLER.App Exclusive Offer. Deposit required. Paid in Bonus Bets. Bonus Bets wager excluded from returns. New customers only. T&Cs, time limits and exclusions apply. 4.5/54.5/5Bet $5Get $300 inBonus Bets If Your Bet Wins iOS Rating:4.9/5(1,861,547) Google Play Rating:4.6/5(382,450) Play Now Read ReviewTerms and ConditionsNew customers only. Deposit min. $10. Place first bet of min $5 and get $300 in bonus bets if your bet wins.Gambling Problem? Call 1-800-GAMBLER.21+ and present in NJ. 4.5/54.5/5Bet $10Get$150 If You Win iOS Rating:4.8/5(239,666) Google Play Rating:4.2/5(36,689) Play Now Read ReviewTerms and ConditionsBonus bets expire in 7 days. One new customer offer per user. Additional terms apply.Gambling Problem? Call 1-800-GAMBLER.21+ and present in NJ. 4.5/54.5/5Play $5Get$50 iOS Rating:4.8/5(202,151) Google Play Rating:4.6/5(19.7K) Claim Offer Read ReviewTerms and ConditionsMust be 18+ (19+ in AL, NE; 19+ in CO for some games; 21+ in AZ, MA, and VA) and present in a state where Underdog Fantasy operates. Terms apply. See assets.underdogfantasy.com/web/PlayandGetTerms_DFS_.html for details. Offer not valid in MD, MI,NY, OH, and PA. Concerned with your play? Call 1-800-GAMBLER or visit www.ncpgambling.org; NY: Call the 24/7 HOPEline at 1-877-8-HOPENY or Text HOPENY (467369) 4.5/54.5/5Use Code: OddsSharkEarn 2% Back for 30 Days,Up to 200 in Prophet Cash iOS Rating:4.8/5(1.6K) Google Play Rating:4.9/5(346) Claim Offer Read Review 4.5/54.5/5Play $5Get $50 inBonus Picks iOS Rating:4.7/5(10,536) Google Play Rating:4.8/5(4,580) Claim Offer Read ReviewTerms and ConditionsGambling Problem? Call 1-800-GAMBLER. Help is available for problem gambling. Call (888) 789-7777 or visit ccpg.org (CT). 18+ (19+ AL/NE, 21+ AZ/MA). Valid only where Pick6 operates, see dkng.co/pick6states. Void in NY, ONT, and where prohibited. Eligibility restrictions apply. Terms pick6. 1 per new Pick6 customer. $5+ first Pick Set to receive max. $50 issued as non-withdrawable Bonus Picks that expire in 14 days (336 hours). Ends 6/22/25 at 11:59 PM ET. Terms: pick6.draftkings.com/promos. Sponsored by DraftKings.Gambling Problem? Call 1-800-GAMBLER.21+ and present in NJ. See all New Jersey Sportsbooks 4.5/54.5/5Bet $1,Double Your WinningsYour Next 10 Bets iOS Rating:4.7/5(89,306) Google Play Rating:4.5/5(30,709) Play Now Read ReviewTerms and ConditionsMust be 21 or older and physically present in NJ. New users only. Must register using eligible promo code. First bet after registration must qualify. Max. Bonus Bet: $1,059. Bonus Bet expires 14 days after receipt. Void where prohibited. See Caesars.com/promos for full terms. If you or someone you know has a gambling problem, crisis counseling and referral services can be accessed by calling 1-800- GAMBLER (1-800-426-2537).Gambling Problem? Call 1-800-GAMBLER 4.5/54.5/5Bet $5Get$150 in Bonus Bets iOS Rating:4.9/5(232,372) Google Play Rating:4.7/5(49,737) Play Now Read ReviewTerms and ConditionsNJ Only. 21+. T&Cs apply. Gambling Problem? Call 1-800-GAMBLER 4.5/54.5/5Bet $5Get $150 inBonus Bets Instantly iOS Rating:4.8/5(845,560) Google Play Rating:4.3/5(174,461) Claim Offer Read ReviewTerms and ConditionsGAMBLING PROBLEM? CALL 1-800-GAMBLER, (800) 327-5050 or visit gamblinghelplinema.org (MA). Call 877-8-HOPENY/text HOPENY (467369) (NY).Please Gamble Responsibly. 888-789-7777/visit ccpg.org (CT), or visit www.mdgamblinghelp.org (MD). 21+ and present in most states. (18+ DC/KY/NH/WY). Void in ONT/OR/NH. Eligibility restrictions apply. On behalf of Boot Hill Casino & Resort (KS). 1 per new customer. Must register new account to receive reward Token. Must select Token BEFORE placing min. $5 bet to receive $150 in Bonus Bets instantly. Min. -500 odds req. Token and Bonus Bets are single-use and non-withdrawable. Bonus Bets expire in 7 days (168 hours). Stake removed from payout. Terms: sportsbook.draftkings.com/promos. Sponsored by DK. 4.5/54.5/5Bet $5Get$150 iOS Rating:4.7/5(374,553) Google Play Rating:4.6/5(198,307) Play Now Read ReviewTerms and ConditionsYou must be over 21 to play. GAMBLING PROBLEM? CALL 1-800-GAMBLER.App Exclusive Offer. Deposit required. Paid in Bonus Bets. Bonus Bets wager excluded from returns. New customers only. T&Cs, time limits and exclusions apply. 4.5/54.5/5Bet $5Get $300 inBonus Bets If Your Bet Wins iOS Rating:4.9/5(1,861,547) Google Play Rating:4.6/5(382,450) Play Now Read ReviewTerms and ConditionsNew customers only. Deposit min. $10. Place first bet of min $5 and get $300 in bonus bets if your bet wins.Gambling Problem? Call 1-800-GAMBLER.21+ and present in NJ. 4.5/54.5/5Bet $10Get$150 If You Win iOS Rating:4.8/5(239,666) Google Play Rating:4.2/5(36,689) Play Now Read ReviewTerms and ConditionsBonus bets expire in 7 days. One new customer offer per user. Additional terms apply.Gambling Problem? Call 1-800-GAMBLER.21+ and present in NJ. 4.5/54.5/5Play $5Get$50 iOS Rating:4.8/5(202,151) Google Play Rating:4.6/5(19.7K) Claim Offer Read ReviewTerms and ConditionsMust be 18+ (19+ in AL, NE; 19+ in CO for some games; 21+ in AZ, MA, and VA) and present in a state where Underdog Fantasy operates. Terms apply. See assets.underdogfantasy.com/web/PlayandGetTerms_DFS_.html for details. Offer not valid in MD, MI,NY, OH, and PA. Concerned with your play? Call 1-800-GAMBLER or visit www.ncpgambling.org; NY: Call the 24/7 HOPEline at 1-877-8-HOPENY or Text HOPENY (467369) 4.5/54.5/5Use Code: OddsSharkEarn 2% Back for 30 Days,Up to 200 in Prophet Cash iOS Rating:4.8/5(1.6K) Google Play Rating:4.9/5(346) Claim Offer Read Review 4.5/54.5/5Play $5Get $50 inBonus Picks iOS Rating:4.7/5(10,536) Google Play Rating:4.8/5(4,580) Claim Offer Read ReviewTerms and ConditionsGambling Problem? Call 1-800-GAMBLER. Help is available for problem gambling. Call (888) 789-7777 or visit ccpg.org (CT). 18+ (19+ AL/NE, 21+ AZ/MA). Valid only where Pick6 operates, see dkng.co/pick6states. Void in NY, ONT, and where prohibited. Eligibility restrictions apply. Terms pick6. 1 per new Pick6 customer. $5+ first Pick Set to receive max. $50 issued as non-withdrawable Bonus Picks that expire in 14 days (336 hours). Ends 6/22/25 at 11:59 PM ET. Terms: pick6.draftkings.com/promos. Sponsored by DraftKings.Gambling Problem? Call 1-800-GAMBLER.21+ and present in NJ. See all New Jersey Sportsbooks 4.5/54.5/5Bet $1,Double Your WinningsYour Next 10 Bets iOS Rating:4.7/5(89,306) Google Play Rating:4.5/5(30,709) Play Now Read ReviewTerms and ConditionsMust be 21 or older and physically present in NJ. New users only. Must register using eligible promo code. First bet after registration must qualify. Max. Bonus Bet: $1,059. Bonus Bet expires 14 days after receipt. Void where prohibited. See Caesars.com/promos for full terms. If you or someone you know has a gambling problem, crisis counseling and referral services can be accessed by calling 1-800- GAMBLER (1-800-426-2537).Gambling Problem? Call 1-800-GAMBLER 4.5/54.5/5Bet $5Get$150 in Bonus Bets iOS Rating:4.9/5(232,372) Google Play Rating:4.7/5(49,737) Play Now Read ReviewTerms and ConditionsNJ Only. 21+. T&Cs apply. Gambling Problem? Call 1-800-GAMBLER 4.5/54.5/5Bet $5Get $150 inBonus Bets Instantly iOS Rating:4.8/5(845,560) Google Play Rating:4.3/5(174,461) Claim Offer Read ReviewTerms and ConditionsGAMBLING PROBLEM? CALL 1-800-GAMBLER, (800) 327-5050 or visit gamblinghelplinema.org (MA). Call 877-8-HOPENY/text HOPENY (467369) (NY).Please Gamble Responsibly. 888-789-7777/visit ccpg.org (CT), or visit www.mdgamblinghelp.org (MD). 21+ and present in most states. (18+ DC/KY/NH/WY). Void in ONT/OR/NH. Eligibility restrictions apply. On behalf of Boot Hill Casino & Resort (KS). 1 per new customer. Must register new account to receive reward Token. Must select Token BEFORE placing min. $5 bet to receive $150 in Bonus Bets instantly. Min. -500 odds req. Token and Bonus Bets are single-use and non-withdrawable. Bonus Bets expire in 7 days (168 hours). Stake removed from payout. Terms: sportsbook.draftkings.com/promos. Sponsored by DK. 4.5/54.5/5Bet $5Get$150 iOS Rating:4.7/5(374,553) Google Play Rating:4.6/5(198,307) Play Now Read ReviewTerms and ConditionsYou must be over 21 to play. GAMBLING PROBLEM? CALL 1-800-GAMBLER.App Exclusive Offer. Deposit required. Paid in Bonus Bets. Bonus Bets wager excluded from returns. New customers only. T&Cs, time limits and exclusions apply. 4.5/54.5/5Bet $5Get $300 inBonus Bets If Your Bet Wins iOS Rating:4.9/5(1,861,547) Google Play Rating:4.6/5(382,450) Play Now Read ReviewTerms and ConditionsNew customers only. Deposit min. $10. Place first bet of min $5 and get $300 in bonus bets if your bet wins.Gambling Problem? Call 1-800-GAMBLER.21+ and present in NJ. 4.5/54.5/5Bet $10Get$150 If You Win iOS Rating:4.8/5(239,666) Google Play Rating:4.2/5(36,689) Play Now Read ReviewTerms and ConditionsBonus bets expire in 7 days. One new customer offer per user. Additional terms apply.Gambling Problem? Call 1-800-GAMBLER.21+ and present in NJ. 4.5/54.5/5Play $5Get$50 iOS Rating:4.8/5(202,151) Google Play Rating:4.6/5(19.7K) Claim Offer Read ReviewTerms and ConditionsMust be 18+ (19+ in AL, NE; 19+ in CO for some games; 21+ in AZ, MA, and VA) and present in a state where Underdog Fantasy operates. Terms apply. See assets.underdogfantasy.com/web/PlayandGetTerms_DFS_.html for details. Offer not valid in MD, MI,NY, OH, and PA. Concerned with your play? Call 1-800-GAMBLER or visit www.ncpgambling.org; NY: Call the 24/7 HOPEline at 1-877-8-HOPENY or Text HOPENY (467369) 4.5/54.5/5Use Code: OddsSharkEarn 2% Back for 30 Days,Up to 200 in Prophet Cash iOS Rating:4.8/5(1.6K) Google Play Rating:4.9/5(346) Claim Offer Read Review 4.5/54.5/5Play $5Get $50 inBonus Picks iOS Rating:4.7/5(10,536) Google Play Rating:4.8/5(4,580) Claim Offer Read ReviewTerms and ConditionsGambling Problem? Call 1-800-GAMBLER. Help is available for problem gambling. Call (888) 789-7777 or visit ccpg.org (CT). 18+ (19+ AL/NE, 21+ AZ/MA). Valid only where Pick6 operates, see dkng.co/pick6states. Void in NY, ONT, and where prohibited. Eligibility restrictions apply. Terms pick6. 1 per new Pick6 customer. $5+ first Pick Set to receive max. $50 issued as non-withdrawable Bonus Picks that expire in 14 days (336 hours). Ends 6/22/25 at 11:59 PM ET. Terms: pick6.draftkings.com/promos. Sponsored by DraftKings.Gambling Problem? Call 1-800-GAMBLER.21+ and present in NJ. See all New Jersey Sportsbooks 4.5/54.5/5Bet $1,Double Your WinningsYour Next 10 Bets iOS Rating:4.7/5(89,306) Google Play Rating:4.5/5(30,709) Play Now Read ReviewTerms and ConditionsMust be 21 or older and physically present in NJ. New users only. Must register using eligible promo code. First bet after registration must qualify. Max. Bonus Bet: $1,059. Bonus Bet expires 14 days after receipt. Void where prohibited. See Caesars.com/promos for full terms. If you or someone you know has a gambling problem, crisis counseling and referral services can be accessed by calling 1-800- GAMBLER (1-800-426-2537).Gambling Problem? Call 1-800-GAMBLER 4.5/54.5/5Bet $5Get$150 in Bonus Bets iOS Rating:4.9/5(232,372) Google Play Rating:4.7/5(49,737) Play Now Read ReviewTerms and ConditionsNJ Only. 21+. T&Cs apply. Gambling Problem? Call 1-800-GAMBLER 4.5/54.5/5Bet $5Get $150 inBonus Bets Instantly iOS Rating:4.8/5(845,560) Google Play Rating:4.3/5(174,461) Claim Offer Read ReviewTerms and ConditionsGAMBLING PROBLEM? CALL 1-800-GAMBLER, (800) 327-5050 or visit gamblinghelplinema.org (MA). Call 877-8-HOPENY/text HOPENY (467369) (NY).Please Gamble Responsibly. 888-789-7777/visit ccpg.org (CT), or visit www.mdgamblinghelp.org (MD). 21+ and present in most states. (18+ DC/KY/NH/WY). Void in ONT/OR/NH. Eligibility restrictions apply. On behalf of Boot Hill Casino & Resort (KS). 1 per new customer. Must register new account to receive reward Token. Must select Token BEFORE placing min. $5 bet to receive $150 in Bonus Bets instantly. Min. -500 odds req. Token and Bonus Bets are single-use and non-withdrawable. Bonus Bets expire in 7 days (168 hours). Stake removed from payout. Terms: sportsbook.draftkings.com/promos. Sponsored by DK. 4.5/54.5/5Bet $5Get$150 iOS Rating:4.7/5(374,553) Google Play Rating:4.6/5(198,307) Play Now Read ReviewTerms and ConditionsYou must be over 21 to play. GAMBLING PROBLEM? CALL 1-800-GAMBLER.App Exclusive Offer. Deposit required. Paid in Bonus Bets. Bonus Bets wager excluded from returns. New customers only. T&Cs, time limits and exclusions apply. 4.5/54.5/5Bet $5Get $300 inBonus Bets If Your Bet Wins iOS Rating:4.9/5(1,861,547) Google Play Rating:4.6/5(382,450) Play Now Read ReviewTerms and ConditionsNew customers only. Deposit min. $10. Place first bet of min $5 and get $300 in bonus bets if your bet wins.Gambling Problem? Call 1-800-GAMBLER.21+ and present in NJ. 4.5/54.5/5Bet $10Get$150 If You Win iOS Rating:4.8/5(239,666) Google Play Rating:4.2/5(36,689) Play Now Read ReviewTerms and ConditionsBonus bets expire in 7 days. One new customer offer per user. Additional terms apply.Gambling Problem? Call 1-800-GAMBLER.21+ and present in NJ. 4.5/54.5/5Play $5Get$50 iOS Rating:4.8/5(202,151) Google Play Rating:4.6/5(19.7K) Claim Offer Read ReviewTerms and ConditionsMust be 18+ (19+ in AL, NE; 19+ in CO for some games; 21+ in AZ, MA, and VA) and present in a state where Underdog Fantasy operates. Terms apply. See assets.underdogfantasy.com/web/PlayandGetTerms_DFS_.html for details. Offer not valid in MD, MI,NY, OH, and PA. Concerned with your play? Call 1-800-GAMBLER or visit www.ncpgambling.org; NY: Call the 24/7 HOPEline at 1-877-8-HOPENY or Text HOPENY (467369) 4.5/54.5/5Use Code: OddsSharkEarn 2% Back for 30 Days,Up to 200 in Prophet Cash iOS Rating:4.8/5(1.6K) Google Play Rating:4.9/5(346) Claim Offer Read Review 4.5/54.5/5Play $5Get $50 inBonus Picks iOS Rating:4.7/5(10,536) Google Play Rating:4.8/5(4,580) Claim Offer Read ReviewTerms and ConditionsGambling Problem? Call 1-800-GAMBLER. Help is available for problem gambling. Call (888) 789-7777 or visit ccpg.org (CT). 18+ (19+ AL/NE, 21+ AZ/MA). Valid only where Pick6 operates, see dkng.co/pick6states. Void in NY, ONT, and where prohibited. Eligibility restrictions apply. Terms pick6. 1 per new Pick6 customer. $5+ first Pick Set to receive max. $50 issued as non-withdrawable Bonus Picks that expire in 14 days (336 hours). Ends 6/22/25 at 11:59 PM ET. Terms: pick6.draftkings.com/promos. Sponsored by DraftKings. 4.5/54.5/5Bet $1,Double Your WinningsYour Next 10 Bets iOS Rating:4.7/5(89,306) Google Play Rating:4.5/5(30,709) Play Now Read Review 4.5/54.5/5Bet $1,Double Your WinningsYour Next 10 Bets iOS Rating:4.7/5(89,306) Google Play Rating:4.5/5(30,709) Play Now Read Review iOS Rating:4.7/5(89,306) Google Play Rating:4.5/5(30,709) Terms and ConditionsMust be 21 or older and physically present in NJ. New users only. Must register using eligible promo code. First bet after registration must qualify. Max. Bonus Bet: $1,059. Bonus Bet expires 14 days after receipt. Void where prohibited. See Caesars.com/promos for full terms. If you or someone you know has a gambling problem, crisis counseling and referral services can be accessed by calling 1-800- GAMBLER (1-800-426-2537).Gambling Problem? Call 1-800-GAMBLER Must be 21 or older and physically present in NJ. New users only. Must register using eligible promo code. First bet after registration must qualify. Max. Bonus Bet: $1,059. Bonus Bet expires 14 days after receipt. Void where prohibited. See Caesars.com/promos for full terms. If you or someone you know has a gambling problem, crisis counseling and referral services can be accessed by calling 1-800- GAMBLER (1-800-426-2537).Gambling Problem? Call 1-800-GAMBLER Must be 21 or older and physically present in NJ. New users only. Must register using eligible promo code. First bet after registration must qualify. Max. Bonus Bet: $1,059. Bonus Bet expires 14 days after receipt. Void where prohibited. See Caesars.com/promos for full terms. If you or someone you know has a gambling problem, crisis counseling and referral services can be accessed by calling 1-800- GAMBLER (1-800-426-2537). 4.5/54.5/5Bet $5Get$150 in Bonus Bets iOS Rating:4.9/5(232,372) Google Play Rating:4.7/5(49,737) Play Now Read Review 4.5/54.5/5Bet $5Get$150 in Bonus Bets iOS Rating:4.9/5(232,372) Google Play Rating:4.7/5(49,737) Play Now Read Review iOS Rating:4.9/5(232,372) Google Play Rating:4.7/5(49,737) Terms and ConditionsNJ Only. 21+. T&Cs apply. Gambling Problem? Call 1-800-GAMBLER NJ Only. 21+. T&Cs apply. Gambling Problem? Call 1-800-GAMBLER NJ Only. 21+. T&Cs apply. Gambling Problem? Call 1-800-GAMBLER 4.5/54.5/5Bet $5Get $150 inBonus Bets Instantly iOS Rating:4.8/5(845,560) Google Play Rating:4.3/5(174,461) Claim Offer Read Review 4.5/54.5/5Bet $5Get $150 inBonus Bets Instantly iOS Rating:4.8/5(845,560) Google Play Rating:4.3/5(174,461) Claim Offer Read Review iOS Rating:4.8/5(845,560) Google Play Rating:4.3/5(174,461) Terms and ConditionsGAMBLING PROBLEM? CALL 1-800-GAMBLER, (800) 327-5050 or visit gamblinghelplinema.org (MA). Call 877-8-HOPENY/text HOPENY (467369) (NY).Please Gamble Responsibly. 888-789-7777/visit ccpg.org (CT), or visit www.mdgamblinghelp.org (MD). 21+ and present in most states. (18+ DC/KY/NH/WY). Void in ONT/OR/NH. Eligibility restrictions apply. On behalf of Boot Hill Casino & Resort (KS). 1 per new customer. Must register new account to receive reward Token. Must select Token BEFORE placing min. $5 bet to receive $150 in Bonus Bets instantly. Min. -500 odds req. Token and Bonus Bets are single-use and non-withdrawable. Bonus Bets expire in 7 days (168 hours). Stake removed from payout. Terms: sportsbook.draftkings.com/promos. Sponsored by DK. GAMBLING PROBLEM? CALL 1-800-GAMBLER, (800) 327-5050 or visit gamblinghelplinema.org (MA). Call 877-8-HOPENY/text HOPENY (467369) (NY).Please Gamble Responsibly. 888-789-7777/visit ccpg.org (CT), or visit www.mdgamblinghelp.org (MD). 21+ and present in most states. (18+ DC/KY/NH/WY). Void in ONT/OR/NH. Eligibility restrictions apply. On behalf of Boot Hill Casino & Resort (KS). 1 per new customer. Must register new account to receive reward Token. Must select Token BEFORE placing min. $5 bet to receive $150 in Bonus Bets instantly. Min. -500 odds req. Token and Bonus Bets are single-use and non-withdrawable. Bonus Bets expire in 7 days (168 hours). Stake removed from payout. Terms: sportsbook.draftkings.com/promos. Sponsored by DK. GAMBLING PROBLEM? CALL 1-800-GAMBLER, (800) 327-5050 or visit gamblinghelplinema.org (MA). Call 877-8-HOPENY/text HOPENY (467369) (NY). Please Gamble Responsibly. 888-789-7777/visit ccpg.org (CT), or visit www.mdgamblinghelp.org (MD). 21+ and present in most states. (18+ DC/KY/NH/WY). Void in ONT/OR/NH. Eligibility restrictions apply. On behalf of Boot Hill Casino & Resort (KS). 1 per new customer. Must register new account to receive reward Token. Must select Token BEFORE placing min. $5 bet to receive $150 in Bonus Bets instantly. Min. -500 odds req. Token and Bonus Bets are single-use and non-withdrawable. Bonus Bets expire in 7 days (168 hours). Stake removed from payout. Terms: sportsbook.draftkings.com/promos. Sponsored by DK. 4.5/54.5/5Bet $5Get$150 iOS Rating:4.7/5(374,553) Google Play Rating:4.6/5(198,307) Play Now Read Review 4.5/54.5/5Bet $5Get$150 iOS Rating:4.7/5(374,553) Google Play Rating:4.6/5(198,307) Play Now Read Review iOS Rating:4.7/5(374,553) Google Play Rating:4.6/5(198,307) Terms and ConditionsYou must be over 21 to play. GAMBLING PROBLEM? CALL 1-800-GAMBLER.App Exclusive Offer. Deposit required. Paid in Bonus Bets. Bonus Bets wager excluded from returns. New customers only. T&Cs, time limits and exclusions apply. You must be over 21 to play. GAMBLING PROBLEM? CALL 1-800-GAMBLER.App Exclusive Offer. Deposit required. Paid in Bonus Bets. Bonus Bets wager excluded from returns. New customers only. T&Cs, time limits and exclusions apply. You must be over 21 to play. GAMBLING PROBLEM? CALL 1-800-GAMBLER. App Exclusive Offer. Deposit required. Paid in Bonus Bets. Bonus Bets wager excluded from returns. New customers only. T&Cs, time limits and exclusions apply. 4.5/54.5/5Bet $5Get $300 inBonus Bets If Your Bet Wins iOS Rating:4.9/5(1,861,547) Google Play Rating:4.6/5(382,450) Play Now Read Review 4.5/54.5/5Bet $5Get $300 inBonus Bets If Your Bet Wins iOS Rating:4.9/5(1,861,547) Google Play Rating:4.6/5(382,450) Play Now Read Review iOS Rating:4.9/5(1,861,547) Google Play Rating:4.6/5(382,450) Terms and ConditionsNew customers only. Deposit min. $10. Place first bet of min $5 and get $300 in bonus bets if your bet wins.Gambling Problem? Call 1-800-GAMBLER.21+ and present in NJ. New customers only. Deposit min. $10. Place first bet of min $5 and get $300 in bonus bets if your bet wins.Gambling Problem? Call 1-800-GAMBLER.21+ and present in NJ. New customers only. Deposit min. $10. Place first bet of min $5 and get $300 in bonus bets if your bet wins. Gambling Problem? Call 1-800-GAMBLER.21+ and present in NJ. 4.5/54.5/5Bet $10Get$150 If You Win iOS Rating:4.8/5(239,666) Google Play Rating:4.2/5(36,689) Play Now Read Review 4.5/54.5/5Bet $10Get$150 If You Win iOS Rating:4.8/5(239,666) Google Play Rating:4.2/5(36,689) Play Now Read Review iOS Rating:4.8/5(239,666) Google Play Rating:4.2/5(36,689) Terms and ConditionsBonus bets expire in 7 days. One new customer offer per user. Additional terms apply.Gambling Problem? Call 1-800-GAMBLER.21+ and present in NJ. Bonus bets expire in 7 days. One new customer offer per user. Additional terms apply.Gambling Problem? Call 1-800-GAMBLER.21+ and present in NJ. Bonus bets expire in 7 days. One new customer offer per user. Additional terms apply. Gambling Problem? Call 1-800-GAMBLER.21+ and present in NJ. 4.5/54.5/5Play $5Get$50 iOS Rating:4.8/5(202,151) Google Play Rating:4.6/5(19.7K) Claim Offer Read Review 4.5/54.5/5Play $5Get$50 iOS Rating:4.8/5(202,151) Google Play Rating:4.6/5(19.7K) Claim Offer Read Review iOS Rating:4.8/5(202,151) Google Play Rating:4.6/5(19.7K) Terms and ConditionsMust be 18+ (19+ in AL, NE; 19+ in CO for some games; 21+ in AZ, MA, and VA) and present in a state where Underdog Fantasy operates. Terms apply. See assets.underdogfantasy.com/web/PlayandGetTerms_DFS_.html for details. Offer not valid in MD, MI,NY, OH, and PA. Concerned with your play? Call 1-800-GAMBLER or visit www.ncpgambling.org; NY: Call the 24/7 HOPEline at 1-877-8-HOPENY or Text HOPENY (467369) Must be 18+ (19+ in AL, NE; 19+ in CO for some games; 21+ in AZ, MA, and VA) and present in a state where Underdog Fantasy operates. Terms apply. See assets.underdogfantasy.com/web/PlayandGetTerms_DFS_.html for details. Offer not valid in MD, MI,NY, OH, and PA. Concerned with your play? Call 1-800-GAMBLER or visit www.ncpgambling.org; NY: Call the 24/7 HOPEline at 1-877-8-HOPENY or Text HOPENY (467369) Must be 18+ (19+ in AL, NE; 19+ in CO for some games; 21+ in AZ, MA, and VA) and present in a state where Underdog Fantasy operates. Terms apply. See assets.underdogfantasy.com/web/PlayandGetTerms_DFS_.html for details. Offer not valid in MD, MI,NY, OH, and PA. Concerned with your play? Call 1-800-GAMBLER or visit www.ncpgambling.org; NY: Call the 24/7 HOPEline at 1-877-8-HOPENY or Text HOPENY (467369) 4.5/54.5/5Use Code: OddsSharkEarn 2% Back for 30 Days,Up to 200 in Prophet Cash iOS Rating:4.8/5(1.6K) Google Play Rating:4.9/5(346) Claim Offer Read Review 4.5/54.5/5Use Code: OddsSharkEarn 2% Back for 30 Days,Up to 200 in Prophet Cash iOS Rating:4.8/5(1.6K) Google Play Rating:4.9/5(346) Claim Offer Read Review Use Code: OddsSharkEarn 2% Back for 30 Days,Up to 200 in Prophet Cash Use Code: OddsSharkEarn 2% Back for 30 Days,Up to 200 in Prophet Cash Use Code: OddsSharkEarn 2% Back for 30 Days,Up to 200 in Prophet Cash iOS Rating:4.8/5(1.6K) Google Play Rating:4.9/5(346) 4.5/54.5/5Play $5Get $50 inBonus Picks iOS Rating:4.7/5(10,536) Google Play Rating:4.8/5(4,580) Claim Offer Read Review 4.5/54.5/5Play $5Get $50 inBonus Picks iOS Rating:4.7/5(10,536) Google Play Rating:4.8/5(4,580) Claim Offer Read Review iOS Rating:4.7/5(10,536) Google Play Rating:4.8/5(4,580) Terms and ConditionsGambling Problem? Call 1-800-GAMBLER. Help is available for problem gambling. Call (888) 789-7777 or visit ccpg.org (CT). 18+ (19+ AL/NE, 21+ AZ/MA). Valid only where Pick6 operates, see dkng.co/pick6states. Void in NY, ONT, and where prohibited. Eligibility restrictions apply. Terms pick6. 1 per new Pick6 customer. $5+ first Pick Set to receive max. $50 issued as non-withdrawable Bonus Picks that expire in 14 days (336 hours). Ends 6/22/25 at 11:59 PM ET. Terms: pick6.draftkings.com/promos. Sponsored by DraftKings. Gambling Problem? Call 1-800-GAMBLER. Help is available for problem gambling. Call (888) 789-7777 or visit ccpg.org (CT). 18+ (19+ AL/NE, 21+ AZ/MA). Valid only where Pick6 operates, see dkng.co/pick6states. Void in NY, ONT, and where prohibited. Eligibility restrictions apply. Terms pick6. 1 per new Pick6 customer. $5+ first Pick Set to receive max. $50 issued as non-withdrawable Bonus Picks that expire in 14 days (336 hours). Ends 6/22/25 at 11:59 PM ET. Terms: pick6.draftkings.com/promos. Sponsored by DraftKings. Gambling Problem? Call 1-800-GAMBLER. Help is available for problem gambling. Call (888) 789-7777 or visit ccpg.org (CT). 18+ (19+ AL/NE, 21+ AZ/MA). Valid only where Pick6 operates, see dkng.co/pick6states. Void in NY, ONT, and where prohibited. Eligibility restrictions apply. Terms pick6. 1 per new Pick6 customer. $5+ first Pick Set to receive max. $50 issued as non-withdrawable Bonus Picks that expire in 14 days (336 hours). Ends 6/22/25 at 11:59 PM ET. Terms: pick6.draftkings.com/promos. Sponsored by DraftKings. Gambling Problem? Call 1-800-GAMBLER.21+ and present in NJ. Gambling Problem? Call 1-800-GAMBLER.21+ and present in NJ. Odds Saturday, August 16 - UFC 319 Sat Aug 16 - UFC 319 ROUND 1 Close MatchupOpeningCurrent 10:23pm EDT Edson Barboza Edson Barboza VS / Drakkar Klose Drakkar Klose -150 +118 -135 +110 Saturday, August 16 - UFC 319 Sat Aug 16 - UFC 319 ROUND 1 Close MatchupOpeningCurrent 10:23pm EDT Edson Barboza Edson Barboza VS / Drakkar Klose Drakkar Klose -150 +118 -135 +110 10:23pm EDT Edson Barboza Edson Barboza VS / Drakkar Klose Drakkar Klose -150 +118 -135 +110 10:23pm EDT Edson Barboza Edson Barboza VS / Drakkar Klose Drakkar Klose -150 +118 -135 +110 Edson Barboza Edson Barboza VS / Drakkar Klose Drakkar Klose","Saturday, August 16 - UFC 319 Sat Aug 16 - UFC 319",https://www.oddsshark.com/ufc/edson-barboza-drakkar-klose-odds-august-16-2025-2403074
