title,text,publish_date,url
"Geoff Neal vs. Carlos Prates, UFC 319 | MMA Bout | Tapology","Fighter Comparison | Neal | Prates | ||| | #10 WelterW (Worldwide) | Ranking | #11 WelterW (Worldwide) | || | 16-6-0 MMA | Pro Record | 21-7-0 MMA | || | 2025 2022 | Last 5 Fights | 2025 2024 | || | +165 (Slight Underdog) | Betting Odds | -190 (Slight Favorite) | || | | Nation | | || | Dallas Texas | Fights out of | Taubaté Sao Paulo | || | 34 +11 mos, 2 wks, 5 days | Age at Fight | 31 +11 mos, 4 wks, 2 days | || | 171.0 lbs (77.6 kgs) | Weigh-In Result | 170.0 lbs (77.1 kgs) | || | 5'11"" (180cm) | Height | 6'1"" (185cm) | || | 75.0"" (191cm) | Reach | 78.0"" (198cm) | || | Fortis MMA | Gym | Fighting Nerds Vale Top Team | Neal vs. Prates Fight Predictions Fight Predictions Tapology Community Picks: 7,520 Bout Information Event Poster Fight Details - Event: UFC 319: Du Plessis vs. Chimaev - Date: Saturday 08.16.2025 at 06:30 PM ET - Referee: - Venue: United Center - Enclosure: Octagon - Location: Chicago, Illinois, United States - Bout Billing: Main Card (fight 10 of 12) - Pro/Am: Professional - Weight: 170 lbs (77.1 kg) - Event Links: - Bout Links:",2025-05-13,https://www.tapology.com/fightcenter/bouts/1020239-ufc-319-geoff-handz-of-steel-neal-vs-carlos-the-nightmare-prates
UFC 319: Geoff Neal vs. Carlos Prates: Live round-by-round updates,"UFC 319 features a rescheduled welterweight clash between Geoff Neal and Carlos Prates. Neal has been a staple of the UFC’s welterweight rankings for years. He is known for his crisp boxing and ability to make even elite fighters uncomfortable. His resume includes battles with Shavkat Rakhmonov and Ian Machado Garry. At 35, Neal still carries fight-ending power in both hands and thrives in gritty, close-range exchanges. Prates stormed onto the UFC scene in 2024 with four straight finishes, instantly inserting himself into the top 15. His aggressive style and knockout instincts have made him must-watch TV, though his recent decision loss to Machado Garry showed vulnerabilities in his defensive game. Both fighters prefer to trade in the pocket, making this a likely stand-up war from the opening bell. UFC 319 happens Saturday, August 16, 2025, at the United Center in Chicago. Early Prelims air at 6 PM ET on ESPN+ and Disney+, Prelims at 7 PM ET on ESPN, and the Main Card at 10 PM ET on ESPN+ PPV. In India, watch on Sony LIV. Stay tuned to Sportskeeda MMA for the live coverage and play-by-play updates: Round 1",2025-08-16,https://www.sportskeeda.com/mma/news-ufc-319-geoff-neal-vs-carlos-prates-live-round-by-round-updates
Carlos Prates teases 'big news' after Geoff Neal injury scraps UFC 314 fight,"Carlos Prates teases 'big news' after Geoff Neal injury scraps UFC 314 fight The stacked UFC 314 fight card has taken its first hit with the cancellation of Geoff Neal vs. Carlos Prates. UFC officials announced Saturday that Neal (16-6 MMA, 8-4 UFC) has sustained an undisclosed injury and has been forced to withdraw from the welterweight contest against Prates (21-6 MMA, 4-0 UFC) on the April 12 card at Kaseya Center in Miami (ESPN+ pay-per-view, ESPN, ESPN+). As a result, Prates will not get a replacement opponent for the card and will be shifted to a different opportunity in the future. UFC play-by-play commentator Jon Anik noted during the injury announcement that big news could be on the horizon for Prates, and the surging 170-pound contender indicated as much on social media. Carlos Prates via. IG: ""News and good news coming soon!"" 👀#UFC #MMA pic.twitter.com/c0yNs0vzOG — Championship Rounds (@ChampRDS) March 30, 2025 A timeline for Neal's injury recovery and return are unknown at this time. The latest UFC 314 lineup now includes: - Alexander Volkanovski vs. Diego Lopes – for vacant featherweight title - Michael Chandler vs. Paddy Pimblett - Bryce Mitchell vs. Jean Silva - Patricio Freire vs. Yair Rodriguez - Nikita Krylov vs. Dominick Reyes - Dan Ige vs. Sean Woodson - Virna Jandiroba vs. Yan Xiaonan - Chase Hooper vs. Jim Miller - Sedriques Dumas vs. Michal Oleksiejczuk - Darren Elkins vs. Julian Erosa - Su Mudaerji vs. Mitch Raposo - Alberto Montes vs. Roberto Romero - Tresean Gore vs. Marco Tulio - Nora Cornolle vs. Hailey Cowan For more on the card, visit MMA Junkie's event hub for UFC 314.",2025-03-30,https://mmajunkie.usatoday.com/story/sports/ufc/2025/03/30/ufc-314-carlos-prates-big-news-geoff-neal-injury-canceled/82728875007/
"Geoff Neal vs. Carlos Prates: Odds, full fight preview and prediction | UFC 319","Geoff Neal vs. Carlos Prates: Odds, full fight preview and prediction | UFC 319 Ultimate Fighting Championship (UFC) Welterweight knockout artists Geoff Neal vs. Carlos Prates will duel this weekend (Sat., Aug. 16, 2025) at UFC Vegas 319 inside United Center in Chicago, Illinois. This is a certified Welterweight banger! Neal returned to the win column in his last fight, punching former champion Rafael dos Anjos so hard that his knee exploded. One of the division’s heaviest hitters, Neal has only lost to elite contenders in recent years, but he’s struggled to put a real win streak together. Prates, conversely, began his UFC career less than two years ago. He started fast, however, racking up a series of vicious knockout wins to gain a ranking almost immediately. Ian Garry sent him back to Earth and revealed some of the weaknesses in Prates’ formidable stand up, but Prates still nearly knocked him out late in the fight. Let’s take a closer look at the betting odds and strategic keys for each athlete: Neal vs. Prates Betting Odds Geoff Neal victory: +205 Geoff Neal via TKO/KO/DQ: +450 Geoff Neal via submission: +2000 Geoff Neal via decision: +550 Carlos Prates victory: -250 Carlos Prates via TKO/KO/DQ: +110 Carlos Prates via submission: +2000 Carlos Prates via decision: +175 Odds via DraftKings Sportsbook How Neal Wins Geoff Neal is a really interesting Southpaw striker. On one hand, he does apply classic tactics, like the double threat of his powerful left hand and thudding left high kick. At the same time, a lot of his best connections are setup by constant movement and sudden bursts forward. He might actually fight better from his back foot, but he’s not a sniper like an Israel Adesanya. Prates is going to walk towards Neal. It’s all he knows! In reality, that might work out just fine for Neal, who can set his traps knowing that he has an opponent willing to walk into them. He didn’t end up winning in the face of Shavkat Rakhmonov’s similar aggression, but he certainly cracked “Nomad” a bunch of times. For both men, the biggest adjustments to make will be adapting to the other’s Southpaw stance. When two lefties meet, the jab becomes more critically important. It’s unusual for Neal to be operating at a reach disadvantage, but he can make up for that by feinting the jab more often, mixing up the timing, and doubling up the shot. If Neal is winning the jab battle, he should be able to bait Prates forward and time counter shots effectively. Prates has an iron chin, but nobody likes getting hit by “Handz of Steel.” How Prates Wins Prates is a Muay Thai mauler. He applies patient, nonstop pressure and counts on his opponent reacting, timing them when they do so with hugely powerful counter punches. He’s got a pretty decent jab for a Southpaw, and Prates can certainly finish fights with his kicks and knees as well. It’s also worth-mentioning that his takedown defense looked damn good even in defeat to Garry. Hopefully, Prates learned the right lessons from the Garry loss. Namely, he has to be a little more proactive about his offense and setups when faced with elite competition. Neal won’t be quite as evasive and rangy as “The Future,” but he’ll provide a similar stylistic look overall. We talked about the importance of the jab above, and that certainly applies here for Prates too. Additionally, however, I’d really like to see more low kicks from the Brazilian. He kicks hard, and Southpaws are usually quite bad at checking the outside low kick from fellow lefties. If Prates is flicking jabs and using them to hide his low kick, he should be able to really hamper Neal’s movement and convince him to fire back. Prates is at his most dangerous when he’s backed his foe into the cage and they come back swinging. If he takes the initiative, he can land that position quickly, because Neal’s footwork often lands him on the cage anyway. Neal vs. Prates Prediction It’s easy to see either man having significant success here. Neal could replicate Garry’s success well and prevent Prates from getting rolling by forcing him to reset constantly. Simultaneously, Prates could catch Neal’s back to the cage in the opening two minutes and spark him outright. That’s why it’s such a fun stand up battle! Ultimately, I think Prates’ range advantage is going to be the deciding factor. Neal isn’t like Garry: he doesn’t want to run around and kick all night. That’s not his game. He’ll engage sooner than later, and I expect many of his punches to come up short while Prates is finding the mark. Prediction: Prates via decision LIVE! Watch UFC 319 PPV On ESPN+ Here! MIDDLEWEIGHT TITLE CAR CRASH! Ultimate Fighting Championship (UFC) continues its 2025 pay-per-view (PPV) schedule on Sat., Aug. 16, 2025, with a blockbuster title fight set to headline UFC 319 from inside United Center in Chicago, Illinois. In UFC 319’s PPV main event, Middleweight champion, Dricus du Plessis, defends his title against undefeated No. 3-ranked contender, Khamzat Chimaev, in a high-stakes, five-round battle of unbeaten UFC records. UFC 319’s PPV co-main event features a Featherweight showdown between Lerone Murphy and promotional newcomer, Aaron Pico, a high-profile free-agent signing stepping in on short notice. UFC 319 will also showcase a Welterweight clash between Geoff Neal vs. Carlos Prates, a Middleweight bout pitting Jared Cannonier vs. Michael Page, a Flyweight matchup featuring Tim Elliott vs. Kai Asakura, and much more! UFC 319’s start time is scheduled for 6 p.m. ET (“Early Prelims”), 8 p.m. ET (“Prelims” undercard), and 10 p.m. ET (PPV main card) Don’t miss a single second of EPIC face-punching action!",2025-08-14,https://sports.yahoo.com/article/geoff-neal-vs-carlos-prates-130000064.html?fr=sycsrp_catchall
Matchup Spotlight | Geoff Neal vs Carlos Prates,"Patience is a respected, aspirational and admirable virtue. That said, nothing tests one’s patience more than waiting for a fun and intriguing matchup between two knockout artists in the Octagon. Geoff Neal and Carlos Prates were booked to fight to fight in April at UFC 314 in Miami until Neal pulled out of the bout. Prates fought in the meantime, suffering his first UFC loss to Ian Machado Garry, which meant the matchup with Neal remained on the table in a real way. Prates’ defeat might have scuffed the shine on the matchup a little bit, but any fight fan with any awareness of the game knows better. UFC Coming To Paramount In 2026! Read The Announcement At UFC 319: Du Plessis vs Chimaev, the welterweight contenders finally lock horns in the Octagon in a critical matchup that should overflow with fireworks. Unlock MORE of your inner combat sports fan with UFC Fight Pass! Fighting is what we live for. And no one brings you MORE live fights, new shows, and events across multiple combat sports from around the world. With a never-ending supply of fighting in every discipline, there’s always something new to watch. Leave it to the world’s authority in MMA to bring you the Ultimate 24/7 platform for MORE combat sports, UFC Fight Pass! Upgrade licenceThis video is not available in your country There was a problem while loading content. Please try again. Geoff Neal A Dana White’s Contender Series alumnus from all the way back in season three, Neal steadily established himself as one of the best 170ers in the world. In 12 UFC fights, Neal collected eight wins, six finishes (four knockouts, two submissions) and three performance bonuses. The Dallas resident’s resume represents some of the toughest competition possible, and he has picked up wins over marquee names like Rafael Dos Anjos, Vicente Luque, Santiago Ponzinibbio and Belal Muhammad. With his thudding left hand and lightning left high kick, Neal has given himself a handful of opportunities to break into the title picture, but shortcomings against Stephen Thompson, Neil Magny, Shavkat Rakhmonov and Ian Machado Garry stifled any momentum in that direction. That said, Neal hasn’t ever been fully out of any fight — a perk of having fight-changing power and a high skill level. Saturday's Full Fight Card Preview Where Neal has struggled in the past has almost come off as trusting himself and pulling the trigger. Machado Garry and Thompson were able to use footwork and distance management to frustrate Neal, but he has shown in fights like his knockout over Luque the ability to overwhelm an opponent who meets him in the middle. The potential for a run toward the top remains for the 34-year-old, and thwarting a hot contender like Prates would do wonders for his bid. Carlos Prates Brazil’s Prates was a shoo-in to the promotion after he sparked Mitch Ramirez in his Dana White’s Contender Series bout in November 2023. The suave striker quickly became a fan-favorite in 2024 as he picked up four consecutive knockout wins over Trevin Giles, Charles Radtke, Li Jingliang and Neil Magny, each earning a performance bonus. The cult of fanfare dovetailed with the rise of the Fighting Nerds in 2024. Prates, who splits his time with the Nerds and his home squad Vale Top Team, carried the banner along with Jean Silva, Caio Borralho and Mauricio Ruffy. The quartet was equal parts style and devastating substance, and the MMA fandom quickly came to adore the cigarette-smoking sniper, Prates. WATCH: UFC 319 Embedded The 31-year-old “Nightmare” experienced his first stumble in his second main event shot, a relatively late-notice crack at Machado Garry in Kansas City. Although the Irishman mesmerized with his technical ability and movement, Prates’ power gave him an opportunity late in the bout as he cracked Machado Garry and nearly scored a late finish. Alas, the judges gave Machado Garry the unanimous nod, snapping Prates11-fight winning streak. That Prates returns to the matchup with Neal, thus marking a sort of return to where he was before the loss, speaks to the maintained belief in his stock. Meeting in the Middle With 26 knockouts between them and a combined average fight time hovering around two full rounds, all signs point toward a finish in Chicago. However, the two go about finding the finishing shot in distinct ways. Prates is a patient striker who averages 3.6 strikes per minute, opting to feint and pressure forward as he seeks windows to open up. Neal is quite athletic and able to float on the outside before darting into the pocket and landing his shots, but his 5.05 strikes per minute speaks to a slightly higher work rate than his counterpoint. Your Full Guide To UFC 319 Fight Week Coincidentally, both men absorb more strikes than they land, which could mean nothing in this scenario but also could mean they are going to be comfortable putting themselves in harm’s way in order to land the heavier shot. To each fighter’s credit, they are sharp, technical and mindful in their approach, but they also fight like people who always feel like they have the heaviest shot in their locker. In short, Chicago is getting a treat of a fight ahead of the co-main and main events of the evening. Don't miss a moment of UFC 319: Du Plessis vs Chimaev, live from United Center in Chicago, Illinois on August 16, 2025. Prelims start at 8pm ET/5pm PT, followed by the main card live on PPV at 10pm ET/7pm PT.",2025-08-14,https://www.ufc.com/news/matchup-spotlight-geoff-neal-vs-carlos-prates-ufc-319
UFC 314: Geoff Neal is OUT of his fight at against Carlos Prates,"The UFC Mexico broadcast delivered disappointing news for fight fans eagerly anticipating the welterweight clash between Geoff Neal and Carlos Prates at UFC 314. Neal has officially withdrawn from the bout due to injury, leaving Prates without an opponent just two weeks ahead of the highly anticipated event scheduled for April 12 at the Kaseya Center in Miami, Florida. The UFC confirmed that updates regarding Prates' next fight will be announced soon, leaving fans speculating about potential replacements. Breaking: The fight between Geoff Neal and Carlos Prates at #UFC314 has been cancelled due to an injury to Neal, Jon Anik announced on the #UFCMexico broadcast. pic.twitter.com/iVrqxsM7l4 — ESPN MMA (@espnmma) March 30, 2025 A Major Blow to the UFC 314 Lineup Geoff Neal’s withdrawal is a significant shake-up for UFC 314, which boasts a stacked card headlined by a vacant featherweight title bout between Alexander Volkanovski and Diego Lopes. Neal, a staple of the welterweight division and ranked inside the top 15, was set to face one of the division’s hottest prospects in Carlos Prates. The bout had all the makings of a fan-friendly “striker vs. striker” matchup, with both fighters known for their knockout power and aggressive styles. Neal (16-6 MMA, 8-4 UFC) was coming off a first-round knockout win over Rafael dos Anjos at UFC 308 in October 2024, a victory that snapped a two-fight skid and reignited his career. His experience and technical striking were expected to test Prates (21-6 MMA, 4-0 UFC), who has been on an incredible tear since joining the promotion. Prates, nicknamed “The Nightmare,” has finished all four of his UFC opponents via knockout, earning Performance of the Night bonuses in each outing. The cancellation leaves fans wondering what could have been in a matchup that many believed would determine if Prates is ready to challenge elite competition in the welterweight division. What’s Next for Carlos Prates? With Geoff Neal out, all eyes are now on Carlos Prates and who might step up to face him on short notice. The Brazilian phenom has quickly become one of the most exciting fighters in the UFC thanks to his devastating knockout power and relentless finishing ability. At just 27 years old, Prates has already built an impressive resume that includes wins over Neil Magny, Jingliang Li, Charles Radtke, and Trevin Giles—all via stoppage. Prates’ momentum makes him an attractive option for any fighter looking to make a statement in the welterweight division. However, finding a suitable replacement on such short notice will be challenging. The UFC may look to other unbooked contenders or rising prospects willing to take on the high-risk opportunity of facing Prates. The Impact on UFC 314 Despite this setback, UFC 314 remains one of the most anticipated cards of the year. The event features several high-profile matchups, including Michael Chandler vs. Paddy Pimblett in the co-main event and Yair Rodriguez vs. Patricio Pitbull in a featherweight showdown. However, losing Neal vs. Prates—a bout that promised fireworks—leaves a noticeable void on the main card. For Geoff Neal, this withdrawal marks another frustrating chapter in his career plagued by injuries and setbacks over recent years. While details surrounding his withdrawal remain unclear as of now, fans hope he can recover quickly and return to action later this year. As for Carlos Prates, his journey toward becoming a top contender continues despite this disruption. Whether he faces a new opponent at UFC 314 or is rescheduled for another event, “The Nightmare” remains one of the most exciting talents to watch in MMA today. With just two weeks until fight night, fans eagerly await news from the UFC regarding Prates’ next opponent—and whether this Miami card can maintain its blockbuster appeal despite this unfortunate shake-up.",2025-03-30,https://clutchpoints.com/ufc/ufc-314-geoff-neal-is-out-of-his-fight-at-against-carlos-prates
UFC 319: Carlos Prates vs Geoff Neal fight preview and fighter interviews,"Carlos Prates will face Geoff Neal at UFC 319 this Saturday, August 16, in a rescheduled welterweight bout originally planned for earlier this year. Neal's injury forced a postponement, leading Prates to fight Ian Machado Garry at UFC Kansas City in April instead. Garry defeated Prates by decision, setting up the rescheduled Neal matchup for UFC 319. The Brazilian fighter addressed the delayed bout during Wednesday's, August 13, media day. Also read: Dricus Du Plessis outlines plan to stop Khamzat Chimaev in UFC 319 battle ""Yeah, I think it's the fight that makes sense. We should have fought before, but Geoff got injured and then I fought Ian Garry,"" Prates (21-7) told media outlets including Cageside Press. ""Now, I think the fight makes sense."" ""Of course Ian is great, he's really smart, really intelligent fighter. But I learned also how to be a complete fighter. It's important,"" Prates said. ""It's time to stop thinking about only bonuses, like knocking people out, bonuses and entertaining people, and just focus on getting the win. Because at the end of the day, getting the win is more important than a bonus or something like that."" The Brazilian fighter emphasized the importance of precision at the UFC's highest level. ""We are on biggest, high level. So small mistakes can change the end of the fight,"" Prates noted. ""I know a lot of people like to say something to make the thing become real, but definitely, he says he's going to knock me out in the first round, it's [not] going to become real,"" Prates countered. Also read: UFC 319 Live Streaming: How to watch Khamzat Chimaev vs Dricus du Plessis main card fight? Full Card, Star ""I think after winning [against] Geoff now, it's going to make a life in the top of the division. When you talk about who is close to the title shot, maybe one, two, three fights, you have some names there. I lost my last fight, so I think my name is not there. But I think after I beat Geoff Neal, my name is going back to the bunch of guys that are close to a title shot. Maybe three fights, one year, can fight for the belt,"" Prates told Cageside Press. The welterweight bout between Prates and Neal takes place Saturday as part of the UFC 319 card. Garry defeated Prates by decision, setting up the rescheduled Neal matchup for UFC 319. The Brazilian fighter addressed the delayed bout during Wednesday's, August 13, media day. Also read: Dricus Du Plessis outlines plan to stop Khamzat Chimaev in UFC 319 battle ""Yeah, I think it's the fight that makes sense. We should have fought before, but Geoff got injured and then I fought Ian Garry,"" Prates (21-7) told media outlets including Cageside Press. ""Now, I think the fight makes sense."" Prates reflects on Ian Garry loss and strategic changes Following his loss to Garry, Prates identified several areas for improvement, including adherence to coaching instructions and fight strategy development.""Of course Ian is great, he's really smart, really intelligent fighter. But I learned also how to be a complete fighter. It's important,"" Prates said. ""It's time to stop thinking about only bonuses, like knocking people out, bonuses and entertaining people, and just focus on getting the win. Because at the end of the day, getting the win is more important than a bonus or something like that."" The Brazilian fighter emphasized the importance of precision at the UFC's highest level. ""We are on biggest, high level. So small mistakes can change the end of the fight,"" Prates noted. UFC 319 fighter responds to Neal's first round knockout prediction Geoff Neal has stated his preparation focuses on a first-round finish, a claim Prates questioned during UFC 319 media availability. The Brazilian welterweight suggested Neal's short-term thinking could prove problematic if the fight extends beyond the opening frame.""I know a lot of people like to say something to make the thing become real, but definitely, he says he's going to knock me out in the first round, it's [not] going to become real,"" Prates countered. Also read: UFC 319 Live Streaming: How to watch Khamzat Chimaev vs Dricus du Plessis main card fight? Full Card, Star Prates eyes title shot path following potential Neal victory A victory over Neal at UFC 319 could position Prates for future title contention, according to the Brazilian fighter's assessment of the welterweight division landscape.""I think after winning [against] Geoff now, it's going to make a life in the top of the division. When you talk about who is close to the title shot, maybe one, two, three fights, you have some names there. I lost my last fight, so I think my name is not there. But I think after I beat Geoff Neal, my name is going back to the bunch of guys that are close to a title shot. Maybe three fights, one year, can fight for the belt,"" Prates told Cageside Press. The welterweight bout between Prates and Neal takes place Saturday as part of the UFC 319 card. Read More News on (Catch all the US News, UK News, Canada News, International Breaking News Events, and Latest News Updates on The Economic Times.) Download The Economic Times News App to get Daily International News Updates. Read More News on (Catch all the US News, UK News, Canada News, International Breaking News Events, and Latest News Updates on The Economic Times.) Download The Economic Times News App to get Daily International News Updates.",2025-08-16,https://economictimes.indiatimes.com/news/international/us/ufc-319-carlos-prates-vs-geoff-neal-fight-preview-and-fighter-interviews/articleshow/123331939.cms
UFC 319: Geoff Neal vs. Carlos Prates Prediction,"UFC 319: Geoff Neal vs. Carlos Prates Prediction for Today, 08/16/25 UFC 319: Geoff Neal vs. Carlos Prates Pickswise Expert Predictions The third fight on the Main Card at UFC 319 will see Geoff Neal take on Carlos Prates. This will be a fight in the UFC Welterweight division. Neal enters this fight with an MMA record of 16-6 and 9-4 in the UFC. He is averaging 5.05 significant strikes per minute and has a striking accuracy of 51%. Neal absorbs 5.44 strikes and has a striking defense of 57%. His grappling has not been strong, averaging just 0.56 takedowns every 15 minutes. He has a takedown accuracy of 50% and a takedown defense of 87%. Prates enters this fight with an MMA record of 21-7 and 5-1 in the UFC. He is averaging 3.60 significant strikes per minute and has a striking accuracy of 54%. Prates is absorbing 4.79 strikes per minute and has a striking defense of 48%. He has shown little grappling ability, averaging just 0.25 takedowns every 15 minutes. That said, he has a takedown accuracy of 100% and a takedown defense of 83%. Prates is the heavy favorite in this fight, but still looks to be worth a small bet. He has been much more consistent in the UFC, having lost just once, while Neal has lost 2 of his last 3 UFC fights. Because of the current form shown by both fighters, backing Prates to win will be our lean. UFC Analysis See All UFC NewsUFC 319 Parlay at +189 odds: Featuring Dricus Du Plessis vs. Khamzat Chimaev and Geoff Neal vs. Carlos Prates UFC 319 takes place on Saturday at the United Center in Chicago, Illinois. It features a UFC Middleweight title fight between Dricus Du Plessis and Khamzat Chimaev as the Main Event. Here are my favo...",2025-08-13,https://www.pickswise.com/ufc/predictions/ufc-319-geoff-neal-vs-carlos-prates-predictions-picks/
Geoff Neal vs. Carlos Prates scrapped from UFC 314,"A major welterweight matchup between Geoff Neal and Carlos Prates is no longer happening at UFC 314. During Saturday’s UFC Mexico broadcast, UFC commentator Jon Anik announced that Neal suffered an injury that knocked him out of the fight and as a result the entire matchup has been pulled from the April 12 card. No further detail was provided about Neal’s injury or how long he might be sidelined as a result. As for Prates, he won’t get a new opponent, but Anik teased that the Brazilian might have an even bigger opportunity awaiting him in the near future. “We hope to have some big news on Carlos Prates in the weeks to come,” Anik said. Regardless of what comes next, it’s disappointing news for Prates, who was looking to build on a stunning 2024 campaign where he delivered four straight wins, all by knockout in the first or second round. Prates had the opportunity build on that résumé by taking on an established veteran in Neal, but now waits until a later date for his next assignment. The fight was supposed to serve as Neal’s opportunity to win a second right in a row after beating Rafael dos Anjos this past October. Neal misses out on the chance to face one of the fastest rising stars on the entire UFC roster. With Neal vs. Prates cancelled, the UFC 314 main card currently sits with just four fights but a fifth bout will be shifted into that position before the event takes place on April 12 in Miami.",2025-03-29,https://www.mmafighting.com/2025/3/29/24396900/geoff-neal-vs-carlos-prates-scrapped-from-ufc-314
UFC 319: 3-fight parlay at +189 odds | Pickswise,"UFC 319 takes place on Saturday at the United Center in Chicago, Illinois. It features a UFC Middleweight title fight between Dricus Du Plessis and Khamzat Chimaev as the Main Event. Here are my favorite UFC parlay picks for this card. Also be sure to check out the rest of our UFC predictions for all of the Main Card fights. Dricus Du Plessis vs. Khamzat Chimaev – Over 1.5 Rounds (-195) Carlos Prates ML over Geoff Neal (-245) Jared Cannonier vs. Michael Page – Fight to go the Distance – Yes (-250) UFC 319 parlay pick: Dricus Du Plessis vs. Khamzat Chimaev – Over 1.5 Rounds (-195) The Main Event at UFC 319 will see Dricus Du Plessis take on Khamzat Chimaev in the UFC Middleweight division and will be for the UFC Middleweight division title. Du Plessis enters this fight with an MMA record of 23-2 and 9-0 in the UFC. He is averaging 6.12 significant strikes per minute and has a striking accuracy of 48%. Du Plessis is absorbing 4.90 strikes and has a striking defense of 54%. His grappling has also been elite in the UFC, averaging 2.55 takedowns every 15 minutes. He has a takedown accuracy of 50% and a takedown defense of 50%. Chimaev enters this fight with an MMA record of 14-0 and 8-0 in the UFC. He averages 5.36 significant strikes per minute and has a striking accuracy of 58%. Chimaev absorbs 3.25 strikes and has a striking defense of 41%. Chimaev also has elite grappling, averaging 4.31 takedowns every 15 minutes and 2.8 submission attempts during the same period. He has a takedown accuracy of 47% and a takedown defense of 100%. Chimaev is the heavy favorite in this fight, despite not being the current title holder. Because of this, we will be targeting this fight to go over 1.5 rounds. Du Plessis has seen 6 of his last 7 UFC fights go over 1.5 rounds, while Chimaev has seen 2 of his last 4 UFC fights do the same. Because of this, backing over 1.5 rounds will be our play. You can also read our expert’s UFC 319 best bets for Saturday night UFC 319 parlay pick: Carlos Prates ML over Geoff Neal (-245) The third fight on the Main Card at UFC 319 will see Geoff Neal take on Carlos Prates in the UFC Welterweight division. Prates enters this fight with an MMA record of 21-7 and 5-1 in the UFC. He is averaging 3.60 significant strikes per minute and has a striking accuracy of 54%. Prates is absorbing 4.79 strikes per minute and has a striking defense of 48%. He has shown little grappling ability, averaging just 0.25 takedowns every 15 minutes. That said, he has a takedown accuracy of 100% and a takedown defense of 83%. Prates is the heavy favorite in this fight, but still looks to be worth a small bet. He has been much more consistent in the UFC, having lost just once, while Neal has lost 2 of his last 3 UFC fights. Because of the current form shown by both fighters, backing Prates to win will be our play. Don’t miss our UFC picks for every main card fight at UFC 319 UFC 319 parlay pick: Jared Cannonier vs. Michael Page – Fight to go the Distance – Yes (-250) The second fight on the Main Card at UFC 319 will see Jared Cannonier take on Michael Page in the UFC Middleweight division. For this fight, we will be targeting it to go the distance. Cannonier has seen 4 of his 6 UFC fights go the distance, while Page has seen all 3 of his UFC fights do the same. For this reason, backing this fight to go the distance will be our play.",2025-08-13,https://www.pickswise.com/news/ufc-319-parlay-at-189-odds-featuring-dricus-du-plessis-vs-khamzat-chimaev-and-geoff-neal-vs-carlos-prates/
"Carlos Prates vs. Geoff Neal: Breakdown, Prediction & Fight Analysis","Carlos Prates vs. Geoff Neal: Breakdown, Prediction & Fight Analysis Carlos Prates vs. Geoff Neal: A Welterweight Collision Course The welterweight division in the UFC is a shark tank, and the clash between Carlos Prates and Geoff Neal exemplifies the brutal competition within. This matchup presents a classic striker-vs-striker scenario with potential for explosive exchanges and a definitive statement from either fighter. This analysis provides an in-depth breakdown of both competitors, examining their strengths, weaknesses, fighting styles, and key factors that will determine the outcome of their fight. Meet the Fighters: A Tale of Two Journeys Carlos Prates: The Rising Prospect Carlos Prates, a relative newcomer to the UFC scene, brings a reputation for devastating striking and a finish-first mentality. Hailing from Brazil, Prates has quickly garnered attention with his aggressive style and knockout power. His journey to the UFC was marked by impressive performances on the regional circuit, showcasing his ability to end fights decisively. - Strengths: Knockout power, aggressive striking, improving grappling defense. - Weaknesses: Relatively untested at the highest level, potential vulnerability to wrestling, less experience against high-caliber opponents. - Fighting Style: Primarily a striker who likes to move forward and pressure his opponents. He utilizes a diverse striking arsenal, including powerful punches, kicks, and knees. Geoff Neal: The Battle-Tested Veteran Geoff Neal, an established name in the welterweight division, is known for his tough resilience and a knack for delivering punishing blows. With a history of facing top-tier opponents, Neal has proven his durability and striking prowess. His experience in high-stakes fights gives him a significant advantage in terms of composure and adaptability. - Strengths: Powerful striking, durable chin, experience against high-level competition. - Weaknesses: Can be defensively vulnerable, struggles against high-level wrestlers, prone to decision losses. - Fighting Style: A southpaw striker who excels at boxing range. He relies on his powerful left hand and effective combinations to overwhelm his opponents. Stylistic Breakdown: Striking, Grappling, and the Clinch Striking Analysis: A Clash of Styles The striking exchanges are undoubtedly where this fight will be contested. Prates brings a more varied striking attack, incorporating kicks and knees alongside his punches, while Neal primarily relies on his boxing, particularly his powerful left hand. Prates' aggression could be a double-edged sword; while it allows him to dictate the pace, it also leaves him open to counter strikes from Neal. Neal's southpaw stance poses a unique challenge. Southpaws often confuse orthodox fighters, and Neal is adept at using his lead hand to control distance and set up his power punches. Prates will need to be wary of Neal's check hook and straight left, which have proven to be fight-ending weapons in the past. Key Considerations for Striking: - Distance Control: Both fighters need to manage distance effectively to land their strikes while avoiding their opponent's power shots. - Footwork: Footwork will be crucial for circling away from danger, cutting off the cage, and creating openings for attacks. - Head Movement: Minimizing head movement can lead to getting hit cleanly, especially against power punchers like Neal and Prates. - Combination Striking: Developing fluid striking combinations is vital for maximizing damage output and preventing opponents from anticipating attacks. Grappling Analysis: Ground Game Implications While both fighters primarily prefer to strike, the grappling aspect of the fight cannot be ignored. Neal has shown vulnerability to wrestlers in the past, while Prates' grappling skills are still developing. If the fight goes to the ground, Neal will likely be at a disadvantage. Prates' grappling defense is improving, but it remains a question mark against a seasoned wrestler. If Neal can secure takedowns, he might be able to control Prates on the ground and potentially look for submissions. However, Neal's takedown success rate is not particularly high, suggesting that he's more likely to use grappling defensively to avoid getting knocked out. Key Considerations for Grappling: - Takedown Defense: Essential for keeping the fight standing and preventing opponents from dictating the pace on the ground. - Ground Control: Crucial for maintaining dominant positions and preventing opponents from escaping or launching submissions. - Submission Offense/Defense: The ability to initiate or defend against submission attempts can significantly influence the outcome of a grappling exchange. - Guard Passing: Successfully advancing from a defensive guard position to a more dominant position to inflict damage. Clinch Warfare: The In-Between Zone The clinch is often an overlooked aspect of MMA, but it can be crucial in controlling the fight's pace and dictating the location of the engagement. Prates may look to utilize his size and strength in the clinch to wear down Neal or create opportunities for knees and elbows. Neal, on the other hand, might try to disengage quickly from the clinch to avoid getting trapped. Key Considerations for Clinch Fighting: - Control and Positioning: Dictating the position within the clinch to dictate the flow of the fight. - Dirty Boxing: Short, powerful punches inside the clinch to inflict damage up close. - Knee and Elbow Strikes: Utilize knees and elbows to target the body and head from close range. - Takedown Opportunities: Setting up takedowns from the clinch to transition the fight to the ground. Keys to Victory: Paths to Success For Carlos Prates: - Maintain Aggression: Pressure Neal and force him to fight at his pace. - Utilize Varied Striking: Incorporate kicks and knees to keep Neal guessing and exploit openings. - Improve Takedown Defense: Stay on his feet and avoid getting dragged into a grappling exchange. - Exploit Neal's Defensive Vulnerabilities: Capitalize on openings with powerful combinations to secure a knockout. For Geoff Neal: - Control Distance: Use his lead hand to maintain distance and set up his power punches. - Counter Striking: Exploit Prates' aggression by landing accurate and damaging counter strikes. - Manage Cardio: Avoid getting drawn into a high-paced brawl and conserve energy for later rounds. - Capitalize on Grappling Opportunities: If the opportunity presents itself, secure takedowns and control Prates on the ground. The X-Factors: Intangibles That Can Change the Fight Beyond the technical aspects, several intangible factors could influence the outcome of this fight: - Experience: Neal's experience against top-tier opponents could give him a mental edge. - Composure: Staying calm and collected under pressure is crucial for making sound decisions. - Adaptability: The ability to adjust game plans and adapt to unexpected situations is essential for success. - Mental Fortitude: The mental toughness and determination to overcome adversity can be a deciding factor in close fights. Expert Predictions and Analysis Predicting the outcome of this fight is challenging due to the contrasting styles and the potential for a finish from either fighter. However, based on the available data and analysis, here are some possible scenarios: Scenario 1: Prates Wins by Knockout (Likelihood: 40%) If Prates can successfully pressure Neal and land his power shots, he could secure a knockout victory. Neal's defensive vulnerabilities make him susceptible to getting caught, and Prates' aggression could overwhelm him. Scenario 2: Neal Wins by Decision (Likelihood: 35%) If Neal can effectively control distance, land his counter strikes, and avoid getting knocked out, he could win a decision. His experience and composure could allow him to outpoint Prates over three rounds. Scenario 3: Neal Wins by Knockout (Likelihood: 20%) Neal also possesses fight-ending power. If Prates gets too reckless and exposes openings, Neal can exploit them. Scenario 4: Prates Wins by Decision (Likelihood: 5%) It's less likely for Prates to win by decision because it requires a more controlled and sustained performance. It is more likely that he will aim to finish. Final Prediction: A Striking Spectacle This fight has all the makings of a striking spectacle. Both fighters are known for their power and willingness to engage, making it a compelling matchup for fans. Ultimately, the outcome will depend on who can impose their will and land the more significant strikes. While Neal's experience gives him an edge, Prates' aggression and knockout power make him a dangerous opponent. The odds slightly favor **Geoff Neal by decision**, but a knockout victory for either fighter is certainly within the realm of possibility. Expect a thrilling, fast-paced fight with plenty of back-and-forth action. Post-Fight Analysis: Lessons Learned Regardless of the outcome, this fight will provide valuable insights into the strengths and weaknesses of both competitors. For Prates, it will be an opportunity to test his skills against a seasoned veteran and prove that he belongs at the highest level. For Neal, it will be a chance to reaffirm his position in the welterweight division and showcase his durability and striking prowess. Conclusion: A Must-See Welterweight Bout The Carlos Prates vs. Geoff Neal fight is a must-see welterweight bout that promises excitement and potential for fireworks. With both fighters bringing their unique styles and strengths to the table, it's a matchup that is sure to deliver a memorable performance. Whether you're a seasoned MMA fan or a casual observer, this fight is one that you won't want to miss.",2025-08-16,https://www.simpleaboutthings.com/articles/sports/carlos-prates-vs-geoff-neal-breakdown-prediction-fight-analysis
Geoff Neal vs Carlos Prates Prediction: Fighting Nerd Hopes to Respond After First UFC Loss,"Geoff Neal and Carlos Prates will fight at UFC 319 in Chicago on Saturday night. These welterweights both have knockout power and have each hit double-digits in their career knockout tallies. They will look to add another knockout to their resumes when they fight this weekend. Before these two combatants do battle, continue reading to get my preview for this fight and for my Geoff Neal vs Carlos Prates prediction. Our Geoff Neal vs Carlos Prates Pick - Pick: Carlos Prates by knockout - Confidence: ★★★☆☆ - UFC 319 Bonus Bets: Hit the Claim Bonus button to claim our DraftKings Sportsbook promo code. You can bet $5 and win $200 in bonus bets INSTANTLY, plus get over $200 off NFL Sunday Ticket! Bet $5, Get $200 in Bonus Bets Instantly + Over $200 Off NFL Sunday Ticket Gambling Problem? Call or TEXT 1-800-Gambler 21+ Gambling Problem? Call or TEXT 1-800-Gambler 21+ Promo Code: Click To Claim Bet $5, Get $200 in Bonus Bets Instantly + Over $200 Off NFL Sunday Ticket Gambling Problem? Call or TEXT 1-800-Gambler 21+ Promo Code: Click To Claim Gambling Problem? Call or TEXT 1-800-Gambler 21+ Tale of the Tape | Geoff Neal | Carlos Prates | | |---|---|---| | Age | 34 | 31 | | Reach | 75″ | 78″ | | Stance | Southpaw | Switch | | Record | 16-6-0 | 21-7-0 | Geoff Neal vs Carlos Prates Preview Geoff Neal brings finishing power and relentless pressure from his southpaw stance. He lands over five significant strikes per minute at 53% accuracy and he is more than willing to take damage in order to dish it out. Neal’s style of fighting could cause him problems against a fighter in Prates who can put Neal to sleep if they get into long striking exchanges. Carlos Prates is coming off his first loss since joining UFC in his last fight. He was beaten by unanimous decision in a five-round fight against Ian Machado Garry. Prates was taken out of his gameplan by a dominant Garry in that Fight Night main event. Now we will see what Prates is made of in terms of his resolve as he is asked to bounce back from his first loss since 2019 when he was in ONE Championship. Neal is the more established name in UFC and his recent win over Rafael dos Anjos shows he still has what it takes to beat good competition. Prates has earned multiple Performance of the Night finishes in UFC. He’s scored knockout victories over fighters like Li Jingliang, Neil Magny, Charles Radtke, and Trevin Giles. It will take a great performance from one of these two men to earn the win on Saturday night. Betting Insights - Prates is the favorite to win this fight at -245. Neal can be had at +200 to deal Prates his second straight loss. - The over/under for this fight stands at 2.5 rounds. The under is favored slightly at -125 and the over is +105 to come in. - Prates had won 10 straight fights by knockout before his loss to Ian Machado Garry in April. - Neal has had three of his last four fights end inside the distance. Geoff Neal vs Carlos Prates Prediction Fireworks are expected in this fight as neither man is likely to shy away from a striking-heavy brawl. I think we see a lot of exchanges in close where big shots can land. As for who I think will get the better of those exchanges, I think it will be Prates. Prates faced a bad stylistic matchup against a fighter in Garry who is willing to grapple to win. Neal likely won’t do the same and Prates should get back into the win column with a knockout.",2025-08-15,https://ats.io/mma/geoff-neal-vs-carlos-prates-prediction/462466/
Geoff Neal vs Carlos Prates Prediction & Picks - UFC #319,"UFC - UFC #319 New customers only | Commercial content | 21+ age limit | T&Cs apply by Stephen Abiola | in UFC Picks Geoff Nael (16-6-0) and Carlos Prates (21-7-0) will clash in the UFC Welterweight division on Saturday night at the United Center in Chicago. Geoff Nael will enter this 3-round bout full of confidence that he can send Prates to an early shower. In fact, the 34-year-old American predicted this would happen in the first 3 minutes. The ""Handz of Steel"" bounced back from his two-fight slide with a Round 1 KO victory over Rafael Dos Anjos. Could the same fate await Prates? Time will tell! Despite the ""threats"" from Nael, bookmakers are convinced that Carlos Prates will carry the day at UFC 319. The 31-year-old is the warm -250 betting favorite as he looks to return to winning ways. Prates made his UFC debut in August 2023, going on a winning run before losing to Ian Machado Garry in April this year via decision. He is the No. 2-ranked fighter in the division, and a win could take him closer to his first title shot. Limited Offer. Currently at DraftKings Geoff Neal - Carlos Prates Key Points - Geoff Nael lost four of his last seven UFC fights. - Carlos Prates won five of his last six UFC fights. - Carlos Prates won via KO/TKO in his last five UFC wins. - The fight didn't go the distance in five of the last six Carlos Prates' bouts. Limited Offer. Currently at DraftKings Our Geoff Neal vs Carlos Prates Prediction As Nael predicted, all indicators point towards a KO/TKO win for one of the fighters on Saturday night. Both are excellent finishers, with Nael boasting a 10-1 KO record in his MMA career. Prates has a slightly better knockout record of 12-1. We expect the fighter who will protect himself from getting hit to win this three-round scrap. Nael is an excellent striker, although his shorter stature puts him at a disadvantage in terms of reach. We have witnessed him struggle to contain tall/longer fighters before. Prates should have an edge in this fight. Our prediction for Geoff Nael vs Carlos Prates: Carlos Prates to win via KO/TKO. Jackpot Pools DraftKings's long-running promo Jackpot Pools gives bettors a chance to win a whopping $10,000 which grows with every entry! To win, you'll need to answer all 15 questions correctly and the pool is yours! If there are multiple winners, the pool will be split. If no one wins, however, the jackpot rolls over to the next pool, increasing the winnings. You can enter up to 10 times each pool to give yourself an even greater chance of winning. Once the event has completed, you can collect your winnings within 24 hours so keep an eye on the pool! Don't miss out on your chance to win big and make your picks today! All tips are fully researched and given in good faith, but profits cannot be guaranteed. Limited Offer. Currently at DraftKings",2025-08-14,https://www.sportytrader.com/us/picks/geoff-neal-carlos-prates-283428/
UFC 319 – Geoff Neal vs. Carlos Prates: Preview & Betting Tips,"We have a fascinating welterweight clash at UFC 319 between Geoff Neal and Carlos Prates in a fight that promises fireworks for as long as it lasts. Neal (16-6) may now be past the absolute peak of his physical prime at the age of 34, and it’s possible we’ll see slight declines in speed and explosiveness from this point forward. That said, his punching power remains elite, and as we all know, power is the last thing that leaves a fighter before they decide to hang them up. Prates (21-7) showed vulnerability in his previous outing against Ian Garry, reacting poorly to clean shots. While that fight was a five-rounder, requiring him to conserve energy, this three-round contest will allow him to unleash his big shots without holding back. Geoff Neal – Odds 2.88 Record: 16-6 Age: 34 Height: 5ft11 Reach: 74″ Weight: Welterweight Stance: Southpaw Carlos Prates – Odds 1.40 Record: 21-7 Age: 31 Height: 6ft1 Reach: 78” Weight: Welterweight Stance: Switch Neal’s reputation in the UFC is built on raw power, aggressive forward pressure, and a willingness to engage in firefights. While not the most technical operator in the division, Neal makes up for it with fight-ending hands, a solid chin, and underrated takedown defence. I expect the American to try and dictate the pace, walk opponents down, and force exchanges where his heavy shots can land. But, he may get hit by something big himself if his defence is caught slipping. Prates is a dangerous, rangy striker with knockout potential in every range on the feet. Light on his feet and unpredictable, he’s the kind of fighter who can throw a head kick in the blink of an eye or launch spinning attacks without telegraphing them. His variety of attacks make him tricky to read, and his length gives him a natural edge in range control. To put it simply, both men are dangerous strikers, but their styles bring very different threats to the table. Prates has the tools to pick Neal apart from the outside, but Neal’s ability to pressure and land heavy shots, combined with Prates’ questionable reaction to big punches last time out, makes the upset a real possibility. If the Brazilian maintains distance and lands his kicks early, he could set the tone and punish Neal every time he walks into range to try and land something. That said, the American’s punching power is elite, and if he can get inside on Prates, the 31-year-old’s durability will face a serious test. This fight is such a fun matchup, and one of my favourites on this entire card. I’m struggling to split the two as both could end the fight with one shot. Purely for value reasons, I’m taking Geoff Neal to win by KO/TKO at odds of 6.00. More must-reads: Get the latest news and rumors, customized to your favorite sports and teams. Emailed daily. Always free!",2025-08-14,https://www.yardbarker.com/mma/articles/ufc_319_geoff_neal_vs_carlos_prates_preview_betting_tips/s1_17349_42585391
Star-Studded UFC 314 Card Suffers Major Blow,"The upcoming UFC 314 pay-per-view (PPV) card is one of the most stacked events of the year, but it just lost a key main card matchup. Star-studded UFC 314 card suffers major blow following Geoff Neal vs. Carlos Prates cancelation Per UFC Mexico City’s broadcast, a welterweight fight between rising contenders Geoff Neal and Carlos Prates has been scrapped after “Handz of Steel” withdrew due to injury. MMAmania confirmed the cancelation with UFC officials as well. This is unfortunate news for a UFC 314 card brimming with juicy matchups. Neal’s showdown with Prates was expected to be one of the key components of the PPV main card. Neal is a proven veteran who always bring the threat of a knockout, while Prates has taken the 170-pound division by storm with four-straight knockout finishes to start his UFC career. While Prates will not get a replacement opponent for UFC 314 next month in Miami, UFC announcer Jon Anik teased “big news” coming for the Brazilian fighter. After all, Prates is one of the fastest rising contenders on the UFC roster right now so it’s important to keep him busy while the getting is good. UFC 314 will be headlined by a featherweight title fight between division legend Alexander Volkanovski and fan-favorite contender Diego Lopes. In co-main event action, lightweight contender Michael Chandler is booked to meet surging English star Paddy “The Baddy” Pimblett. MIDDLEWEIGHT TITLE CAR CRASH! Ultimate Fighting Championship (UFC) continues its 2025 pay-per-view (PPV) schedule on Sat., Aug. 16, 2025, with a blockbuster title fight set to headline UFC 319 from inside United Center in Chicago, Illinois. In UFC 319’s PPV main event, Middleweight champion, Dricus du Plessis, defends his title against undefeated No. 3-ranked contender, Khamzat Chimaev, in a high-stakes, five-round battle of unbeaten UFC records. UFC 319’s PPV co-main event features a Featherweight showdown between Lerone Murphy and promotional newcomer, Aaron Pico, a high-profile free-agent signing stepping in on short notice. UFC 319 will also showcase a Welterweight clash between Geoff Neal vs. Carlos Prates, a Middleweight bout pitting Jared Cannonier vs. Michael Page, a Flyweight matchup featuring Tim Elliott vs. Kai Asakura, and much more! UFC 319’s start time is scheduled for 6 p.m. ET (“Early Prelims”), 8 p.m. ET (“Prelims” undercard), and 10 p.m. ET (PPV main card) Remember that MMAmania.com will deliver LIVE round-by-round, blow-by-blow coverage of the entire UFC 314 fight card right here, starting with the ESPN+ “Prelims” matches online, which are scheduled to begin at 6 p.m. ET, before the main card start time at 10 p.m. ET (also on ESPN+) To check out the latest and greatest UFC 314: “Volkanovski vs. Lopes” news and notes be sure to hit up our comprehensive event archive right here.",2025-03-29,https://www.mmamania.com/2025/3/29/24396925/star-studded-ufc-314-card-suffers-major-blow-following-geoff-neal-vs-carlos-prates-cancelation
Geoff Neal vs Carlos Prates - 08/17/25 - DRatings.com,"Geoff Neal Carlos Prates Last 5 Fights Money Line Analysis Implied Margin Using the best lines from multiple sportsbooks, this would be the % take from the consensus sportsbook if bets were even on each side. More on Implied MarginImplied Margin Using the best lines from multiple sportsbooks, this would be the % take from the consensus sportsbook if bets were even on each side. More on Implied Margin| Open Line | Heritage | Bovada | BetOnline | YouWager | SportsBetting | Best Line | No-Vig OddsUsing a market maker sportsbook, this is what the line would be if there was no vigorish (sportsbook fee) in the price. More on No-Vig Odds | | |---|---|---|---|---|---|---|---|---| | Geoff Neal | +330 | +167 | +165 | +165 | +160 | +165 | +167 | +173.6 | | Carlos Prates | -400 | -200 | -195 | -190 | -180 | -190 | -180 | -173.6 | | Open Line | South Point | Circa | Wynn | Stations | Westgate | Best Line | No-Vig OddsUsing a market maker sportsbook, this is what the line would be if there was no vigorish (sportsbook fee) in the price. More on No-Vig Odds | | |---|---|---|---|---|---|---|---|---| | Geoff Neal | +230 | +160 | +155 | +165 | +170 | +160 | +170 | +173.6 | | Carlos Prates | -270 | -180 | -180 | -185 | -200 | -180 | -180 | -173.6 | Overall Base Rating Our analytical projection of the match in relation to the implied probability to win from the sportsbooks. More on Base Rating Base Rating Our analytical projection of the match in relation to the implied probability to win from the sportsbooks. More on Base RatingBet Trends Doing an analysis on the betting data, we project which team has which team has an edge. More on Bet Trends Bet Trends Doing an analysis on the betting data, we project which team has which team has an edge. More on Bet TrendsLatest ML Steam Move A quick and uniform line move across every sportsbook. Usually caused by an injury or deep-pocketed sharp bettor. More on Steam Move Steam Move A quick and uniform line move across every sportsbook. Usually caused by an injury or deep-pocketed sharp bettor. More on Steam MoveOverall Base Rating Our analytical projection of the match in relation to the implied probability to win from the sportsbooks. More on Base Rating Base Rating Our analytical projection of the match in relation to the implied probability to win from the sportsbooks. More on Base RatingBet Trends Doing an analysis on the betting data, we project which team has which team has an edge. More on Bet Trends Bet Trends Doing an analysis on the betting data, we project which team has which team has an edge. More on Bet TrendsLatest ML Steam Move A quick and uniform line move across every sportsbook. Usually caused by an injury or deep-pocketed sharp bettor. More on Steam Move Steam Move A quick and uniform line move across every sportsbook. Usually caused by an injury or deep-pocketed sharp bettor. More on Steam Move",2024-10-26,https://www.dratings.com/predictor/ufc-mma-predictions/c583882e-08cd-5b6c-8124-3bdf5c6f8cbe
UFCParis Carlos Prates vs. Geoffrey Neal: Fight Preview and Pick - Buds Alley Odds,"Game Date: August 16, 10:00 PM EST Odds: Carlos Prates -280, Geoffrey Neal +240 Analysis: This fight pits the rising prospect Carlos Prates against the seasoned veteran Geoffrey Neal. Prates, heavily favored at -280, is likely seen as the fighter with more momentum and potential for a dominant performance. Neal, at +240, is being positioned as the underdog who might be past his prime or facing a stylistic disadvantage. Carlos Prates: Prates is likely a dangerous striker with good finishing ability. The -280 odds suggest that analysts believe he possesses a clear advantage in either striking power, speed, or overall skill level. He’s probably coming off impressive wins, building hype and a strong reputation. We don’t know his specific strengths or weaknesses without additional information, but the odds indicate that he’s expected to control the fight and likely finish it inside the distance. Geoffrey Neal: Neal’s +240 odds indicate he is seen as a risky bet. He is likely a veteran looking for one last run, or possibly dealing with a string of recent losses. While the UFC keeps veterans around, there is a good chance Prates is stepping up the level of competition and Neal is the test. Neal might have holes in his game that Prates can exploit, or he might simply be losing a step as he ages. However, as a veteran, Neal likely has experience on his side and is a durable fighter who is not afraid to exchange, and is a crafty fighter. Prediction: Based purely on the odds, a Carlos Prates victory seems like the most probable outcome. The -280 line suggests a significant disparity in skill or potential. I predict Prates will use his striking to dictate the pace and eventually secure a TKO victory in the middle rounds. This is not to say Geoffrey Neal cannot win. As a veteran fighter, there is a chance he can pull off the upset, but at +240, it is more of a gamble. Disclaimer: MMA is unpredictable, and anything can happen once the cage door closes. This is a prediction based solely on the provided odds and general knowledge of how odds reflect fighter perception. More specific analysis of each fighter’s skills, strengths, and weaknesses would be necessary for a more informed prediction. Sources: MMA Fighting: UFC, Mixed Martial Arts (MMA) News, Results MMA Global | #ShapeTheFuture of Marketing MMA on ESPN – UFC, PFL and Bellator Fights Coverage Mixed martial arts – Wikipedia Maine Maritime Academy – ENGINEERING, MANAGEMENT … Massachusetts Municipal Association (MMA) MMA: Mixed Martial Arts The Official Site of Professional Fighters League | Professional … Ipsos MMA – Marketing Measurement & Optimization Solutions The Music Modernization Act | U.S. Copyright Office",2025-07-31,https://budsalley.com/2025/07/31/ufcparis-carlos-prates-vs-geoffrey-neal-fight-preview-prediction/
Neal vs Prates Odds & Picks: Welterweight Stakes At UFC 319,"UFCNeal vs Prates Odds & Picks: Welterweight Stakes At UFC 319 Ethan Diamandas Updated on: Aug 16, 2025 8:52 AM ET Carlos Prates is a -215 favorite at FanDuel over veteran Geoff Neal (+180) in a welterweight clash on the UFC 319 main card in Chicago on August 16.This matchup was originally scheduled earlier this year before Neal suffered an injury, forcing Prates to take a short-notice fight against Ian Garry. Prates lost that bout by decision but showed flashes of power late, even after being largely outpointed through the first four rounds.Prates has a three-inch reach advantage over Neal and brings a rangy striking style and finishing ability that makes him dangerous from the opening bell. Check out the best UFC betting sites to see where you can bet on UFC 319. New Jersey Claim Offer Fight Night PromoFight Night PromoUFC 319 50% Profit Boost Claim Offer Terms and ConditionsNew customers only. Deposit min. $10. Place first bet of min $5 and get $300 in bonus bets if your bet wins.Gambling Problem? Call 1-800-GAMBLER.21+ and present in NJ. Claim Offer Profit BoostProfit Boost30% Any Sport, Any Bet Profit Boost Claim Offer Terms and ConditionsNew customers only. Deposit min. $10. Place first bet of min $5 and get $300 in bonus bets if your bet wins.Gambling Problem? Call 1-800-GAMBLER.21+ and present in NJ. Claim Offer UFC PromoUFC PromoChimaev To Win By Submission +160 Claim Offer Terms and ConditionsMust be 21 or older and physically present in NJ. New users only. Must register using eligible promo code. First bet after registration must qualify. Max. Bonus Bet: $1,059. Bonus Bet expires 14 days after receipt. Void where prohibited. See Caesars.com/promos for full terms. If you or someone you know has a gambling problem, crisis counseling and referral services can be accessed by calling 1-800- GAMBLER (1-800-426-2537).Gambling Problem? Call 1-800-GAMBLERGambling Problem? Call 1-800-GAMBLER.21+ and present in NJ. See All Daily Promotions Geoff Neal vs Carlos Prates Odds - UFC 319Geoff Neal vs Carlos Prates Odds - UFC 319FighterOddsCarlos Prates-215Geoff Neal+180How To Bet Carlos PratesPrates may have been outclassed by Ian Garry over 25 minutes, but he still showed grit and a willingness to fire back late. Against Neal, the Brazilian will enjoy a height and reach advantage, plus the kind of knockout power that can end the fight with a single well-placed shot. Neal’s toughness is real, but his defense can be exploited, especially early, before he settles in. Prates’ pressure and length should allow him to dictate range, and if he finds a rhythm, his offensive output could snowball quickly. Claim Offer Fight Night PromoFight Night PromoUFC 319 50% Profit Boost Claim Offer Terms and ConditionsNew customers only. Deposit min. $10. Place first bet of min $5 and get $300 in bonus bets if your bet wins.Gambling Problem? Call 1-800-GAMBLER.21+ and present in NJ. Given both fighters’ tendency to absorb more than they give at times, this could turn into a damage-heavy contest where Prates’ power becomes the deciding factor. The value is in betting Prates to win inside the distance at +115, as his aggressive style makes a finish more likely than a drawn-out decision. If you want to play it safer, the UNDER 2.5 rounds at -150 also makes sense.How To Bet Geoff NealNeal brings proven durability, legitimate knockout power, and a stubborn willingness to keep throwing punches no matter how ugly the fight gets. He’s a live underdog at +200, especially if he can survive the early storm and drag Prates into deeper waters. Neal could look to mix in wrestling, but his best path may be to weather the first-round pressure and outwork Prates as the fight wears on. Still, his defensive lapses and recent injury make him a risky play against a long, powerful striker like Prates.For Neal backers, the moneyline at +200 offers the clearest value. A decision win would require him to control the pace and absorb damage without getting stopped, which is possible but not probable given Prates’ style.Geoff Neal vs Carlos Prates Betting Pick - UFC 319Neal’s grit and punching power make him dangerous, but Prates’ size, reach, and finishing instincts give him the edge in this matchup. With both fighters susceptible to taking damage, I see this ending before the final horn. My preferred play is Prates to win inside the distance at +115, though the UNDER 2.5 rounds at -150 is also appealing.Pick: Carlos Prates Inside the Distance (+115) Related News UFCNeal vs Prates Odds & Picks: Welterweight Stakes At UFC 319 Ethan Diamandas Updated on: Aug 16, 2025 8:52 AM ET Carlos Prates is a -215 favorite at FanDuel over veteran Geoff Neal (+180) in a welterweight clash on the UFC 319 main card in Chicago on August 16.This matchup was originally scheduled earlier this year before Neal suffered an injury, forcing Prates to take a short-notice fight against Ian Garry. Prates lost that bout by decision but showed flashes of power late, even after being largely outpointed through the first four rounds.Prates has a three-inch reach advantage over Neal and brings a rangy striking style and finishing ability that makes him dangerous from the opening bell. Check out the best UFC betting sites to see where you can bet on UFC 319. New Jersey Claim Offer Fight Night PromoFight Night PromoUFC 319 50% Profit Boost Claim Offer Terms and ConditionsNew customers only. Deposit min. $10. Place first bet of min $5 and get $300 in bonus bets if your bet wins.Gambling Problem? Call 1-800-GAMBLER.21+ and present in NJ. Claim Offer Profit BoostProfit Boost30% Any Sport, Any Bet Profit Boost Claim Offer Terms and ConditionsNew customers only. Deposit min. $10. Place first bet of min $5 and get $300 in bonus bets if your bet wins.Gambling Problem? Call 1-800-GAMBLER.21+ and present in NJ. Claim Offer UFC PromoUFC PromoChimaev To Win By Submission +160 Claim Offer Terms and ConditionsMust be 21 or older and physically present in NJ. New users only. Must register using eligible promo code. First bet after registration must qualify. Max. Bonus Bet: $1,059. Bonus Bet expires 14 days after receipt. Void where prohibited. See Caesars.com/promos for full terms. If you or someone you know has a gambling problem, crisis counseling and referral services can be accessed by calling 1-800- GAMBLER (1-800-426-2537).Gambling Problem? Call 1-800-GAMBLERGambling Problem? Call 1-800-GAMBLER.21+ and present in NJ. See All Daily Promotions Geoff Neal vs Carlos Prates Odds - UFC 319Geoff Neal vs Carlos Prates Odds - UFC 319FighterOddsCarlos Prates-215Geoff Neal+180How To Bet Carlos PratesPrates may have been outclassed by Ian Garry over 25 minutes, but he still showed grit and a willingness to fire back late. Against Neal, the Brazilian will enjoy a height and reach advantage, plus the kind of knockout power that can end the fight with a single well-placed shot. Neal’s toughness is real, but his defense can be exploited, especially early, before he settles in. Prates’ pressure and length should allow him to dictate range, and if he finds a rhythm, his offensive output could snowball quickly. Claim Offer Fight Night PromoFight Night PromoUFC 319 50% Profit Boost Claim Offer Terms and ConditionsNew customers only. Deposit min. $10. Place first bet of min $5 and get $300 in bonus bets if your bet wins.Gambling Problem? Call 1-800-GAMBLER.21+ and present in NJ. Given both fighters’ tendency to absorb more than they give at times, this could turn into a damage-heavy contest where Prates’ power becomes the deciding factor. The value is in betting Prates to win inside the distance at +115, as his aggressive style makes a finish more likely than a drawn-out decision. If you want to play it safer, the UNDER 2.5 rounds at -150 also makes sense.How To Bet Geoff NealNeal brings proven durability, legitimate knockout power, and a stubborn willingness to keep throwing punches no matter how ugly the fight gets. He’s a live underdog at +200, especially if he can survive the early storm and drag Prates into deeper waters. Neal could look to mix in wrestling, but his best path may be to weather the first-round pressure and outwork Prates as the fight wears on. Still, his defensive lapses and recent injury make him a risky play against a long, powerful striker like Prates.For Neal backers, the moneyline at +200 offers the clearest value. A decision win would require him to control the pace and absorb damage without getting stopped, which is possible but not probable given Prates’ style.Geoff Neal vs Carlos Prates Betting Pick - UFC 319Neal’s grit and punching power make him dangerous, but Prates’ size, reach, and finishing instincts give him the edge in this matchup. With both fighters susceptible to taking damage, I see this ending before the final horn. My preferred play is Prates to win inside the distance at +115, though the UNDER 2.5 rounds at -150 is also appealing.Pick: Carlos Prates Inside the Distance (+115) UFCNeal vs Prates Odds & Picks: Welterweight Stakes At UFC 319 Ethan Diamandas Updated on: Aug 16, 2025 8:52 AM ET Carlos Prates is a -215 favorite at FanDuel over veteran Geoff Neal (+180) in a welterweight clash on the UFC 319 main card in Chicago on August 16.This matchup was originally scheduled earlier this year before Neal suffered an injury, forcing Prates to take a short-notice fight against Ian Garry. Prates lost that bout by decision but showed flashes of power late, even after being largely outpointed through the first four rounds.Prates has a three-inch reach advantage over Neal and brings a rangy striking style and finishing ability that makes him dangerous from the opening bell. Check out the best UFC betting sites to see where you can bet on UFC 319. New Jersey Claim Offer Fight Night PromoFight Night PromoUFC 319 50% Profit Boost Claim Offer Terms and ConditionsNew customers only. Deposit min. $10. Place first bet of min $5 and get $300 in bonus bets if your bet wins.Gambling Problem? Call 1-800-GAMBLER.21+ and present in NJ. Claim Offer Profit BoostProfit Boost30% Any Sport, Any Bet Profit Boost Claim Offer Terms and ConditionsNew customers only. Deposit min. $10. Place first bet of min $5 and get $300 in bonus bets if your bet wins.Gambling Problem? Call 1-800-GAMBLER.21+ and present in NJ. Claim Offer UFC PromoUFC PromoChimaev To Win By Submission +160 Claim Offer Terms and ConditionsMust be 21 or older and physically present in NJ. New users only. Must register using eligible promo code. First bet after registration must qualify. Max. Bonus Bet: $1,059. Bonus Bet expires 14 days after receipt. Void where prohibited. See Caesars.com/promos for full terms. If you or someone you know has a gambling problem, crisis counseling and referral services can be accessed by calling 1-800- GAMBLER (1-800-426-2537).Gambling Problem? Call 1-800-GAMBLERGambling Problem? Call 1-800-GAMBLER.21+ and present in NJ. See All Daily Promotions Geoff Neal vs Carlos Prates Odds - UFC 319Geoff Neal vs Carlos Prates Odds - UFC 319FighterOddsCarlos Prates-215Geoff Neal+180How To Bet Carlos PratesPrates may have been outclassed by Ian Garry over 25 minutes, but he still showed grit and a willingness to fire back late. Against Neal, the Brazilian will enjoy a height and reach advantage, plus the kind of knockout power that can end the fight with a single well-placed shot. Neal’s toughness is real, but his defense can be exploited, especially early, before he settles in. Prates’ pressure and length should allow him to dictate range, and if he finds a rhythm, his offensive output could snowball quickly. Claim Offer Fight Night PromoFight Night PromoUFC 319 50% Profit Boost Claim Offer Terms and ConditionsNew customers only. Deposit min. $10. Place first bet of min $5 and get $300 in bonus bets if your bet wins.Gambling Problem? Call 1-800-GAMBLER.21+ and present in NJ. Given both fighters’ tendency to absorb more than they give at times, this could turn into a damage-heavy contest where Prates’ power becomes the deciding factor. The value is in betting Prates to win inside the distance at +115, as his aggressive style makes a finish more likely than a drawn-out decision. If you want to play it safer, the UNDER 2.5 rounds at -150 also makes sense.How To Bet Geoff NealNeal brings proven durability, legitimate knockout power, and a stubborn willingness to keep throwing punches no matter how ugly the fight gets. He’s a live underdog at +200, especially if he can survive the early storm and drag Prates into deeper waters. Neal could look to mix in wrestling, but his best path may be to weather the first-round pressure and outwork Prates as the fight wears on. Still, his defensive lapses and recent injury make him a risky play against a long, powerful striker like Prates.For Neal backers, the moneyline at +200 offers the clearest value. A decision win would require him to control the pace and absorb damage without getting stopped, which is possible but not probable given Prates’ style.Geoff Neal vs Carlos Prates Betting Pick - UFC 319Neal’s grit and punching power make him dangerous, but Prates’ size, reach, and finishing instincts give him the edge in this matchup. With both fighters susceptible to taking damage, I see this ending before the final horn. My preferred play is Prates to win inside the distance at +115, though the UNDER 2.5 rounds at -150 is also appealing.Pick: Carlos Prates Inside the Distance (+115) UFCNeal vs Prates Odds & Picks: Welterweight Stakes At UFC 319 Ethan Diamandas Updated on: Aug 16, 2025 8:52 AM ET Carlos Prates is a -215 favorite at FanDuel over veteran Geoff Neal (+180) in a welterweight clash on the UFC 319 main card in Chicago on August 16.This matchup was originally scheduled earlier this year before Neal suffered an injury, forcing Prates to take a short-notice fight against Ian Garry. Prates lost that bout by decision but showed flashes of power late, even after being largely outpointed through the first four rounds.Prates has a three-inch reach advantage over Neal and brings a rangy striking style and finishing ability that makes him dangerous from the opening bell. Check out the best UFC betting sites to see where you can bet on UFC 319. New Jersey Claim Offer Fight Night PromoFight Night PromoUFC 319 50% Profit Boost Claim Offer Terms and ConditionsNew customers only. Deposit min. $10. Place first bet of min $5 and get $300 in bonus bets if your bet wins.Gambling Problem? Call 1-800-GAMBLER.21+ and present in NJ. Claim Offer Profit BoostProfit Boost30% Any Sport, Any Bet Profit Boost Claim Offer Terms and ConditionsNew customers only. Deposit min. $10. Place first bet of min $5 and get $300 in bonus bets if your bet wins.Gambling Problem? Call 1-800-GAMBLER.21+ and present in NJ. Claim Offer UFC PromoUFC PromoChimaev To Win By Submission +160 Claim Offer Terms and ConditionsMust be 21 or older and physically present in NJ. New users only. Must register using eligible promo code. First bet after registration must qualify. Max. Bonus Bet: $1,059. Bonus Bet expires 14 days after receipt. Void where prohibited. See Caesars.com/promos for full terms. If you or someone you know has a gambling problem, crisis counseling and referral services can be accessed by calling 1-800- GAMBLER (1-800-426-2537).Gambling Problem? Call 1-800-GAMBLERGambling Problem? Call 1-800-GAMBLER.21+ and present in NJ. See All Daily Promotions Geoff Neal vs Carlos Prates Odds - UFC 319Geoff Neal vs Carlos Prates Odds - UFC 319FighterOddsCarlos Prates-215Geoff Neal+180How To Bet Carlos PratesPrates may have been outclassed by Ian Garry over 25 minutes, but he still showed grit and a willingness to fire back late. Against Neal, the Brazilian will enjoy a height and reach advantage, plus the kind of knockout power that can end the fight with a single well-placed shot. Neal’s toughness is real, but his defense can be exploited, especially early, before he settles in. Prates’ pressure and length should allow him to dictate range, and if he finds a rhythm, his offensive output could snowball quickly. Claim Offer Fight Night PromoFight Night PromoUFC 319 50% Profit Boost Claim Offer Terms and ConditionsNew customers only. Deposit min. $10. Place first bet of min $5 and get $300 in bonus bets if your bet wins.Gambling Problem? Call 1-800-GAMBLER.21+ and present in NJ. Given both fighters’ tendency to absorb more than they give at times, this could turn into a damage-heavy contest where Prates’ power becomes the deciding factor. The value is in betting Prates to win inside the distance at +115, as his aggressive style makes a finish more likely than a drawn-out decision. If you want to play it safer, the UNDER 2.5 rounds at -150 also makes sense.How To Bet Geoff NealNeal brings proven durability, legitimate knockout power, and a stubborn willingness to keep throwing punches no matter how ugly the fight gets. He’s a live underdog at +200, especially if he can survive the early storm and drag Prates into deeper waters. Neal could look to mix in wrestling, but his best path may be to weather the first-round pressure and outwork Prates as the fight wears on. Still, his defensive lapses and recent injury make him a risky play against a long, powerful striker like Prates.For Neal backers, the moneyline at +200 offers the clearest value. A decision win would require him to control the pace and absorb damage without getting stopped, which is possible but not probable given Prates’ style.Geoff Neal vs Carlos Prates Betting Pick - UFC 319Neal’s grit and punching power make him dangerous, but Prates’ size, reach, and finishing instincts give him the edge in this matchup. With both fighters susceptible to taking damage, I see this ending before the final horn. My preferred play is Prates to win inside the distance at +115, though the UNDER 2.5 rounds at -150 is also appealing.Pick: Carlos Prates Inside the Distance (+115) UFCNeal vs Prates Odds & Picks: Welterweight Stakes At UFC 319 Ethan Diamandas Updated on: Aug 16, 2025 8:52 AM ET UFCNeal vs Prates Odds & Picks: Welterweight Stakes At UFC 319 Ethan Diamandas Updated on: Aug 16, 2025 8:52 AM ET UFCNeal vs Prates Odds & Picks: Welterweight Stakes At UFC 319 Ethan Diamandas Updated on: Aug 16, 2025 8:52 AM ET UFCNeal vs Prates Odds & Picks: Welterweight Stakes At UFC 319 Ethan Diamandas Updated on: Aug 16, 2025 8:52 AM ET UFCNeal vs Prates Odds & Picks: Welterweight Stakes At UFC 319 Ethan Diamandas Updated on: Aug 16, 2025 8:52 AM ET UFCNeal vs Prates Odds & Picks: Welterweight Stakes At UFC 319 Ethan Diamandas Updated on: Aug 16, 2025 8:52 AM ET UFCNeal vs Prates Odds & Picks: Welterweight Stakes At UFC 319 Ethan Diamandas Updated on: Aug 16, 2025 8:52 AM ET UFCNeal vs Prates Odds & Picks: Welterweight Stakes At UFC 319 Ethan Diamandas Updated on: Aug 16, 2025 8:52 AM ET Neal vs Prates Odds & Picks: Welterweight Stakes At UFC 319 Neal vs Prates Odds & Picks: Welterweight Stakes At UFC 319 Ethan Diamandas Updated on: Aug 16, 2025 8:52 AM ET Carlos Prates is a -215 favorite at FanDuel over veteran Geoff Neal (+180) in a welterweight clash on the UFC 319 main card in Chicago on August 16.This matchup was originally scheduled earlier this year before Neal suffered an injury, forcing Prates to take a short-notice fight against Ian Garry. Prates lost that bout by decision but showed flashes of power late, even after being largely outpointed through the first four rounds.Prates has a three-inch reach advantage over Neal and brings a rangy striking style and finishing ability that makes him dangerous from the opening bell. Check out the best UFC betting sites to see where you can bet on UFC 319. New Jersey Claim Offer Fight Night PromoFight Night PromoUFC 319 50% Profit Boost Claim Offer Terms and ConditionsNew customers only. Deposit min. $10. Place first bet of min $5 and get $300 in bonus bets if your bet wins.Gambling Problem? Call 1-800-GAMBLER.21+ and present in NJ. Claim Offer Profit BoostProfit Boost30% Any Sport, Any Bet Profit Boost Claim Offer Terms and ConditionsNew customers only. Deposit min. $10. Place first bet of min $5 and get $300 in bonus bets if your bet wins.Gambling Problem? Call 1-800-GAMBLER.21+ and present in NJ. Claim Offer UFC PromoUFC PromoChimaev To Win By Submission +160 Claim Offer Terms and ConditionsMust be 21 or older and physically present in NJ. New users only. Must register using eligible promo code. First bet after registration must qualify. Max. Bonus Bet: $1,059. Bonus Bet expires 14 days after receipt. Void where prohibited. See Caesars.com/promos for full terms. If you or someone you know has a gambling problem, crisis counseling and referral services can be accessed by calling 1-800- GAMBLER (1-800-426-2537).Gambling Problem? Call 1-800-GAMBLERGambling Problem? Call 1-800-GAMBLER.21+ and present in NJ. See All Daily Promotions Geoff Neal vs Carlos Prates Odds - UFC 319Geoff Neal vs Carlos Prates Odds - UFC 319FighterOddsCarlos Prates-215Geoff Neal+180How To Bet Carlos PratesPrates may have been outclassed by Ian Garry over 25 minutes, but he still showed grit and a willingness to fire back late. Against Neal, the Brazilian will enjoy a height and reach advantage, plus the kind of knockout power that can end the fight with a single well-placed shot. Neal’s toughness is real, but his defense can be exploited, especially early, before he settles in. Prates’ pressure and length should allow him to dictate range, and if he finds a rhythm, his offensive output could snowball quickly. Claim Offer Fight Night PromoFight Night PromoUFC 319 50% Profit Boost Claim Offer Terms and ConditionsNew customers only. Deposit min. $10. Place first bet of min $5 and get $300 in bonus bets if your bet wins.Gambling Problem? Call 1-800-GAMBLER.21+ and present in NJ. Given both fighters’ tendency to absorb more than they give at times, this could turn into a damage-heavy contest where Prates’ power becomes the deciding factor. The value is in betting Prates to win inside the distance at +115, as his aggressive style makes a finish more likely than a drawn-out decision. If you want to play it safer, the UNDER 2.5 rounds at -150 also makes sense.How To Bet Geoff NealNeal brings proven durability, legitimate knockout power, and a stubborn willingness to keep throwing punches no matter how ugly the fight gets. He’s a live underdog at +200, especially if he can survive the early storm and drag Prates into deeper waters. Neal could look to mix in wrestling, but his best path may be to weather the first-round pressure and outwork Prates as the fight wears on. Still, his defensive lapses and recent injury make him a risky play against a long, powerful striker like Prates.For Neal backers, the moneyline at +200 offers the clearest value. A decision win would require him to control the pace and absorb damage without getting stopped, which is possible but not probable given Prates’ style.Geoff Neal vs Carlos Prates Betting Pick - UFC 319Neal’s grit and punching power make him dangerous, but Prates’ size, reach, and finishing instincts give him the edge in this matchup. With both fighters susceptible to taking damage, I see this ending before the final horn. My preferred play is Prates to win inside the distance at +115, though the UNDER 2.5 rounds at -150 is also appealing.Pick: Carlos Prates Inside the Distance (+115) Carlos Prates is a -215 favorite at FanDuel over veteran Geoff Neal (+180) in a welterweight clash on the UFC 319 main card in Chicago on August 16.This matchup was originally scheduled earlier this year before Neal suffered an injury, forcing Prates to take a short-notice fight against Ian Garry. Prates lost that bout by decision but showed flashes of power late, even after being largely outpointed through the first four rounds.Prates has a three-inch reach advantage over Neal and brings a rangy striking style and finishing ability that makes him dangerous from the opening bell. Check out the best UFC betting sites to see where you can bet on UFC 319. New Jersey Claim Offer Fight Night PromoFight Night PromoUFC 319 50% Profit Boost Claim Offer Terms and ConditionsNew customers only. Deposit min. $10. Place first bet of min $5 and get $300 in bonus bets if your bet wins.Gambling Problem? Call 1-800-GAMBLER.21+ and present in NJ. Claim Offer Profit BoostProfit Boost30% Any Sport, Any Bet Profit Boost Claim Offer Terms and ConditionsNew customers only. Deposit min. $10. Place first bet of min $5 and get $300 in bonus bets if your bet wins.Gambling Problem? Call 1-800-GAMBLER.21+ and present in NJ. Claim Offer UFC PromoUFC PromoChimaev To Win By Submission +160 Claim Offer Terms and ConditionsMust be 21 or older and physically present in NJ. New users only. Must register using eligible promo code. First bet after registration must qualify. Max. Bonus Bet: $1,059. Bonus Bet expires 14 days after receipt. Void where prohibited. See Caesars.com/promos for full terms. If you or someone you know has a gambling problem, crisis counseling and referral services can be accessed by calling 1-800- GAMBLER (1-800-426-2537).Gambling Problem? Call 1-800-GAMBLERGambling Problem? Call 1-800-GAMBLER.21+ and present in NJ. See All Daily Promotions Geoff Neal vs Carlos Prates Odds - UFC 319Geoff Neal vs Carlos Prates Odds - UFC 319FighterOddsCarlos Prates-215Geoff Neal+180How To Bet Carlos PratesPrates may have been outclassed by Ian Garry over 25 minutes, but he still showed grit and a willingness to fire back late. Against Neal, the Brazilian will enjoy a height and reach advantage, plus the kind of knockout power that can end the fight with a single well-placed shot. Neal’s toughness is real, but his defense can be exploited, especially early, before he settles in. Prates’ pressure and length should allow him to dictate range, and if he finds a rhythm, his offensive output could snowball quickly. Claim Offer Fight Night PromoFight Night PromoUFC 319 50% Profit Boost Claim Offer Terms and ConditionsNew customers only. Deposit min. $10. Place first bet of min $5 and get $300 in bonus bets if your bet wins.Gambling Problem? Call 1-800-GAMBLER.21+ and present in NJ. Given both fighters’ tendency to absorb more than they give at times, this could turn into a damage-heavy contest where Prates’ power becomes the deciding factor. The value is in betting Prates to win inside the distance at +115, as his aggressive style makes a finish more likely than a drawn-out decision. If you want to play it safer, the UNDER 2.5 rounds at -150 also makes sense.How To Bet Geoff NealNeal brings proven durability, legitimate knockout power, and a stubborn willingness to keep throwing punches no matter how ugly the fight gets. He’s a live underdog at +200, especially if he can survive the early storm and drag Prates into deeper waters. Neal could look to mix in wrestling, but his best path may be to weather the first-round pressure and outwork Prates as the fight wears on. Still, his defensive lapses and recent injury make him a risky play against a long, powerful striker like Prates.For Neal backers, the moneyline at +200 offers the clearest value. A decision win would require him to control the pace and absorb damage without getting stopped, which is possible but not probable given Prates’ style.Geoff Neal vs Carlos Prates Betting Pick - UFC 319Neal’s grit and punching power make him dangerous, but Prates’ size, reach, and finishing instincts give him the edge in this matchup. With both fighters susceptible to taking damage, I see this ending before the final horn. My preferred play is Prates to win inside the distance at +115, though the UNDER 2.5 rounds at -150 is also appealing.Pick: Carlos Prates Inside the Distance (+115) Carlos Prates is a -215 favorite at FanDuel over veteran Geoff Neal (+180) in a welterweight clash on the UFC 319 main card in Chicago on August 16. This matchup was originally scheduled earlier this year before Neal suffered an injury, forcing Prates to take a short-notice fight against Ian Garry. Prates lost that bout by decision but showed flashes of power late, even after being largely outpointed through the first four rounds. Prates has a three-inch reach advantage over Neal and brings a rangy striking style and finishing ability that makes him dangerous from the opening bell. Check out the best UFC betting sites to see where you can bet on UFC 319. New Jersey Claim Offer Fight Night PromoFight Night PromoUFC 319 50% Profit Boost Claim Offer Terms and ConditionsNew customers only. Deposit min. $10. Place first bet of min $5 and get $300 in bonus bets if your bet wins.Gambling Problem? Call 1-800-GAMBLER.21+ and present in NJ. Claim Offer Profit BoostProfit Boost30% Any Sport, Any Bet Profit Boost Claim Offer Terms and ConditionsNew customers only. Deposit min. $10. Place first bet of min $5 and get $300 in bonus bets if your bet wins.Gambling Problem? Call 1-800-GAMBLER.21+ and present in NJ. Claim Offer UFC PromoUFC PromoChimaev To Win By Submission +160 Claim Offer Terms and ConditionsMust be 21 or older and physically present in NJ. New users only. Must register using eligible promo code. First bet after registration must qualify. Max. Bonus Bet: $1,059. Bonus Bet expires 14 days after receipt. Void where prohibited. See Caesars.com/promos for full terms. If you or someone you know has a gambling problem, crisis counseling and referral services can be accessed by calling 1-800- GAMBLER (1-800-426-2537).Gambling Problem? Call 1-800-GAMBLERGambling Problem? Call 1-800-GAMBLER.21+ and present in NJ. See All Daily Promotions Claim Offer Fight Night PromoFight Night PromoUFC 319 50% Profit Boost Claim Offer Terms and ConditionsNew customers only. Deposit min. $10. Place first bet of min $5 and get $300 in bonus bets if your bet wins.Gambling Problem? Call 1-800-GAMBLER.21+ and present in NJ. Claim Offer Fight Night PromoFight Night PromoUFC 319 50% Profit Boost Claim Offer Fight Night PromoUFC 319 50% Profit Boost Claim Offer Fight Night PromoUFC 319 50% Profit Boost Claim Offer Terms and ConditionsNew customers only. Deposit min. $10. Place first bet of min $5 and get $300 in bonus bets if your bet wins.Gambling Problem? Call 1-800-GAMBLER.21+ and present in NJ. New customers only. Deposit min. $10. Place first bet of min $5 and get $300 in bonus bets if your bet wins.Gambling Problem? Call 1-800-GAMBLER.21+ and present in NJ. New customers only. Deposit min. $10. Place first bet of min $5 and get $300 in bonus bets if your bet wins. Gambling Problem? Call 1-800-GAMBLER.21+ and present in NJ. Claim Offer Profit BoostProfit Boost30% Any Sport, Any Bet Profit Boost Claim Offer Terms and ConditionsNew customers only. Deposit min. $10. Place first bet of min $5 and get $300 in bonus bets if your bet wins.Gambling Problem? Call 1-800-GAMBLER.21+ and present in NJ. Claim Offer Profit BoostProfit Boost30% Any Sport, Any Bet Profit Boost Claim Offer Profit Boost30% Any Sport, Any Bet Profit Boost Claim Offer Profit Boost30% Any Sport, Any Bet Profit Boost Claim Offer Terms and ConditionsNew customers only. Deposit min. $10. Place first bet of min $5 and get $300 in bonus bets if your bet wins.Gambling Problem? Call 1-800-GAMBLER.21+ and present in NJ. New customers only. Deposit min. $10. Place first bet of min $5 and get $300 in bonus bets if your bet wins.Gambling Problem? Call 1-800-GAMBLER.21+ and present in NJ. New customers only. Deposit min. $10. Place first bet of min $5 and get $300 in bonus bets if your bet wins. Gambling Problem? Call 1-800-GAMBLER.21+ and present in NJ. Claim Offer UFC PromoUFC PromoChimaev To Win By Submission +160 Claim Offer Terms and ConditionsMust be 21 or older and physically present in NJ. New users only. Must register using eligible promo code. First bet after registration must qualify. Max. Bonus Bet: $1,059. Bonus Bet expires 14 days after receipt. Void where prohibited. See Caesars.com/promos for full terms. If you or someone you know has a gambling problem, crisis counseling and referral services can be accessed by calling 1-800- GAMBLER (1-800-426-2537).Gambling Problem? Call 1-800-GAMBLER Claim Offer UFC PromoUFC PromoChimaev To Win By Submission +160 Claim Offer UFC PromoChimaev To Win By Submission +160 Claim Offer UFC PromoChimaev To Win By Submission +160 Claim Offer Terms and ConditionsMust be 21 or older and physically present in NJ. New users only. Must register using eligible promo code. First bet after registration must qualify. Max. Bonus Bet: $1,059. Bonus Bet expires 14 days after receipt. Void where prohibited. See Caesars.com/promos for full terms. If you or someone you know has a gambling problem, crisis counseling and referral services can be accessed by calling 1-800- GAMBLER (1-800-426-2537).Gambling Problem? Call 1-800-GAMBLER Must be 21 or older and physically present in NJ. New users only. Must register using eligible promo code. First bet after registration must qualify. Max. Bonus Bet: $1,059. Bonus Bet expires 14 days after receipt. Void where prohibited. See Caesars.com/promos for full terms. If you or someone you know has a gambling problem, crisis counseling and referral services can be accessed by calling 1-800- GAMBLER (1-800-426-2537).Gambling Problem? Call 1-800-GAMBLER Must be 21 or older and physically present in NJ. New users only. Must register using eligible promo code. First bet after registration must qualify. Max. Bonus Bet: $1,059. Bonus Bet expires 14 days after receipt. Void where prohibited. See Caesars.com/promos for full terms. If you or someone you know has a gambling problem, crisis counseling and referral services can be accessed by calling 1-800- GAMBLER (1-800-426-2537). Gambling Problem? Call 1-800-GAMBLER.21+ and present in NJ. Gambling Problem? Call 1-800-GAMBLER.21+ and present in NJ. Geoff Neal vs Carlos Prates Odds - UFC 319FighterOddsCarlos Prates-215Geoff Neal+180 Prates may have been outclassed by Ian Garry over 25 minutes, but he still showed grit and a willingness to fire back late. Against Neal, the Brazilian will enjoy a height and reach advantage, plus the kind of knockout power that can end the fight with a single well-placed shot. Neal’s toughness is real, but his defense can be exploited, especially early, before he settles in. Prates’ pressure and length should allow him to dictate range, and if he finds a rhythm, his offensive output could snowball quickly. Claim Offer Fight Night PromoFight Night PromoUFC 319 50% Profit Boost Claim Offer Terms and ConditionsNew customers only. Deposit min. $10. Place first bet of min $5 and get $300 in bonus bets if your bet wins.Gambling Problem? Call 1-800-GAMBLER.21+ and present in NJ. Claim Offer Fight Night PromoFight Night PromoUFC 319 50% Profit Boost Claim Offer Fight Night PromoUFC 319 50% Profit Boost Claim Offer Fight Night PromoUFC 319 50% Profit Boost Claim Offer Terms and ConditionsNew customers only. Deposit min. $10. Place first bet of min $5 and get $300 in bonus bets if your bet wins.Gambling Problem? Call 1-800-GAMBLER.21+ and present in NJ. New customers only. Deposit min. $10. Place first bet of min $5 and get $300 in bonus bets if your bet wins.Gambling Problem? Call 1-800-GAMBLER.21+ and present in NJ. New customers only. Deposit min. $10. Place first bet of min $5 and get $300 in bonus bets if your bet wins. Gambling Problem? Call 1-800-GAMBLER.21+ and present in NJ. Given both fighters’ tendency to absorb more than they give at times, this could turn into a damage-heavy contest where Prates’ power becomes the deciding factor. The value is in betting Prates to win inside the distance at +115, as his aggressive style makes a finish more likely than a drawn-out decision. If you want to play it safer, the UNDER 2.5 rounds at -150 also makes sense. Neal brings proven durability, legitimate knockout power, and a stubborn willingness to keep throwing punches no matter how ugly the fight gets. He’s a live underdog at +200, especially if he can survive the early storm and drag Prates into deeper waters. Neal could look to mix in wrestling, but his best path may be to weather the first-round pressure and outwork Prates as the fight wears on. Still, his defensive lapses and recent injury make him a risky play against a long, powerful striker like Prates. For Neal backers, the moneyline at +200 offers the clearest value. A decision win would require him to control the pace and absorb damage without getting stopped, which is possible but not probable given Prates’ style. Neal’s grit and punching power make him dangerous, but Prates’ size, reach, and finishing instincts give him the edge in this matchup. With both fighters susceptible to taking damage, I see this ending before the final horn. My preferred play is Prates to win inside the distance at +115, though the UNDER 2.5 rounds at -150 is also appealing.",No date found,https://www.oddsshark.com/ufc/ufc-319-prates-vs-geoff-neal-odds-picks-2025
"Geoff Neal (""Handz of Steel"") | MMA Fighter Page | Tapology","Fighter Details Age 1990-08-28 1990 • Aug 28 Height 5'11"" 180cm Reach 75.0"" 191cm Weight 171.0 Welterweight Given Name: Geoffrey Neal Nickname: Handz of Steel Pro MMA Record: 16-6-0 (Win-Loss-Draw) Current MMA Streak: 1 Win Born: Austin, Texas Fighting out of: Dallas, Texas College: Texas Lutheran Foundation Style: Striker Pro MMA Statistics Record: 16-6-0 TKO W L 10 63% of wins 1 17% of losses SUB W L 2 13% of wins 2 33% of losses DEC W L 4 25% of wins 3 50% of losses MMA Record By Promotion add_circle 2018 TO 2024 8 win 4 loss 0 draw 0 no contest DURING 2017 1 win 0 loss 0 draw 0 no contest DURING 2017 1 win 0 loss 0 draw 0 no contest Geoff Neal MMA Fight Record View Mode Basic Odds casino Expand All Details Details add_circle Cancelled scale Neal Weight Above Contracted Limit Articles mentioning Geoff Neal Photo by Chris Unger/Zuffa LLC Welcome to “This Week in MMAmania.com,” Maniacs! As you know, MMAmania.com churns out a ridiculous amount of stories weekly. And if you do... 2025-07-14 16:55:00 -0400 Już 16 sierpnia w chicagowskiej United Center dojdzie do długo wyczekiwanego starcia wagi półśredniej! Geoff Neal i Carlos Prates zmierzą się w trzyrundowej walce na gali UFC 319 – poinformowała or... 2025-07-14 10:11:42 -0400 Photo by Jeff Bottari/Zuffa LLC UFC Nashville went down last night (Sat., July 12, 2025) inside Bridgestone Arena in Nashville, Tenn., which saw Derrick Lewis secure a k... 2025-07-13 20:00:00 -0400 Photo by Brandon Magnus/Zuffa LLC/Zuffa LLC via Getty Images Ultimate Fighting Championship (UFC) is just one day away from the upcoming UFC Nashville mixed martial arts ... 2025-07-11 09:30:00 -0400 Photo by Cooper Neill/Zuffa LLC Ultimate Fighting Championship (UFC) Welterweight talents Stephen Thompson and Gabriel Bonfim will go to war this weekend (Sat., June 28, ... 2025-07-10 09:00:00 -0400 Have you heard? The Ultimate Fighting Championship (UFC) is set to host a historic event on the White House lawn during the 2026 Fourth of July weekend. Indeed, President Donald ... 2025-07-07 21:21:22 -0400",2025-07-14,https://www.tapology.com/fightcenter/fighters/20058-geoffrey-neal
Why Was Geoff Neal vs Carlos Prates Canceled at UFC 314?,"UFC 314 would have been Carlos Prates‘ fifth outing under the banner, and his first opportunity to break into the top 10 rankings. But those plans have come to a (seemingly temporary) halt. Geoff Neal is out with an undisclosed injury, yet again. Some of you might remember the American star had a similar issue ahead of his canceled bout against Ian Garry back in 2023. So, what is it with Neal and canceled bouts against rising prospects? The extent of Neal’s injuries and the length of his recovery time are unknown. For Prates, this is a painful setback because he was about to face the most difficult challenge of his UFC career so far. The Brazilian knockout artist has four straight KO victories, and facing someone as dangerous as ‘Handz of Steel’ would have been an important point in his rise through the division. Unfortunately, with Geoff Neal gone, Prates’ immediate future is unknown. During the UFC Mexico broadcast, UFC commentator Jon Anik stated that “big news” may be on the horizon for the Brazilian star. It is unclear whether this means a significant opportunity in the near future or something else. One thing that we know so far is that it’s evident the Dana White-led promotion sees something special in ‘The Nightmare’ and isn’t ready to let his momentum fade away. He’s one of the most promising names at 170 pounds, and the promotion is probably working behind the scenes to push him into the spotlight. ADVERTISEMENT Article continues below this ad 🚨| Geoff Neal vs. Carlos Prates is OFF #UFC314, per #UFCMexico broadcast. ❌ Neal INJURED. pic.twitter.com/8cjpMhZZHl — MMA Orbit (@mma_orbit) March 30, 2025 Poll of the day Poll 1 of 1 AD Despite the fact that this bout is not on the schedule anymore, UFC 314 still has plenty of must-see fights. Alexander Volkanovski and Diego Lopes will compete for the vacant featherweight title, while Michael Chandler will meet Paddy Pimblett in a highly anticipated co-main event. Patricio Pitbull also makes his long-awaited UFC debut, facing Yair Rodriguez in a high-stakes featherweight fight. ADVERTISEMENT Article continues below this ad With Carlos Prates waiting for his next move, the attention goes to what the UFC has in store for him. If Anik’s statements are any indication, it could be something bigger than anyone thought, probably a short-notice fight against Vicente Luque. However, it is also worth noting that this isn’t the first time that Geoff Neal pulled out of a fight at the very end, something that may draw the ire of Dana White. Geoff Neal repeats pull out feat from 2023 Geoff Neal’s withdrawal from UFC 314 may have come as a surprise, but for those who have followed his career, it feels familiar. Back in 2023, he was scheduled to fight Ian Machado Garry at UFC 292, but he pulled out less than two weeks before the bout. No clear reason was ever provided, surely leaving fans and Garry frustrated. ‘Handz of Steel’ was replaced by Neil Magny, and while Garry won the bout, he couldn’t shake the feeling that he’d been robbed of the moment he’d worked so hard for. And now, with another late pullout, it’s beginning to feel like a pattern. ADVERTISEMENT Article continues below this ad ‘Machado’ saw the cancellation as more than a minor change in opponents; for him it was personal. He had spent months hyping up the bout, even going so far as to wear a t-shirt with Neal’s previous mugshot to get inside his head. Whether it was mind games or simply bad luck, Neal’s withdrawal further fueled the fire. Ian Garry claimed that ‘Handz of Steel’ simply snapped under pressure, especially after suffering a defeat to Shavkat Rakhmonov before their scheduled fight. What’s your perspective on: Volkanovski claims he's unbeatable—can he back it up against Lopes, or is he all talk? Have an interesting take? Whatever the case, Neal’s tendency to cancel fights at the last minute isn’t helping him. The UFC isn’t exactly lenient when it comes to repeated cancellations, and Dana White has previously expressed his displeasure with competitors who don’t make it to the cage. At a time when the welterweight division is brimming with many vying for a shot, missing fights is more than just a temporary setback; it’s a threat to his entire reputation in the promotion. If he does not break this run soon, Neal may find himself falling out of favor with the UFC sooner than he expects. What do you think? Do you believe ‘Handz of Steel’ is walking on thin ice? Let us know in the comments. ADVERTISEMENT ADVERTISEMENT ADVERTISEMENT ADVERTISEMENT Volkanovski claims he's unbeatable—can he back it up against Lopes, or is he all talk?",2025-03-30,https://www.essentiallysports.com/ufc-mma-news-why-was-geoff-neal-vs-carlos-prates-canceled-at-ufc-314/
Geoff Neal vs Carlos Prates,"UFC 314 fight card, start time, date and location for the Alex Volkanovski vs. Diego Lopes-led pay-per-view (PPV) event on Sat., April 12, 2025 inside Kaseya Center in Miami, Florida, also... UFC CEO Dana White announced today that No. 7-ranked Welterweight, Ian Garry, will now headline UFC Kansas City against red-hot Brazilian, Carlos Prates, on April 26, 2025, inside T-Mobile Center... A major matchup at the upcoming UFC 314 PPV card in Miami, Fla., has officially been scrapped! Date: April 12, 2025 | Geoff Neal | Carlos Prates | | |---|---|---| | 34 | age | | | 5'11 | height | | | 170lbs | weight |",2025-03-29,https://www.mmafighting.com/fight/15444/geoff-neal-vs-carlos-prates
Geoff Neal vs. Carlos Prates targeted for UFC 319 in Chicago,"The UFC will once again try to have Carlos Prates face off with Geoff Neal, this time on the upcoming pay-per-view event in Chicago on Aug. 16. Both fighters have agreed to the rebooking at UFC 319, multiple people with knowledge of the situation confirmed to MMA Fighting. Laerte Viana first reported the news. UFC 319 will take place at the United Center in Chicago. Dricus du Plessis defends his middleweight belt in the main event against Khamzat Chimaev. Prates (21-7) and Neal (16-6) were originally scheduled to fight in April but “Handz of Steel” was forced off the UFC 314 lineup. Prates was then pushed back to the main event of UFC Kansas City two weeks later, when he lost a decision to Ian Machado Garry. The loss snapped Prates’ six-year unbeaten streak, which included four knockouts in a row over the likes of Jingliang Li and Neil Magny since joining the UFC a year before. Neal hasn’t entered the octagon since October 2024, when he beat former champion Rafael dos Anjos to get back on track following defeats to Garry and Shavkat Rakhmonov. Mike Heck and Damon Martin contributed tot his report.",2025-07-02,https://www.mmafighting.com/2025/7/2/24460674/carlos-prates-geoff-neal-targeted-ufc-319-chicago
Geoff Neal vs Carlos Prates Prediction & Picks - UFC #319,"UFC - UFC #319 New customers only | Commercial content | 21+ age limit | T&Cs apply by Stephen Abiola | in UFC Picks Geoff Nael (16-6-0) and Carlos Prates (21-7-0) will clash in the UFC Welterweight division on Saturday night at the United Center in Chicago. Geoff Nael will enter this 3-round bout full of confidence that he can send Prates to an early shower. In fact, the 34-year-old American predicted this would happen in the first 3 minutes. The ""Handz of Steel"" bounced back from his two-fight slide with a Round 1 KO victory over Rafael Dos Anjos. Could the same fate await Prates? Time will tell! Despite the ""threats"" from Nael, bookmakers are convinced that Carlos Prates will carry the day at UFC 319. The 31-year-old is the warm -250 betting favorite as he looks to return to winning ways. Prates made his UFC debut in August 2023, going on a winning run before losing to Ian Machado Garry in April this year via decision. He is the No. 2-ranked fighter in the division, and a win could take him closer to his first title shot. Limited Offer. Currently at DraftKings Geoff Neal - Carlos Prates Key Points - Geoff Nael lost four of his last seven UFC fights. - Carlos Prates won five of his last six UFC fights. - Carlos Prates won via KO/TKO in his last five UFC wins. - The fight didn't go the distance in five of the last six Carlos Prates' bouts. Limited Offer. Currently at DraftKings Our Geoff Neal vs Carlos Prates Prediction As Nael predicted, all indicators point towards a KO/TKO win for one of the fighters on Saturday night. Both are excellent finishers, with Nael boasting a 10-1 KO record in his MMA career. Prates has a slightly better knockout record of 12-1. We expect the fighter who will protect himself from getting hit to win this three-round scrap. Nael is an excellent striker, although his shorter stature puts him at a disadvantage in terms of reach. We have witnessed him struggle to contain tall/longer fighters before. Prates should have an edge in this fight. Our prediction for Geoff Nael vs Carlos Prates: Carlos Prates to win via KO/TKO. Jackpot Pools DraftKings's long-running promo Jackpot Pools gives bettors a chance to win a whopping $10,000 which grows with every entry! To win, you'll need to answer all 15 questions correctly and the pool is yours! If there are multiple winners, the pool will be split. If no one wins, however, the jackpot rolls over to the next pool, increasing the winnings. You can enter up to 10 times each pool to give yourself an even greater chance of winning. Once the event has completed, you can collect your winnings within 24 hours so keep an eye on the pool! Don't miss out on your chance to win big and make your picks today! All tips are fully researched and given in good faith, but profits cannot be guaranteed. Limited Offer. Currently at DraftKings",2025-08-14,https://www.sportytrader.com/us/picks/geoff-neal-carlos-prates-283428/
UFC 319 – Geoff Neal vs. Carlos Prates: Preview & Betting Tips,"We have a fascinating welterweight clash at UFC 319 between Geoff Neal and Carlos Prates in a fight that promises fireworks for as long as it lasts. Neal (16-6) may now be past the absolute peak of his physical prime at the age of 34, and it’s possible we’ll see slight declines in speed and explosiveness from this point forward. That said, his punching power remains elite, and as we all know, power is the last thing that leaves a fighter before they decide to hang them up. Prates (21-7) showed vulnerability in his previous outing against Ian Garry, reacting poorly to clean shots. While that fight was a five-rounder, requiring him to conserve energy, this three-round contest will allow him to unleash his big shots without holding back. Geoff Neal – Odds 2.88 Record: 16-6 Age: 34 Height: 5ft11 Reach: 74″ Weight: Welterweight Stance: Southpaw Carlos Prates – Odds 1.40 Record: 21-7 Age: 31 Height: 6ft1 Reach: 78” Weight: Welterweight Stance: Switch Neal’s reputation in the UFC is built on raw power, aggressive forward pressure, and a willingness to engage in firefights. While not the most technical operator in the division, Neal makes up for it with fight-ending hands, a solid chin, and underrated takedown defence. I expect the American to try and dictate the pace, walk opponents down, and force exchanges where his heavy shots can land. But, he may get hit by something big himself if his defence is caught slipping. Prates is a dangerous, rangy striker with knockout potential in every range on the feet. Light on his feet and unpredictable, he’s the kind of fighter who can throw a head kick in the blink of an eye or launch spinning attacks without telegraphing them. His variety of attacks make him tricky to read, and his length gives him a natural edge in range control. To put it simply, both men are dangerous strikers, but their styles bring very different threats to the table. Prates has the tools to pick Neal apart from the outside, but Neal’s ability to pressure and land heavy shots, combined with Prates’ questionable reaction to big punches last time out, makes the upset a real possibility. If the Brazilian maintains distance and lands his kicks early, he could set the tone and punish Neal every time he walks into range to try and land something. That said, the American’s punching power is elite, and if he can get inside on Prates, the 31-year-old’s durability will face a serious test. This fight is such a fun matchup, and one of my favourites on this entire card. I’m struggling to split the two as both could end the fight with one shot. Purely for value reasons, I’m taking Geoff Neal to win by KO/TKO at odds of 6.00. More must-reads: Get the latest news and rumors, customized to your favorite sports and teams. Emailed daily. Always free!",2025-08-14,https://www.yardbarker.com/mma/articles/ufc_319_geoff_neal_vs_carlos_prates_preview_betting_tips/s1_17349_42585391
Star-Studded UFC 314 Card Suffers Major Blow,"The upcoming UFC 314 pay-per-view (PPV) card is one of the most stacked events of the year, but it just lost a key main card matchup. Star-studded UFC 314 card suffers major blow following Geoff Neal vs. Carlos Prates cancelation Per UFC Mexico City’s broadcast, a welterweight fight between rising contenders Geoff Neal and Carlos Prates has been scrapped after “Handz of Steel” withdrew due to injury. MMAmania confirmed the cancelation with UFC officials as well. This is unfortunate news for a UFC 314 card brimming with juicy matchups. Neal’s showdown with Prates was expected to be one of the key components of the PPV main card. Neal is a proven veteran who always bring the threat of a knockout, while Prates has taken the 170-pound division by storm with four-straight knockout finishes to start his UFC career. While Prates will not get a replacement opponent for UFC 314 next month in Miami, UFC announcer Jon Anik teased “big news” coming for the Brazilian fighter. After all, Prates is one of the fastest rising contenders on the UFC roster right now so it’s important to keep him busy while the getting is good. UFC 314 will be headlined by a featherweight title fight between division legend Alexander Volkanovski and fan-favorite contender Diego Lopes. In co-main event action, lightweight contender Michael Chandler is booked to meet surging English star Paddy “The Baddy” Pimblett. MIDDLEWEIGHT TITLE CAR CRASH! Ultimate Fighting Championship (UFC) continues its 2025 pay-per-view (PPV) schedule on Sat., Aug. 16, 2025, with a blockbuster title fight set to headline UFC 319 from inside United Center in Chicago, Illinois. In UFC 319’s PPV main event, Middleweight champion, Dricus du Plessis, defends his title against undefeated No. 3-ranked contender, Khamzat Chimaev, in a high-stakes, five-round battle of unbeaten UFC records. UFC 319’s PPV co-main event features a Featherweight showdown between Lerone Murphy and promotional newcomer, Aaron Pico, a high-profile free-agent signing stepping in on short notice. UFC 319 will also showcase a Welterweight clash between Geoff Neal vs. Carlos Prates, a Middleweight bout pitting Jared Cannonier vs. Michael Page, a Flyweight matchup featuring Tim Elliott vs. Kai Asakura, and much more! UFC 319’s start time is scheduled for 6 p.m. ET (“Early Prelims”), 8 p.m. ET (“Prelims” undercard), and 10 p.m. ET (PPV main card) Remember that MMAmania.com will deliver LIVE round-by-round, blow-by-blow coverage of the entire UFC 314 fight card right here, starting with the ESPN+ “Prelims” matches online, which are scheduled to begin at 6 p.m. ET, before the main card start time at 10 p.m. ET (also on ESPN+) To check out the latest and greatest UFC 314: “Volkanovski vs. Lopes” news and notes be sure to hit up our comprehensive event archive right here.",2025-03-29,https://www.mmamania.com/2025/3/29/24396925/star-studded-ufc-314-card-suffers-major-blow-following-geoff-neal-vs-carlos-prates-cancelation
Geoff Neal vs Carlos Prates - Men's Welterweight,"New Jersey Best New Jersey Betting Sites 4.5/54.5/5Bet $1,Double Your WinningsYour Next 10 Bets iOS Rating:4.7/5(89,306) Google Play Rating:4.5/5(30,709) Play Now Read ReviewTerms and ConditionsMust be 21 or older and physically present in NJ. New users only. Must register using eligible promo code. First bet after registration must qualify. Max. Bonus Bet: $1,059. Bonus Bet expires 14 days after receipt. Void where prohibited. See Caesars.com/promos for full terms. If you or someone you know has a gambling problem, crisis counseling and referral services can be accessed by calling 1-800- GAMBLER (1-800-426-2537).Gambling Problem? Call 1-800-GAMBLER 4.5/54.5/5Bet $5Get$150 in Bonus Bets iOS Rating:4.9/5(232,372) Google Play Rating:4.7/5(49,737) Play Now Read ReviewTerms and ConditionsNJ Only. 21+. T&Cs apply. Gambling Problem? Call 1-800-GAMBLER 4.5/54.5/5Bet $5Get $150 inBonus Bets Instantly iOS Rating:4.8/5(845,560) Google Play Rating:4.3/5(174,461) Claim Offer Read ReviewTerms and ConditionsGAMBLING PROBLEM? CALL 1-800-GAMBLER, (800) 327-5050 or visit gamblinghelplinema.org (MA). Call 877-8-HOPENY/text HOPENY (467369) (NY).Please Gamble Responsibly. 888-789-7777/visit ccpg.org (CT), or visit www.mdgamblinghelp.org (MD). 21+ and present in most states. (18+ DC/KY/NH/WY). Void in ONT/OR/NH. Eligibility restrictions apply. On behalf of Boot Hill Casino & Resort (KS). 1 per new customer. Must register new account to receive reward Token. Must select Token BEFORE placing min. $5 bet to receive $150 in Bonus Bets instantly. Min. -500 odds req. Token and Bonus Bets are single-use and non-withdrawable. Bonus Bets expire in 7 days (168 hours). Stake removed from payout. Terms: sportsbook.draftkings.com/promos. Sponsored by DK. 4.5/54.5/5Bet $5Get$150 iOS Rating:4.7/5(374,553) Google Play Rating:4.6/5(198,307) Play Now Read ReviewTerms and ConditionsYou must be over 21 to play. GAMBLING PROBLEM? CALL 1-800-GAMBLER.App Exclusive Offer. Deposit required. Paid in Bonus Bets. Bonus Bets wager excluded from returns. New customers only. T&Cs, time limits and exclusions apply. 4.5/54.5/5Bet $5Get $300 inBonus Bets If Your Bet Wins iOS Rating:4.9/5(1,861,547) Google Play Rating:4.6/5(382,450) Play Now Read ReviewTerms and ConditionsNew customers only. Deposit min. $10. Place first bet of min $5 and get $300 in bonus bets if your bet wins.Gambling Problem? Call 1-800-GAMBLER.21+ and present in NJ. 4.5/54.5/5Bet $10Get$150 If You Win iOS Rating:4.8/5(239,666) Google Play Rating:4.2/5(36,689) Play Now Read ReviewTerms and ConditionsBonus bets expire in 7 days. One new customer offer per user. Additional terms apply.Gambling Problem? Call 1-800-GAMBLER.21+ and present in NJ. 4.5/54.5/5Play $5Get$50 iOS Rating:4.8/5(202,151) Google Play Rating:4.6/5(19.7K) Claim Offer Read ReviewTerms and ConditionsMust be 18+ (19+ in AL, NE; 19+ in CO for some games; 21+ in AZ, MA, and VA) and present in a state where Underdog Fantasy operates. Terms apply. See assets.underdogfantasy.com/web/PlayandGetTerms_DFS_.html for details. Offer not valid in MD, MI,NY, OH, and PA. Concerned with your play? Call 1-800-GAMBLER or visit www.ncpgambling.org; NY: Call the 24/7 HOPEline at 1-877-8-HOPENY or Text HOPENY (467369) 4.5/54.5/5Use Code: OddsSharkEarn 2% Back for 30 Days,Up to 200 in Prophet Cash iOS Rating:4.8/5(1.6K) Google Play Rating:4.9/5(346) Claim Offer Read Review 4.5/54.5/5Play $5Get $50 inBonus Picks iOS Rating:4.7/5(10,536) Google Play Rating:4.8/5(4,580) Claim Offer Read ReviewTerms and ConditionsGambling Problem? Call 1-800-GAMBLER. Help is available for problem gambling. Call (888) 789-7777 or visit ccpg.org (CT). 18+ (19+ AL/NE, 21+ AZ/MA). Valid only where Pick6 operates, see dkng.co/pick6states. Void in NY, ONT, and where prohibited. Eligibility restrictions apply. Terms pick6. 1 per new Pick6 customer. $5+ first Pick Set to receive max. $50 issued as non-withdrawable Bonus Picks that expire in 14 days (336 hours). Ends 6/22/25 at 11:59 PM ET. Terms: pick6.draftkings.com/promos. Sponsored by DraftKings.Gambling Problem? Call 1-800-GAMBLER.21+ and present in NJ. See all New Jersey Sportsbooks Odds Saturday, August 16 - UFC 319 Sat Aug 16 - UFC 319 ROUND 1 Close MatchupOpeningCurrent 10:23pm EDT Geoff Neal Geoff Neal VS / Carlos Prates Carlos Prates +250 -300 +170 -210 New Jersey Best New Jersey Betting Sites 4.5/54.5/5Bet $1,Double Your WinningsYour Next 10 Bets iOS Rating:4.7/5(89,306) Google Play Rating:4.5/5(30,709) Play Now Read ReviewTerms and ConditionsMust be 21 or older and physically present in NJ. New users only. Must register using eligible promo code. First bet after registration must qualify. Max. Bonus Bet: $1,059. Bonus Bet expires 14 days after receipt. Void where prohibited. See Caesars.com/promos for full terms. If you or someone you know has a gambling problem, crisis counseling and referral services can be accessed by calling 1-800- GAMBLER (1-800-426-2537).Gambling Problem? Call 1-800-GAMBLER 4.5/54.5/5Bet $5Get$150 in Bonus Bets iOS Rating:4.9/5(232,372) Google Play Rating:4.7/5(49,737) Play Now Read ReviewTerms and ConditionsNJ Only. 21+. T&Cs apply. Gambling Problem? Call 1-800-GAMBLER 4.5/54.5/5Bet $5Get $150 inBonus Bets Instantly iOS Rating:4.8/5(845,560) Google Play Rating:4.3/5(174,461) Claim Offer Read ReviewTerms and ConditionsGAMBLING PROBLEM? CALL 1-800-GAMBLER, (800) 327-5050 or visit gamblinghelplinema.org (MA). Call 877-8-HOPENY/text HOPENY (467369) (NY).Please Gamble Responsibly. 888-789-7777/visit ccpg.org (CT), or visit www.mdgamblinghelp.org (MD). 21+ and present in most states. (18+ DC/KY/NH/WY). Void in ONT/OR/NH. Eligibility restrictions apply. On behalf of Boot Hill Casino & Resort (KS). 1 per new customer. Must register new account to receive reward Token. Must select Token BEFORE placing min. $5 bet to receive $150 in Bonus Bets instantly. Min. -500 odds req. Token and Bonus Bets are single-use and non-withdrawable. Bonus Bets expire in 7 days (168 hours). Stake removed from payout. Terms: sportsbook.draftkings.com/promos. Sponsored by DK. 4.5/54.5/5Bet $5Get$150 iOS Rating:4.7/5(374,553) Google Play Rating:4.6/5(198,307) Play Now Read ReviewTerms and ConditionsYou must be over 21 to play. GAMBLING PROBLEM? CALL 1-800-GAMBLER.App Exclusive Offer. Deposit required. Paid in Bonus Bets. Bonus Bets wager excluded from returns. New customers only. T&Cs, time limits and exclusions apply. 4.5/54.5/5Bet $5Get $300 inBonus Bets If Your Bet Wins iOS Rating:4.9/5(1,861,547) Google Play Rating:4.6/5(382,450) Play Now Read ReviewTerms and ConditionsNew customers only. Deposit min. $10. Place first bet of min $5 and get $300 in bonus bets if your bet wins.Gambling Problem? Call 1-800-GAMBLER.21+ and present in NJ. 4.5/54.5/5Bet $10Get$150 If You Win iOS Rating:4.8/5(239,666) Google Play Rating:4.2/5(36,689) Play Now Read ReviewTerms and ConditionsBonus bets expire in 7 days. One new customer offer per user. Additional terms apply.Gambling Problem? Call 1-800-GAMBLER.21+ and present in NJ. 4.5/54.5/5Play $5Get$50 iOS Rating:4.8/5(202,151) Google Play Rating:4.6/5(19.7K) Claim Offer Read ReviewTerms and ConditionsMust be 18+ (19+ in AL, NE; 19+ in CO for some games; 21+ in AZ, MA, and VA) and present in a state where Underdog Fantasy operates. Terms apply. See assets.underdogfantasy.com/web/PlayandGetTerms_DFS_.html for details. Offer not valid in MD, MI,NY, OH, and PA. Concerned with your play? Call 1-800-GAMBLER or visit www.ncpgambling.org; NY: Call the 24/7 HOPEline at 1-877-8-HOPENY or Text HOPENY (467369) 4.5/54.5/5Use Code: OddsSharkEarn 2% Back for 30 Days,Up to 200 in Prophet Cash iOS Rating:4.8/5(1.6K) Google Play Rating:4.9/5(346) Claim Offer Read Review 4.5/54.5/5Play $5Get $50 inBonus Picks iOS Rating:4.7/5(10,536) Google Play Rating:4.8/5(4,580) Claim Offer Read ReviewTerms and ConditionsGambling Problem? Call 1-800-GAMBLER. Help is available for problem gambling. Call (888) 789-7777 or visit ccpg.org (CT). 18+ (19+ AL/NE, 21+ AZ/MA). Valid only where Pick6 operates, see dkng.co/pick6states. Void in NY, ONT, and where prohibited. Eligibility restrictions apply. Terms pick6. 1 per new Pick6 customer. $5+ first Pick Set to receive max. $50 issued as non-withdrawable Bonus Picks that expire in 14 days (336 hours). Ends 6/22/25 at 11:59 PM ET. Terms: pick6.draftkings.com/promos. Sponsored by DraftKings.Gambling Problem? Call 1-800-GAMBLER.21+ and present in NJ. See all New Jersey Sportsbooks Odds Saturday, August 16 - UFC 319 Sat Aug 16 - UFC 319 ROUND 1 Close MatchupOpeningCurrent 10:23pm EDT Geoff Neal Geoff Neal VS / Carlos Prates Carlos Prates +250 -300 +170 -210 New Jersey Best New Jersey Betting Sites 4.5/54.5/5Bet $1,Double Your WinningsYour Next 10 Bets iOS Rating:4.7/5(89,306) Google Play Rating:4.5/5(30,709) Play Now Read ReviewTerms and ConditionsMust be 21 or older and physically present in NJ. New users only. Must register using eligible promo code. First bet after registration must qualify. Max. Bonus Bet: $1,059. Bonus Bet expires 14 days after receipt. Void where prohibited. See Caesars.com/promos for full terms. If you or someone you know has a gambling problem, crisis counseling and referral services can be accessed by calling 1-800- GAMBLER (1-800-426-2537).Gambling Problem? Call 1-800-GAMBLER 4.5/54.5/5Bet $5Get$150 in Bonus Bets iOS Rating:4.9/5(232,372) Google Play Rating:4.7/5(49,737) Play Now Read ReviewTerms and ConditionsNJ Only. 21+. T&Cs apply. Gambling Problem? Call 1-800-GAMBLER 4.5/54.5/5Bet $5Get $150 inBonus Bets Instantly iOS Rating:4.8/5(845,560) Google Play Rating:4.3/5(174,461) Claim Offer Read ReviewTerms and ConditionsGAMBLING PROBLEM? CALL 1-800-GAMBLER, (800) 327-5050 or visit gamblinghelplinema.org (MA). Call 877-8-HOPENY/text HOPENY (467369) (NY).Please Gamble Responsibly. 888-789-7777/visit ccpg.org (CT), or visit www.mdgamblinghelp.org (MD). 21+ and present in most states. (18+ DC/KY/NH/WY). Void in ONT/OR/NH. Eligibility restrictions apply. On behalf of Boot Hill Casino & Resort (KS). 1 per new customer. Must register new account to receive reward Token. Must select Token BEFORE placing min. $5 bet to receive $150 in Bonus Bets instantly. Min. -500 odds req. Token and Bonus Bets are single-use and non-withdrawable. Bonus Bets expire in 7 days (168 hours). Stake removed from payout. Terms: sportsbook.draftkings.com/promos. Sponsored by DK. 4.5/54.5/5Bet $5Get$150 iOS Rating:4.7/5(374,553) Google Play Rating:4.6/5(198,307) Play Now Read ReviewTerms and ConditionsYou must be over 21 to play. GAMBLING PROBLEM? CALL 1-800-GAMBLER.App Exclusive Offer. Deposit required. Paid in Bonus Bets. Bonus Bets wager excluded from returns. New customers only. T&Cs, time limits and exclusions apply. 4.5/54.5/5Bet $5Get $300 inBonus Bets If Your Bet Wins iOS Rating:4.9/5(1,861,547) Google Play Rating:4.6/5(382,450) Play Now Read ReviewTerms and ConditionsNew customers only. Deposit min. $10. Place first bet of min $5 and get $300 in bonus bets if your bet wins.Gambling Problem? Call 1-800-GAMBLER.21+ and present in NJ. 4.5/54.5/5Bet $10Get$150 If You Win iOS Rating:4.8/5(239,666) Google Play Rating:4.2/5(36,689) Play Now Read ReviewTerms and ConditionsBonus bets expire in 7 days. One new customer offer per user. Additional terms apply.Gambling Problem? Call 1-800-GAMBLER.21+ and present in NJ. 4.5/54.5/5Play $5Get$50 iOS Rating:4.8/5(202,151) Google Play Rating:4.6/5(19.7K) Claim Offer Read ReviewTerms and ConditionsMust be 18+ (19+ in AL, NE; 19+ in CO for some games; 21+ in AZ, MA, and VA) and present in a state where Underdog Fantasy operates. Terms apply. See assets.underdogfantasy.com/web/PlayandGetTerms_DFS_.html for details. Offer not valid in MD, MI,NY, OH, and PA. Concerned with your play? Call 1-800-GAMBLER or visit www.ncpgambling.org; NY: Call the 24/7 HOPEline at 1-877-8-HOPENY or Text HOPENY (467369) 4.5/54.5/5Use Code: OddsSharkEarn 2% Back for 30 Days,Up to 200 in Prophet Cash iOS Rating:4.8/5(1.6K) Google Play Rating:4.9/5(346) Claim Offer Read Review 4.5/54.5/5Play $5Get $50 inBonus Picks iOS Rating:4.7/5(10,536) Google Play Rating:4.8/5(4,580) Claim Offer Read ReviewTerms and ConditionsGambling Problem? Call 1-800-GAMBLER. Help is available for problem gambling. Call (888) 789-7777 or visit ccpg.org (CT). 18+ (19+ AL/NE, 21+ AZ/MA). Valid only where Pick6 operates, see dkng.co/pick6states. Void in NY, ONT, and where prohibited. Eligibility restrictions apply. Terms pick6. 1 per new Pick6 customer. $5+ first Pick Set to receive max. $50 issued as non-withdrawable Bonus Picks that expire in 14 days (336 hours). Ends 6/22/25 at 11:59 PM ET. Terms: pick6.draftkings.com/promos. Sponsored by DraftKings.Gambling Problem? Call 1-800-GAMBLER.21+ and present in NJ. See all New Jersey Sportsbooks Odds Saturday, August 16 - UFC 319 Sat Aug 16 - UFC 319 ROUND 1 Close MatchupOpeningCurrent 10:23pm EDT Geoff Neal Geoff Neal VS / Carlos Prates Carlos Prates +250 -300 +170 -210 New Jersey Best New Jersey Betting Sites 4.5/54.5/5Bet $1,Double Your WinningsYour Next 10 Bets iOS Rating:4.7/5(89,306) Google Play Rating:4.5/5(30,709) Play Now Read ReviewTerms and ConditionsMust be 21 or older and physically present in NJ. New users only. Must register using eligible promo code. First bet after registration must qualify. Max. Bonus Bet: $1,059. Bonus Bet expires 14 days after receipt. Void where prohibited. See Caesars.com/promos for full terms. If you or someone you know has a gambling problem, crisis counseling and referral services can be accessed by calling 1-800- GAMBLER (1-800-426-2537).Gambling Problem? Call 1-800-GAMBLER 4.5/54.5/5Bet $5Get$150 in Bonus Bets iOS Rating:4.9/5(232,372) Google Play Rating:4.7/5(49,737) Play Now Read ReviewTerms and ConditionsNJ Only. 21+. T&Cs apply. Gambling Problem? Call 1-800-GAMBLER 4.5/54.5/5Bet $5Get $150 inBonus Bets Instantly iOS Rating:4.8/5(845,560) Google Play Rating:4.3/5(174,461) Claim Offer Read ReviewTerms and ConditionsGAMBLING PROBLEM? CALL 1-800-GAMBLER, (800) 327-5050 or visit gamblinghelplinema.org (MA). Call 877-8-HOPENY/text HOPENY (467369) (NY).Please Gamble Responsibly. 888-789-7777/visit ccpg.org (CT), or visit www.mdgamblinghelp.org (MD). 21+ and present in most states. (18+ DC/KY/NH/WY). Void in ONT/OR/NH. Eligibility restrictions apply. On behalf of Boot Hill Casino & Resort (KS). 1 per new customer. Must register new account to receive reward Token. Must select Token BEFORE placing min. $5 bet to receive $150 in Bonus Bets instantly. Min. -500 odds req. Token and Bonus Bets are single-use and non-withdrawable. Bonus Bets expire in 7 days (168 hours). Stake removed from payout. Terms: sportsbook.draftkings.com/promos. Sponsored by DK. 4.5/54.5/5Bet $5Get$150 iOS Rating:4.7/5(374,553) Google Play Rating:4.6/5(198,307) Play Now Read ReviewTerms and ConditionsYou must be over 21 to play. GAMBLING PROBLEM? CALL 1-800-GAMBLER.App Exclusive Offer. Deposit required. Paid in Bonus Bets. Bonus Bets wager excluded from returns. New customers only. T&Cs, time limits and exclusions apply. 4.5/54.5/5Bet $5Get $300 inBonus Bets If Your Bet Wins iOS Rating:4.9/5(1,861,547) Google Play Rating:4.6/5(382,450) Play Now Read ReviewTerms and ConditionsNew customers only. Deposit min. $10. Place first bet of min $5 and get $300 in bonus bets if your bet wins.Gambling Problem? Call 1-800-GAMBLER.21+ and present in NJ. 4.5/54.5/5Bet $10Get$150 If You Win iOS Rating:4.8/5(239,666) Google Play Rating:4.2/5(36,689) Play Now Read ReviewTerms and ConditionsBonus bets expire in 7 days. One new customer offer per user. Additional terms apply.Gambling Problem? Call 1-800-GAMBLER.21+ and present in NJ. 4.5/54.5/5Play $5Get$50 iOS Rating:4.8/5(202,151) Google Play Rating:4.6/5(19.7K) Claim Offer Read ReviewTerms and ConditionsMust be 18+ (19+ in AL, NE; 19+ in CO for some games; 21+ in AZ, MA, and VA) and present in a state where Underdog Fantasy operates. Terms apply. See assets.underdogfantasy.com/web/PlayandGetTerms_DFS_.html for details. Offer not valid in MD, MI,NY, OH, and PA. Concerned with your play? Call 1-800-GAMBLER or visit www.ncpgambling.org; NY: Call the 24/7 HOPEline at 1-877-8-HOPENY or Text HOPENY (467369) 4.5/54.5/5Use Code: OddsSharkEarn 2% Back for 30 Days,Up to 200 in Prophet Cash iOS Rating:4.8/5(1.6K) Google Play Rating:4.9/5(346) Claim Offer Read Review 4.5/54.5/5Play $5Get $50 inBonus Picks iOS Rating:4.7/5(10,536) Google Play Rating:4.8/5(4,580) Claim Offer Read ReviewTerms and ConditionsGambling Problem? Call 1-800-GAMBLER. Help is available for problem gambling. Call (888) 789-7777 or visit ccpg.org (CT). 18+ (19+ AL/NE, 21+ AZ/MA). Valid only where Pick6 operates, see dkng.co/pick6states. Void in NY, ONT, and where prohibited. Eligibility restrictions apply. Terms pick6. 1 per new Pick6 customer. $5+ first Pick Set to receive max. $50 issued as non-withdrawable Bonus Picks that expire in 14 days (336 hours). Ends 6/22/25 at 11:59 PM ET. Terms: pick6.draftkings.com/promos. Sponsored by DraftKings.Gambling Problem? Call 1-800-GAMBLER.21+ and present in NJ. See all New Jersey Sportsbooks Odds Saturday, August 16 - UFC 319 Sat Aug 16 - UFC 319 ROUND 1 Close MatchupOpeningCurrent 10:23pm EDT Geoff Neal Geoff Neal VS / Carlos Prates Carlos Prates +250 -300 +170 -210 New Jersey Best New Jersey Betting Sites 4.5/54.5/5Bet $1,Double Your WinningsYour Next 10 Bets iOS Rating:4.7/5(89,306) Google Play Rating:4.5/5(30,709) Play Now Read ReviewTerms and ConditionsMust be 21 or older and physically present in NJ. New users only. Must register using eligible promo code. First bet after registration must qualify. Max. Bonus Bet: $1,059. Bonus Bet expires 14 days after receipt. Void where prohibited. See Caesars.com/promos for full terms. If you or someone you know has a gambling problem, crisis counseling and referral services can be accessed by calling 1-800- GAMBLER (1-800-426-2537).Gambling Problem? Call 1-800-GAMBLER 4.5/54.5/5Bet $5Get$150 in Bonus Bets iOS Rating:4.9/5(232,372) Google Play Rating:4.7/5(49,737) Play Now Read ReviewTerms and ConditionsNJ Only. 21+. T&Cs apply. Gambling Problem? Call 1-800-GAMBLER 4.5/54.5/5Bet $5Get $150 inBonus Bets Instantly iOS Rating:4.8/5(845,560) Google Play Rating:4.3/5(174,461) Claim Offer Read ReviewTerms and ConditionsGAMBLING PROBLEM? CALL 1-800-GAMBLER, (800) 327-5050 or visit gamblinghelplinema.org (MA). Call 877-8-HOPENY/text HOPENY (467369) (NY).Please Gamble Responsibly. 888-789-7777/visit ccpg.org (CT), or visit www.mdgamblinghelp.org (MD). 21+ and present in most states. (18+ DC/KY/NH/WY). Void in ONT/OR/NH. Eligibility restrictions apply. On behalf of Boot Hill Casino & Resort (KS). 1 per new customer. Must register new account to receive reward Token. Must select Token BEFORE placing min. $5 bet to receive $150 in Bonus Bets instantly. Min. -500 odds req. Token and Bonus Bets are single-use and non-withdrawable. Bonus Bets expire in 7 days (168 hours). Stake removed from payout. Terms: sportsbook.draftkings.com/promos. Sponsored by DK. 4.5/54.5/5Bet $5Get$150 iOS Rating:4.7/5(374,553) Google Play Rating:4.6/5(198,307) Play Now Read ReviewTerms and ConditionsYou must be over 21 to play. GAMBLING PROBLEM? CALL 1-800-GAMBLER.App Exclusive Offer. Deposit required. Paid in Bonus Bets. Bonus Bets wager excluded from returns. New customers only. T&Cs, time limits and exclusions apply. 4.5/54.5/5Bet $5Get $300 inBonus Bets If Your Bet Wins iOS Rating:4.9/5(1,861,547) Google Play Rating:4.6/5(382,450) Play Now Read ReviewTerms and ConditionsNew customers only. Deposit min. $10. Place first bet of min $5 and get $300 in bonus bets if your bet wins.Gambling Problem? Call 1-800-GAMBLER.21+ and present in NJ. 4.5/54.5/5Bet $10Get$150 If You Win iOS Rating:4.8/5(239,666) Google Play Rating:4.2/5(36,689) Play Now Read ReviewTerms and ConditionsBonus bets expire in 7 days. One new customer offer per user. Additional terms apply.Gambling Problem? Call 1-800-GAMBLER.21+ and present in NJ. 4.5/54.5/5Play $5Get$50 iOS Rating:4.8/5(202,151) Google Play Rating:4.6/5(19.7K) Claim Offer Read ReviewTerms and ConditionsMust be 18+ (19+ in AL, NE; 19+ in CO for some games; 21+ in AZ, MA, and VA) and present in a state where Underdog Fantasy operates. Terms apply. See assets.underdogfantasy.com/web/PlayandGetTerms_DFS_.html for details. Offer not valid in MD, MI,NY, OH, and PA. Concerned with your play? Call 1-800-GAMBLER or visit www.ncpgambling.org; NY: Call the 24/7 HOPEline at 1-877-8-HOPENY or Text HOPENY (467369) 4.5/54.5/5Use Code: OddsSharkEarn 2% Back for 30 Days,Up to 200 in Prophet Cash iOS Rating:4.8/5(1.6K) Google Play Rating:4.9/5(346) Claim Offer Read Review 4.5/54.5/5Play $5Get $50 inBonus Picks iOS Rating:4.7/5(10,536) Google Play Rating:4.8/5(4,580) Claim Offer Read ReviewTerms and ConditionsGambling Problem? Call 1-800-GAMBLER. Help is available for problem gambling. Call (888) 789-7777 or visit ccpg.org (CT). 18+ (19+ AL/NE, 21+ AZ/MA). Valid only where Pick6 operates, see dkng.co/pick6states. Void in NY, ONT, and where prohibited. Eligibility restrictions apply. Terms pick6. 1 per new Pick6 customer. $5+ first Pick Set to receive max. $50 issued as non-withdrawable Bonus Picks that expire in 14 days (336 hours). Ends 6/22/25 at 11:59 PM ET. Terms: pick6.draftkings.com/promos. Sponsored by DraftKings.Gambling Problem? Call 1-800-GAMBLER.21+ and present in NJ. See all New Jersey Sportsbooks New Jersey Best New Jersey Betting Sites 4.5/54.5/5Bet $1,Double Your WinningsYour Next 10 Bets iOS Rating:4.7/5(89,306) Google Play Rating:4.5/5(30,709) Play Now Read ReviewTerms and ConditionsMust be 21 or older and physically present in NJ. New users only. Must register using eligible promo code. First bet after registration must qualify. Max. Bonus Bet: $1,059. Bonus Bet expires 14 days after receipt. Void where prohibited. See Caesars.com/promos for full terms. If you or someone you know has a gambling problem, crisis counseling and referral services can be accessed by calling 1-800- GAMBLER (1-800-426-2537).Gambling Problem? Call 1-800-GAMBLER 4.5/54.5/5Bet $5Get$150 in Bonus Bets iOS Rating:4.9/5(232,372) Google Play Rating:4.7/5(49,737) Play Now Read ReviewTerms and ConditionsNJ Only. 21+. T&Cs apply. Gambling Problem? Call 1-800-GAMBLER 4.5/54.5/5Bet $5Get $150 inBonus Bets Instantly iOS Rating:4.8/5(845,560) Google Play Rating:4.3/5(174,461) Claim Offer Read ReviewTerms and ConditionsGAMBLING PROBLEM? CALL 1-800-GAMBLER, (800) 327-5050 or visit gamblinghelplinema.org (MA). Call 877-8-HOPENY/text HOPENY (467369) (NY).Please Gamble Responsibly. 888-789-7777/visit ccpg.org (CT), or visit www.mdgamblinghelp.org (MD). 21+ and present in most states. (18+ DC/KY/NH/WY). Void in ONT/OR/NH. Eligibility restrictions apply. On behalf of Boot Hill Casino & Resort (KS). 1 per new customer. Must register new account to receive reward Token. Must select Token BEFORE placing min. $5 bet to receive $150 in Bonus Bets instantly. Min. -500 odds req. Token and Bonus Bets are single-use and non-withdrawable. Bonus Bets expire in 7 days (168 hours). Stake removed from payout. Terms: sportsbook.draftkings.com/promos. Sponsored by DK. 4.5/54.5/5Bet $5Get$150 iOS Rating:4.7/5(374,553) Google Play Rating:4.6/5(198,307) Play Now Read ReviewTerms and ConditionsYou must be over 21 to play. GAMBLING PROBLEM? CALL 1-800-GAMBLER.App Exclusive Offer. Deposit required. Paid in Bonus Bets. Bonus Bets wager excluded from returns. New customers only. T&Cs, time limits and exclusions apply. 4.5/54.5/5Bet $5Get $300 inBonus Bets If Your Bet Wins iOS Rating:4.9/5(1,861,547) Google Play Rating:4.6/5(382,450) Play Now Read ReviewTerms and ConditionsNew customers only. Deposit min. $10. Place first bet of min $5 and get $300 in bonus bets if your bet wins.Gambling Problem? Call 1-800-GAMBLER.21+ and present in NJ. 4.5/54.5/5Bet $10Get$150 If You Win iOS Rating:4.8/5(239,666) Google Play Rating:4.2/5(36,689) Play Now Read ReviewTerms and ConditionsBonus bets expire in 7 days. One new customer offer per user. Additional terms apply.Gambling Problem? Call 1-800-GAMBLER.21+ and present in NJ. 4.5/54.5/5Play $5Get$50 iOS Rating:4.8/5(202,151) Google Play Rating:4.6/5(19.7K) Claim Offer Read ReviewTerms and ConditionsMust be 18+ (19+ in AL, NE; 19+ in CO for some games; 21+ in AZ, MA, and VA) and present in a state where Underdog Fantasy operates. Terms apply. See assets.underdogfantasy.com/web/PlayandGetTerms_DFS_.html for details. Offer not valid in MD, MI,NY, OH, and PA. Concerned with your play? Call 1-800-GAMBLER or visit www.ncpgambling.org; NY: Call the 24/7 HOPEline at 1-877-8-HOPENY or Text HOPENY (467369) 4.5/54.5/5Use Code: OddsSharkEarn 2% Back for 30 Days,Up to 200 in Prophet Cash iOS Rating:4.8/5(1.6K) Google Play Rating:4.9/5(346) Claim Offer Read Review 4.5/54.5/5Play $5Get $50 inBonus Picks iOS Rating:4.7/5(10,536) Google Play Rating:4.8/5(4,580) Claim Offer Read ReviewTerms and ConditionsGambling Problem? Call 1-800-GAMBLER. Help is available for problem gambling. Call (888) 789-7777 or visit ccpg.org (CT). 18+ (19+ AL/NE, 21+ AZ/MA). Valid only where Pick6 operates, see dkng.co/pick6states. Void in NY, ONT, and where prohibited. Eligibility restrictions apply. Terms pick6. 1 per new Pick6 customer. $5+ first Pick Set to receive max. $50 issued as non-withdrawable Bonus Picks that expire in 14 days (336 hours). Ends 6/22/25 at 11:59 PM ET. Terms: pick6.draftkings.com/promos. Sponsored by DraftKings.Gambling Problem? Call 1-800-GAMBLER.21+ and present in NJ. See all New Jersey Sportsbooks 4.5/54.5/5Bet $1,Double Your WinningsYour Next 10 Bets iOS Rating:4.7/5(89,306) Google Play Rating:4.5/5(30,709) Play Now Read ReviewTerms and ConditionsMust be 21 or older and physically present in NJ. New users only. Must register using eligible promo code. First bet after registration must qualify. Max. Bonus Bet: $1,059. Bonus Bet expires 14 days after receipt. Void where prohibited. See Caesars.com/promos for full terms. If you or someone you know has a gambling problem, crisis counseling and referral services can be accessed by calling 1-800- GAMBLER (1-800-426-2537).Gambling Problem? Call 1-800-GAMBLER 4.5/54.5/5Bet $5Get$150 in Bonus Bets iOS Rating:4.9/5(232,372) Google Play Rating:4.7/5(49,737) Play Now Read ReviewTerms and ConditionsNJ Only. 21+. T&Cs apply. Gambling Problem? Call 1-800-GAMBLER 4.5/54.5/5Bet $5Get $150 inBonus Bets Instantly iOS Rating:4.8/5(845,560) Google Play Rating:4.3/5(174,461) Claim Offer Read ReviewTerms and ConditionsGAMBLING PROBLEM? CALL 1-800-GAMBLER, (800) 327-5050 or visit gamblinghelplinema.org (MA). Call 877-8-HOPENY/text HOPENY (467369) (NY).Please Gamble Responsibly. 888-789-7777/visit ccpg.org (CT), or visit www.mdgamblinghelp.org (MD). 21+ and present in most states. (18+ DC/KY/NH/WY). Void in ONT/OR/NH. Eligibility restrictions apply. On behalf of Boot Hill Casino & Resort (KS). 1 per new customer. Must register new account to receive reward Token. Must select Token BEFORE placing min. $5 bet to receive $150 in Bonus Bets instantly. Min. -500 odds req. Token and Bonus Bets are single-use and non-withdrawable. Bonus Bets expire in 7 days (168 hours). Stake removed from payout. Terms: sportsbook.draftkings.com/promos. Sponsored by DK. 4.5/54.5/5Bet $5Get$150 iOS Rating:4.7/5(374,553) Google Play Rating:4.6/5(198,307) Play Now Read ReviewTerms and ConditionsYou must be over 21 to play. GAMBLING PROBLEM? CALL 1-800-GAMBLER.App Exclusive Offer. Deposit required. Paid in Bonus Bets. Bonus Bets wager excluded from returns. New customers only. T&Cs, time limits and exclusions apply. 4.5/54.5/5Bet $5Get $300 inBonus Bets If Your Bet Wins iOS Rating:4.9/5(1,861,547) Google Play Rating:4.6/5(382,450) Play Now Read ReviewTerms and ConditionsNew customers only. Deposit min. $10. Place first bet of min $5 and get $300 in bonus bets if your bet wins.Gambling Problem? Call 1-800-GAMBLER.21+ and present in NJ. 4.5/54.5/5Bet $10Get$150 If You Win iOS Rating:4.8/5(239,666) Google Play Rating:4.2/5(36,689) Play Now Read ReviewTerms and ConditionsBonus bets expire in 7 days. One new customer offer per user. Additional terms apply.Gambling Problem? Call 1-800-GAMBLER.21+ and present in NJ. 4.5/54.5/5Play $5Get$50 iOS Rating:4.8/5(202,151) Google Play Rating:4.6/5(19.7K) Claim Offer Read ReviewTerms and ConditionsMust be 18+ (19+ in AL, NE; 19+ in CO for some games; 21+ in AZ, MA, and VA) and present in a state where Underdog Fantasy operates. Terms apply. See assets.underdogfantasy.com/web/PlayandGetTerms_DFS_.html for details. Offer not valid in MD, MI,NY, OH, and PA. Concerned with your play? Call 1-800-GAMBLER or visit www.ncpgambling.org; NY: Call the 24/7 HOPEline at 1-877-8-HOPENY or Text HOPENY (467369) 4.5/54.5/5Use Code: OddsSharkEarn 2% Back for 30 Days,Up to 200 in Prophet Cash iOS Rating:4.8/5(1.6K) Google Play Rating:4.9/5(346) Claim Offer Read Review 4.5/54.5/5Play $5Get $50 inBonus Picks iOS Rating:4.7/5(10,536) Google Play Rating:4.8/5(4,580) Claim Offer Read ReviewTerms and ConditionsGambling Problem? Call 1-800-GAMBLER. Help is available for problem gambling. Call (888) 789-7777 or visit ccpg.org (CT). 18+ (19+ AL/NE, 21+ AZ/MA). Valid only where Pick6 operates, see dkng.co/pick6states. Void in NY, ONT, and where prohibited. Eligibility restrictions apply. Terms pick6. 1 per new Pick6 customer. $5+ first Pick Set to receive max. $50 issued as non-withdrawable Bonus Picks that expire in 14 days (336 hours). Ends 6/22/25 at 11:59 PM ET. Terms: pick6.draftkings.com/promos. Sponsored by DraftKings.Gambling Problem? Call 1-800-GAMBLER.21+ and present in NJ. See all New Jersey Sportsbooks 4.5/54.5/5Bet $1,Double Your WinningsYour Next 10 Bets iOS Rating:4.7/5(89,306) Google Play Rating:4.5/5(30,709) Play Now Read ReviewTerms and ConditionsMust be 21 or older and physically present in NJ. New users only. Must register using eligible promo code. First bet after registration must qualify. Max. Bonus Bet: $1,059. Bonus Bet expires 14 days after receipt. Void where prohibited. See Caesars.com/promos for full terms. If you or someone you know has a gambling problem, crisis counseling and referral services can be accessed by calling 1-800- GAMBLER (1-800-426-2537).Gambling Problem? Call 1-800-GAMBLER 4.5/54.5/5Bet $5Get$150 in Bonus Bets iOS Rating:4.9/5(232,372) Google Play Rating:4.7/5(49,737) Play Now Read ReviewTerms and ConditionsNJ Only. 21+. T&Cs apply. Gambling Problem? Call 1-800-GAMBLER 4.5/54.5/5Bet $5Get $150 inBonus Bets Instantly iOS Rating:4.8/5(845,560) Google Play Rating:4.3/5(174,461) Claim Offer Read ReviewTerms and ConditionsGAMBLING PROBLEM? CALL 1-800-GAMBLER, (800) 327-5050 or visit gamblinghelplinema.org (MA). Call 877-8-HOPENY/text HOPENY (467369) (NY).Please Gamble Responsibly. 888-789-7777/visit ccpg.org (CT), or visit www.mdgamblinghelp.org (MD). 21+ and present in most states. (18+ DC/KY/NH/WY). Void in ONT/OR/NH. Eligibility restrictions apply. On behalf of Boot Hill Casino & Resort (KS). 1 per new customer. Must register new account to receive reward Token. Must select Token BEFORE placing min. $5 bet to receive $150 in Bonus Bets instantly. Min. -500 odds req. Token and Bonus Bets are single-use and non-withdrawable. Bonus Bets expire in 7 days (168 hours). Stake removed from payout. Terms: sportsbook.draftkings.com/promos. Sponsored by DK. 4.5/54.5/5Bet $5Get$150 iOS Rating:4.7/5(374,553) Google Play Rating:4.6/5(198,307) Play Now Read ReviewTerms and ConditionsYou must be over 21 to play. GAMBLING PROBLEM? CALL 1-800-GAMBLER.App Exclusive Offer. Deposit required. Paid in Bonus Bets. Bonus Bets wager excluded from returns. New customers only. T&Cs, time limits and exclusions apply. 4.5/54.5/5Bet $5Get $300 inBonus Bets If Your Bet Wins iOS Rating:4.9/5(1,861,547) Google Play Rating:4.6/5(382,450) Play Now Read ReviewTerms and ConditionsNew customers only. Deposit min. $10. Place first bet of min $5 and get $300 in bonus bets if your bet wins.Gambling Problem? Call 1-800-GAMBLER.21+ and present in NJ. 4.5/54.5/5Bet $10Get$150 If You Win iOS Rating:4.8/5(239,666) Google Play Rating:4.2/5(36,689) Play Now Read ReviewTerms and ConditionsBonus bets expire in 7 days. One new customer offer per user. Additional terms apply.Gambling Problem? Call 1-800-GAMBLER.21+ and present in NJ. 4.5/54.5/5Play $5Get$50 iOS Rating:4.8/5(202,151) Google Play Rating:4.6/5(19.7K) Claim Offer Read ReviewTerms and ConditionsMust be 18+ (19+ in AL, NE; 19+ in CO for some games; 21+ in AZ, MA, and VA) and present in a state where Underdog Fantasy operates. Terms apply. See assets.underdogfantasy.com/web/PlayandGetTerms_DFS_.html for details. Offer not valid in MD, MI,NY, OH, and PA. Concerned with your play? Call 1-800-GAMBLER or visit www.ncpgambling.org; NY: Call the 24/7 HOPEline at 1-877-8-HOPENY or Text HOPENY (467369) 4.5/54.5/5Use Code: OddsSharkEarn 2% Back for 30 Days,Up to 200 in Prophet Cash iOS Rating:4.8/5(1.6K) Google Play Rating:4.9/5(346) Claim Offer Read Review 4.5/54.5/5Play $5Get $50 inBonus Picks iOS Rating:4.7/5(10,536) Google Play Rating:4.8/5(4,580) Claim Offer Read ReviewTerms and ConditionsGambling Problem? Call 1-800-GAMBLER. Help is available for problem gambling. Call (888) 789-7777 or visit ccpg.org (CT). 18+ (19+ AL/NE, 21+ AZ/MA). Valid only where Pick6 operates, see dkng.co/pick6states. Void in NY, ONT, and where prohibited. Eligibility restrictions apply. Terms pick6. 1 per new Pick6 customer. $5+ first Pick Set to receive max. $50 issued as non-withdrawable Bonus Picks that expire in 14 days (336 hours). Ends 6/22/25 at 11:59 PM ET. Terms: pick6.draftkings.com/promos. Sponsored by DraftKings.Gambling Problem? Call 1-800-GAMBLER.21+ and present in NJ. See all New Jersey Sportsbooks 4.5/54.5/5Bet $1,Double Your WinningsYour Next 10 Bets iOS Rating:4.7/5(89,306) Google Play Rating:4.5/5(30,709) Play Now Read ReviewTerms and ConditionsMust be 21 or older and physically present in NJ. New users only. Must register using eligible promo code. First bet after registration must qualify. Max. Bonus Bet: $1,059. Bonus Bet expires 14 days after receipt. Void where prohibited. See Caesars.com/promos for full terms. If you or someone you know has a gambling problem, crisis counseling and referral services can be accessed by calling 1-800- GAMBLER (1-800-426-2537).Gambling Problem? Call 1-800-GAMBLER 4.5/54.5/5Bet $5Get$150 in Bonus Bets iOS Rating:4.9/5(232,372) Google Play Rating:4.7/5(49,737) Play Now Read ReviewTerms and ConditionsNJ Only. 21+. T&Cs apply. Gambling Problem? Call 1-800-GAMBLER 4.5/54.5/5Bet $5Get $150 inBonus Bets Instantly iOS Rating:4.8/5(845,560) Google Play Rating:4.3/5(174,461) Claim Offer Read ReviewTerms and ConditionsGAMBLING PROBLEM? CALL 1-800-GAMBLER, (800) 327-5050 or visit gamblinghelplinema.org (MA). Call 877-8-HOPENY/text HOPENY (467369) (NY).Please Gamble Responsibly. 888-789-7777/visit ccpg.org (CT), or visit www.mdgamblinghelp.org (MD). 21+ and present in most states. (18+ DC/KY/NH/WY). Void in ONT/OR/NH. Eligibility restrictions apply. On behalf of Boot Hill Casino & Resort (KS). 1 per new customer. Must register new account to receive reward Token. Must select Token BEFORE placing min. $5 bet to receive $150 in Bonus Bets instantly. Min. -500 odds req. Token and Bonus Bets are single-use and non-withdrawable. Bonus Bets expire in 7 days (168 hours). Stake removed from payout. Terms: sportsbook.draftkings.com/promos. Sponsored by DK. 4.5/54.5/5Bet $5Get$150 iOS Rating:4.7/5(374,553) Google Play Rating:4.6/5(198,307) Play Now Read ReviewTerms and ConditionsYou must be over 21 to play. GAMBLING PROBLEM? CALL 1-800-GAMBLER.App Exclusive Offer. Deposit required. Paid in Bonus Bets. Bonus Bets wager excluded from returns. New customers only. T&Cs, time limits and exclusions apply. 4.5/54.5/5Bet $5Get $300 inBonus Bets If Your Bet Wins iOS Rating:4.9/5(1,861,547) Google Play Rating:4.6/5(382,450) Play Now Read ReviewTerms and ConditionsNew customers only. Deposit min. $10. Place first bet of min $5 and get $300 in bonus bets if your bet wins.Gambling Problem? Call 1-800-GAMBLER.21+ and present in NJ. 4.5/54.5/5Bet $10Get$150 If You Win iOS Rating:4.8/5(239,666) Google Play Rating:4.2/5(36,689) Play Now Read ReviewTerms and ConditionsBonus bets expire in 7 days. One new customer offer per user. Additional terms apply.Gambling Problem? Call 1-800-GAMBLER.21+ and present in NJ. 4.5/54.5/5Play $5Get$50 iOS Rating:4.8/5(202,151) Google Play Rating:4.6/5(19.7K) Claim Offer Read ReviewTerms and ConditionsMust be 18+ (19+ in AL, NE; 19+ in CO for some games; 21+ in AZ, MA, and VA) and present in a state where Underdog Fantasy operates. Terms apply. See assets.underdogfantasy.com/web/PlayandGetTerms_DFS_.html for details. Offer not valid in MD, MI,NY, OH, and PA. Concerned with your play? Call 1-800-GAMBLER or visit www.ncpgambling.org; NY: Call the 24/7 HOPEline at 1-877-8-HOPENY or Text HOPENY (467369) 4.5/54.5/5Use Code: OddsSharkEarn 2% Back for 30 Days,Up to 200 in Prophet Cash iOS Rating:4.8/5(1.6K) Google Play Rating:4.9/5(346) Claim Offer Read Review 4.5/54.5/5Play $5Get $50 inBonus Picks iOS Rating:4.7/5(10,536) Google Play Rating:4.8/5(4,580) Claim Offer Read ReviewTerms and ConditionsGambling Problem? Call 1-800-GAMBLER. Help is available for problem gambling. Call (888) 789-7777 or visit ccpg.org (CT). 18+ (19+ AL/NE, 21+ AZ/MA). Valid only where Pick6 operates, see dkng.co/pick6states. Void in NY, ONT, and where prohibited. Eligibility restrictions apply. Terms pick6. 1 per new Pick6 customer. $5+ first Pick Set to receive max. $50 issued as non-withdrawable Bonus Picks that expire in 14 days (336 hours). Ends 6/22/25 at 11:59 PM ET. Terms: pick6.draftkings.com/promos. Sponsored by DraftKings. 4.5/54.5/5Bet $1,Double Your WinningsYour Next 10 Bets iOS Rating:4.7/5(89,306) Google Play Rating:4.5/5(30,709) Play Now Read Review 4.5/54.5/5Bet $1,Double Your WinningsYour Next 10 Bets iOS Rating:4.7/5(89,306) Google Play Rating:4.5/5(30,709) Play Now Read Review iOS Rating:4.7/5(89,306) Google Play Rating:4.5/5(30,709) Terms and ConditionsMust be 21 or older and physically present in NJ. New users only. Must register using eligible promo code. First bet after registration must qualify. Max. Bonus Bet: $1,059. Bonus Bet expires 14 days after receipt. Void where prohibited. See Caesars.com/promos for full terms. If you or someone you know has a gambling problem, crisis counseling and referral services can be accessed by calling 1-800- GAMBLER (1-800-426-2537).Gambling Problem? Call 1-800-GAMBLER Must be 21 or older and physically present in NJ. New users only. Must register using eligible promo code. First bet after registration must qualify. Max. Bonus Bet: $1,059. Bonus Bet expires 14 days after receipt. Void where prohibited. See Caesars.com/promos for full terms. If you or someone you know has a gambling problem, crisis counseling and referral services can be accessed by calling 1-800- GAMBLER (1-800-426-2537).Gambling Problem? Call 1-800-GAMBLER Must be 21 or older and physically present in NJ. New users only. Must register using eligible promo code. First bet after registration must qualify. Max. Bonus Bet: $1,059. Bonus Bet expires 14 days after receipt. Void where prohibited. See Caesars.com/promos for full terms. If you or someone you know has a gambling problem, crisis counseling and referral services can be accessed by calling 1-800- GAMBLER (1-800-426-2537). 4.5/54.5/5Bet $5Get$150 in Bonus Bets iOS Rating:4.9/5(232,372) Google Play Rating:4.7/5(49,737) Play Now Read Review 4.5/54.5/5Bet $5Get$150 in Bonus Bets iOS Rating:4.9/5(232,372) Google Play Rating:4.7/5(49,737) Play Now Read Review iOS Rating:4.9/5(232,372) Google Play Rating:4.7/5(49,737) Terms and ConditionsNJ Only. 21+. T&Cs apply. Gambling Problem? Call 1-800-GAMBLER NJ Only. 21+. T&Cs apply. Gambling Problem? Call 1-800-GAMBLER NJ Only. 21+. T&Cs apply. Gambling Problem? Call 1-800-GAMBLER 4.5/54.5/5Bet $5Get $150 inBonus Bets Instantly iOS Rating:4.8/5(845,560) Google Play Rating:4.3/5(174,461) Claim Offer Read Review 4.5/54.5/5Bet $5Get $150 inBonus Bets Instantly iOS Rating:4.8/5(845,560) Google Play Rating:4.3/5(174,461) Claim Offer Read Review iOS Rating:4.8/5(845,560) Google Play Rating:4.3/5(174,461) Terms and ConditionsGAMBLING PROBLEM? CALL 1-800-GAMBLER, (800) 327-5050 or visit gamblinghelplinema.org (MA). Call 877-8-HOPENY/text HOPENY (467369) (NY).Please Gamble Responsibly. 888-789-7777/visit ccpg.org (CT), or visit www.mdgamblinghelp.org (MD). 21+ and present in most states. (18+ DC/KY/NH/WY). Void in ONT/OR/NH. Eligibility restrictions apply. On behalf of Boot Hill Casino & Resort (KS). 1 per new customer. Must register new account to receive reward Token. Must select Token BEFORE placing min. $5 bet to receive $150 in Bonus Bets instantly. Min. -500 odds req. Token and Bonus Bets are single-use and non-withdrawable. Bonus Bets expire in 7 days (168 hours). Stake removed from payout. Terms: sportsbook.draftkings.com/promos. Sponsored by DK. GAMBLING PROBLEM? CALL 1-800-GAMBLER, (800) 327-5050 or visit gamblinghelplinema.org (MA). Call 877-8-HOPENY/text HOPENY (467369) (NY).Please Gamble Responsibly. 888-789-7777/visit ccpg.org (CT), or visit www.mdgamblinghelp.org (MD). 21+ and present in most states. (18+ DC/KY/NH/WY). Void in ONT/OR/NH. Eligibility restrictions apply. On behalf of Boot Hill Casino & Resort (KS). 1 per new customer. Must register new account to receive reward Token. Must select Token BEFORE placing min. $5 bet to receive $150 in Bonus Bets instantly. Min. -500 odds req. Token and Bonus Bets are single-use and non-withdrawable. Bonus Bets expire in 7 days (168 hours). Stake removed from payout. Terms: sportsbook.draftkings.com/promos. Sponsored by DK. GAMBLING PROBLEM? CALL 1-800-GAMBLER, (800) 327-5050 or visit gamblinghelplinema.org (MA). Call 877-8-HOPENY/text HOPENY (467369) (NY). Please Gamble Responsibly. 888-789-7777/visit ccpg.org (CT), or visit www.mdgamblinghelp.org (MD). 21+ and present in most states. (18+ DC/KY/NH/WY). Void in ONT/OR/NH. Eligibility restrictions apply. On behalf of Boot Hill Casino & Resort (KS). 1 per new customer. Must register new account to receive reward Token. Must select Token BEFORE placing min. $5 bet to receive $150 in Bonus Bets instantly. Min. -500 odds req. Token and Bonus Bets are single-use and non-withdrawable. Bonus Bets expire in 7 days (168 hours). Stake removed from payout. Terms: sportsbook.draftkings.com/promos. Sponsored by DK. 4.5/54.5/5Bet $5Get$150 iOS Rating:4.7/5(374,553) Google Play Rating:4.6/5(198,307) Play Now Read Review 4.5/54.5/5Bet $5Get$150 iOS Rating:4.7/5(374,553) Google Play Rating:4.6/5(198,307) Play Now Read Review iOS Rating:4.7/5(374,553) Google Play Rating:4.6/5(198,307) Terms and ConditionsYou must be over 21 to play. GAMBLING PROBLEM? CALL 1-800-GAMBLER.App Exclusive Offer. Deposit required. Paid in Bonus Bets. Bonus Bets wager excluded from returns. New customers only. T&Cs, time limits and exclusions apply. You must be over 21 to play. GAMBLING PROBLEM? CALL 1-800-GAMBLER.App Exclusive Offer. Deposit required. Paid in Bonus Bets. Bonus Bets wager excluded from returns. New customers only. T&Cs, time limits and exclusions apply. You must be over 21 to play. GAMBLING PROBLEM? CALL 1-800-GAMBLER. App Exclusive Offer. Deposit required. Paid in Bonus Bets. Bonus Bets wager excluded from returns. New customers only. T&Cs, time limits and exclusions apply. 4.5/54.5/5Bet $5Get $300 inBonus Bets If Your Bet Wins iOS Rating:4.9/5(1,861,547) Google Play Rating:4.6/5(382,450) Play Now Read Review 4.5/54.5/5Bet $5Get $300 inBonus Bets If Your Bet Wins iOS Rating:4.9/5(1,861,547) Google Play Rating:4.6/5(382,450) Play Now Read Review iOS Rating:4.9/5(1,861,547) Google Play Rating:4.6/5(382,450) Terms and ConditionsNew customers only. Deposit min. $10. Place first bet of min $5 and get $300 in bonus bets if your bet wins.Gambling Problem? Call 1-800-GAMBLER.21+ and present in NJ. New customers only. Deposit min. $10. Place first bet of min $5 and get $300 in bonus bets if your bet wins.Gambling Problem? Call 1-800-GAMBLER.21+ and present in NJ. New customers only. Deposit min. $10. Place first bet of min $5 and get $300 in bonus bets if your bet wins. Gambling Problem? Call 1-800-GAMBLER.21+ and present in NJ. 4.5/54.5/5Bet $10Get$150 If You Win iOS Rating:4.8/5(239,666) Google Play Rating:4.2/5(36,689) Play Now Read Review 4.5/54.5/5Bet $10Get$150 If You Win iOS Rating:4.8/5(239,666) Google Play Rating:4.2/5(36,689) Play Now Read Review iOS Rating:4.8/5(239,666) Google Play Rating:4.2/5(36,689) Terms and ConditionsBonus bets expire in 7 days. One new customer offer per user. Additional terms apply.Gambling Problem? Call 1-800-GAMBLER.21+ and present in NJ. Bonus bets expire in 7 days. One new customer offer per user. Additional terms apply.Gambling Problem? Call 1-800-GAMBLER.21+ and present in NJ. Bonus bets expire in 7 days. One new customer offer per user. Additional terms apply. Gambling Problem? Call 1-800-GAMBLER.21+ and present in NJ. 4.5/54.5/5Play $5Get$50 iOS Rating:4.8/5(202,151) Google Play Rating:4.6/5(19.7K) Claim Offer Read Review 4.5/54.5/5Play $5Get$50 iOS Rating:4.8/5(202,151) Google Play Rating:4.6/5(19.7K) Claim Offer Read Review iOS Rating:4.8/5(202,151) Google Play Rating:4.6/5(19.7K) Terms and ConditionsMust be 18+ (19+ in AL, NE; 19+ in CO for some games; 21+ in AZ, MA, and VA) and present in a state where Underdog Fantasy operates. Terms apply. See assets.underdogfantasy.com/web/PlayandGetTerms_DFS_.html for details. Offer not valid in MD, MI,NY, OH, and PA. Concerned with your play? Call 1-800-GAMBLER or visit www.ncpgambling.org; NY: Call the 24/7 HOPEline at 1-877-8-HOPENY or Text HOPENY (467369) Must be 18+ (19+ in AL, NE; 19+ in CO for some games; 21+ in AZ, MA, and VA) and present in a state where Underdog Fantasy operates. Terms apply. See assets.underdogfantasy.com/web/PlayandGetTerms_DFS_.html for details. Offer not valid in MD, MI,NY, OH, and PA. Concerned with your play? Call 1-800-GAMBLER or visit www.ncpgambling.org; NY: Call the 24/7 HOPEline at 1-877-8-HOPENY or Text HOPENY (467369) Must be 18+ (19+ in AL, NE; 19+ in CO for some games; 21+ in AZ, MA, and VA) and present in a state where Underdog Fantasy operates. Terms apply. See assets.underdogfantasy.com/web/PlayandGetTerms_DFS_.html for details. Offer not valid in MD, MI,NY, OH, and PA. Concerned with your play? Call 1-800-GAMBLER or visit www.ncpgambling.org; NY: Call the 24/7 HOPEline at 1-877-8-HOPENY or Text HOPENY (467369) 4.5/54.5/5Use Code: OddsSharkEarn 2% Back for 30 Days,Up to 200 in Prophet Cash iOS Rating:4.8/5(1.6K) Google Play Rating:4.9/5(346) Claim Offer Read Review 4.5/54.5/5Use Code: OddsSharkEarn 2% Back for 30 Days,Up to 200 in Prophet Cash iOS Rating:4.8/5(1.6K) Google Play Rating:4.9/5(346) Claim Offer Read Review Use Code: OddsSharkEarn 2% Back for 30 Days,Up to 200 in Prophet Cash Use Code: OddsSharkEarn 2% Back for 30 Days,Up to 200 in Prophet Cash Use Code: OddsSharkEarn 2% Back for 30 Days,Up to 200 in Prophet Cash iOS Rating:4.8/5(1.6K) Google Play Rating:4.9/5(346) 4.5/54.5/5Play $5Get $50 inBonus Picks iOS Rating:4.7/5(10,536) Google Play Rating:4.8/5(4,580) Claim Offer Read Review 4.5/54.5/5Play $5Get $50 inBonus Picks iOS Rating:4.7/5(10,536) Google Play Rating:4.8/5(4,580) Claim Offer Read Review iOS Rating:4.7/5(10,536) Google Play Rating:4.8/5(4,580) Terms and ConditionsGambling Problem? Call 1-800-GAMBLER. Help is available for problem gambling. Call (888) 789-7777 or visit ccpg.org (CT). 18+ (19+ AL/NE, 21+ AZ/MA). Valid only where Pick6 operates, see dkng.co/pick6states. Void in NY, ONT, and where prohibited. Eligibility restrictions apply. Terms pick6. 1 per new Pick6 customer. $5+ first Pick Set to receive max. $50 issued as non-withdrawable Bonus Picks that expire in 14 days (336 hours). Ends 6/22/25 at 11:59 PM ET. Terms: pick6.draftkings.com/promos. Sponsored by DraftKings. Gambling Problem? Call 1-800-GAMBLER. Help is available for problem gambling. Call (888) 789-7777 or visit ccpg.org (CT). 18+ (19+ AL/NE, 21+ AZ/MA). Valid only where Pick6 operates, see dkng.co/pick6states. Void in NY, ONT, and where prohibited. Eligibility restrictions apply. Terms pick6. 1 per new Pick6 customer. $5+ first Pick Set to receive max. $50 issued as non-withdrawable Bonus Picks that expire in 14 days (336 hours). Ends 6/22/25 at 11:59 PM ET. Terms: pick6.draftkings.com/promos. Sponsored by DraftKings. Gambling Problem? Call 1-800-GAMBLER. Help is available for problem gambling. Call (888) 789-7777 or visit ccpg.org (CT). 18+ (19+ AL/NE, 21+ AZ/MA). Valid only where Pick6 operates, see dkng.co/pick6states. Void in NY, ONT, and where prohibited. Eligibility restrictions apply. Terms pick6. 1 per new Pick6 customer. $5+ first Pick Set to receive max. $50 issued as non-withdrawable Bonus Picks that expire in 14 days (336 hours). Ends 6/22/25 at 11:59 PM ET. Terms: pick6.draftkings.com/promos. Sponsored by DraftKings. Gambling Problem? Call 1-800-GAMBLER.21+ and present in NJ. Gambling Problem? Call 1-800-GAMBLER.21+ and present in NJ. Odds Saturday, August 16 - UFC 319 Sat Aug 16 - UFC 319 ROUND 1 Close MatchupOpeningCurrent 10:23pm EDT Geoff Neal Geoff Neal VS / Carlos Prates Carlos Prates +250 -300 +170 -210 Saturday, August 16 - UFC 319 Sat Aug 16 - UFC 319 ROUND 1 Close MatchupOpeningCurrent 10:23pm EDT Geoff Neal Geoff Neal VS / Carlos Prates Carlos Prates +250 -300 +170 -210 10:23pm EDT Geoff Neal Geoff Neal VS / Carlos Prates Carlos Prates +250 -300 +170 -210 10:23pm EDT Geoff Neal Geoff Neal VS / Carlos Prates Carlos Prates +250 -300 +170 -210 Geoff Neal Geoff Neal VS / Carlos Prates Carlos Prates","Saturday, August 16 - UFC 319 Sat Aug 16 - UFC 319",https://www.oddsshark.com/ufc/geoff-neal-carlos-prates-odds-august-16-2025-2426044
Geoff Neal vs Carlos Prates - 08/17/25 - DRatings.com,"Geoff Neal Carlos Prates Last 5 Fights Money Line Analysis Implied Margin Using the best lines from multiple sportsbooks, this would be the % take from the consensus sportsbook if bets were even on each side. More on Implied MarginImplied Margin Using the best lines from multiple sportsbooks, this would be the % take from the consensus sportsbook if bets were even on each side. More on Implied Margin| Open Line | Heritage | Bovada | BetOnline | YouWager | SportsBetting | Best Line | No-Vig OddsUsing a market maker sportsbook, this is what the line would be if there was no vigorish (sportsbook fee) in the price. More on No-Vig Odds | | |---|---|---|---|---|---|---|---|---| | Geoff Neal | +330 | +167 | +165 | +165 | +160 | +165 | +167 | +173.6 | | Carlos Prates | -400 | -200 | -195 | -190 | -180 | -190 | -180 | -173.6 | | Open Line | South Point | Circa | Wynn | Stations | Westgate | Best Line | No-Vig OddsUsing a market maker sportsbook, this is what the line would be if there was no vigorish (sportsbook fee) in the price. More on No-Vig Odds | | |---|---|---|---|---|---|---|---|---| | Geoff Neal | +230 | +160 | +155 | +165 | +170 | +160 | +170 | +173.6 | | Carlos Prates | -270 | -180 | -180 | -185 | -200 | -180 | -180 | -173.6 | Overall Base Rating Our analytical projection of the match in relation to the implied probability to win from the sportsbooks. More on Base Rating Base Rating Our analytical projection of the match in relation to the implied probability to win from the sportsbooks. More on Base RatingBet Trends Doing an analysis on the betting data, we project which team has which team has an edge. More on Bet Trends Bet Trends Doing an analysis on the betting data, we project which team has which team has an edge. More on Bet TrendsLatest ML Steam Move A quick and uniform line move across every sportsbook. Usually caused by an injury or deep-pocketed sharp bettor. More on Steam Move Steam Move A quick and uniform line move across every sportsbook. Usually caused by an injury or deep-pocketed sharp bettor. More on Steam MoveOverall Base Rating Our analytical projection of the match in relation to the implied probability to win from the sportsbooks. More on Base Rating Base Rating Our analytical projection of the match in relation to the implied probability to win from the sportsbooks. More on Base RatingBet Trends Doing an analysis on the betting data, we project which team has which team has an edge. More on Bet Trends Bet Trends Doing an analysis on the betting data, we project which team has which team has an edge. More on Bet TrendsLatest ML Steam Move A quick and uniform line move across every sportsbook. Usually caused by an injury or deep-pocketed sharp bettor. More on Steam Move Steam Move A quick and uniform line move across every sportsbook. Usually caused by an injury or deep-pocketed sharp bettor. More on Steam Move",2024-10-26,https://www.dratings.com/predictor/ufc-mma-predictions/c583882e-08cd-5b6c-8124-3bdf5c6f8cbe
Neal vs Prates Odds & Picks: Welterweight Stakes At UFC 319,"UFCNeal vs Prates Odds & Picks: Welterweight Stakes At UFC 319 Ethan Diamandas Updated on: Aug 16, 2025 8:52 AM ET Carlos Prates is a -215 favorite at FanDuel over veteran Geoff Neal (+180) in a welterweight clash on the UFC 319 main card in Chicago on August 16.This matchup was originally scheduled earlier this year before Neal suffered an injury, forcing Prates to take a short-notice fight against Ian Garry. Prates lost that bout by decision but showed flashes of power late, even after being largely outpointed through the first four rounds.Prates has a three-inch reach advantage over Neal and brings a rangy striking style and finishing ability that makes him dangerous from the opening bell. Check out the best UFC betting sites to see where you can bet on UFC 319. New Jersey Claim Offer Fight Night PromoFight Night PromoUFC 319 50% Profit Boost Claim Offer Terms and ConditionsNew customers only. Deposit min. $10. Place first bet of min $5 and get $300 in bonus bets if your bet wins.Gambling Problem? Call 1-800-GAMBLER.21+ and present in NJ. Claim Offer Profit BoostProfit Boost30% Any Sport, Any Bet Profit Boost Claim Offer Terms and ConditionsNew customers only. Deposit min. $10. Place first bet of min $5 and get $300 in bonus bets if your bet wins.Gambling Problem? Call 1-800-GAMBLER.21+ and present in NJ. Claim Offer UFC PromoUFC PromoChimaev To Win By Submission +160 Claim Offer Terms and ConditionsMust be 21 or older and physically present in NJ. New users only. Must register using eligible promo code. First bet after registration must qualify. Max. Bonus Bet: $1,059. Bonus Bet expires 14 days after receipt. Void where prohibited. See Caesars.com/promos for full terms. If you or someone you know has a gambling problem, crisis counseling and referral services can be accessed by calling 1-800- GAMBLER (1-800-426-2537).Gambling Problem? Call 1-800-GAMBLERGambling Problem? Call 1-800-GAMBLER.21+ and present in NJ. See All Daily Promotions Geoff Neal vs Carlos Prates Odds - UFC 319Geoff Neal vs Carlos Prates Odds - UFC 319FighterOddsCarlos Prates-215Geoff Neal+180How To Bet Carlos PratesPrates may have been outclassed by Ian Garry over 25 minutes, but he still showed grit and a willingness to fire back late. Against Neal, the Brazilian will enjoy a height and reach advantage, plus the kind of knockout power that can end the fight with a single well-placed shot. Neal’s toughness is real, but his defense can be exploited, especially early, before he settles in. Prates’ pressure and length should allow him to dictate range, and if he finds a rhythm, his offensive output could snowball quickly. Claim Offer Fight Night PromoFight Night PromoUFC 319 50% Profit Boost Claim Offer Terms and ConditionsNew customers only. Deposit min. $10. Place first bet of min $5 and get $300 in bonus bets if your bet wins.Gambling Problem? Call 1-800-GAMBLER.21+ and present in NJ. Given both fighters’ tendency to absorb more than they give at times, this could turn into a damage-heavy contest where Prates’ power becomes the deciding factor. The value is in betting Prates to win inside the distance at +115, as his aggressive style makes a finish more likely than a drawn-out decision. If you want to play it safer, the UNDER 2.5 rounds at -150 also makes sense.How To Bet Geoff NealNeal brings proven durability, legitimate knockout power, and a stubborn willingness to keep throwing punches no matter how ugly the fight gets. He’s a live underdog at +200, especially if he can survive the early storm and drag Prates into deeper waters. Neal could look to mix in wrestling, but his best path may be to weather the first-round pressure and outwork Prates as the fight wears on. Still, his defensive lapses and recent injury make him a risky play against a long, powerful striker like Prates.For Neal backers, the moneyline at +200 offers the clearest value. A decision win would require him to control the pace and absorb damage without getting stopped, which is possible but not probable given Prates’ style.Geoff Neal vs Carlos Prates Betting Pick - UFC 319Neal’s grit and punching power make him dangerous, but Prates’ size, reach, and finishing instincts give him the edge in this matchup. With both fighters susceptible to taking damage, I see this ending before the final horn. My preferred play is Prates to win inside the distance at +115, though the UNDER 2.5 rounds at -150 is also appealing.Pick: Carlos Prates Inside the Distance (+115) Related News UFC Du Plessis vs Chimaev Odds & Picks: Showdown In Chicago 5 hrs Ethan Diamandas UFC UFC 319 Du Plessis vs Chimaev Parlay Picks: Expect Fireworks 5 hrs Nick Holz UFC Murphy vs Pico Odds & Picks: Co-Main At UFC 319 5 hrs Ethan Diamandas UFC Page vs Cannonier Odds & Picks: Intriguing Middleweight Fight 5 hrs Ethan Diamandas UFCNeal vs Prates Odds & Picks: Welterweight Stakes At UFC 319 Ethan Diamandas Updated on: Aug 16, 2025 8:52 AM ET Carlos Prates is a -215 favorite at FanDuel over veteran Geoff Neal (+180) in a welterweight clash on the UFC 319 main card in Chicago on August 16.This matchup was originally scheduled earlier this year before Neal suffered an injury, forcing Prates to take a short-notice fight against Ian Garry. Prates lost that bout by decision but showed flashes of power late, even after being largely outpointed through the first four rounds.Prates has a three-inch reach advantage over Neal and brings a rangy striking style and finishing ability that makes him dangerous from the opening bell. Check out the best UFC betting sites to see where you can bet on UFC 319. New Jersey Claim Offer Fight Night PromoFight Night PromoUFC 319 50% Profit Boost Claim Offer Terms and ConditionsNew customers only. Deposit min. $10. Place first bet of min $5 and get $300 in bonus bets if your bet wins.Gambling Problem? Call 1-800-GAMBLER.21+ and present in NJ. Claim Offer Profit BoostProfit Boost30% Any Sport, Any Bet Profit Boost Claim Offer Terms and ConditionsNew customers only. Deposit min. $10. Place first bet of min $5 and get $300 in bonus bets if your bet wins.Gambling Problem? Call 1-800-GAMBLER.21+ and present in NJ. Claim Offer UFC PromoUFC PromoChimaev To Win By Submission +160 Claim Offer Terms and ConditionsMust be 21 or older and physically present in NJ. New users only. Must register using eligible promo code. First bet after registration must qualify. Max. Bonus Bet: $1,059. Bonus Bet expires 14 days after receipt. Void where prohibited. See Caesars.com/promos for full terms. If you or someone you know has a gambling problem, crisis counseling and referral services can be accessed by calling 1-800- GAMBLER (1-800-426-2537).Gambling Problem? Call 1-800-GAMBLERGambling Problem? Call 1-800-GAMBLER.21+ and present in NJ. See All Daily Promotions Geoff Neal vs Carlos Prates Odds - UFC 319Geoff Neal vs Carlos Prates Odds - UFC 319FighterOddsCarlos Prates-215Geoff Neal+180How To Bet Carlos PratesPrates may have been outclassed by Ian Garry over 25 minutes, but he still showed grit and a willingness to fire back late. Against Neal, the Brazilian will enjoy a height and reach advantage, plus the kind of knockout power that can end the fight with a single well-placed shot. Neal’s toughness is real, but his defense can be exploited, especially early, before he settles in. Prates’ pressure and length should allow him to dictate range, and if he finds a rhythm, his offensive output could snowball quickly. Claim Offer Fight Night PromoFight Night PromoUFC 319 50% Profit Boost Claim Offer Terms and ConditionsNew customers only. Deposit min. $10. Place first bet of min $5 and get $300 in bonus bets if your bet wins.Gambling Problem? Call 1-800-GAMBLER.21+ and present in NJ. Given both fighters’ tendency to absorb more than they give at times, this could turn into a damage-heavy contest where Prates’ power becomes the deciding factor. The value is in betting Prates to win inside the distance at +115, as his aggressive style makes a finish more likely than a drawn-out decision. If you want to play it safer, the UNDER 2.5 rounds at -150 also makes sense.How To Bet Geoff NealNeal brings proven durability, legitimate knockout power, and a stubborn willingness to keep throwing punches no matter how ugly the fight gets. He’s a live underdog at +200, especially if he can survive the early storm and drag Prates into deeper waters. Neal could look to mix in wrestling, but his best path may be to weather the first-round pressure and outwork Prates as the fight wears on. Still, his defensive lapses and recent injury make him a risky play against a long, powerful striker like Prates.For Neal backers, the moneyline at +200 offers the clearest value. A decision win would require him to control the pace and absorb damage without getting stopped, which is possible but not probable given Prates’ style.Geoff Neal vs Carlos Prates Betting Pick - UFC 319Neal’s grit and punching power make him dangerous, but Prates’ size, reach, and finishing instincts give him the edge in this matchup. With both fighters susceptible to taking damage, I see this ending before the final horn. My preferred play is Prates to win inside the distance at +115, though the UNDER 2.5 rounds at -150 is also appealing.Pick: Carlos Prates Inside the Distance (+115) UFCNeal vs Prates Odds & Picks: Welterweight Stakes At UFC 319 Ethan Diamandas Updated on: Aug 16, 2025 8:52 AM ET Carlos Prates is a -215 favorite at FanDuel over veteran Geoff Neal (+180) in a welterweight clash on the UFC 319 main card in Chicago on August 16.This matchup was originally scheduled earlier this year before Neal suffered an injury, forcing Prates to take a short-notice fight against Ian Garry. Prates lost that bout by decision but showed flashes of power late, even after being largely outpointed through the first four rounds.Prates has a three-inch reach advantage over Neal and brings a rangy striking style and finishing ability that makes him dangerous from the opening bell. Check out the best UFC betting sites to see where you can bet on UFC 319. New Jersey Claim Offer Fight Night PromoFight Night PromoUFC 319 50% Profit Boost Claim Offer Terms and ConditionsNew customers only. Deposit min. $10. Place first bet of min $5 and get $300 in bonus bets if your bet wins.Gambling Problem? Call 1-800-GAMBLER.21+ and present in NJ. Claim Offer Profit BoostProfit Boost30% Any Sport, Any Bet Profit Boost Claim Offer Terms and ConditionsNew customers only. Deposit min. $10. Place first bet of min $5 and get $300 in bonus bets if your bet wins.Gambling Problem? Call 1-800-GAMBLER.21+ and present in NJ. Claim Offer UFC PromoUFC PromoChimaev To Win By Submission +160 Claim Offer Terms and ConditionsMust be 21 or older and physically present in NJ. New users only. Must register using eligible promo code. First bet after registration must qualify. Max. Bonus Bet: $1,059. Bonus Bet expires 14 days after receipt. Void where prohibited. See Caesars.com/promos for full terms. If you or someone you know has a gambling problem, crisis counseling and referral services can be accessed by calling 1-800- GAMBLER (1-800-426-2537).Gambling Problem? Call 1-800-GAMBLERGambling Problem? Call 1-800-GAMBLER.21+ and present in NJ. See All Daily Promotions Geoff Neal vs Carlos Prates Odds - UFC 319Geoff Neal vs Carlos Prates Odds - UFC 319FighterOddsCarlos Prates-215Geoff Neal+180How To Bet Carlos PratesPrates may have been outclassed by Ian Garry over 25 minutes, but he still showed grit and a willingness to fire back late. Against Neal, the Brazilian will enjoy a height and reach advantage, plus the kind of knockout power that can end the fight with a single well-placed shot. Neal’s toughness is real, but his defense can be exploited, especially early, before he settles in. Prates’ pressure and length should allow him to dictate range, and if he finds a rhythm, his offensive output could snowball quickly. Claim Offer Fight Night PromoFight Night PromoUFC 319 50% Profit Boost Claim Offer Terms and ConditionsNew customers only. Deposit min. $10. Place first bet of min $5 and get $300 in bonus bets if your bet wins.Gambling Problem? Call 1-800-GAMBLER.21+ and present in NJ. Given both fighters’ tendency to absorb more than they give at times, this could turn into a damage-heavy contest where Prates’ power becomes the deciding factor. The value is in betting Prates to win inside the distance at +115, as his aggressive style makes a finish more likely than a drawn-out decision. If you want to play it safer, the UNDER 2.5 rounds at -150 also makes sense.How To Bet Geoff NealNeal brings proven durability, legitimate knockout power, and a stubborn willingness to keep throwing punches no matter how ugly the fight gets. He’s a live underdog at +200, especially if he can survive the early storm and drag Prates into deeper waters. Neal could look to mix in wrestling, but his best path may be to weather the first-round pressure and outwork Prates as the fight wears on. Still, his defensive lapses and recent injury make him a risky play against a long, powerful striker like Prates.For Neal backers, the moneyline at +200 offers the clearest value. A decision win would require him to control the pace and absorb damage without getting stopped, which is possible but not probable given Prates’ style.Geoff Neal vs Carlos Prates Betting Pick - UFC 319Neal’s grit and punching power make him dangerous, but Prates’ size, reach, and finishing instincts give him the edge in this matchup. With both fighters susceptible to taking damage, I see this ending before the final horn. My preferred play is Prates to win inside the distance at +115, though the UNDER 2.5 rounds at -150 is also appealing.Pick: Carlos Prates Inside the Distance (+115) UFCNeal vs Prates Odds & Picks: Welterweight Stakes At UFC 319 Ethan Diamandas Updated on: Aug 16, 2025 8:52 AM ET Carlos Prates is a -215 favorite at FanDuel over veteran Geoff Neal (+180) in a welterweight clash on the UFC 319 main card in Chicago on August 16.This matchup was originally scheduled earlier this year before Neal suffered an injury, forcing Prates to take a short-notice fight against Ian Garry. Prates lost that bout by decision but showed flashes of power late, even after being largely outpointed through the first four rounds.Prates has a three-inch reach advantage over Neal and brings a rangy striking style and finishing ability that makes him dangerous from the opening bell. Check out the best UFC betting sites to see where you can bet on UFC 319. New Jersey Claim Offer Fight Night PromoFight Night PromoUFC 319 50% Profit Boost Claim Offer Terms and ConditionsNew customers only. Deposit min. $10. Place first bet of min $5 and get $300 in bonus bets if your bet wins.Gambling Problem? Call 1-800-GAMBLER.21+ and present in NJ. Claim Offer Profit BoostProfit Boost30% Any Sport, Any Bet Profit Boost Claim Offer Terms and ConditionsNew customers only. Deposit min. $10. Place first bet of min $5 and get $300 in bonus bets if your bet wins.Gambling Problem? Call 1-800-GAMBLER.21+ and present in NJ. Claim Offer UFC PromoUFC PromoChimaev To Win By Submission +160 Claim Offer Terms and ConditionsMust be 21 or older and physically present in NJ. New users only. Must register using eligible promo code. First bet after registration must qualify. Max. Bonus Bet: $1,059. Bonus Bet expires 14 days after receipt. Void where prohibited. See Caesars.com/promos for full terms. If you or someone you know has a gambling problem, crisis counseling and referral services can be accessed by calling 1-800- GAMBLER (1-800-426-2537).Gambling Problem? Call 1-800-GAMBLERGambling Problem? Call 1-800-GAMBLER.21+ and present in NJ. See All Daily Promotions Geoff Neal vs Carlos Prates Odds - UFC 319Geoff Neal vs Carlos Prates Odds - UFC 319FighterOddsCarlos Prates-215Geoff Neal+180How To Bet Carlos PratesPrates may have been outclassed by Ian Garry over 25 minutes, but he still showed grit and a willingness to fire back late. Against Neal, the Brazilian will enjoy a height and reach advantage, plus the kind of knockout power that can end the fight with a single well-placed shot. Neal’s toughness is real, but his defense can be exploited, especially early, before he settles in. Prates’ pressure and length should allow him to dictate range, and if he finds a rhythm, his offensive output could snowball quickly. Claim Offer Fight Night PromoFight Night PromoUFC 319 50% Profit Boost Claim Offer Terms and ConditionsNew customers only. Deposit min. $10. Place first bet of min $5 and get $300 in bonus bets if your bet wins.Gambling Problem? Call 1-800-GAMBLER.21+ and present in NJ. Given both fighters’ tendency to absorb more than they give at times, this could turn into a damage-heavy contest where Prates’ power becomes the deciding factor. The value is in betting Prates to win inside the distance at +115, as his aggressive style makes a finish more likely than a drawn-out decision. If you want to play it safer, the UNDER 2.5 rounds at -150 also makes sense.How To Bet Geoff NealNeal brings proven durability, legitimate knockout power, and a stubborn willingness to keep throwing punches no matter how ugly the fight gets. He’s a live underdog at +200, especially if he can survive the early storm and drag Prates into deeper waters. Neal could look to mix in wrestling, but his best path may be to weather the first-round pressure and outwork Prates as the fight wears on. Still, his defensive lapses and recent injury make him a risky play against a long, powerful striker like Prates.For Neal backers, the moneyline at +200 offers the clearest value. A decision win would require him to control the pace and absorb damage without getting stopped, which is possible but not probable given Prates’ style.Geoff Neal vs Carlos Prates Betting Pick - UFC 319Neal’s grit and punching power make him dangerous, but Prates’ size, reach, and finishing instincts give him the edge in this matchup. With both fighters susceptible to taking damage, I see this ending before the final horn. My preferred play is Prates to win inside the distance at +115, though the UNDER 2.5 rounds at -150 is also appealing.Pick: Carlos Prates Inside the Distance (+115) UFCNeal vs Prates Odds & Picks: Welterweight Stakes At UFC 319 Ethan Diamandas Updated on: Aug 16, 2025 8:52 AM ET UFCNeal vs Prates Odds & Picks: Welterweight Stakes At UFC 319 Ethan Diamandas Updated on: Aug 16, 2025 8:52 AM ET UFCNeal vs Prates Odds & Picks: Welterweight Stakes At UFC 319 Ethan Diamandas Updated on: Aug 16, 2025 8:52 AM ET UFCNeal vs Prates Odds & Picks: Welterweight Stakes At UFC 319 Ethan Diamandas Updated on: Aug 16, 2025 8:52 AM ET UFCNeal vs Prates Odds & Picks: Welterweight Stakes At UFC 319 Ethan Diamandas Updated on: Aug 16, 2025 8:52 AM ET UFCNeal vs Prates Odds & Picks: Welterweight Stakes At UFC 319 Ethan Diamandas Updated on: Aug 16, 2025 8:52 AM ET UFCNeal vs Prates Odds & Picks: Welterweight Stakes At UFC 319 Ethan Diamandas Updated on: Aug 16, 2025 8:52 AM ET UFCNeal vs Prates Odds & Picks: Welterweight Stakes At UFC 319 Ethan Diamandas Updated on: Aug 16, 2025 8:52 AM ET Neal vs Prates Odds & Picks: Welterweight Stakes At UFC 319 Neal vs Prates Odds & Picks: Welterweight Stakes At UFC 319 Ethan Diamandas Updated on: Aug 16, 2025 8:52 AM ET Carlos Prates is a -215 favorite at FanDuel over veteran Geoff Neal (+180) in a welterweight clash on the UFC 319 main card in Chicago on August 16.This matchup was originally scheduled earlier this year before Neal suffered an injury, forcing Prates to take a short-notice fight against Ian Garry. Prates lost that bout by decision but showed flashes of power late, even after being largely outpointed through the first four rounds.Prates has a three-inch reach advantage over Neal and brings a rangy striking style and finishing ability that makes him dangerous from the opening bell. Check out the best UFC betting sites to see where you can bet on UFC 319. New Jersey Claim Offer Fight Night PromoFight Night PromoUFC 319 50% Profit Boost Claim Offer Terms and ConditionsNew customers only. Deposit min. $10. Place first bet of min $5 and get $300 in bonus bets if your bet wins.Gambling Problem? Call 1-800-GAMBLER.21+ and present in NJ. Claim Offer Profit BoostProfit Boost30% Any Sport, Any Bet Profit Boost Claim Offer Terms and ConditionsNew customers only. Deposit min. $10. Place first bet of min $5 and get $300 in bonus bets if your bet wins.Gambling Problem? Call 1-800-GAMBLER.21+ and present in NJ. Claim Offer UFC PromoUFC PromoChimaev To Win By Submission +160 Claim Offer Terms and ConditionsMust be 21 or older and physically present in NJ. New users only. Must register using eligible promo code. First bet after registration must qualify. Max. Bonus Bet: $1,059. Bonus Bet expires 14 days after receipt. Void where prohibited. See Caesars.com/promos for full terms. If you or someone you know has a gambling problem, crisis counseling and referral services can be accessed by calling 1-800- GAMBLER (1-800-426-2537).Gambling Problem? Call 1-800-GAMBLERGambling Problem? Call 1-800-GAMBLER.21+ and present in NJ. See All Daily Promotions Geoff Neal vs Carlos Prates Odds - UFC 319Geoff Neal vs Carlos Prates Odds - UFC 319FighterOddsCarlos Prates-215Geoff Neal+180How To Bet Carlos PratesPrates may have been outclassed by Ian Garry over 25 minutes, but he still showed grit and a willingness to fire back late. Against Neal, the Brazilian will enjoy a height and reach advantage, plus the kind of knockout power that can end the fight with a single well-placed shot. Neal’s toughness is real, but his defense can be exploited, especially early, before he settles in. Prates’ pressure and length should allow him to dictate range, and if he finds a rhythm, his offensive output could snowball quickly. Claim Offer Fight Night PromoFight Night PromoUFC 319 50% Profit Boost Claim Offer Terms and ConditionsNew customers only. Deposit min. $10. Place first bet of min $5 and get $300 in bonus bets if your bet wins.Gambling Problem? Call 1-800-GAMBLER.21+ and present in NJ. Given both fighters’ tendency to absorb more than they give at times, this could turn into a damage-heavy contest where Prates’ power becomes the deciding factor. The value is in betting Prates to win inside the distance at +115, as his aggressive style makes a finish more likely than a drawn-out decision. If you want to play it safer, the UNDER 2.5 rounds at -150 also makes sense.How To Bet Geoff NealNeal brings proven durability, legitimate knockout power, and a stubborn willingness to keep throwing punches no matter how ugly the fight gets. He’s a live underdog at +200, especially if he can survive the early storm and drag Prates into deeper waters. Neal could look to mix in wrestling, but his best path may be to weather the first-round pressure and outwork Prates as the fight wears on. Still, his defensive lapses and recent injury make him a risky play against a long, powerful striker like Prates.For Neal backers, the moneyline at +200 offers the clearest value. A decision win would require him to control the pace and absorb damage without getting stopped, which is possible but not probable given Prates’ style.Geoff Neal vs Carlos Prates Betting Pick - UFC 319Neal’s grit and punching power make him dangerous, but Prates’ size, reach, and finishing instincts give him the edge in this matchup. With both fighters susceptible to taking damage, I see this ending before the final horn. My preferred play is Prates to win inside the distance at +115, though the UNDER 2.5 rounds at -150 is also appealing.Pick: Carlos Prates Inside the Distance (+115) Carlos Prates is a -215 favorite at FanDuel over veteran Geoff Neal (+180) in a welterweight clash on the UFC 319 main card in Chicago on August 16.This matchup was originally scheduled earlier this year before Neal suffered an injury, forcing Prates to take a short-notice fight against Ian Garry. Prates lost that bout by decision but showed flashes of power late, even after being largely outpointed through the first four rounds.Prates has a three-inch reach advantage over Neal and brings a rangy striking style and finishing ability that makes him dangerous from the opening bell. Check out the best UFC betting sites to see where you can bet on UFC 319. New Jersey Claim Offer Fight Night PromoFight Night PromoUFC 319 50% Profit Boost Claim Offer Terms and ConditionsNew customers only. Deposit min. $10. Place first bet of min $5 and get $300 in bonus bets if your bet wins.Gambling Problem? Call 1-800-GAMBLER.21+ and present in NJ. Claim Offer Profit BoostProfit Boost30% Any Sport, Any Bet Profit Boost Claim Offer Terms and ConditionsNew customers only. Deposit min. $10. Place first bet of min $5 and get $300 in bonus bets if your bet wins.Gambling Problem? Call 1-800-GAMBLER.21+ and present in NJ. Claim Offer UFC PromoUFC PromoChimaev To Win By Submission +160 Claim Offer Terms and ConditionsMust be 21 or older and physically present in NJ. New users only. Must register using eligible promo code. First bet after registration must qualify. Max. Bonus Bet: $1,059. Bonus Bet expires 14 days after receipt. Void where prohibited. See Caesars.com/promos for full terms. If you or someone you know has a gambling problem, crisis counseling and referral services can be accessed by calling 1-800- GAMBLER (1-800-426-2537).Gambling Problem? Call 1-800-GAMBLERGambling Problem? Call 1-800-GAMBLER.21+ and present in NJ. See All Daily Promotions Geoff Neal vs Carlos Prates Odds - UFC 319Geoff Neal vs Carlos Prates Odds - UFC 319FighterOddsCarlos Prates-215Geoff Neal+180How To Bet Carlos PratesPrates may have been outclassed by Ian Garry over 25 minutes, but he still showed grit and a willingness to fire back late. Against Neal, the Brazilian will enjoy a height and reach advantage, plus the kind of knockout power that can end the fight with a single well-placed shot. Neal’s toughness is real, but his defense can be exploited, especially early, before he settles in. Prates’ pressure and length should allow him to dictate range, and if he finds a rhythm, his offensive output could snowball quickly. Claim Offer Fight Night PromoFight Night PromoUFC 319 50% Profit Boost Claim Offer Terms and ConditionsNew customers only. Deposit min. $10. Place first bet of min $5 and get $300 in bonus bets if your bet wins.Gambling Problem? Call 1-800-GAMBLER.21+ and present in NJ. Given both fighters’ tendency to absorb more than they give at times, this could turn into a damage-heavy contest where Prates’ power becomes the deciding factor. The value is in betting Prates to win inside the distance at +115, as his aggressive style makes a finish more likely than a drawn-out decision. If you want to play it safer, the UNDER 2.5 rounds at -150 also makes sense.How To Bet Geoff NealNeal brings proven durability, legitimate knockout power, and a stubborn willingness to keep throwing punches no matter how ugly the fight gets. He’s a live underdog at +200, especially if he can survive the early storm and drag Prates into deeper waters. Neal could look to mix in wrestling, but his best path may be to weather the first-round pressure and outwork Prates as the fight wears on. Still, his defensive lapses and recent injury make him a risky play against a long, powerful striker like Prates.For Neal backers, the moneyline at +200 offers the clearest value. A decision win would require him to control the pace and absorb damage without getting stopped, which is possible but not probable given Prates’ style.Geoff Neal vs Carlos Prates Betting Pick - UFC 319Neal’s grit and punching power make him dangerous, but Prates’ size, reach, and finishing instincts give him the edge in this matchup. With both fighters susceptible to taking damage, I see this ending before the final horn. My preferred play is Prates to win inside the distance at +115, though the UNDER 2.5 rounds at -150 is also appealing.Pick: Carlos Prates Inside the Distance (+115) Carlos Prates is a -215 favorite at FanDuel over veteran Geoff Neal (+180) in a welterweight clash on the UFC 319 main card in Chicago on August 16. This matchup was originally scheduled earlier this year before Neal suffered an injury, forcing Prates to take a short-notice fight against Ian Garry. Prates lost that bout by decision but showed flashes of power late, even after being largely outpointed through the first four rounds. Prates has a three-inch reach advantage over Neal and brings a rangy striking style and finishing ability that makes him dangerous from the opening bell. Check out the best UFC betting sites to see where you can bet on UFC 319. New Jersey Claim Offer Fight Night PromoFight Night PromoUFC 319 50% Profit Boost Claim Offer Terms and ConditionsNew customers only. Deposit min. $10. Place first bet of min $5 and get $300 in bonus bets if your bet wins.Gambling Problem? Call 1-800-GAMBLER.21+ and present in NJ. Claim Offer Profit BoostProfit Boost30% Any Sport, Any Bet Profit Boost Claim Offer Terms and ConditionsNew customers only. Deposit min. $10. Place first bet of min $5 and get $300 in bonus bets if your bet wins.Gambling Problem? Call 1-800-GAMBLER.21+ and present in NJ. Claim Offer UFC PromoUFC PromoChimaev To Win By Submission +160 Claim Offer Terms and ConditionsMust be 21 or older and physically present in NJ. New users only. Must register using eligible promo code. First bet after registration must qualify. Max. Bonus Bet: $1,059. Bonus Bet expires 14 days after receipt. Void where prohibited. See Caesars.com/promos for full terms. If you or someone you know has a gambling problem, crisis counseling and referral services can be accessed by calling 1-800- GAMBLER (1-800-426-2537).Gambling Problem? Call 1-800-GAMBLERGambling Problem? Call 1-800-GAMBLER.21+ and present in NJ. See All Daily Promotions Claim Offer Fight Night PromoFight Night PromoUFC 319 50% Profit Boost Claim Offer Terms and ConditionsNew customers only. Deposit min. $10. Place first bet of min $5 and get $300 in bonus bets if your bet wins.Gambling Problem? Call 1-800-GAMBLER.21+ and present in NJ. Claim Offer Fight Night PromoFight Night PromoUFC 319 50% Profit Boost Claim Offer Fight Night PromoUFC 319 50% Profit Boost Claim Offer Fight Night PromoUFC 319 50% Profit Boost Claim Offer Terms and ConditionsNew customers only. Deposit min. $10. Place first bet of min $5 and get $300 in bonus bets if your bet wins.Gambling Problem? Call 1-800-GAMBLER.21+ and present in NJ. New customers only. Deposit min. $10. Place first bet of min $5 and get $300 in bonus bets if your bet wins.Gambling Problem? Call 1-800-GAMBLER.21+ and present in NJ. New customers only. Deposit min. $10. Place first bet of min $5 and get $300 in bonus bets if your bet wins. Gambling Problem? Call 1-800-GAMBLER.21+ and present in NJ. Claim Offer Profit BoostProfit Boost30% Any Sport, Any Bet Profit Boost Claim Offer Terms and ConditionsNew customers only. Deposit min. $10. Place first bet of min $5 and get $300 in bonus bets if your bet wins.Gambling Problem? Call 1-800-GAMBLER.21+ and present in NJ. Claim Offer Profit BoostProfit Boost30% Any Sport, Any Bet Profit Boost Claim Offer Profit Boost30% Any Sport, Any Bet Profit Boost Claim Offer Profit Boost30% Any Sport, Any Bet Profit Boost Claim Offer Terms and ConditionsNew customers only. Deposit min. $10. Place first bet of min $5 and get $300 in bonus bets if your bet wins.Gambling Problem? Call 1-800-GAMBLER.21+ and present in NJ. New customers only. Deposit min. $10. Place first bet of min $5 and get $300 in bonus bets if your bet wins.Gambling Problem? Call 1-800-GAMBLER.21+ and present in NJ. New customers only. Deposit min. $10. Place first bet of min $5 and get $300 in bonus bets if your bet wins. Gambling Problem? Call 1-800-GAMBLER.21+ and present in NJ. Claim Offer UFC PromoUFC PromoChimaev To Win By Submission +160 Claim Offer Terms and ConditionsMust be 21 or older and physically present in NJ. New users only. Must register using eligible promo code. First bet after registration must qualify. Max. Bonus Bet: $1,059. Bonus Bet expires 14 days after receipt. Void where prohibited. See Caesars.com/promos for full terms. If you or someone you know has a gambling problem, crisis counseling and referral services can be accessed by calling 1-800- GAMBLER (1-800-426-2537).Gambling Problem? Call 1-800-GAMBLER Claim Offer UFC PromoUFC PromoChimaev To Win By Submission +160 Claim Offer UFC PromoChimaev To Win By Submission +160 Claim Offer UFC PromoChimaev To Win By Submission +160 Claim Offer Terms and ConditionsMust be 21 or older and physically present in NJ. New users only. Must register using eligible promo code. First bet after registration must qualify. Max. Bonus Bet: $1,059. Bonus Bet expires 14 days after receipt. Void where prohibited. See Caesars.com/promos for full terms. If you or someone you know has a gambling problem, crisis counseling and referral services can be accessed by calling 1-800- GAMBLER (1-800-426-2537).Gambling Problem? Call 1-800-GAMBLER Must be 21 or older and physically present in NJ. New users only. Must register using eligible promo code. First bet after registration must qualify. Max. Bonus Bet: $1,059. Bonus Bet expires 14 days after receipt. Void where prohibited. See Caesars.com/promos for full terms. If you or someone you know has a gambling problem, crisis counseling and referral services can be accessed by calling 1-800- GAMBLER (1-800-426-2537).Gambling Problem? Call 1-800-GAMBLER Must be 21 or older and physically present in NJ. New users only. Must register using eligible promo code. First bet after registration must qualify. Max. Bonus Bet: $1,059. Bonus Bet expires 14 days after receipt. Void where prohibited. See Caesars.com/promos for full terms. If you or someone you know has a gambling problem, crisis counseling and referral services can be accessed by calling 1-800- GAMBLER (1-800-426-2537). Gambling Problem? Call 1-800-GAMBLER.21+ and present in NJ. Gambling Problem? Call 1-800-GAMBLER.21+ and present in NJ. Geoff Neal vs Carlos Prates Odds - UFC 319FighterOddsCarlos Prates-215Geoff Neal+180 Prates may have been outclassed by Ian Garry over 25 minutes, but he still showed grit and a willingness to fire back late. Against Neal, the Brazilian will enjoy a height and reach advantage, plus the kind of knockout power that can end the fight with a single well-placed shot. Neal’s toughness is real, but his defense can be exploited, especially early, before he settles in. Prates’ pressure and length should allow him to dictate range, and if he finds a rhythm, his offensive output could snowball quickly. Claim Offer Fight Night PromoFight Night PromoUFC 319 50% Profit Boost Claim Offer Terms and ConditionsNew customers only. Deposit min. $10. Place first bet of min $5 and get $300 in bonus bets if your bet wins.Gambling Problem? Call 1-800-GAMBLER.21+ and present in NJ. Claim Offer Fight Night PromoFight Night PromoUFC 319 50% Profit Boost Claim Offer Fight Night PromoUFC 319 50% Profit Boost Claim Offer Fight Night PromoUFC 319 50% Profit Boost Claim Offer Terms and ConditionsNew customers only. Deposit min. $10. Place first bet of min $5 and get $300 in bonus bets if your bet wins.Gambling Problem? Call 1-800-GAMBLER.21+ and present in NJ. New customers only. Deposit min. $10. Place first bet of min $5 and get $300 in bonus bets if your bet wins.Gambling Problem? Call 1-800-GAMBLER.21+ and present in NJ. New customers only. Deposit min. $10. Place first bet of min $5 and get $300 in bonus bets if your bet wins. Gambling Problem? Call 1-800-GAMBLER.21+ and present in NJ. Given both fighters’ tendency to absorb more than they give at times, this could turn into a damage-heavy contest where Prates’ power becomes the deciding factor. The value is in betting Prates to win inside the distance at +115, as his aggressive style makes a finish more likely than a drawn-out decision. If you want to play it safer, the UNDER 2.5 rounds at -150 also makes sense. Neal brings proven durability, legitimate knockout power, and a stubborn willingness to keep throwing punches no matter how ugly the fight gets. He’s a live underdog at +200, especially if he can survive the early storm and drag Prates into deeper waters. Neal could look to mix in wrestling, but his best path may be to weather the first-round pressure and outwork Prates as the fight wears on. Still, his defensive lapses and recent injury make him a risky play against a long, powerful striker like Prates. For Neal backers, the moneyline at +200 offers the clearest value. A decision win would require him to control the pace and absorb damage without getting stopped, which is possible but not probable given Prates’ style. Neal’s grit and punching power make him dangerous, but Prates’ size, reach, and finishing instincts give him the edge in this matchup. With both fighters susceptible to taking damage, I see this ending before the final horn. My preferred play is Prates to win inside the distance at +115, though the UNDER 2.5 rounds at -150 is also appealing. Related News UFC Du Plessis vs Chimaev Odds & Picks: Showdown In Chicago 5 hrs Ethan Diamandas UFC UFC 319 Du Plessis vs Chimaev Parlay Picks: Expect Fireworks 5 hrs Nick Holz UFC Murphy vs Pico Odds & Picks: Co-Main At UFC 319 5 hrs Ethan Diamandas UFC Page vs Cannonier Odds & Picks: Intriguing Middleweight Fight 5 hrs Ethan Diamandas Related News UFC Du Plessis vs Chimaev Odds & Picks: Showdown In Chicago 5 hrs Ethan Diamandas UFC UFC 319 Du Plessis vs Chimaev Parlay Picks: Expect Fireworks 5 hrs Nick Holz UFC Murphy vs Pico Odds & Picks: Co-Main At UFC 319 5 hrs Ethan Diamandas UFC Page vs Cannonier Odds & Picks: Intriguing Middleweight Fight 5 hrs Ethan Diamandas Related News UFC Du Plessis vs Chimaev Odds & Picks: Showdown In Chicago 5 hrs Ethan Diamandas UFC UFC 319 Du Plessis vs Chimaev Parlay Picks: Expect Fireworks 5 hrs Nick Holz UFC Murphy vs Pico Odds & Picks: Co-Main At UFC 319 5 hrs Ethan Diamandas UFC Page vs Cannonier Odds & Picks: Intriguing Middleweight Fight 5 hrs Ethan Diamandas UFC Du Plessis vs Chimaev Odds & Picks: Showdown In Chicago 5 hrs Ethan Diamandas UFC UFC 319 Du Plessis vs Chimaev Parlay Picks: Expect Fireworks 5 hrs Nick Holz UFC Murphy vs Pico Odds & Picks: Co-Main At UFC 319 5 hrs Ethan Diamandas UFC Page vs Cannonier Odds & Picks: Intriguing Middleweight Fight 5 hrs Ethan Diamandas UFC Du Plessis vs Chimaev Odds & Picks: Showdown In Chicago 5 hrs Ethan Diamandas UFC UFC 319 Du Plessis vs Chimaev Parlay Picks: Expect Fireworks 5 hrs Nick Holz UFC Murphy vs Pico Odds & Picks: Co-Main At UFC 319 5 hrs Ethan Diamandas UFC Page vs Cannonier Odds & Picks: Intriguing Middleweight Fight 5 hrs Ethan Diamandas UFC Du Plessis vs Chimaev Odds & Picks: Showdown In Chicago 5 hrs Ethan Diamandas UFC UFC 319 Du Plessis vs Chimaev Parlay Picks: Expect Fireworks 5 hrs Nick Holz UFC Murphy vs Pico Odds & Picks: Co-Main At UFC 319 5 hrs Ethan Diamandas UFC Page vs Cannonier Odds & Picks: Intriguing Middleweight Fight 5 hrs Ethan Diamandas UFC Du Plessis vs Chimaev Odds & Picks: Showdown In Chicago 5 hrs Ethan Diamandas UFC Du Plessis vs Chimaev Odds & Picks: Showdown In Chicago 5 hrs Ethan Diamandas UFC UFC 319 Du Plessis vs Chimaev Parlay Picks: Expect Fireworks 5 hrs Nick Holz UFC UFC 319 Du Plessis vs Chimaev Parlay Picks: Expect Fireworks 5 hrs Nick Holz UFC Murphy vs Pico Odds & Picks: Co-Main At UFC 319 5 hrs Ethan Diamandas UFC Murphy vs Pico Odds & Picks: Co-Main At UFC 319 5 hrs Ethan Diamandas UFC Page vs Cannonier Odds & Picks: Intriguing Middleweight Fight 5 hrs Ethan Diamandas UFC Page vs Cannonier Odds & Picks: Intriguing Middleweight Fight 5 hrs Ethan Diamandas",5 hrs,https://www.oddsshark.com/ufc/ufc-319-prates-vs-geoff-neal-odds-picks-2025
Geoff Neal vs. Carlos Prates targeted for UFC 319 in Chicago,"The UFC will once again try to have Carlos Prates face off with Geoff Neal, this time on the upcoming pay-per-view event in Chicago on Aug. 16. Both fighters have agreed to the rebooking at UFC 319, multiple people with knowledge of the situation confirmed to MMA Fighting. Laerte Viana first reported the news. UFC 319 will take place at the United Center in Chicago. Dricus du Plessis defends his middleweight belt in the main event against Khamzat Chimaev. Prates (21-7) and Neal (16-6) were originally scheduled to fight in April but “Handz of Steel” was forced off the UFC 314 lineup. Prates was then pushed back to the main event of UFC Kansas City two weeks later, when he lost a decision to Ian Machado Garry. The loss snapped Prates’ six-year unbeaten streak, which included four knockouts in a row over the likes of Jingliang Li and Neil Magny since joining the UFC a year before. Neal hasn’t entered the octagon since October 2024, when he beat former champion Rafael dos Anjos to get back on track following defeats to Garry and Shavkat Rakhmonov. Mike Heck and Damon Martin contributed tot his report.",2025-07-02,https://www.mmafighting.com/2025/7/2/24460674/carlos-prates-geoff-neal-targeted-ufc-319-chicago
Geoff Neal vs Carlos Prates,"UFC 314 fight card, start time, date and location for the Alex Volkanovski vs. Diego Lopes-led pay-per-view (PPV) event on Sat., April 12, 2025 inside Kaseya Center in Miami, Florida, also... UFC CEO Dana White announced today that No. 7-ranked Welterweight, Ian Garry, will now headline UFC Kansas City against red-hot Brazilian, Carlos Prates, on April 26, 2025, inside T-Mobile Center... A major matchup at the upcoming UFC 314 PPV card in Miami, Fla., has officially been scrapped! Date: April 12, 2025 | Geoff Neal | Carlos Prates | | |---|---|---| | 34 | age | | | 5'11 | height | | | 170lbs | weight |",2025-03-29,https://www.mmafighting.com/fight/15444/geoff-neal-vs-carlos-prates
"Geoff Neal (""Handz of Steel"") | MMA Fighter Page | Tapology","Fighter Details Age 1990-08-28 1990 • Aug 28 Height 5'11"" 180cm Reach 75.0"" 191cm Weight 171.0 Welterweight Given Name: Geoffrey Neal Nickname: Handz of Steel Pro MMA Record: 16-6-0 (Win-Loss-Draw) Current MMA Streak: 1 Win Born: Austin, Texas Fighting out of: Dallas, Texas College: Texas Lutheran Foundation Style: Striker Pro MMA Statistics Record: 16-6-0 TKO W L 10 63% of wins 1 17% of losses SUB W L 2 13% of wins 2 33% of losses DEC W L 4 25% of wins 3 50% of losses MMA Record By Promotion add_circle 2018 TO 2024 8 win 4 loss 0 draw 0 no contest DURING 2017 1 win 0 loss 0 draw 0 no contest DURING 2017 1 win 0 loss 0 draw 0 no contest Geoff Neal MMA Fight Record View Mode Basic Odds casino Expand All Details Details add_circle Cancelled scale Neal Weight Above Contracted Limit Articles mentioning Geoff Neal Photo by Chris Unger/Zuffa LLC Welcome to “This Week in MMAmania.com,” Maniacs! As you know, MMAmania.com churns out a ridiculous amount of stories weekly. And if you do... 2025-07-14 16:55:00 -0400 Już 16 sierpnia w chicagowskiej United Center dojdzie do długo wyczekiwanego starcia wagi półśredniej! Geoff Neal i Carlos Prates zmierzą się w trzyrundowej walce na gali UFC 319 – poinformowała or... 2025-07-14 10:11:42 -0400 Photo by Jeff Bottari/Zuffa LLC UFC Nashville went down last night (Sat., July 12, 2025) inside Bridgestone Arena in Nashville, Tenn., which saw Derrick Lewis secure a k... 2025-07-13 20:00:00 -0400 Photo by Brandon Magnus/Zuffa LLC/Zuffa LLC via Getty Images Ultimate Fighting Championship (UFC) is just one day away from the upcoming UFC Nashville mixed martial arts ... 2025-07-11 09:30:00 -0400 Photo by Cooper Neill/Zuffa LLC Ultimate Fighting Championship (UFC) Welterweight talents Stephen Thompson and Gabriel Bonfim will go to war this weekend (Sat., June 28, ... 2025-07-10 09:00:00 -0400 Have you heard? The Ultimate Fighting Championship (UFC) is set to host a historic event on the White House lawn during the 2026 Fourth of July weekend. Indeed, President Donald ... 2025-07-07 21:21:22 -0400",2025-07-14,https://www.tapology.com/fightcenter/fighters/20058-geoffrey-neal
UFC 319 Preview and Prediction: Carlos Prates – Geoff Neal,"Tomorrow night on the main card of UFC 319, we will see a banger of a matchup in the welterweight division. Dangerous strikers will collide as 11th ranked Geoff Neal (16-6) takes on 12th ranked Carlos Prates (21-7). These two were originally supposed to fight back in April, but Neal pulled out of the fight. With that Prates was moved to the main event of UFC Kansas City where he took on Ian Machado Garry. After a slow start in that one, Prates nearly finished Machado Garry in the fifth round, but Machado Garry managed to survive and win a decision. That decision loss snapped an 11-fight win streak for Prates which included his first four UFC fights. He’ll look to bounce back against Geoff Neal tomorrow night. It’s been just under a year since the last time we saw Neal and we only saw him for 90 seconds in his last bout. He took on Rafael Dos Anjos and RDA injured his knee early on in the fight. It went down as a TKO win for Neal which snapped his two-fight losing streak. Overall, Neal is 3-4 in his last seven after starting 5-0 in the UFC. I find myself always struggling when Geoff Neal fights because I really don’t know what to expect. Neal gives you flashes of greatness like his brilliant performance against Vicente Luque but then he’ll look rather flat like he did in his decision loss against Ian Machado Garry. He’s incredibly dangerous, but it feels like he struggles with aggression in his fights. He’s going to need to find that dog in him to win tomorrow night at UFC 319. Neal is the faster of the two but he’s going to need to get inside. Carlos Prates is incredibly dangerous and he fights incredibly well from range. If Neal can’t get inside, he’s going to get picked apart with the straight and long shots coming at him from Prates. I like Carlos Prates in this matchup. I just feel like he’s going to come out with more to prove coming off that loss and I expect him to really do a lot of damage with straight shots which will make Neal even more hesitant to pull the trigger. Neal has a helluva chin so I think we go the distance at UFC 319, but I think Prates gets his hand raised. Prediction: Carlos Prates by Decision More must-reads: Get the latest news and rumors, customized to your favorite sports and teams. Emailed daily. Always free!",2025-08-15,https://www.yardbarker.com/mma/articles/ufc_319_preview_and_prediction_carlos_prates_geoff_neal/s1_15032_42591518
AI Predicts Geoff Neal vs Carlos Prates: Who Will Win?,"16 Aug Our AI model analyzes a wide range of data to generate a prediction for the upcoming fight between Geoff Neal and Carlos Prates. This includes statistics, past performance, style, and momentum. Click the button below to reveal the forecast. Disclaimer: This forecast is for informational purposes only and does not constitute betting advice or a recommendation. No responsibility is taken for any decisions based on this content. The Tale of the Tape data is compiled from publicly available information on Sherdog | Geoff Neal | Carlos Prates | |---|---| | USA | Brazil | | 16 - 6 - 0 (10 KOs) | 21 - 7 - 0 (16 KOs) | | middleweight (185 lbs / 83,9 kg) | welterweight (170 lbs / 77,1 kg) | | Age | | | Wins | | | Losses | | | Anthropometry | | The scheduled 3-round welterweight bout will take place on August 16, 2025. The full fight night schedule, including local start times for various countries, is listed below. Check the schedule to see when the event begins in your region. The fight night will start on Saturday, August 16 at 6:00 PM ET (New York time). The fight night will start on Saturday, August 16 at 3:00 PM PT (Los Angeles time). The fight night will start on Saturday, August 16 at 6:00 PM ET (Toronto time). The fight night will start on Saturday, August 16 at 11:00 PM BST (London time). The fight night will start on Sunday, August 17 at 12:00 AM SAST (Johannesburg time). The fight night will start on Sunday, August 17 at 6:00 AM PHT (Manila time). The fight night will start on Sunday, August 17 at 8:00 AM AEST (Sydney time). The fight night will start on Sunday, August 17 at 10:00 AM NZST (Wellington time). Note that the main event ring walk typically takes place about 1 to 1.5 hours after the main card begins. If you're mainly interested in the headline bout, there’s still some time — but it’s always worth watching the full card. You can stream the Neal vs Prates fight via ESPN PPV. Disclaimer: Some links to streaming or pay-per-view on this page may be affiliate links. If you make a purchase through them, we may earn a commission — at no extra cost to you. The fight will be held at the United Center in Chicago, Illinois, USA. Full Fight card for Geoff Neal vs Carlos Prates: Fight card subject to change | Division | Fighter #1 | Fighter #2 | Notes | |---|---|---|---| | middleweight (185 lbs) | Dricus Du Plessis (23 - 2 - 0) | Khamzat Chimaev (14 - 0 - 0) | UFC | | featherweight (145 lbs) | Lerone Murphy (16 - 0 - 1) | Aaron Pico (13 - 4 - 0) | | | welterweight (170 lbs) | Geoff Neal (16 - 6 - 0) | Carlos Prates (21 - 7 - 0) | | | middleweight (185 lbs) | Jared Cannonier (18 - 8 - 0) | Michael Page (23 - 3 - 0) | | | flyweight (125 lbs) | Tim Elliott (20 - 13 - 1) | Kai Asakura (21 - 5 - 0) | | | lightweight (155 lbs) | Bobby Green (32 - 17 - 1) | Diego Ferreira (19 - 6 - 0) | | | middleweight (185 lbs) | Gerald Meerschaert (37 - 19 - 0) | Michal Oleksiejczuk (20 - 9 - 0) | | | middleweight (185 lbs) | Baysangur Susurkaev (9 - 0 - 0) | Eric Nolan (8 - 3 - 0) | | | strawweight (115 lbs) | Jessica Andrade (26 - 14 - 0) | Lupita Godinez (13 - 5 - 0) | | | lightweight (155 lbs) | Chase Hooper (16 - 3 - 1) | Alexander Hernandez (16 - 8 - 0) | | | lightweight (155 lbs) | Edson Barboza (24 - 12 - 0) | Drakkar Klose (15 - 3 - 1) | | | middleweight (185 lbs) | Bryan Battle (12 - 2 - 0) | Nursulton Ruziboev (36 - 9 - 2) | | | flyweight (125 lbs) | Karine Silva (18 - 5 - 0) | Dione Barbosa (8 - 3 - 0) | | | welterweight (170 lbs) | Rodrigo Sezinando (8 - 1 - 0) | Daniil Donchenko (11 - 2 - 0) | | | flyweight (125 lbs) | Alibi Idiris (10 - 0 - 0) | Joseph Morales (12 - 2 - 0) | A compelling striking battle is scheduled for UFC 319 on August 16, 2025, as Geoff Neal makes a move up in weight to face Carlos Prates at the United Center in Chicago. Geoff ""Handz of Steel"" Neal, known for his powerful boxing, will be competing at middleweight for this contest. He is coming off a significant technical knockout victory over former champion Rafael Dos Anjos in October 2024. This bout will be an important indicator of how his power translates to the new division. His opponent, Carlos ""The Nightmare"" Prates, is a dynamic Brazilian striker also known for his finishing ability. The fellow southpaw will be looking to rebound after suffering his first UFC loss, a decision against Ian Garry in April 2025. This matchup provides an immediate opportunity for him to get back into the win column against a dangerous opponent. The intrigue of this fight lies in the confrontation between two skilled southpaw knockout artists. The central question is whether Neal can carry his power effectively into a higher weight class, and how Prates will respond after his first promotional defeat. The outcome is significant for both fighters' paths moving forward.",2025-08-16,https://boxing-schedule.com/mma/neal-vs-prates/prediction/
Geoff Neal vs Carlos Prates,"UFC 319 fight card, start time, date and location for the upcoming Dricus du Plessis vs. Khamzat Chimaev-led championship pay-per-view (PPV) event on Sat., Aug 16, 2025, inside United Center in... Date: August 16, 2025 | Geoff Neal | Carlos Prates | | |---|---|---| | 34 | age | | | 5'11 | height | | | 170lbs | weight |",2025-06-17,https://www.mmafighting.com/fight/15754/geoff-neal-vs-carlos-prates
"Neal injured, UFC 314 bout vs. Prates off","Neal injured, UFC 314 bout vs. Prates off Geoff Neal has withdrawn from his welterweight fight against Carlos Prates at UFC 314 on April 12 in Miami due to an injury, the promotion announced Saturday. Prates will not remain on the card, though UFC play-by-play commentator Jon Anik teased that ""big news"" involving Prates will come in the next few weeks. Neal, the No. 10-ranked fighter at 170 pounds, is coming off a TKO win over former lightweight champion Rafael dos Anjos at UFC 308 last October. He's 1-2 in his past three Octagon appearances. Prates, ranked No. 13, is a surging contender in the division. The 31-year-old Brazilian made his UFC debut in February 2024 and has won four straight fights by knockout. Prates most recently finished Neil Magny in the first round last November. A vacant featherweight title bout between former champion Alexander Volkanovski and Diego Lopes will headline UFC 314.",2025-03-30,https://www.thescore.com/mma/news/3253585
Geoffrey Neal vs Carlos Prates,"75.0% | Line | Break Even | Grade | |---| | Betonline.ag | -325 | 76.5% | CCarlos Prates| Betonline.ag | -325 | | Break Even | 76.5% | | Probability | 75.0% | | Grade | C | For this to be profitable, Carlos Prates must be more likely than 76.5% to win. However, the calculated probability is 75.0%, less likely, giving this bet a C grade. | | Bovada | -370 | 78.7% | FCarlos Prates| Bovada | -370 | | Break Even | 78.7% | | Probability | 75.0% | | Grade | F | For this to be profitable, Carlos Prates must be more likely than 78.7% to win. However, the calculated probability is 75.0%, less likely, giving this bet a F grade. | | Fanduel | -400 | 80.0% | FCarlos Prates | -400 | | Break Even | 80.0% | | Probability | 75.0% | | Grade | F | For this to be profitable, Carlos Prates must be more likely than 80.0% to win. However, the calculated probability is 75.0%, less likely, giving this bet a F grade. | | 25.0% | Line | Break Even | Grade | |---| | Fanduel | 290 | 25.6% | CGeoffrey Neal | 290 | | Break Even | 25.6% | | Probability | 25.0% | | Grade | C | For this to be profitable, Geoffrey Neal must be more likely than 25.6% to win. However, the calculated probability is 25.0%, less likely, giving this bet a C grade. | | Bovada | 285 | 26.0% | CGeoffrey Neal| Bovada | 285 | | Break Even | 26.0% | | Probability | 25.0% | | Grade | C | For this to be profitable, Geoffrey Neal must be more likely than 26.0% to win. However, the calculated probability is 25.0%, less likely, giving this bet a C grade. | | Betonline.ag | 275 | 26.7% | CGeoffrey Neal| Betonline.ag | 275 | | Break Even | 26.7% | | Probability | 25.0% | | Grade | C | For this to be profitable, Geoffrey Neal must be more likely than 26.7% to win. However, the calculated probability is 25.0%, less likely, giving this bet a C grade. | |",2025-03-29,https://mattsbets.com/events/mma/2025-04-12/geoffrey-neal-vs-carlos-prates
"Geoff Neal vs. Carlos Prates prediction, pick, start time for UFC 319","Geoff Neal vs. Carlos Prates prediction, pick, start time for UFC 319 Geoff Neal and Carlos Prates meet on the main card of UFC 319 at United Center in Chicago. Check out this quick breakdown of the matchup from MMA Junkie analyst Dan Tom. Last event: 4-2 UFC main cards, 2025: 80-60-1 Geoff Neal vs. Carlos Prates UFC 319 preview Neal (16-6 MMA, 8-4 UFC) will look to make it back-to-back victories following a first-round finish of former lightweight champion Rafael dos Anjos at UFC 308. The result ended a two-fight skid against Shavkat Rakhmonov and Ian Machado Garry. Prior to those setbacks, ""Handz of Steel"" won a split decision over Santiago Ponzinibbio and finished Vicente Luque in consecutive fights. ... Prates (21-7 MMA, 4-1 UFC) suffered his first UFC loss in April by decision against Ian Machado Garry. Prior to that, Prates left a trail of wreckage in stoppages of Trevin Giles, Charles Radtke, Li Jingliang and Neil Magny. Geoff Neal vs. Carlos Prates UFC 319 expert pick, prediction Filling out the main card is a striker's delight at welterweight between Geoff Neal and Carlos Prates. Aside from this being a tricky southpaw vs. southpaw affair, I'm also a big fan of both fighters, so picking this one was difficult. On one hand, I Neal is a traditionally durable power puncher whose offensive output will keep him as both a knockout and scoring threat for all three frames. So if this fight extends, Neal will probably be live due to Prates' sometimes lower-output approach. However, when looking at past performances of Prates against fellow southpaws, the Fighting Nerds product appears to be incredibly comfortable fighting other lefties – even showing the ability to still find his favored killshots to the liver. I don't like picking against Fortis MMA fighters, but I'll officially side with Prates to score another body-knee knockout by the end of Round 2. Geoff Neal vs. Carlos Prates UFC 319 odds The oddsmakers and the public favor the Brazilian fighter, listing Prates -235 and Neal +194 via FanDuel. Geoff Neal vs. Carlos Prates UFC 319 start time, how to watch Neal and Prates are expected to walk to the cage at approximately 11:10 p.m. ET. The fight broadcasts live on ESPN+ pay-per-view. This article originally appeared on MMA Junkie: UFC 319: Geoff Neal vs. Carlos Prates prediction, pick, start time",2025-08-16,https://ca.sports.yahoo.com/news/geoff-neal-vs-carlos-prates-160052451.html
UFC 319 adds Geoff Neal vs. Carlos Prates to Chicago,"UFC 319 adds Geoff Neal vs. Carlos Prates to Chicago A welterweight banger that was booked once before is back on the UFC's books. Contenders Geoff Neal and Carlos Prates will square off in a three-round clash at UFC 319, which takes place Aug. 16 at United Center in Chicago, the promotion announced Sunday. Neal (16-6 MMA, 8-4 UFC) vs. Prates (21-7 MMA, 4-1 UFC) was previously booked for UFC 314 in April. It was canceled as Neal withdrew for undisclosed reasons. Prates was pushed back two weeks and headlined UFC on ESPN 66 against Ian Machado Garry, who won by unanimous decision. The Machado Garry loss was Prates' first in his UFC tenure after a skyrocketing run to contendership that included knockouts of Trevin Giles, Charles Radtke, Li Jingliang, and Neil Magny. Neal has not competed since a 90-second TKO win (due to injury) over Rafael dos Anjos in August 2024. The win bounced Neal back into the win column after consecutive losses to Shavkat Rakhmonov and Machado Garry. With the addition, the UFC 319 lineup includes: - Champion Dricus Du Plessis vs. Khamzat Chimaev – for middleweight title - Jared Cannonier vs. Michael Page - Geoff Neal vs. Carlos Prates - Tim Elliott vs. Kai Asakura - Edson Barboza vs. Drakkar Klose - Jessica Andrade vs. Loopy Godinez - Diego Ferreira vs. King Green - Bryan Battle vs. Nursulton Ruziboev - Gerald Meerschaert vs. Michal Oleksiejczuk - JJ Aldrich vs. Karine Silva - Alexander Hernandez vs. Chase Hooper",2025-07-13,https://mmajunkie.usatoday.com/story/sports/ufc/2025/07/13/ufc-319-chicago-fight-card-geoff-neal-vs-carlos-prates/84437777007/
UFC 319's Geoff Neal: Carlos Prates 'might be bullsh*tting' about strategy change,"UFC 319's Geoff Neal: Carlos Prates 'might be bullsh*tting' about strategy change CHICAGO – Geoff Neal's approach to his upcoming bout at UFC 319 is a simple one: Be ready for anything and end it quickly. Saturday on the main card of UFC 319 (ESPN+ pay-per-view), Neal (16-6 MMA, 8-4 UFC) faces Carlos Prates in a key bout for the welterweight division. The matchup was initially set to take place in April at UFC 314, but Neal had to withdraw. Prates (21-7 MMA, 4-1 UFC) decided to face Ian Machado Garry two weeks later and suffered the first loss of his UFC run, ending an 11-fight winning streak. Prates told reporters he learned a few things from that fight, and may change his approach this time around to implement some grappling. Neal isn't too concerned with how his opponent's strategy may change, and expects things to be settled on the feet. ""I'm ready for whatever,"" Neal told reporters at Wednesday's media day. ""I don't expect him to try to grapple me. I feel like we're just gonna sit in the middle of the cage and just beat each other up."" It's that type of fight that has Neal believing he can end things quickly once the cage door shuts. In his last outing, Neal picked up an injury TKO victory over former lightweight champion Rafael dos Anjos in the first round after heated striking exchanges. Neal knows Prates is skilled, but he likes his chances of standing and trading with the best. He previously predicted a first-round ending and is sticking to it. ""He's a good fighter, he's a tough fighter – I'm not saying I'll finish him in the first round like he's a trash fighter,"" Neal said. ""He's still a top-level, high-level fighter, but I feel like I got what it takes to take him out in the first round."" But what if Prates really does want to try to test Neal's grappling? It would be quite the change of pace for Prates, who finished all of his UFC wins before reaching the third round. A more strategic approach is certainly possible after suffering his first loss in the UFC, as Prates said he wants to find a way to win without worrying about a finish. However, Neal isn't discounting the possibility that his opponent could be playing mind games, too. ""I guess I'm gonna practice some get-ups tonight,"" Neal said. ""I don't know what (just searching for the win) means. I guess I need to work on some jitz tonight just in case he tries to take me down. ... He might be bullsh*tting. Might be trying to get me worried about takedowns to get my hands to stay low so he can throw something over the top. I don't know what to expect. I'm just gonna be ready for anything.""",2025-08-13,https://mmajunkie.usatoday.com/story/sports/ufc/2025/08/13/ufc-319-geoff-neal-carlos-prates-grappling-strategy/85651624007/
"Neal vs. Prates Prediction, Expert Pick for UFC 319","The UFC stops in Chicago this weekend for the fight card of the year with UFC 319. Before we get to the main event, we'll have a featured welterweight bout with Geoff Neal vs. Carlos Prates on the main PPV card. As soon as Neal vs. Prates was announced for UFC 319, it's been circled as an exciting one to watch for UFC fans. Now, we get it as a build up to the Du Plessis vs. Chimaev title fight. We'll analyze this welterweight fight and give you our Neal vs. Prates prediction and expert pick, fighter stats, and PrizePicks UFC picks for Neal vs. Prates at UFC 319. 💰 Sign up with PrizePicks promo code PLAYBOOK: Get $50 instantly in Lineups after your first $5+ Lineup Neal vs. Prates Preview for UFC 319 Geoff Neal says that he fully expects this fight not to leave Round 1. With the way both Neal and Carlos Prates throw down, with 26 knockouts between the two, this is a very big possibility. Neal is not one to shy away from a firefight, and Prates is usually there to oblige. This one should be thrilling from the rip. Even with so many great fights on this historic fight card, there is a solid chance that this fight walks away with Fight of the Night honors for however long it lasts. Make your UFC 319 predictions count on PrizePicks, where winning real money on UFC is as simple as possible. Just pick More or Less on fight time or significant strikes on any fight, including Neal vs. Prates, then track the action live and cash out if your picks hit. Neal vs. Prates Start Time & Stats for UFC 319 The UFC heads to Chicago, Illinois, for UFC 319, which is shaping up to be the fight card of the year, with the Du Plessis vs. Chimaev Middleweight Title fight headlining However, it is Neal vs. Prates on the main card that is one fight that could steal the show come fight night. Neal vs. Prates: How to Watch, Start Time - Geoff Neal vs. Carlos Prates - Welterweight - Date: Saturday, August 16, 2025 - Neal vs. Prates Start Time: 11 p.m. ET (estimate) | Main Card – 10 p.m. ET - Location: United Center, Chicago, Illinois - TV: ESPN+ PPV Geoff Neal Stats & Results - Overall Record: 16-6 - UFC Record: 8-4 - Last 5 Fights: 3-2 - Height: 5’11” - Reach: 75” - Significant Strikes Landed Per Minute: 5.05 - Takedowns Landed Per 15 Minutes: 0.56 - Last Fight: Win vs. Rafael dos Anjos - KO/TKO R1 - Finishes: 12 (10 KO/TKO/2 SUB) Carlos Prates Stats & Results - Overall Record: 21-7 - UFC Record: 4-1 - Last 5 Fights: 4-1 - Height: 6’1” - Reach: 78” - Significant Strikes Landed Per Minute: 3.60 - Takedowns Landed Per 15 Min: 0.25 - Last Fight: Loss vs. Ian Machado Garry - Decision - Finishes: 19 (16 KO/TKO/3 SUB) Neal vs. Prates Prediction for UFC 319 I can’t say it enough: get excited for this Neal vs. Prates fight, and don’t leave your seat the moment they touch gloves. These two are seemingly coming to take each other’s heads off, and it could be over in a matter of minutes. However, both of these fighters are conditioned to go the full 15 minutes; their fighting style suggests otherwise. 💰 Use PrizePicks Promo Code ""Playbook"" to claim $50 instantly in Lineups after your first $5+ Lineup Neal is the shorter fighter who loves to utilize his boxing. He’s going to need to utilize his calf kicks to chop down Prates and press forward to get into the pocket. From there, he can land his thunderous strikes and really put it on Prates. Prates, on the other hand — as the taller and lankier fighter — loves to utilize his long-range attacks to keep his opponents at bay. The teep kicks, the jab, and just utilizing his reach advantage are going to be key for him in this matchup. It just might come down to who hits who first and who hits harder, but regardless, you won't want to miss it. Neal vs. Prates Prediction — 10.75 Minutes Fight Time - Prates’ average fight time is 9:49 - Neal’s average fight time is 10:14 - Prates has seen a third round only once in his UFC career - Neal and Prates combine for 14 first-round finishes Make Neal vs. Prates Predictions on PrizePicks Neal vs. Prates features two heavy-hitting welterweights in a exciting bout at UFC 319 before the two featured fights on the main card. UFC 319: Du Plessis vs. Chimaev is set for Saturday, August 16, live on ESPN+ PPV from the United Center in Chicago, Ill. The UFC 319 card is one of the most exciting of the year, and Neal vs. Prates is one you won't want to miss. Lock in your predictions on PrizePicks to make fight night even more exciting. You can win real money by making UFC 319 predictions on PrizePicks — from the first fight of the night all the way to middleweight title fight to end the night. Just go to the PrizePicks MMA board, pick two or more UFC fighter projections, lock in your Lineup, and cash in if your picks are on point.",2025-08-16,https://www.prizepicks.com/playbook-article/neal-vs-prates-prediction-pick-ufc-319
Video: UFC 319 'Countdown' for Geoff Neal vs. Carlos Prates,"UFC Video: UFC 319 'Countdown' for Geoff Neal vs. Carlos Prates MMA Junkie Did you miss the debut of UFC 319 ""Countdown"" or just want to watch it again? Check out the featured bout preview now. The segment takes a special look at the main card welterweight fight between Geoff Neal (16-6 MMA, 8-4 UFC) anmd Carlos Prates (21-7 MMA, 4-1 UFC). UFC 319 (pay-per-view, ESPN, ESPN+) takes place Saturday at United Center in Chicago. ""Countdown"" goes behind the scenes with the two fighters, and you can watch the full segment above. And don't miss the entire episode in the video below.",2025-08-11,https://mmajunkie.usatoday.com/story/sports/ufc/2025/08/11/ufc-319-countdown-preview-video-geoff-neal-vs-carlos-prates-chicago/85602520007/
Geoff Neal - Wikipedia,"Geoff Neal | Geoff Neal | | |---|---| | Born | Geoffrey Charles Neal[1] August 28, 1990 Austin, Texas, U.S. | | Other names | Handz of Steel | | Residence | Dallas, Texas, U.S. | | Height | 5 ft 11 in (180 cm) | | Weight | 170 lb (77 kg; 12 st 2 lb) | | Reach | 75 in (191 cm) | | Fighting out of | Dallas, Texas, U.S. | | Team | Fortis MMA[2] | | Trainer | Sayif Saud[2] | | Rank | Purple belt in Brazilian Jiu-Jitsu[3] | | Years active | 2012–present | | Mixed martial arts record | | | Total | 22 | | Wins | 16 | | By knockout | 10 | | By submission | 2 | | By decision | 4 | | Losses | 6 | | By knockout | 1 | | By submission | 2 | | By decision | 3 | | Amateur record | | | Total | 11 | | Wins | 10 | | By submission | 1 | | Losses | 1 | | Other information | | | University | Texas Lutheran | | Mixed martial arts record from Sherdog | Geoffrey Charles Neal (born August 28, 1990) is an American professional mixed martial artist. He currently competes in the Welterweight division of the Ultimate Fighting Championship (UFC). As of July 29, 2025, he is #11 in the UFC welterweight rankings.[4] Background [edit]Neal was born in Austin, Texas, United States.[5] He played football at private university Texas Lutheran. However, he did not like the football program there and transitioned to compete in MMA, coached under Sayif Saud.[2] Mixed martial arts career [edit]Early career [edit]Neal made his amateur debut in 2010, a second-round win by knockout against Bobby Hernandez. He competed in a total of seven amateur matches, ending with a 6–1 amateur record. Before being signed by the UFC, Neal competed in a total of ten mixed martial arts matches, winning eight and losing two of them.[6] Dana White's Tuesday Night Contender Series [edit]Neal appeared on Dana White's Contender Series 3 and faced Chase Waldon. He won the fight via technical knockout in the first round[7] and was signed by the UFC.[8] Ultimate Fighting Championship [edit]Neal made his promotional debut on February 18, 2018, against Brian Camozzi at UFC Fight Night: Cowboy vs. Medeiros.[9] He won the bout via submission in the first round.[10] Neal next faced Frank Camacho on September 8, 2018, at UFC 228.[11] He won the fight via knockout in the second round.[12] Neal faced Belal Muhammad on January 19, 2019, at UFC Fight Night: Cejudo vs. Dillashaw.[13] He won the fight by unanimous decision.[14] Neal faced Niko Price on July 27, 2019, at UFC 240.[15] He won the fight via technical knockout in round two.[16] This fight earned him the Performance of the Night award.[17] Neal faced Mike Perry on December 14, 2019, at UFC 245.[18] He won the fight via first-round technical knockout.[19] Neal was expected to face Neil Magny on August 29, 2020, at UFC Fight Night 175.[20] However, Neal withdrew from the event due to health issues and he was replaced by Robbie Lawler.[21] Neal faced Stephen Thompson on December 19, 2020, in the headliner of UFC Fight Night 183.[22] He lost the fight via unanimous decision.[23] Neal faced Neil Magny at UFC on ESPN 24 on May 8, 2021.[24] He lost the fight via unanimous decision.[25] Neal faced Santiago Ponzinibbio on December 11, 2021, at UFC 269.[26] He won the back-and-forth bout via split decision.[27] 10 out of 14 media scores gave it to Neal.[28] Neal faced Vicente Luque on August 6, 2022, at UFC on ESPN 40.[29] He won the fight via knockout in round three.[30] This win earned him the Performance of the Night award.[31] Neal was scheduled to face Shavkat Rakhmonov on January 14, 2023, at UFC Fight Night 217.[32] However, on December 29, Neal pulled out due to undisclosed injury.[33] The pair was rescheduled for UFC 285 on March 4, 2023.[34] At the weigh-ins on March 3, Neal weighed in at 175 pounds, 4 pounds over the non-title welterweight limit. As a result, the bout proceeded as a catchweight and Neal was fined 30% of his fight purse, which went to Rakhmonov.[35] He lost the fight via a rear-naked choke submission in the third round.[36] Despite his failure to make weight, UFC president Dana White was so pleased with the fight and impressed with Neal's outing that Neal still received his share of the Fight of the Night award.[37] Neal was scheduled to face Ian Machado Garry at UFC 292 on August 19, 2023.[38] However, Neal withdrew due to undisclosed health reasons,[39] and was replaced by Neil Magny.[40] A bout with Garry was rescheduled and took place on February 17, 2024, at UFC 298.[41] Neal lost in a competitive bout by split decision.[42] Neal faced Rafael dos Anjos on October 26, 2024, at UFC 308.[43] He won the fight via technical knockout in round one after dos Anjos suffered a knee injury.[44] Neal was scheduled to face Carlos Prates on April 12, 2025 at UFC 314.[45] However, Neal withdrew from the fight for unknown reasons and the bout was subsequently cancelled.[46] The bout has since been re-scheduled to take place on August 16, 2025 at UFC 319.[47] Championships and accomplishments [edit]- Ultimate Fighting Championship - Performance of the Night (Two times) vs. Niko Price and Vicente Luque[17][31] - Fight of the Night (One time) vs. Shavkat Rakhmonov[37] - UFC Honors Awards - UFC.com Awards - MMAJunkie.com - 2019 Under-the-Radar Fighter of the Year[50] Personal life [edit]Neal worked as a server at a Texas Roadhouse in Dallas for ten years until his fight with Mike Perry in late 2019.[51][52][53] In June 2020, Neal revealed he had returned to his job as a server after failing to get fights scheduled.[54] In August 2020, Neal revealed he went into septic shock after suffering from an unspecified infection. Neal was admitted to the intensive care unit where it was determined he was also experiencing congestive heart and kidney failure. After taking some time to recover, Neal resumed his mixed martial arts career in December 2020.[55] On November 25, 2021, Neal was arrested in Collin County, Texas on charges of driving under the influence and unlawful possession of a firearm, two misdemeanors. He was later released from jail on $2,000 bond.[56] Mixed martial arts record [edit]| 22 matches | 16 wins | 6 losses | | By knockout | 10 | 1 | | By submission | 2 | 2 | | By decision | 4 | 3 | | Res. | Record | Opponent | Method | Event | Date | Round | Time | Location | Notes | |---|---|---|---|---|---|---|---|---|---| | Win | 16–6 | Rafael dos Anjos | TKO (knee injury) | UFC 308 | October 26, 2024 | 1 | 1:30 | Abu Dhabi, United Arab Emirates | | | Loss | 15–6 | Ian Machado Garry | Decision (split) | UFC 298 | February 17, 2024 | 3 | 5:00 | Anaheim, California, United States | | | Loss | 15–5 | Shavkat Rakhmonov | Submission (rear-naked choke) | UFC 285 | March 4, 2023 | 3 | 4:17 | Las Vegas, Nevada, United States | Catchweight (175 lb) bout; Neal missed weight. Fight of the Night. | | Win | 15–4 | Vicente Luque | KO (punches) | UFC on ESPN: Santos vs. Hill | August 6, 2022 | 3 | 2:01 | Las Vegas, Nevada, United States | Performance of the Night. | | Win | 14–4 | Santiago Ponzinibbio | Decision (split) | UFC 269 | December 11, 2021 | 3 | 5:00 | Las Vegas, Nevada, United States | | | Loss | 13–4 | Neil Magny | Decision (unanimous) | UFC on ESPN: Rodriguez vs. Waterson | May 8, 2021 | 3 | 5:00 | Las Vegas, Nevada, United States | | | Loss | 13–3 | Stephen Thompson | Decision (unanimous) | UFC Fight Night: Thompson vs. Neal | December 19, 2020 | 5 | 5:00 | Las Vegas, Nevada, United States | | | Win | 13–2 | Mike Perry | TKO (head kick and punches) | UFC 245 | December 14, 2019 | 1 | 1:30 | Las Vegas, Nevada, United States | | | Win | 12–2 | Niko Price | TKO (punches) | UFC 240 | July 27, 2019 | 2 | 2:39 | Edmonton, Alberta, Canada | Performance of the Night. | | Win | 11–2 | Belal Muhammad | Decision (unanimous) | UFC Fight Night: Cejudo vs. Dillashaw | January 19, 2019 | 3 | 5:00 | Brooklyn, New York, United States | | | Win | 10–2 | Frank Camacho | KO (head kick) | UFC 228 | September 8, 2018 | 2 | 1:23 | Dallas, Texas, United States | | | Win | 9–2 | Brian Camozzi | Submission (rear-naked choke) | UFC Fight Night: Cowboy vs. Medeiros | February 18, 2018 | 1 | 2:48 | Austin, Texas, United States | | | Win | 8–2 | Chase Waldon | TKO (punches) | Dana White's Contender Series 3 | July 25, 2017 | 1 | 1:56 | Las Vegas, Nevada, United States | Middleweight bout. | | Win | 7–2 | Bilal Williams | TKO (punches) | LFA 16 | July 14, 2017 | 1 | 4:43 | Dallas, Texas, United States | | | Loss | 6–2 | Kevin Holland | TKO (punches) | Xtreme Knockout 34 | January 28, 2017 | 3 | 3:50 | Dallas, Texas, United States | For the vacant XKO Middleweight Championship. | | Win | 6–1 | Ty Flores | TKO (punches) | Rumble Time Promotions: Rage | October 23, 2015 | 1 | 3:58 | St. Charles, Missouri, United States | | | Win | 5–1 | Charlie Ontiveros | TKO (retirement) | Legacy FC 37 | November 14, 2014 | 2 | 5:00 | Houston, Texas, United States | Catchweight (172 lb) bout; Neal missed weight. | | Win | 4–1 | Christopher Anthony | Decision (unanimous) | Legacy FC 32 | June 20, 2014 | 3 | 5:00 | Bossier City, Louisiana, United States | | | Win | 3–1 | Armando Servin | Decision (unanimous) | Xtreme Knockout 19 | August 17, 2013 | 3 | 3:00 | Dallas, Texas, United States | | | Loss | 2–1 | Martin Sano | Submission (rear-naked choke) | 24/7 Entertainment 9 | April 19, 2013 | 3 | 1:25 | Odessa, Texas, United States | Return to Welterweight; Neal missed weight (172 lb). | | Win | 2–0 | Zack Board | TKO (punches) | Xtreme Knockout 17 | January 12, 2013 | 2 | 1:46 | Arlington, Texas, United States | Middleweight debut. | | Win | 1–0 | David McAfee | Submission (rear-naked choke) | Blood & Glory 1 | August 25, 2012 | 1 | 2:15 | Robstown, Texas, United States | Welterweight debut. | See also [edit]References [edit]- ^ ""Fighters Rec | Geoff Neal"". fightersrec. Retrieved 2024-08-18. - ^ a b c Golden, Cedric. ""Golden: Restaurant by day, UFC by night suits Geoff Neal fine — for now"". Austin American-Statesman. Retrieved 2019-06-29. - ^ ""Geoff Neal | UFC"". UFC.com. 14 September 2018. Retrieved June 6, 2021. - ^ ""UFC Rankings - The UFC app - | UFC.com"". www.ufc.com. Retrieved 2025-07-29. - ^ ""Geoff Neal"". UFC. 14 September 2018. Retrieved 1 May 2019. - ^ a b ""Geoff ""Handz of Steel"" Neal MMA Stats, Pictures, News, Videos, Biography"". Sherdog. Retrieved 1 May 2019. - ^ Baldwin, Nick (2017-07-25). ""Contender Series results: Roberson finishes Spann in 15 seconds"". Bloody Elbow. Archived from the original on 2023-02-03. Retrieved 2019-06-29. - ^ Segura, Danny (2017-07-25). ""DWTNCS 3 results: Karl Roberson, Geoffrey Neal earn UFC contracts after quick finishes"". MMA Fighting. Retrieved 2019-06-29. - ^ ""Contender Series's Geoff Neal Set to Make UFC Debut Against Brian Camozzi in Austin - MMA Today"". MMA Today. 2017-12-28. Archived from the original on 2017-12-29. Retrieved 2017-12-29. - ^ ""UFC Fight Night 126 results: Geoff Neal has 'Handz of Steel' vs. Brian Camozzi, but choke that's real"". MMAjunkie. 2018-02-19. Retrieved 2018-02-19. - ^ Mark Francescutti (2018-07-18). ""UFC 228 in Dallas bouts revealed"". sportsday.dallasnews.com. Archived from the original on 2019-05-17. Retrieved 2018-07-18. - ^ ""UFC 228 results: Geoff Neal scores vicious high-kick finish of Frank Camacho"". MMAjunkie. 2018-09-09. Retrieved 2018-09-09. - ^ Mark La Monica (2018-11-06). ""UFC on ESPN+ in Brooklyn gets its first scheduled bout"". newsday.com. Retrieved 2018-11-06. - ^ Dave Doyle (2019-01-19). ""UFC Brooklyn results: Geoff Neal scores impressive win over Belal Muhammad"". mmafighting.com. Retrieved 2019-01-21. - ^ Farah Hannoun (2018-06-26). ""Geoff Neal to fight Niko Price at UFC 240 in Edmonton"". mmajunkie.com. Retrieved 2019-06-26. - ^ Evanoff, Josh (2019-07-27). ""UFC 240 Results: Geoff Neal Finishes Niko Price"". Cageside Press. Retrieved 2019-07-28. - ^ a b Hiergesell, Dan (2019-07-28). ""UFC 240 Bonuses! Neal's Vicious TKO Finish Leads $50K Winners"". MMAmania.com. Retrieved 2019-07-28. - ^ Cruz, Guilherme (2019-10-31). ""Mike Perry vs. Geoff Neal booked for UFC 245 in December"". MMA Fighting. Retrieved 2019-11-06. - ^ Anderson, Jay (15 December 2019). ""UFC 245 Results: Geoff Neal Takes Just 90 Seconds to Stop Mike Perry"". Cageside Press. Retrieved 15 December 2019. - ^ DNA, MMA (2020-08-07). ""Geoff Neal treft Neil Magny tijdens UFC evenement op 29 augustus"". MMA DNA. Retrieved 2020-08-07. - ^ DNA, MMA (2020-08-10). ""BREAKING: UFC werkt aan partij tussen Robbie Lawler en Neil Magny voor 29 augustus"". MMA DNA. Retrieved 2020-08-10. - ^ ""Stephen Thompson vs. Geoff Neal in the works for UFC on ESPN+ 44 on Dec. 19"". MMA Junkie. 2020-11-04. Retrieved 2020-11-07. - ^ Doherty, Dan (2020-12-19). ""UFC Vegas 17 Results: Stephen Thompson Dominates Geoff Neal With Expert Striking"". Cageside Press. Retrieved 2020-12-20. - ^ Brett Okamoto (April 7, 2021). ""Sources: UFC finalizing Neil Magny, Geoff Neal matchup in May"". ESPN. Retrieved April 7, 2021. - ^ Doherty, Dan (2021-05-08). ""UFC Vegas 26 Results: Neil Magny Comes On Strong, Gets By Geoff Neal"". Cageside Press. Retrieved 2021-05-09. - ^ ""Geoff Neal vs. Santiago Ponzinibbio added to stacked UFC 269 lineup"". MMA Junkie. 2021-10-12. Retrieved 2021-10-12. - ^ Gibbons, Justin (2021-12-11). ""Geoff Neal Earns Split Decision Victory Over Santiago Ponzinibbio at UFC 269"". Cageside Press. Retrieved 2021-12-13. - ^ ""Geoff Neal def. Santiago Ponzinibbio :: UFC 269 :: MMA Decisions"". mmadecisions.com. Retrieved 2021-12-13. - ^ Matthew Wells and Nolan King (2022-05-12). ""Vicente Luque set to meet Geoff Neal at UFC Fight Night on Aug. 6"". mmajunkie.usatoday.com. Retrieved 2022-05-12. - ^ McClory, Mike (2022-08-07). ""UFC Vegas 59: Geoff Neal Puts Away Tough-As-Nails Vicente Luque in Third"". Cageside Press. Retrieved 2022-08-07. - ^ a b ""UFC on ESPN 40 bonuses: Jamahal Hill vs. Thiago Santos main event war among 5 total winners"". MMA Junkie. 2022-08-07. Retrieved 2022-08-07. - ^ Sherdog.com. ""Welterweights Geoff Neal, Shavkat Rakhmonov to Clash at UFC Fight Night on Jan. 14"". Sherdog. Retrieved 2022-10-10. - ^ ""Geoff Neal injured, out of UFC Fight Night 217 matchup against Shavkat Rakhmonov"". MMA Junkie. 2022-12-29. Retrieved 2022-12-29. - ^ Mike Bohn (2023-01-04). ""Geoff Neal vs. Shavkat Rakhmonov rescheduled for UFC 285 in March"". mmajunkie.usatoday.com. Retrieved 2023-01-04. - ^ MMA Junkie Staff (March 3, 2023). ""UFC 285 weigh-in results: Title fights set, but two come in heavy in Las Vegas"". MMA Junkie. Retrieved March 3, 2023. - ^ Dylan Rush (2023-03-04). ""UFC 285: Shavkat Rakhmonov batters, chokes out game Geoff Neal in toughest test yet"". Cageside Press. Retrieved 2023-03-04. - ^ a b ""UFC 285 bonuses: New champs among $50,000 winners in Las Vegas"". mmajunkie.usatoday.com. 2023-03-05. Retrieved 2023-03-05. - ^ Peter Carroll (14 June 2023). ""Exclusive Ian Machado Garry to face Geoff Neal at UFC 292 in Boston"". RTÉ.ie. - ^ Mike Bohn (2023-08-09). ""Geoff Neal out of UFC 292 fight vs. Ian Machado Garry in Boston"". mmajunkie.usatoday.com. Retrieved 2023-08-09. - ^ Mike Bohn (2023-08-09). ""Neil Magny replaces Geoff Neal, meets Ian Machado Garry on short notice at UFC 292"". mmajunkie.usatoday.com. Retrieved 2023-08-09. - ^ Mike Bohn (2023-12-21). ""Ian Garry vs. Geoff Neal shifted from Miami to UFC 298 in Anaheim"". MMAJunkie.com. Retrieved 2023-12-22. - ^ Nate Wilcox (2024-02-18). ""UFC 298: Ian Machado Garry draws boos in win over Geoff Neal"". Bloody Elbow. Retrieved 2024-02-18. - ^ Mike Bohn (2024-08-04). ""Rafael dos Anjos vs. Geoff Neal added to stacked UFC 308 lineup in Abu Dhabi"". mmajunkie.usatoday.com. Retrieved 2024-08-04. - ^ Brett Cagle (2024-10-26). ""UFC 308: Rafael dos Anjos Injured, Geoff Neal Earns TKO Win"". cagesidepress.com. Retrieved 2024-10-26. - ^ Nolan King (2025-02-19). ""UFC 314 adds Geoff Neal vs. Carlos Prates banger to Miami"". mmajunkie.usatoday.com. Retrieved 2025-02-20. - ^ Mathew Riddle (2025-03-29). ""UFC 314 hit by huge main card cancellation"". si.com. Retrieved 2025-03-29. - ^ Bartłomiej Zubkiewicz. ""Geoff Neal kontra Carlos Prates planowane na UFC 319"". mmarocks.pl. Retrieved 2025-07-07. (in Polish) - ^ UFC Staff (2024-01-14). ""UFC Honors President's Choice Awards 2023"". ufc.com. Archived from the original on 2024-01-14. Retrieved 2025-01-13. {{cite web}} : CS1 maint: bot: original URL status unknown (link) - ^ UFC Staff (23 December 2023). ""THE FIGHTS - THE 2023 UFC.COM AWARDS"". Ultimate Fighting Championship. - ^ Nolan King (January 4, 2020). ""MMA Junkie's 2019 'Under-the-Radar Fighter of the Year': Geoff Neal"". mmajunkie.com. - ^ Morgan, John (17 January 2019). ""UFC's Geoff Neal won't quit server job until he's got $1 million in the bank"". MMAJunkie. Retrieved 1 May 2019. - ^ ""Geoff Neal (""Handz of Steel"") | MMA Fighter Page"". Tapology. Retrieved 1 May 2019. - ^ Damon Martin (December 13, 2019). ""Geoff Neal finally quit his job as a server, now he's solely focused on conquering the UFC's best"". mmafighting.com. - ^ Fernando Quiles Jr. (June 23, 2020). ""Geoff Neal Not Happy With UFC Layoff, Returns To Second Job"". MMANews.com. - ^ Farah Hannoun, Mike John (August 19, 2020). ""UFC's Geoff Neal shares frightening details of going into septic shock due to infection"". MMA Junkie. Retrieved August 12, 2022. - ^ Steven Marrocco (December 2, 2021). ""Geoff Neal faces misdemeanor DUI, gun charge after Thanksgiving day arrest"". MMAFighting.com. Retrieved December 2, 2021.",2019-05-01,https://en.wikipedia.org/wiki/Geoff_Neal
UFC 319 Preview and Prediction: Carlos Prates – Geoff Neal,"Tomorrow night on the main card of UFC 319, we will see a banger of a matchup in the welterweight division. Dangerous strikers will collide as 11th ranked Geoff Neal (16-6) takes on 12th ranked Carlos Prates (21-7). These two were originally supposed to fight back in April, but Neal pulled out of the fight. With that Prates was moved to the main event of UFC Kansas City where he took on Ian Machado Garry. After a slow start in that one, Prates nearly finished Machado Garry in the fifth round, but Machado Garry managed to survive and win a decision. That decision loss snapped an 11-fight win streak for Prates which included his first four UFC fights. He’ll look to bounce back against Geoff Neal tomorrow night. It’s been just under a year since the last time we saw Neal and we only saw him for 90 seconds in his last bout. He took on Rafael Dos Anjos and RDA injured his knee early on in the fight. It went down as a TKO win for Neal which snapped his two-fight losing streak. Overall, Neal is 3-4 in his last seven after starting 5-0 in the UFC. I find myself always struggling when Geoff Neal fights because I really don’t know what to expect. Neal gives you flashes of greatness like his brilliant performance against Vicente Luque but then he’ll look rather flat like he did in his decision loss against Ian Machado Garry. He’s incredibly dangerous, but it feels like he struggles with aggression in his fights. He’s going to need to find that dog in him to win tomorrow night at UFC 319. Neal is the faster of the two but he’s going to need to get inside. Carlos Prates is incredibly dangerous and he fights incredibly well from range. If Neal can’t get inside, he’s going to get picked apart with the straight and long shots coming at him from Prates. I like Carlos Prates in this matchup. I just feel like he’s going to come out with more to prove coming off that loss and I expect him to really do a lot of damage with straight shots which will make Neal even more hesitant to pull the trigger. Neal has a helluva chin so I think we go the distance at UFC 319, but I think Prates gets his hand raised. Prediction: Carlos Prates by Decision More must-reads: Get the latest news and rumors, customized to your favorite sports and teams. Emailed daily. Always free!",2025-08-15,https://www.yardbarker.com/mma/articles/ufc_319_preview_and_prediction_carlos_prates_geoff_neal/s1_15032_42591518
AI Predicts Geoff Neal vs Carlos Prates: Who Will Win?,"16 Aug Our AI model analyzes a wide range of data to generate a prediction for the upcoming fight between Geoff Neal and Carlos Prates. This includes statistics, past performance, style, and momentum. Click the button below to reveal the forecast. Disclaimer: This forecast is for informational purposes only and does not constitute betting advice or a recommendation. No responsibility is taken for any decisions based on this content. The Tale of the Tape data is compiled from publicly available information on Sherdog | Geoff Neal | Carlos Prates | |---|---| | USA | Brazil | | 16 - 6 - 0 (10 KOs) | 21 - 7 - 0 (16 KOs) | | middleweight (185 lbs / 83,9 kg) | welterweight (170 lbs / 77,1 kg) | | Age | | | Wins | | | Losses | | | Anthropometry | | The scheduled 3-round welterweight bout will take place on August 16, 2025. The full fight night schedule, including local start times for various countries, is listed below. Check the schedule to see when the event begins in your region. The fight night will start on Saturday, August 16 at 6:00 PM ET (New York time). The fight night will start on Saturday, August 16 at 3:00 PM PT (Los Angeles time). The fight night will start on Saturday, August 16 at 6:00 PM ET (Toronto time). The fight night will start on Saturday, August 16 at 11:00 PM BST (London time). The fight night will start on Sunday, August 17 at 12:00 AM SAST (Johannesburg time). The fight night will start on Sunday, August 17 at 6:00 AM PHT (Manila time). The fight night will start on Sunday, August 17 at 8:00 AM AEST (Sydney time). The fight night will start on Sunday, August 17 at 10:00 AM NZST (Wellington time). Note that the main event ring walk typically takes place about 1 to 1.5 hours after the main card begins. If you're mainly interested in the headline bout, there’s still some time — but it’s always worth watching the full card. You can stream the Neal vs Prates fight via ESPN PPV. Disclaimer: Some links to streaming or pay-per-view on this page may be affiliate links. If you make a purchase through them, we may earn a commission — at no extra cost to you. The fight will be held at the United Center in Chicago, Illinois, USA. Full Fight card for Geoff Neal vs Carlos Prates: Fight card subject to change | Division | Fighter #1 | Fighter #2 | Notes | |---|---|---|---| | middleweight (185 lbs) | Dricus Du Plessis (23 - 2 - 0) | Khamzat Chimaev (14 - 0 - 0) | UFC | | featherweight (145 lbs) | Lerone Murphy (16 - 0 - 1) | Aaron Pico (13 - 4 - 0) | | | welterweight (170 lbs) | Geoff Neal (16 - 6 - 0) | Carlos Prates (21 - 7 - 0) | | | middleweight (185 lbs) | Jared Cannonier (18 - 8 - 0) | Michael Page (23 - 3 - 0) | | | flyweight (125 lbs) | Tim Elliott (20 - 13 - 1) | Kai Asakura (21 - 5 - 0) | | | lightweight (155 lbs) | Bobby Green (32 - 17 - 1) | Diego Ferreira (19 - 6 - 0) | | | middleweight (185 lbs) | Gerald Meerschaert (37 - 19 - 0) | Michal Oleksiejczuk (20 - 9 - 0) | | | middleweight (185 lbs) | Baysangur Susurkaev (9 - 0 - 0) | Eric Nolan (8 - 3 - 0) | | | strawweight (115 lbs) | Jessica Andrade (26 - 14 - 0) | Lupita Godinez (13 - 5 - 0) | | | lightweight (155 lbs) | Chase Hooper (16 - 3 - 1) | Alexander Hernandez (16 - 8 - 0) | | | lightweight (155 lbs) | Edson Barboza (24 - 12 - 0) | Drakkar Klose (15 - 3 - 1) | | | middleweight (185 lbs) | Bryan Battle (12 - 2 - 0) | Nursulton Ruziboev (36 - 9 - 2) | | | flyweight (125 lbs) | Karine Silva (18 - 5 - 0) | Dione Barbosa (8 - 3 - 0) | | | welterweight (170 lbs) | Rodrigo Sezinando (8 - 1 - 0) | Daniil Donchenko (11 - 2 - 0) | | | flyweight (125 lbs) | Alibi Idiris (10 - 0 - 0) | Joseph Morales (12 - 2 - 0) | A compelling striking battle is scheduled for UFC 319 on August 16, 2025, as Geoff Neal makes a move up in weight to face Carlos Prates at the United Center in Chicago. Geoff ""Handz of Steel"" Neal, known for his powerful boxing, will be competing at middleweight for this contest. He is coming off a significant technical knockout victory over former champion Rafael Dos Anjos in October 2024. This bout will be an important indicator of how his power translates to the new division. His opponent, Carlos ""The Nightmare"" Prates, is a dynamic Brazilian striker also known for his finishing ability. The fellow southpaw will be looking to rebound after suffering his first UFC loss, a decision against Ian Garry in April 2025. This matchup provides an immediate opportunity for him to get back into the win column against a dangerous opponent. The intrigue of this fight lies in the confrontation between two skilled southpaw knockout artists. The central question is whether Neal can carry his power effectively into a higher weight class, and how Prates will respond after his first promotional defeat. The outcome is significant for both fighters' paths moving forward.",2025-08-16,https://boxing-schedule.com/mma/neal-vs-prates/prediction/
Geoff Neal vs Carlos Prates,"UFC 319 fight card, start time, date and location for the upcoming Dricus du Plessis vs. Khamzat Chimaev-led championship pay-per-view (PPV) event on Sat., Aug 16, 2025, inside United Center in... Date: August 16, 2025 | Geoff Neal | Carlos Prates | | |---|---|---| | 34 | age | | | 5'11 | height | | | 170lbs | weight |",2025-06-17,https://www.mmafighting.com/fight/15754/geoff-neal-vs-carlos-prates
"Neal injured, UFC 314 bout vs. Prates off","Neal injured, UFC 314 bout vs. Prates off Geoff Neal has withdrawn from his welterweight fight against Carlos Prates at UFC 314 on April 12 in Miami due to an injury, the promotion announced Saturday. Prates will not remain on the card, though UFC play-by-play commentator Jon Anik teased that ""big news"" involving Prates will come in the next few weeks. Neal, the No. 10-ranked fighter at 170 pounds, is coming off a TKO win over former lightweight champion Rafael dos Anjos at UFC 308 last October. He's 1-2 in his past three Octagon appearances. Prates, ranked No. 13, is a surging contender in the division. The 31-year-old Brazilian made his UFC debut in February 2024 and has won four straight fights by knockout. Prates most recently finished Neil Magny in the first round last November. A vacant featherweight title bout between former champion Alexander Volkanovski and Diego Lopes will headline UFC 314.",2025-03-30,https://www.thescore.com/mma/news/3253585
Geoffrey Neal vs Carlos Prates,"75.0% | Line | Break Even | Grade | |---| | Betonline.ag | -325 | 76.5% | CCarlos Prates| Betonline.ag | -325 | | Break Even | 76.5% | | Probability | 75.0% | | Grade | C | For this to be profitable, Carlos Prates must be more likely than 76.5% to win. However, the calculated probability is 75.0%, less likely, giving this bet a C grade. | | Bovada | -370 | 78.7% | FCarlos Prates| Bovada | -370 | | Break Even | 78.7% | | Probability | 75.0% | | Grade | F | For this to be profitable, Carlos Prates must be more likely than 78.7% to win. However, the calculated probability is 75.0%, less likely, giving this bet a F grade. | | Fanduel | -400 | 80.0% | FCarlos Prates | -400 | | Break Even | 80.0% | | Probability | 75.0% | | Grade | F | For this to be profitable, Carlos Prates must be more likely than 80.0% to win. However, the calculated probability is 75.0%, less likely, giving this bet a F grade. | | 25.0% | Line | Break Even | Grade | |---| | Fanduel | 290 | 25.6% | CGeoffrey Neal | 290 | | Break Even | 25.6% | | Probability | 25.0% | | Grade | C | For this to be profitable, Geoffrey Neal must be more likely than 25.6% to win. However, the calculated probability is 25.0%, less likely, giving this bet a C grade. | | Bovada | 285 | 26.0% | CGeoffrey Neal| Bovada | 285 | | Break Even | 26.0% | | Probability | 25.0% | | Grade | C | For this to be profitable, Geoffrey Neal must be more likely than 26.0% to win. However, the calculated probability is 25.0%, less likely, giving this bet a C grade. | | Betonline.ag | 275 | 26.7% | CGeoffrey Neal| Betonline.ag | 275 | | Break Even | 26.7% | | Probability | 25.0% | | Grade | C | For this to be profitable, Geoffrey Neal must be more likely than 26.7% to win. However, the calculated probability is 25.0%, less likely, giving this bet a C grade. | |",2025-03-29,https://mattsbets.com/events/mma/2025-04-12/geoffrey-neal-vs-carlos-prates
"Geoff Neal vs. Carlos Prates prediction, pick, start time for UFC 319","Geoff Neal vs. Carlos Prates prediction, pick, start time for UFC 319 Geoff Neal and Carlos Prates meet on the main card of UFC 319 at United Center in Chicago. Check out this quick breakdown of the matchup from MMA Junkie analyst Dan Tom. Last event: 4-2 UFC main cards, 2025: 80-60-1 Geoff Neal vs. Carlos Prates UFC 319 preview Neal (16-6 MMA, 8-4 UFC) will look to make it back-to-back victories following a first-round finish of former lightweight champion Rafael dos Anjos at UFC 308. The result ended a two-fight skid against Shavkat Rakhmonov and Ian Machado Garry. Prior to those setbacks, ""Handz of Steel"" won a split decision over Santiago Ponzinibbio and finished Vicente Luque in consecutive fights. ... Prates (21-7 MMA, 4-1 UFC) suffered his first UFC loss in April by decision against Ian Machado Garry. Prior to that, Prates left a trail of wreckage in stoppages of Trevin Giles, Charles Radtke, Li Jingliang and Neil Magny. Geoff Neal vs. Carlos Prates UFC 319 expert pick, prediction Filling out the main card is a striker's delight at welterweight between Geoff Neal and Carlos Prates. Aside from this being a tricky southpaw vs. southpaw affair, I'm also a big fan of both fighters, so picking this one was difficult. On one hand, I Neal is a traditionally durable power puncher whose offensive output will keep him as both a knockout and scoring threat for all three frames. So if this fight extends, Neal will probably be live due to Prates' sometimes lower-output approach. However, when looking at past performances of Prates against fellow southpaws, the Fighting Nerds product appears to be incredibly comfortable fighting other lefties – even showing the ability to still find his favored killshots to the liver. I don't like picking against Fortis MMA fighters, but I'll officially side with Prates to score another body-knee knockout by the end of Round 2. Geoff Neal vs. Carlos Prates UFC 319 odds The oddsmakers and the public favor the Brazilian fighter, listing Prates -235 and Neal +194 via FanDuel. Geoff Neal vs. Carlos Prates UFC 319 start time, how to watch Neal and Prates are expected to walk to the cage at approximately 11:10 p.m. ET. The fight broadcasts live on ESPN+ pay-per-view. This article originally appeared on MMA Junkie: UFC 319: Geoff Neal vs. Carlos Prates prediction, pick, start time",2025-08-16,https://ca.sports.yahoo.com/news/geoff-neal-vs-carlos-prates-160052451.html
UFC 319 adds Geoff Neal vs. Carlos Prates to Chicago,"UFC 319 adds Geoff Neal vs. Carlos Prates to Chicago A welterweight banger that was booked once before is back on the UFC's books. Contenders Geoff Neal and Carlos Prates will square off in a three-round clash at UFC 319, which takes place Aug. 16 at United Center in Chicago, the promotion announced Sunday. Neal (16-6 MMA, 8-4 UFC) vs. Prates (21-7 MMA, 4-1 UFC) was previously booked for UFC 314 in April. It was canceled as Neal withdrew for undisclosed reasons. Prates was pushed back two weeks and headlined UFC on ESPN 66 against Ian Machado Garry, who won by unanimous decision. The Machado Garry loss was Prates' first in his UFC tenure after a skyrocketing run to contendership that included knockouts of Trevin Giles, Charles Radtke, Li Jingliang, and Neil Magny. Neal has not competed since a 90-second TKO win (due to injury) over Rafael dos Anjos in August 2024. The win bounced Neal back into the win column after consecutive losses to Shavkat Rakhmonov and Machado Garry. With the addition, the UFC 319 lineup includes: - Champion Dricus Du Plessis vs. Khamzat Chimaev – for middleweight title - Jared Cannonier vs. Michael Page - Geoff Neal vs. Carlos Prates - Tim Elliott vs. Kai Asakura - Edson Barboza vs. Drakkar Klose - Jessica Andrade vs. Loopy Godinez - Diego Ferreira vs. King Green - Bryan Battle vs. Nursulton Ruziboev - Gerald Meerschaert vs. Michal Oleksiejczuk - JJ Aldrich vs. Karine Silva - Alexander Hernandez vs. Chase Hooper",2025-07-13,https://mmajunkie.usatoday.com/story/sports/ufc/2025/07/13/ufc-319-chicago-fight-card-geoff-neal-vs-carlos-prates/84437777007/
UFC 319's Geoff Neal: Carlos Prates 'might be bullsh*tting' about strategy change,"UFC 319's Geoff Neal: Carlos Prates 'might be bullsh*tting' about strategy change CHICAGO – Geoff Neal's approach to his upcoming bout at UFC 319 is a simple one: Be ready for anything and end it quickly. Saturday on the main card of UFC 319 (ESPN+ pay-per-view), Neal (16-6 MMA, 8-4 UFC) faces Carlos Prates in a key bout for the welterweight division. The matchup was initially set to take place in April at UFC 314, but Neal had to withdraw. Prates (21-7 MMA, 4-1 UFC) decided to face Ian Machado Garry two weeks later and suffered the first loss of his UFC run, ending an 11-fight winning streak. Prates told reporters he learned a few things from that fight, and may change his approach this time around to implement some grappling. Neal isn't too concerned with how his opponent's strategy may change, and expects things to be settled on the feet. ""I'm ready for whatever,"" Neal told reporters at Wednesday's media day. ""I don't expect him to try to grapple me. I feel like we're just gonna sit in the middle of the cage and just beat each other up."" It's that type of fight that has Neal believing he can end things quickly once the cage door shuts. In his last outing, Neal picked up an injury TKO victory over former lightweight champion Rafael dos Anjos in the first round after heated striking exchanges. Neal knows Prates is skilled, but he likes his chances of standing and trading with the best. He previously predicted a first-round ending and is sticking to it. ""He's a good fighter, he's a tough fighter – I'm not saying I'll finish him in the first round like he's a trash fighter,"" Neal said. ""He's still a top-level, high-level fighter, but I feel like I got what it takes to take him out in the first round."" But what if Prates really does want to try to test Neal's grappling? It would be quite the change of pace for Prates, who finished all of his UFC wins before reaching the third round. A more strategic approach is certainly possible after suffering his first loss in the UFC, as Prates said he wants to find a way to win without worrying about a finish. However, Neal isn't discounting the possibility that his opponent could be playing mind games, too. ""I guess I'm gonna practice some get-ups tonight,"" Neal said. ""I don't know what (just searching for the win) means. I guess I need to work on some jitz tonight just in case he tries to take me down. ... He might be bullsh*tting. Might be trying to get me worried about takedowns to get my hands to stay low so he can throw something over the top. I don't know what to expect. I'm just gonna be ready for anything.""",2025-08-13,https://mmajunkie.usatoday.com/story/sports/ufc/2025/08/13/ufc-319-geoff-neal-carlos-prates-grappling-strategy/85651624007/
"Neal vs. Prates Prediction, Expert Pick for UFC 319","The UFC stops in Chicago this weekend for the fight card of the year with UFC 319. Before we get to the main event, we'll have a featured welterweight bout with Geoff Neal vs. Carlos Prates on the main PPV card. As soon as Neal vs. Prates was announced for UFC 319, it's been circled as an exciting one to watch for UFC fans. Now, we get it as a build up to the Du Plessis vs. Chimaev title fight. We'll analyze this welterweight fight and give you our Neal vs. Prates prediction and expert pick, fighter stats, and PrizePicks UFC picks for Neal vs. Prates at UFC 319. 💰 Sign up with PrizePicks promo code PLAYBOOK: Get $50 instantly in Lineups after your first $5+ Lineup Neal vs. Prates Preview for UFC 319 Geoff Neal says that he fully expects this fight not to leave Round 1. With the way both Neal and Carlos Prates throw down, with 26 knockouts between the two, this is a very big possibility. Neal is not one to shy away from a firefight, and Prates is usually there to oblige. This one should be thrilling from the rip. Even with so many great fights on this historic fight card, there is a solid chance that this fight walks away with Fight of the Night honors for however long it lasts. Make your UFC 319 predictions count on PrizePicks, where winning real money on UFC is as simple as possible. Just pick More or Less on fight time or significant strikes on any fight, including Neal vs. Prates, then track the action live and cash out if your picks hit. Neal vs. Prates Start Time & Stats for UFC 319 The UFC heads to Chicago, Illinois, for UFC 319, which is shaping up to be the fight card of the year, with the Du Plessis vs. Chimaev Middleweight Title fight headlining However, it is Neal vs. Prates on the main card that is one fight that could steal the show come fight night. Neal vs. Prates: How to Watch, Start Time - Geoff Neal vs. Carlos Prates - Welterweight - Date: Saturday, August 16, 2025 - Neal vs. Prates Start Time: 11 p.m. ET (estimate) | Main Card – 10 p.m. ET - Location: United Center, Chicago, Illinois - TV: ESPN+ PPV Geoff Neal Stats & Results - Overall Record: 16-6 - UFC Record: 8-4 - Last 5 Fights: 3-2 - Height: 5’11” - Reach: 75” - Significant Strikes Landed Per Minute: 5.05 - Takedowns Landed Per 15 Minutes: 0.56 - Last Fight: Win vs. Rafael dos Anjos - KO/TKO R1 - Finishes: 12 (10 KO/TKO/2 SUB) Carlos Prates Stats & Results - Overall Record: 21-7 - UFC Record: 4-1 - Last 5 Fights: 4-1 - Height: 6’1” - Reach: 78” - Significant Strikes Landed Per Minute: 3.60 - Takedowns Landed Per 15 Min: 0.25 - Last Fight: Loss vs. Ian Machado Garry - Decision - Finishes: 19 (16 KO/TKO/3 SUB) Neal vs. Prates Prediction for UFC 319 I can’t say it enough: get excited for this Neal vs. Prates fight, and don’t leave your seat the moment they touch gloves. These two are seemingly coming to take each other’s heads off, and it could be over in a matter of minutes. However, both of these fighters are conditioned to go the full 15 minutes; their fighting style suggests otherwise. 💰 Use PrizePicks Promo Code ""Playbook"" to claim $50 instantly in Lineups after your first $5+ Lineup Neal is the shorter fighter who loves to utilize his boxing. He’s going to need to utilize his calf kicks to chop down Prates and press forward to get into the pocket. From there, he can land his thunderous strikes and really put it on Prates. Prates, on the other hand — as the taller and lankier fighter — loves to utilize his long-range attacks to keep his opponents at bay. The teep kicks, the jab, and just utilizing his reach advantage are going to be key for him in this matchup. It just might come down to who hits who first and who hits harder, but regardless, you won't want to miss it. Neal vs. Prates Prediction — 10.75 Minutes Fight Time - Prates’ average fight time is 9:49 - Neal’s average fight time is 10:14 - Prates has seen a third round only once in his UFC career - Neal and Prates combine for 14 first-round finishes Make Neal vs. Prates Predictions on PrizePicks Neal vs. Prates features two heavy-hitting welterweights in a exciting bout at UFC 319 before the two featured fights on the main card. UFC 319: Du Plessis vs. Chimaev is set for Saturday, August 16, live on ESPN+ PPV from the United Center in Chicago, Ill. The UFC 319 card is one of the most exciting of the year, and Neal vs. Prates is one you won't want to miss. Lock in your predictions on PrizePicks to make fight night even more exciting. You can win real money by making UFC 319 predictions on PrizePicks — from the first fight of the night all the way to middleweight title fight to end the night. Just go to the PrizePicks MMA board, pick two or more UFC fighter projections, lock in your Lineup, and cash in if your picks are on point.",2025-08-16,https://www.prizepicks.com/playbook-article/neal-vs-prates-prediction-pick-ufc-319
Video: UFC 319 'Countdown' for Geoff Neal vs. Carlos Prates,"UFC Video: UFC 319 'Countdown' for Geoff Neal vs. Carlos Prates MMA Junkie Did you miss the debut of UFC 319 ""Countdown"" or just want to watch it again? Check out the featured bout preview now. The segment takes a special look at the main card welterweight fight between Geoff Neal (16-6 MMA, 8-4 UFC) anmd Carlos Prates (21-7 MMA, 4-1 UFC). UFC 319 (pay-per-view, ESPN, ESPN+) takes place Saturday at United Center in Chicago. ""Countdown"" goes behind the scenes with the two fighters, and you can watch the full segment above. And don't miss the entire episode in the video below.",2025-08-11,https://mmajunkie.usatoday.com/story/sports/ufc/2025/08/11/ufc-319-countdown-preview-video-geoff-neal-vs-carlos-prates-chicago/85602520007/
Geoff Neal - Wikipedia,"Geoff Neal | Geoff Neal | | |---|---| | Born | Geoffrey Charles Neal[1] August 28, 1990 Austin, Texas, U.S. | | Other names | Handz of Steel | | Residence | Dallas, Texas, U.S. | | Height | 5 ft 11 in (180 cm) | | Weight | 170 lb (77 kg; 12 st 2 lb) | | Reach | 75 in (191 cm) | | Fighting out of | Dallas, Texas, U.S. | | Team | Fortis MMA[2] | | Trainer | Sayif Saud[2] | | Rank | Purple belt in Brazilian Jiu-Jitsu[3] | | Years active | 2012–present | | Mixed martial arts record | | | Total | 22 | | Wins | 16 | | By knockout | 10 | | By submission | 2 | | By decision | 4 | | Losses | 6 | | By knockout | 1 | | By submission | 2 | | By decision | 3 | | Amateur record | | | Total | 11 | | Wins | 10 | | By submission | 1 | | Losses | 1 | | Other information | | | University | Texas Lutheran | | Mixed martial arts record from Sherdog | Geoffrey Charles Neal (born August 28, 1990) is an American professional mixed martial artist. He currently competes in the Welterweight division of the Ultimate Fighting Championship (UFC). As of July 29, 2025, he is #11 in the UFC welterweight rankings.[4] Background [edit]Neal was born in Austin, Texas, United States.[5] He played football at private university Texas Lutheran. However, he did not like the football program there and transitioned to compete in MMA, coached under Sayif Saud.[2] Mixed martial arts career [edit]Early career [edit]Neal made his amateur debut in 2010, a second-round win by knockout against Bobby Hernandez. He competed in a total of seven amateur matches, ending with a 6–1 amateur record. Before being signed by the UFC, Neal competed in a total of ten mixed martial arts matches, winning eight and losing two of them.[6] Dana White's Tuesday Night Contender Series [edit]Neal appeared on Dana White's Contender Series 3 and faced Chase Waldon. He won the fight via technical knockout in the first round[7] and was signed by the UFC.[8] Ultimate Fighting Championship [edit]Neal made his promotional debut on February 18, 2018, against Brian Camozzi at UFC Fight Night: Cowboy vs. Medeiros.[9] He won the bout via submission in the first round.[10] Neal next faced Frank Camacho on September 8, 2018, at UFC 228.[11] He won the fight via knockout in the second round.[12] Neal faced Belal Muhammad on January 19, 2019, at UFC Fight Night: Cejudo vs. Dillashaw.[13] He won the fight by unanimous decision.[14] Neal faced Niko Price on July 27, 2019, at UFC 240.[15] He won the fight via technical knockout in round two.[16] This fight earned him the Performance of the Night award.[17] Neal faced Mike Perry on December 14, 2019, at UFC 245.[18] He won the fight via first-round technical knockout.[19] Neal was expected to face Neil Magny on August 29, 2020, at UFC Fight Night 175.[20] However, Neal withdrew from the event due to health issues and he was replaced by Robbie Lawler.[21] Neal faced Stephen Thompson on December 19, 2020, in the headliner of UFC Fight Night 183.[22] He lost the fight via unanimous decision.[23] Neal faced Neil Magny at UFC on ESPN 24 on May 8, 2021.[24] He lost the fight via unanimous decision.[25] Neal faced Santiago Ponzinibbio on December 11, 2021, at UFC 269.[26] He won the back-and-forth bout via split decision.[27] 10 out of 14 media scores gave it to Neal.[28] Neal faced Vicente Luque on August 6, 2022, at UFC on ESPN 40.[29] He won the fight via knockout in round three.[30] This win earned him the Performance of the Night award.[31] Neal was scheduled to face Shavkat Rakhmonov on January 14, 2023, at UFC Fight Night 217.[32] However, on December 29, Neal pulled out due to undisclosed injury.[33] The pair was rescheduled for UFC 285 on March 4, 2023.[34] At the weigh-ins on March 3, Neal weighed in at 175 pounds, 4 pounds over the non-title welterweight limit. As a result, the bout proceeded as a catchweight and Neal was fined 30% of his fight purse, which went to Rakhmonov.[35] He lost the fight via a rear-naked choke submission in the third round.[36] Despite his failure to make weight, UFC president Dana White was so pleased with the fight and impressed with Neal's outing that Neal still received his share of the Fight of the Night award.[37] Neal was scheduled to face Ian Machado Garry at UFC 292 on August 19, 2023.[38] However, Neal withdrew due to undisclosed health reasons,[39] and was replaced by Neil Magny.[40] A bout with Garry was rescheduled and took place on February 17, 2024, at UFC 298.[41] Neal lost in a competitive bout by split decision.[42] Neal faced Rafael dos Anjos on October 26, 2024, at UFC 308.[43] He won the fight via technical knockout in round one after dos Anjos suffered a knee injury.[44] Neal was scheduled to face Carlos Prates on April 12, 2025 at UFC 314.[45] However, Neal withdrew from the fight for unknown reasons and the bout was subsequently cancelled.[46] The bout has since been re-scheduled to take place on August 16, 2025 at UFC 319.[47] Championships and accomplishments [edit]- Ultimate Fighting Championship - Performance of the Night (Two times) vs. Niko Price and Vicente Luque[17][31] - Fight of the Night (One time) vs. Shavkat Rakhmonov[37] - UFC Honors Awards - UFC.com Awards - MMAJunkie.com - 2019 Under-the-Radar Fighter of the Year[50] Personal life [edit]Neal worked as a server at a Texas Roadhouse in Dallas for ten years until his fight with Mike Perry in late 2019.[51][52][53] In June 2020, Neal revealed he had returned to his job as a server after failing to get fights scheduled.[54] In August 2020, Neal revealed he went into septic shock after suffering from an unspecified infection. Neal was admitted to the intensive care unit where it was determined he was also experiencing congestive heart and kidney failure. After taking some time to recover, Neal resumed his mixed martial arts career in December 2020.[55] On November 25, 2021, Neal was arrested in Collin County, Texas on charges of driving under the influence and unlawful possession of a firearm, two misdemeanors. He was later released from jail on $2,000 bond.[56] Mixed martial arts record [edit]| 22 matches | 16 wins | 6 losses | | By knockout | 10 | 1 | | By submission | 2 | 2 | | By decision | 4 | 3 | | Res. | Record | Opponent | Method | Event | Date | Round | Time | Location | Notes | |---|---|---|---|---|---|---|---|---|---| | Win | 16–6 | Rafael dos Anjos | TKO (knee injury) | UFC 308 | October 26, 2024 | 1 | 1:30 | Abu Dhabi, United Arab Emirates | | | Loss | 15–6 | Ian Machado Garry | Decision (split) | UFC 298 | February 17, 2024 | 3 | 5:00 | Anaheim, California, United States | | | Loss | 15–5 | Shavkat Rakhmonov | Submission (rear-naked choke) | UFC 285 | March 4, 2023 | 3 | 4:17 | Las Vegas, Nevada, United States | Catchweight (175 lb) bout; Neal missed weight. Fight of the Night. | | Win | 15–4 | Vicente Luque | KO (punches) | UFC on ESPN: Santos vs. Hill | August 6, 2022 | 3 | 2:01 | Las Vegas, Nevada, United States | Performance of the Night. | | Win | 14–4 | Santiago Ponzinibbio | Decision (split) | UFC 269 | December 11, 2021 | 3 | 5:00 | Las Vegas, Nevada, United States | | | Loss | 13–4 | Neil Magny | Decision (unanimous) | UFC on ESPN: Rodriguez vs. Waterson | May 8, 2021 | 3 | 5:00 | Las Vegas, Nevada, United States | | | Loss | 13–3 | Stephen Thompson | Decision (unanimous) | UFC Fight Night: Thompson vs. Neal | December 19, 2020 | 5 | 5:00 | Las Vegas, Nevada, United States | | | Win | 13–2 | Mike Perry | TKO (head kick and punches) | UFC 245 | December 14, 2019 | 1 | 1:30 | Las Vegas, Nevada, United States | | | Win | 12–2 | Niko Price | TKO (punches) | UFC 240 | July 27, 2019 | 2 | 2:39 | Edmonton, Alberta, Canada | Performance of the Night. | | Win | 11–2 | Belal Muhammad | Decision (unanimous) | UFC Fight Night: Cejudo vs. Dillashaw | January 19, 2019 | 3 | 5:00 | Brooklyn, New York, United States | | | Win | 10–2 | Frank Camacho | KO (head kick) | UFC 228 | September 8, 2018 | 2 | 1:23 | Dallas, Texas, United States | | | Win | 9–2 | Brian Camozzi | Submission (rear-naked choke) | UFC Fight Night: Cowboy vs. Medeiros | February 18, 2018 | 1 | 2:48 | Austin, Texas, United States | | | Win | 8–2 | Chase Waldon | TKO (punches) | Dana White's Contender Series 3 | July 25, 2017 | 1 | 1:56 | Las Vegas, Nevada, United States | Middleweight bout. | | Win | 7–2 | Bilal Williams | TKO (punches) | LFA 16 | July 14, 2017 | 1 | 4:43 | Dallas, Texas, United States | | | Loss | 6–2 | Kevin Holland | TKO (punches) | Xtreme Knockout 34 | January 28, 2017 | 3 | 3:50 | Dallas, Texas, United States | For the vacant XKO Middleweight Championship. | | Win | 6–1 | Ty Flores | TKO (punches) | Rumble Time Promotions: Rage | October 23, 2015 | 1 | 3:58 | St. Charles, Missouri, United States | | | Win | 5–1 | Charlie Ontiveros | TKO (retirement) | Legacy FC 37 | November 14, 2014 | 2 | 5:00 | Houston, Texas, United States | Catchweight (172 lb) bout; Neal missed weight. | | Win | 4–1 | Christopher Anthony | Decision (unanimous) | Legacy FC 32 | June 20, 2014 | 3 | 5:00 | Bossier City, Louisiana, United States | | | Win | 3–1 | Armando Servin | Decision (unanimous) | Xtreme Knockout 19 | August 17, 2013 | 3 | 3:00 | Dallas, Texas, United States | | | Loss | 2–1 | Martin Sano | Submission (rear-naked choke) | 24/7 Entertainment 9 | April 19, 2013 | 3 | 1:25 | Odessa, Texas, United States | Return to Welterweight; Neal missed weight (172 lb). | | Win | 2–0 | Zack Board | TKO (punches) | Xtreme Knockout 17 | January 12, 2013 | 2 | 1:46 | Arlington, Texas, United States | Middleweight debut. | | Win | 1–0 | David McAfee | Submission (rear-naked choke) | Blood & Glory 1 | August 25, 2012 | 1 | 2:15 | Robstown, Texas, United States | Welterweight debut. | See also [edit]References [edit]- ^ ""Fighters Rec | Geoff Neal"". fightersrec. Retrieved 2024-08-18. - ^ a b c Golden, Cedric. ""Golden: Restaurant by day, UFC by night suits Geoff Neal fine — for now"". Austin American-Statesman. Retrieved 2019-06-29. - ^ ""Geoff Neal | UFC"". UFC.com. 14 September 2018. Retrieved June 6, 2021. - ^ ""UFC Rankings - The UFC app - | UFC.com"". www.ufc.com. Retrieved 2025-07-29. - ^ ""Geoff Neal"". UFC. 14 September 2018. Retrieved 1 May 2019. - ^ a b ""Geoff ""Handz of Steel"" Neal MMA Stats, Pictures, News, Videos, Biography"". Sherdog. Retrieved 1 May 2019. - ^ Baldwin, Nick (2017-07-25). ""Contender Series results: Roberson finishes Spann in 15 seconds"". Bloody Elbow. Archived from the original on 2023-02-03. Retrieved 2019-06-29. - ^ Segura, Danny (2017-07-25). ""DWTNCS 3 results: Karl Roberson, Geoffrey Neal earn UFC contracts after quick finishes"". MMA Fighting. Retrieved 2019-06-29. - ^ ""Contender Series's Geoff Neal Set to Make UFC Debut Against Brian Camozzi in Austin - MMA Today"". MMA Today. 2017-12-28. Archived from the original on 2017-12-29. Retrieved 2017-12-29. - ^ ""UFC Fight Night 126 results: Geoff Neal has 'Handz of Steel' vs. Brian Camozzi, but choke that's real"". MMAjunkie. 2018-02-19. Retrieved 2018-02-19. - ^ Mark Francescutti (2018-07-18). ""UFC 228 in Dallas bouts revealed"". sportsday.dallasnews.com. Archived from the original on 2019-05-17. Retrieved 2018-07-18. - ^ ""UFC 228 results: Geoff Neal scores vicious high-kick finish of Frank Camacho"". MMAjunkie. 2018-09-09. Retrieved 2018-09-09. - ^ Mark La Monica (2018-11-06). ""UFC on ESPN+ in Brooklyn gets its first scheduled bout"". newsday.com. Retrieved 2018-11-06. - ^ Dave Doyle (2019-01-19). ""UFC Brooklyn results: Geoff Neal scores impressive win over Belal Muhammad"". mmafighting.com. Retrieved 2019-01-21. - ^ Farah Hannoun (2018-06-26). ""Geoff Neal to fight Niko Price at UFC 240 in Edmonton"". mmajunkie.com. Retrieved 2019-06-26. - ^ Evanoff, Josh (2019-07-27). ""UFC 240 Results: Geoff Neal Finishes Niko Price"". Cageside Press. Retrieved 2019-07-28. - ^ a b Hiergesell, Dan (2019-07-28). ""UFC 240 Bonuses! Neal's Vicious TKO Finish Leads $50K Winners"". MMAmania.com. Retrieved 2019-07-28. - ^ Cruz, Guilherme (2019-10-31). ""Mike Perry vs. Geoff Neal booked for UFC 245 in December"". MMA Fighting. Retrieved 2019-11-06. - ^ Anderson, Jay (15 December 2019). ""UFC 245 Results: Geoff Neal Takes Just 90 Seconds to Stop Mike Perry"". Cageside Press. Retrieved 15 December 2019. - ^ DNA, MMA (2020-08-07). ""Geoff Neal treft Neil Magny tijdens UFC evenement op 29 augustus"". MMA DNA. Retrieved 2020-08-07. - ^ DNA, MMA (2020-08-10). ""BREAKING: UFC werkt aan partij tussen Robbie Lawler en Neil Magny voor 29 augustus"". MMA DNA. Retrieved 2020-08-10. - ^ ""Stephen Thompson vs. Geoff Neal in the works for UFC on ESPN+ 44 on Dec. 19"". MMA Junkie. 2020-11-04. Retrieved 2020-11-07. - ^ Doherty, Dan (2020-12-19). ""UFC Vegas 17 Results: Stephen Thompson Dominates Geoff Neal With Expert Striking"". Cageside Press. Retrieved 2020-12-20. - ^ Brett Okamoto (April 7, 2021). ""Sources: UFC finalizing Neil Magny, Geoff Neal matchup in May"". ESPN. Retrieved April 7, 2021. - ^ Doherty, Dan (2021-05-08). ""UFC Vegas 26 Results: Neil Magny Comes On Strong, Gets By Geoff Neal"". Cageside Press. Retrieved 2021-05-09. - ^ ""Geoff Neal vs. Santiago Ponzinibbio added to stacked UFC 269 lineup"". MMA Junkie. 2021-10-12. Retrieved 2021-10-12. - ^ Gibbons, Justin (2021-12-11). ""Geoff Neal Earns Split Decision Victory Over Santiago Ponzinibbio at UFC 269"". Cageside Press. Retrieved 2021-12-13. - ^ ""Geoff Neal def. Santiago Ponzinibbio :: UFC 269 :: MMA Decisions"". mmadecisions.com. Retrieved 2021-12-13. - ^ Matthew Wells and Nolan King (2022-05-12). ""Vicente Luque set to meet Geoff Neal at UFC Fight Night on Aug. 6"". mmajunkie.usatoday.com. Retrieved 2022-05-12. - ^ McClory, Mike (2022-08-07). ""UFC Vegas 59: Geoff Neal Puts Away Tough-As-Nails Vicente Luque in Third"". Cageside Press. Retrieved 2022-08-07. - ^ a b ""UFC on ESPN 40 bonuses: Jamahal Hill vs. Thiago Santos main event war among 5 total winners"". MMA Junkie. 2022-08-07. Retrieved 2022-08-07. - ^ Sherdog.com. ""Welterweights Geoff Neal, Shavkat Rakhmonov to Clash at UFC Fight Night on Jan. 14"". Sherdog. Retrieved 2022-10-10. - ^ ""Geoff Neal injured, out of UFC Fight Night 217 matchup against Shavkat Rakhmonov"". MMA Junkie. 2022-12-29. Retrieved 2022-12-29. - ^ Mike Bohn (2023-01-04). ""Geoff Neal vs. Shavkat Rakhmonov rescheduled for UFC 285 in March"". mmajunkie.usatoday.com. Retrieved 2023-01-04. - ^ MMA Junkie Staff (March 3, 2023). ""UFC 285 weigh-in results: Title fights set, but two come in heavy in Las Vegas"". MMA Junkie. Retrieved March 3, 2023. - ^ Dylan Rush (2023-03-04). ""UFC 285: Shavkat Rakhmonov batters, chokes out game Geoff Neal in toughest test yet"". Cageside Press. Retrieved 2023-03-04. - ^ a b ""UFC 285 bonuses: New champs among $50,000 winners in Las Vegas"". mmajunkie.usatoday.com. 2023-03-05. Retrieved 2023-03-05. - ^ Peter Carroll (14 June 2023). ""Exclusive Ian Machado Garry to face Geoff Neal at UFC 292 in Boston"". RTÉ.ie. - ^ Mike Bohn (2023-08-09). ""Geoff Neal out of UFC 292 fight vs. Ian Machado Garry in Boston"". mmajunkie.usatoday.com. Retrieved 2023-08-09. - ^ Mike Bohn (2023-08-09). ""Neil Magny replaces Geoff Neal, meets Ian Machado Garry on short notice at UFC 292"". mmajunkie.usatoday.com. Retrieved 2023-08-09. - ^ Mike Bohn (2023-12-21). ""Ian Garry vs. Geoff Neal shifted from Miami to UFC 298 in Anaheim"". MMAJunkie.com. Retrieved 2023-12-22. - ^ Nate Wilcox (2024-02-18). ""UFC 298: Ian Machado Garry draws boos in win over Geoff Neal"". Bloody Elbow. Retrieved 2024-02-18. - ^ Mike Bohn (2024-08-04). ""Rafael dos Anjos vs. Geoff Neal added to stacked UFC 308 lineup in Abu Dhabi"". mmajunkie.usatoday.com. Retrieved 2024-08-04. - ^ Brett Cagle (2024-10-26). ""UFC 308: Rafael dos Anjos Injured, Geoff Neal Earns TKO Win"". cagesidepress.com. Retrieved 2024-10-26. - ^ Nolan King (2025-02-19). ""UFC 314 adds Geoff Neal vs. Carlos Prates banger to Miami"". mmajunkie.usatoday.com. Retrieved 2025-02-20. - ^ Mathew Riddle (2025-03-29). ""UFC 314 hit by huge main card cancellation"". si.com. Retrieved 2025-03-29. - ^ Bartłomiej Zubkiewicz. ""Geoff Neal kontra Carlos Prates planowane na UFC 319"". mmarocks.pl. Retrieved 2025-07-07. (in Polish) - ^ UFC Staff (2024-01-14). ""UFC Honors President's Choice Awards 2023"". ufc.com. Archived from the original on 2024-01-14. Retrieved 2025-01-13. {{cite web}} : CS1 maint: bot: original URL status unknown (link) - ^ UFC Staff (23 December 2023). ""THE FIGHTS - THE 2023 UFC.COM AWARDS"". Ultimate Fighting Championship. - ^ Nolan King (January 4, 2020). ""MMA Junkie's 2019 'Under-the-Radar Fighter of the Year': Geoff Neal"". mmajunkie.com. - ^ Morgan, John (17 January 2019). ""UFC's Geoff Neal won't quit server job until he's got $1 million in the bank"". MMAJunkie. Retrieved 1 May 2019. - ^ ""Geoff Neal (""Handz of Steel"") | MMA Fighter Page"". Tapology. Retrieved 1 May 2019. - ^ Damon Martin (December 13, 2019). ""Geoff Neal finally quit his job as a server, now he's solely focused on conquering the UFC's best"". mmafighting.com. - ^ Fernando Quiles Jr. (June 23, 2020). ""Geoff Neal Not Happy With UFC Layoff, Returns To Second Job"". MMANews.com. - ^ Farah Hannoun, Mike John (August 19, 2020). ""UFC's Geoff Neal shares frightening details of going into septic shock due to infection"". MMA Junkie. Retrieved August 12, 2022. - ^ Steven Marrocco (December 2, 2021). ""Geoff Neal faces misdemeanor DUI, gun charge after Thanksgiving day arrest"". MMAFighting.com. Retrieved December 2, 2021.",2019-05-01,https://en.wikipedia.org/wiki/Geoff_Neal
