title,text,publish_date,url
"Gerald Meerschaert vs. Michał Oleksiejczuk, UFC 319 | MMA Bout | Tapology","Fighter Comparison | Meerschaert | Oleksiejczuk | ||| | #31 MiddleW (Worldwide) | Ranking | #36 MiddleW (Worldwide) | || | 37-19-0 MMA | Pro Record | 20-9-0 MMA | || | 2025 2024 | Last 5 Fights | 2025 2024 | || | +180 (Slight Underdog) | Betting Odds | -210 (Moderate Favorite) | || | | Nation | | || | Milwaukee Wisconsin | Fights out of | Sao Paulo Sao Paulo | || | 37 +7 mos, 4 wks, 1 day | Age at Fight | 30 +5 mos, 3 wks, 4 days | || | 185.0 lbs (83.9 kgs) | Weigh-In Result | 186.0 lbs (84.4 kgs) | || | 6'1"" (185cm) | Height | 6'0"" (184cm) | || | 77.5"" (197cm) | Reach | 74.0"" (188cm) | || | Kill Cliff FC | Gym | Fighting Nerds | Meerschaert vs. Oleksiejczuk Fight Predictions Fight Predictions Tapology Community Picks: 7,203 Bout Information Event Poster Fight Details - Event: UFC 319: Du Plessis vs. Chimaev - Date: Saturday 08.16.2025 at 06:30 PM ET - Referee: - Venue: United Center - Enclosure: Octagon - Location: Chicago, Illinois, United States - Bout Billing: Preliminary Card (fight 6 of 12) - Pro/Am: Professional - Weight: 185 lbs (83.9 kg) - Event Links: - Bout Links:",2025-05-13,https://www.tapology.com/fightcenter/bouts/1010148-ufc-319-gerald-gm3-meerschaert-vs-michal-hussar-oleksiejczuk
"Gerald Meerschaert vs. Michal Oleksiejczuk prediction, odds, pick for UFC 319","UFC 319: Du Plessis vs. Chimaev is reaching a feverish pitch from Chicago as we bring you another betting prediction and pick for this next bout in the Middleweight (185) Division. Kill Cliff's Gerald Meerschaert will take on Poland's Michal Oleksiejczuk in an exciting matchup between finishers. Check the UFC odds for our Meerschaert-Oleksiejczuk prediction and pick. Gerald Meerschaert (37-19) comes in with a 12-11 record with the UFC since 2016. He's been a mainstay within this division and has seen the highest highs and lowest lows, including a two-fight win streak followed by recent back-to-back losses heading into this one. He'll hope to break that losing streak at UFC 319. Meerschaert stands 6-foot-1 with a 77.5-inch reach. Michal Oleksiejczuk (20-9) has gone 8-7-0-1 throughout his UFC stint since 2017. He's also seen his own tough times with a 2-3 record over his last five, including a three-fight skid during that stretch. Coming in off a win, he'll look for his first winning streak since 2022 as the betting favorite. Oleksiejczuk stands six feet tall with a 74-inch reach. Here are the UFC 319 Odds, courtesy of DraftKings. UFC 319 Odds: Geral Meerschaert-Michal Oleksiejczuk Odds Gerald Meerschaert: +180 Michal Oleksiejczuk: -218 Over 1.5 rounds: +105 Under 1.5 rounds: -135 *Watch sports LIVE with fuboTV (Get Access | Save $30)* Why Gerald Meerschaert Will Win - Last Fight: (L) Brad Tavares – U DEC - Last 5: 2-3 - Finishes: 6 KO/TKO, 29 SUB Gerald Meerschaert fell short during his last fight against a tough opponent in Brad Tavares, but managed to see a decision and avoid a knockout despite being listed as the underdog. This comes after quickly being submitted by Reinier de Ridder, so Meerschaert is looking for a win to get him back on track. Given his success in finishing each one of his 12 UFC wins, Meerschaert could welcome a wild brawl during this fight. Of his 12 UFC wins, 11 have come by way of submission as he holds the record for most in the Middleweight Division. Oleksiejczuk's six losses by submission is more than any other method in his career, so Meerschaert can certainly see success if he's able to repeatedly put Oleksiejczuk in bad spots. In order to close the distance and reach him, he'll have to avoid the knockout blows coming back his way first and foremost. Despite this, Meerschaert is still a manageable underdog in this fight and has been in this spot countless times in the past. Oleksiejczuk won't offer anything out of the ordinary besides forward pressure and aggression, so look for Meerschaert to work his veteran tactics and find submission attempts throughout this one. Why Michal Oleksiejczuk Will Win - Last Fight: (W) Sedriques Dumas – TKO (right hook, R1) - Last 5: 2-3 - Finishes: 15 KO/TKO, 1 SUB Michal Oleksiejczuk rose to the occasion during his last bout in taking out a rising prospect like Sedriques Dumas rather quickly and efficiently. This came following a three-fight losing streak where he was submitted twice, but Oleksiejczuk has since moved his fight camp to Brazil to train with the Fighting Nerds, opening up his aggressive striking style and working on his ground game. The switch clearly helped during his fight with Dumas, so we could be seeing a newer, more improved version of Oleksiejczuk moving forward. With six of his nine career losses coming by way of submission, training with a fighter like Caio Borralho will certainly help him in preparing for bad positions against Meerschaert. Oleksiejczuk already has the better striking technique opposite of his opponent, so making his defensive grappling even stronger will only benefit him during this matchup. All in all, Oleksiejczuk is expected to fight his usual brawling style, but having improved jiu jitsu to fall back on will certainly help his confidence. Oleksiejczuk is also extremely scrappy with his ground-and-pound, so expect him to mix some of that in while he's scrambling and looking for top position. Final Gerald Meerschaert-Michal Oleksiejczuk Prediction & Pick This should be a fun fight between two veterans in the division who are looking to find some consistency as of late. Gerald Meerschaert is looking to break a losing streak with a strong opportunity to do so given his grappling advantage over Oleksiejczuk. However, Michal Oleksiejczuk is the far more dangerous striker and has been refining his grappling skills with one of the current best fight camps in the UFC. If we see his grappling make significant improvements once again, this fight could be much more lopsided than the betting odds indicate. For this reason, we're going to roll with Michal Oleksiejczuk to get the win, thanks to his higher ceiling for improvement at this point of his career. Gerald Meerschaert poses a nice challenge, but Oleksiejczuk seems to have all the tools to finish this fight. Final Gerald Meerschaert-Michal Oleksiejczuk Prediction & Pick: Michal Oleksiejczuk (-218); UNDER 1.5 Rounds (-135)",2025-08-14,https://clutchpoints.com/betting/gerald-meerschaert-vs-michal-oleksiejczuk-prediction-odds-pick-for-ufc-319
UFC 319: Du Plessis vs. Chimaev,"""GM3"" ""Hussar"" | Gerald Meerschaert | Michal Oleksiejczuk | | |---|---|---| | Tale of the tape | || | Wins/Losses/Draws | 37-19-0 | 20-9-0 (1 NC) | | Average Fight Time | 8:47 | 6:14 | | Height | 6' 1"" | 6' 0"" | | Weight | 185 lbs. | 185 lbs. | | Reach | 77"" | 74"" | | Stance | Southpaw | Southpaw | | DOB | Dec 18, 1987 | Feb 22, 1995 | | Striking (Significant Strikes) | || | Strikes Landed per Min. (SLpM) | 3.05 | 5.27 | | Striking Accuracy | 45% | 51% | | Strikes Absorbed per Min. (SApM) | 3.43 | 4.51 | | Defense | 53% | 59% | | Grappling | || | Takedowns Average/15 min. | 1.86 | 1.05 | | Takedown Accuracy | 31% | 43% | | Takedown Defense | 42% | 48% | | Submission Average/15 min. | 1.4 | 0.0 | | Most recent fights (Newest First) | || | Loss - Tavares | Win - Dumas | | | Loss - de Ridder | Loss - Magomedov | | | Win - Shahbazyan | Loss - Holland | | | Win - Barberena | Loss - Pereira | | | Loss - Petroski | Win - Njokuani |",1995-02-22,http://ufcstats.com/fight-details/5b880d10b0ed7acc
Gerald Meerschaert vs Michal Oleksiejczuk: Fight Overview,"16 Aug On August 16, UFC 319 heads to the United Center in Chicago with a middleweight matchup between veteran grappler Gerald “GM3” Meerschaert and Polish striker Michal “Hussar” Oleksiejczuk. Meerschaert returns to action following a decision loss to Brad Tavares in April. With nearly 60 professional fights, his reputation as a submission specialist remains intact. Known for his resilience and deep experience against top-tier opponents, Meerschaert continues to be a tough test for anyone trying to climb the middleweight ladder. Oleksiejczuk comes in off a first-round TKO over Sedriques Dumas, showcasing the punching power that has defined much of his career. With a high knockout rate and an aggressive forward style, he looks to impose pressure early and force mistakes from his opponents. Both fighters share a southpaw stance, but their strengths lie on opposite ends of the spectrum—Meerschaert on the ground, Oleksiejczuk on the feet. This creates a clear tactical battle: can Meerschaert weather the early storm and drag the fight into his world, or will Oleksiejczuk find the opening to end it before grappling becomes a factor? Positioned on a stacked UFC 319 card, this bout adds a classic striker-vs-grappler dynamic that could shift the momentum for either man's path in the division. The Tale of the Tape data is compiled from publicly available information on Sherdog | Gerald Meerschaert | Michal Oleksiejczuk | |---|---| | USA | Poland | | 37 - 19 - 0 (6 KOs) | 20 - 9 - 0 (15 KOs) | | middleweight (185 lbs / 83,9 kg) | middleweight (185 lbs / 83,9 kg) | | Age | | | Wins | | | Losses | | | Anthropometry | | The scheduled 3-round middleweight bout will take place on August 16, 2025. The full fight night schedule, including local start times for various countries, is listed below. Check the schedule to see when the event begins in your region. The fight night will start on Saturday, August 16 at 6:00 PM ET (New York time). The fight night will start on Saturday, August 16 at 3:00 PM PT (Los Angeles time). The fight night will start on Saturday, August 16 at 6:00 PM ET (Toronto time). The fight night will start on Saturday, August 16 at 11:00 PM BST (London time). The fight night will start on Sunday, August 17 at 12:00 AM SAST (Johannesburg time). The fight night will start on Sunday, August 17 at 6:00 AM PHT (Manila time). The fight night will start on Sunday, August 17 at 8:00 AM AEST (Sydney time). The fight night will start on Sunday, August 17 at 10:00 AM NZST (Wellington time). Note that the main event ring walk typically takes place about 1 to 1.5 hours after the main card begins. If you're mainly interested in the headline bout, there’s still some time — but it’s always worth watching the full card. You can stream the Meerschaert vs Oleksiejczuk fight via ESPN PPV. Disclaimer: Some links to streaming or pay-per-view on this page may be affiliate links. If you make a purchase through them, we may earn a commission — at no extra cost to you. The fight will be held at the United Center in Chicago, Illinois, USA. Full Fight card for Gerald Meerschaert vs Michal Oleksiejczuk: Fight card subject to change | Division | Fighter #1 | Fighter #2 | Notes | |---|---|---|---| | middleweight (185 lbs) | Dricus Du Plessis (23 - 2 - 0) | Khamzat Chimaev (14 - 0 - 0) | UFC | | featherweight (145 lbs) | Lerone Murphy (16 - 0 - 1) | Aaron Pico (13 - 4 - 0) | | | welterweight (170 lbs) | Geoff Neal (16 - 6 - 0) | Carlos Prates (21 - 7 - 0) | | | middleweight (185 lbs) | Jared Cannonier (18 - 8 - 0) | Michael Page (23 - 3 - 0) | | | flyweight (125 lbs) | Tim Elliott (20 - 13 - 1) | Kai Asakura (21 - 5 - 0) | | | lightweight (155 lbs) | Bobby Green (32 - 17 - 1) | Diego Ferreira (19 - 6 - 0) | | | middleweight (185 lbs) | Gerald Meerschaert (37 - 19 - 0) | Michal Oleksiejczuk (20 - 9 - 0) | | | middleweight (185 lbs) | Baysangur Susurkaev (9 - 0 - 0) | Eric Nolan (8 - 3 - 0) | | | strawweight (115 lbs) | Jessica Andrade (26 - 14 - 0) | Lupita Godinez (13 - 5 - 0) | | | lightweight (155 lbs) | Chase Hooper (16 - 3 - 1) | Alexander Hernandez (16 - 8 - 0) | | | lightweight (155 lbs) | Edson Barboza (24 - 12 - 0) | Drakkar Klose (15 - 3 - 1) | | | middleweight (185 lbs) | Bryan Battle (12 - 2 - 0) | Nursulton Ruziboev (36 - 9 - 2) | | | flyweight (125 lbs) | Karine Silva (18 - 5 - 0) | Dione Barbosa (8 - 3 - 0) | | | welterweight (170 lbs) | Rodrigo Sezinando (8 - 1 - 0) | Daniil Donchenko (11 - 2 - 0) | | | flyweight (125 lbs) | Alibi Idiris (10 - 0 - 0) | Joseph Morales (12 - 2 - 0) |",2025-08-16,https://boxing-schedule.com/mma/meerschaert-vs-oleksiejczuk/
Preview: UFC 319 Prelims - Oleksiejczuk vs. Meerschaert,"Preview: UFC 319 Prelims Oleksiejczuk vs. Meerschaert Middleweights Michal Oleksiejczuk (20-9, 8-7 UFC) vs. Gerald Meerschaert (37-19, 12-11 UFC)BETTING ODDS: Oleksiejczuk (-218), Meerschaert (+180) Advertisement Meerschaert took the long road to the UFC, fighting over 30 times before getting the call for his debut, at which point that experience paid off. Meerschaert isn’t much of an athlete per UFC standards, but he kept finding a way to tangle up with opponents and get some submissions. Meerschaert has even developed a capable striking game along the way, making him a perennially tough out given any sort of athletic parity. There are basically two ways this fight can go, with Oleksiejczuk either obliterating Meerschaert for a knockout or getting himself submitted after hunting for that finish. Oleksiejczuk still showed enough wildness in the win over Dumas to lean towards the latter scenario. The pick is Meerschaert via second-round submission. Jump To » Green vs. Ferreira Oleksiejczuk vs. Meerschaert Godinez vs. Andrade Hooper vs. Hernandez Barboza vs. Klose Battle vs. Ruziboev Silva vs. Barbosa Sezinando vs. Donchenko Idiris vs. Morales « Previous Top Reasons to Catch UFC 319 Next Tom Aspinall Never Picking Dricus Pu Plessis to Lose Again » More",2025-08-13,https://www.sherdog.com/news/articles/2/Preview-UFC-319-Prelims-198028
Gerald Meerschaert vs. Michal Oleksiejczuk,"I feel like the majority of fighters on this card are 2-3 in their last 5 and fighting to keep their careers alive. This matchup is no different. Meerschaert can definitely win this fight on the ground, but if he doesn't get it there, he is likely in a tough spot. The problem for Gerald isn't that he needs fights to get to the ground, its that his takedowns aren't really good enough to guarantee it. I am absolutely torn here because Michal's BJJ is terrible but so is Gerald's wrestling and chin. I am going to slightly lean Michal because I think it is easier to improve the takedown defense than the striking defense for a matchup like this. Gerald Meerschaert Gerald Meershaert is a very good grappler who is always live for a submission. He is not great on his feet and people question his chin but he is tough and he won't quit on himself. He is an incredibly talented grappler but like so many others, he doesn't have very good offensive wrestling and even though he averages almost 2 takedowns per fight, he has a very low 31% takedown accuracy. He is coming off a competitive loss to Brad Tavares where he went an abysmal 0-8 in takedown attempts. Michal Oleksiejczuk Michal Oleksijczuk is a very good striker with fast hands and a ton of pressure early. He has power as well with 7 KOs in his 8 UFC wins. While he's dangerous on his feet, he does have grappling holes and can fade as the fight goes on. He is coming off the KO win over SD Dumas where many commented it was a little early.",2025-08-03,https://wewantpicks.com/gerald-meerschaert-vs-michal-oleksiejczuk/
Gerald Meerschaert vs Michal Oleksiejczuk - AI generated fight pick,"Winner: Gerald Meerschaert Confidence Score: 62Gerald Meerschaert has a massive submission edge with 29 career submission wins and a proven ability to finish high-level opponents on the ground. While Michal Oleksiejczuk is a dangerous first-round striker with 15 knockouts and a high significant strike accuracy (51%), he has repeatedly struggled against strong grapplers, as shown by his recent first-round submission losses to Kevin Holland and Michel Pereira. Meerschaert's reach advantage (77.5"" vs 74"") and his experience against a higher level of competition, combined with Oleksiejczuk's sub-50% takedown defense, suggest that if this fight leaves the first round, Meerschaert's grappling should take over. Historically, fighters with Meerschaert's submission profile and reach advantage at middleweight win a majority of these stylistic matchups, especially against aggressive but defensively flawed strikers. The main risk is Meerschaert's age (37) and chin durability, but stylistically, he is a tough matchup for Oleksiejczuk. Live odds Live and historic odds as well as more fighter statistics and insights for Gerald Meerschaert vs Michal Oleksiejczuk can be found on the fighter matchup page. All the fighter matchups and live odds for Du Plessis vs Chimaev can be found on the Du Plessis vs Chimaev event page.",2025-08-04,https://www.ufcbetcompanion.com/event-fighter/3889-Gerald%20Meerschaert%20vs%20Michal%20Oleksiejczuk/picks/1994
Gerald Meerschaert vs Michal Oleksiejczuk,"Find the best odds and up to date statistics for for Gerald Meerschaert vs Michal Oleksiejczuk. Date: Aug 17, 2025 Location: United Center Chicago, IL United States Cards: Main Card 2:00 am ● Prelim Card 12:00 am ● Early Prelim Card 10:30 pm | 37/19/0 | Record (W::L::D) | 20/9/0 | | 6 | Wins By Knockout | 15 | | 29 | Wins By Submission | 1 | | 15 | First Round Finishes | 12 | | 08:47 | Avg Fight Time | 06:14 | | 46% | Sig Strike Accuracy % | 51% | | 54% | Sig Strike Defense % | 59% | | 32% | Take Down Accuracy % | 44% | | 43% | Takedown Defence % | 48% | | Middleweight Division | Tags | Middleweight Division | | 73.00 | Height (in) | 72.00 | | 185.00 | Weight (lb) | 186.00 | | 77.50 | Arm Reach (in) | 74.00 | | 40.00 | Leg Reach (in) | 40.00 | | Dec. 10, 2016 | UFC Debut | Dec. 30, 2017 | | Racine, United States | Born | Wlodawa, Poland | | Freestyle | Fighting Style | MMA | | 37 | Age | 30 | | Opponent | Method | Method | Opponent | |---|---|---|---| | Brad Tavares 04-05-2025 | Decision - Unanimous 3 - 5:00 | KO/TKO 1 - 2:49 | Sedriques Dumas 04-12-2025 | | Reinier De Ridder 11-09-2024 | Submission 3 - 1:44 | Decision - Unanimous 3 - 5:00 | Shara Magomedov 08-03-2024 | | Edmen Shahbazyan 08-24-2024 | Submission 2 - 4:12 | Submission 1 - 1:34 | Kevin Holland 06-01-2024 | | Bryan Barberena 03-16-2024 | Submission 2 - 4:23 | Submission 1 - 1:01 | Michel Pereira 03-09-2024 | | Andre Petroski 08-19-2023 | Decision - Split 3 - 5:00 | KO/TKO 1 - 4:16 | Chidi Njokuani 08-26-2023 | Card: Preliminary Card Card Start Time: 12:00 AM Explore our in-depth fight analysis articles, providing expert predictions and bettor insights for the upcoming clash between these two fighters. Our analysts dive deep into fighters' stats, strategies, and previous performances to offer you the best betting tips and predictions. When it comes to betting on UFC fights, understanding the odds offered by different bookmakers is crucial for maximizing your potential payouts. Below, we provide detailed insights into the odds for Gerald Meerschaert vs Michal Oleksiejczuk, helping you make the most informed betting decisions. Gerald Meerschaert is currently the underdog fighter with the average odds of +174. Payout is based on a $1,000 bet. Bookmakers' odds reflect the implied probability of Gerald Meerschaert winning: Michal Oleksiejczuk is currently the favored fighter with the average odds of -211. Payout is based on a $1,000 bet. Bookmakers' odds reflect the implied probability of Michal Oleksiejczuk winning: Use our odds converter tool to convert odds, calculate implied probability, and profit for any odds format. Gerald Meerschaert vs Michal Oleksiejczuk starts at 2025-08-17 00:00:00 UTC. The favorite fighter in Gerald Meerschaert vs Michal Oleksiejczuk is: Michal Oleksiejczuk. Currently, the best odds for Michal Oleksiejczuk is -200 brought to you by BetRivers. The underdog fighter in Gerald Meerschaert vs Michal Oleksiejczuk is: Gerald Meerschaert. Currently, the best odds for Gerald Meerschaert is +180 brought to you by Caesars. The bookmaker with the best odds if you want to bet on Michal Oleksiejczuk is BetRivers. Current odds for BetRivers is -200. The bookmaker with the best odds if you want to bet on Gerald Meerschaert is Caesars. Currently odds for Caesars is +180. If you wanted to bet on the underdog, Gerald Meerschaert, the best bookmaker is Caesars (+180). If you wanted to bet on the favored fighter, Michal Oleksiejczuk, the best odds are offered by BetRivers (-200).",2024-01-01,https://www.ufcbetcompanion.com/event-fighter/3889-Gerald%20Meerschaert%20vs%20Michal%20Oleksiejczuk
Gerald Meerschaert vs Michal Oleksiejczuk at UFC 319 16.08.25 - Bout Stats MMA Fighter,Gerald Meerschaert - Michal Oleksiejczuk Gerald Meerschaert Meerschaert - Age 37 - Reach 77.5 cm 197 cm - Height 73 cm 185 cm - Leg Reach 40 cm 102 cm - Last Weigh-In 185 lbs 84 kg Michal Oleksiejczuk Oleksiejczuk - Age 30 - Reach 74 cm 188 cm - Height 72 cm 183 cm - Leg Reach 40 cm 102 cm - Last Weigh-In 186 lbs 84 kg Other Bouts UFC 319 - Dricus Du Plessis23 - 2 - 012:00 AM ET • 5 x 5Middleweight Champion 185 lbsKhamzat Chimaev14 - 0 - 0 - Lerone Murphy16 - 0 - 111:30 PM ET • 3 x 5Featherweight Bout 145 lbsAaron Pico13 - 4 - 0 - Geoff Neal16 - 6 - 011:00 PM ET • 3 x 5Welterweight Bout 170 lbsCarlos Prates21 - 7 - 0 - Jared Cannonier18 - 8 - 010:30 PM ET • 3 x 5Middleweight Bout 185 lbsMichael Page23 - 3 - 0 - Tim Elliott20 - 13 - 110:00 PM ET • 3 x 5Flyweight Bout 125 lbsKai Asakura21 - 5 - 0 - Baysangur Susurkaev9 - 0 - 09:00 PM ET • 3 x 5Middleweight Bout 185 lbsEric Nolan8 - 3 - 0 - Jessica Andrade26 - 14 - 08:10 PM ET • 3 x 5Strawweight Bout 115 lbsLoopy Godinez13 - 5 - 0 - Alexander Hernandez16 - 8 - 07:45 PM ET • 3 x 5Lightweight Bout 155 lbsChase Hooper16 - 3 - 1 - Edson Barboza24 - 12 - 07:20 PM ET • 3 x 5Lightweight Bout 155 lbsDrakkar Klose15 - 3 - 1 - Karine Silva18 - 5 - 06:55 PM ET • 3 x 5Flyweight Bout 125 lbsDione Barbosa8 - 3 - 0 - Alibi Idiris10 - 0 - 06:30 PM ET • 3 x 5Flyweight Bout 125 lbsJoseph Morales12 - 2 - 0,2025-08-16,https://gidstats.com/events/ufc_319-2463/gerald_meerschaert_vs_micha_oleksiejczuk.html
Gerald Meerschaert Vs. Michał Oleksiejczuk - Odds And Match Preview,"Gerald Meerschaert vs. Michał Oleksiejczuk – Odds and Match Preview The upcoming UFC match between Gerald Meerschaert and Michał Oleksiejczuk, scheduled for August 16, 2025, at UFC 319, promises to be an exciting middleweight bout with interesting stakes and contrasting styles. Gerald Meerschaert vs. Michał Oleksiejczuk – Odds The betting odds for the upcoming UFC middleweight match between Gerald Meerschaert and Michał Oleksiejczuk at UFC 319 on August 16, 2025, show Michał Oleksiejczuk as the favorite with odds around -210 to -225, while Gerald Meerschaert is the underdog with odds near +180 to +196. This means Oleksiejczuk is expected to win by the majority of bettors, with roughly a 66% implied probability, whereas Meerschaert’s odds imply about a 33% chance of victory. To play more numbers make sure to play the best online casino sites. Looking at the favored methods of victory, Meerschaert is known for his submission skills and most of his UFC wins come by submission, so a submission win for him carries appeal among bettors, and some futures odds reflect that possibility. Oleksiejczuk is a powerful striker with many knockout wins, so knockout or technical knockout is considered a likely method if he wins. In recent betting trends, interest in Meerschaert has grown, and his underdog odds have slightly improved from around +200 to about +180/+190, indicating some bettor confidence in his grappling edge against Oleksiejczuk’s striking. However, the odds have largely stayed stable with no major line swings reported. The stakes of this bout are significant for both fighters. Meerschaert, a seasoned submission specialist, will look to use his grappling advantage to control and finish Oleksiejczuk on the ground, while Oleksiejczuk will aim to keep the fight standing and use his striking power to secure another knockout win. For Meerschaert, adding a win further cements his legacy as one of the most dangerous submission fighters in UFC middleweight history. For Oleksiejczuk, a victory over a tough and experienced veteran could elevate his position in the middleweight rankings and build momentum for future high-profile fights. Gerald Meerschaert is a veteran American mixed martial artist with a long professional career dating back to 2007. He competes in the UFC middleweight division and holds the record for most finishes in middleweight history with 12 The market favors Oleksiejczuk for a probable striking win, but Meerschaert is well respected for his dangerous submission game, making this a competitive betting matchup with some value on the underdog submission possibility. Fans can expect the odds to possibly shift a bit as fight day approaches, but the current consensus sees Oleksiejczuk as the more likely winner by knockout or decision, while Meerschaert’s strength lies in a ground finish if he can impose his grappling.",2025-08-12,https://www.lowkickmma.com/gerald-meerschaert-vs-michal-oleksiejczuk-odds-and-mat-preview/
Gerald Meerschaert vs Michal Oleksiejczuk UFC 319 Betting Prediction August 16,"Gerald Meerschaert vs Michal Oleksiejczuk UFC 319 Betting Prediction August 16 Gerald Meerschaert vs Michal Oleksiejczuk Betting Prediction UFC 319 Betting Prediction, August 16. Place a bet on this mixed martial arts event at YouWager.lv. Gerald Meerschaert vs Michal Oleksiejczuk UFC 319 Betting Prediction Now we have the Gerald Meerschaert vs Michal Oleksiejczuk UFC 319 Betting Prediction for both teams. “GM3” Gerald Meerschaert will be hoping to add another victory to his career record of 37-19-0, which he currently has. The southpaw boxer, who is 37 years old and weighs 185 pounds, stands 6 feet and one inch tall and has a reach of 77 inches. Michal “Hussar” Oleksiejczuk makes his debut at a height of 6 feet and 0 inches, and he is competing at a weight of 185 pounds. The southpaw fighter has a record of 20-9-0 with one no-contest. The 30-year-old adds 74 inches to his reach. Gerald Meerschaert is landing 3.05 significant strikes per minute, whereas Michal Oleksiejczuk is landing 5.27 important strikes per minute. Both of these figures are significant strikes. Oleksiejczuk is landing 51% of the significant strikes he attempts, while Meerschaert is connecting on 45% of the significant blows he attempts. When it comes to defense, “GM3” is able to sustain 3.43 significant strikes per minute, whereas “Hussar” is able to take 4.51. Furthermore, Meerschaert is able to block 53% of the big hits that his adversaries throw his way, whilst Oleksiejczuk is able to deflect 59% of the attacks that are sent in his direction. When it comes to wrestling, Gerald Meerschaert is the more effective grappler because he is able to knock his opponents to the canvas 1.86 times in every fifteen minutes. The percentage of times that Meerschaert is successful in bringing his opponent to the mat is 31%, while he is successful in defending 42% of the takedowns that his opponents have tried. Oleksiejczuk is successful in bringing his opponents to the ground on 43 percent of the takedowns he attempts, while he is successful in defending 48 percent of all takedowns that his opponents attempt. Meerschaert is the more experienced of the two fighters when it comes to substituting the opponent. He attempts 1.4 submissions per three rounds, but Oleksiejczuk only attempts 0.6 submissions per three rounds. He is the more experienced of the two. The most recent fight that Gerald Meerschaert competed in was against Brad Tavares, and he ultimately lost the fight by way of a unanimous decision in the third round. In that battle, Tavares achieved a strike success rate of 56 out of a total of 118 attempts. At the conclusion of this fight, Meerschaert had landed 51 of the total 97 strikes that were available to him. Tavares ended up landing 47 of 109 significant strikes, which gave him a rate of 43%. This put him in the category of big strikes. Out of the 85 big blows that were intended at the head, he landed 29 of them. According to the statistics, Meerschaert ended up hitting 38 of 83 major strikes, which is equivalent to 45% of his total hits. In terms of the positioning of these big hits, he was successful on 27 out of 66, with the majority of them being directed at the head. Both Tavares and Meerschaert were able to land large strikes from a distance, with Tavares landing 95% of them and Meerschaert landing 94% of them. When Michal Oleksiejczuk made his final appearance in the Octagon, he competed against Sedriques Dumas. He ultimately prevailed over Dumas by landing a punch to the head while he was on the ground in the first round. A total of one hundred percent of the significant strikes that Dumas attempted to land at a distance were successful, but Oleksiejczuk was only successful in landing 38 percent of his significant blows at a distance. The final result was that Oleksiejczuk was successful in landing 59% of his significant blows, connecting on 34 out of 57 attempts. In the end, he was successful in landing 27 of the 49 large blows that were directed at the skull. During that match, Dumas was successful in connecting on three of the twenty-six crucial strikes. With regard to the important strike accuracy, he was successful on 0 of 18 attempts that were directed at the head. When it comes to the total number of strikes that he committed during that battle, Dumas connected on three out of twenty-six, and Oleksiejczuk landed thirty-four out of fifty-nine of the strikes that he attempted. The fight between Chase Hooper and Alexander Hernandez is another one that you should remember to keep an eye on. Hooper enters this bout with a record of 16-3-1, which is his current record. The southpaw boxer, who is 25 years old and weighs 155 pounds, has a height of 6 feet and one inch and a reach of three feet and four inches. Hernandez measures 5’9 “and tips the scales at 155 lbs. The orthodox fighter looks to add a win to his career total of 16-8-0. The 32-year-old extends his reach 72” . When it comes to grappling, Chase Hooper is able to score a takedown 2.59 times per 15 minutes, whereas Alexander Hernandez is only able to score a takedown 1.24 times per 15 minutes. When it comes to striking, Hooper is landing 4.53 strikes per minute and is successful in landing 51% of the strikes that he throws. Alexander Hernandez is fighting alongside him in the Octagon. Hernandez is connecting on forty percent of the strikes that he throws and lands four and a half strikes every minute. The fight between Drakkar Klose and Edson Barboza, which is scheduled to take place in the Octagon, is another bout that you are going to want to watch. Barboza is looking to add another victory to his entire career record of 24-12-0. The orthodox fighter, who is 39 years old and is 5 feet 11 inches tall, has a weight of 155 pounds and a reach of 75 inches that is measured. Klose measures 5’9 “and steps on the scale at 155 lbs. The orthodox fighter holds a career mark of 15-3-1. The 37-year-old has a wingspan of 70” . Edson Barboza is successful in preventing 72 percent of the takedowns that his opponents have attempted in grappling, while he is successful in bringing his opponents down on fifty percent of his attempts. While Klose is successful in bringing his opponents to the ground on 27% of the tries he attempts, he is also able to prevent 69% of the takedowns that his opponents attempt. In terms of striking, Barboza is able to take in 4.65 strikes per minute and deliver 4.11 strikes per minute simultaneously. The opposite is true for Klose, who is receiving 3.54 strikes per minute while simultaneously throwing out 4.33 strikes per minute. Visit the Betting School and learn how to wager on the moneyline, spread, and total; on your favorite team or an undervalued underdog. Sign up with YouWager.lv now and get in the game with the best welcome bonus, click below:",2025-08-15,https://blog.youwager.lv/2025/08/15/gerald-meerschaert-vs-michal-oleksiejczuk-ufc-319-betting-prediction-august-16/
UFC 319 | UFC,"UFC 319 Du Plessis vs Chimaev Sat, Aug 16 / 10:00 PM EDT United Center, Chicago United States UFC 319 Sat, Aug 16 / 10:00 PM EDT . How to watch United Center, Chicago United States Sponsored By Main Card - CMiddleweight Title Bout#3Dricus Du PlessisMiddleweight Title BoutKhamzat ChimaevSouth Africa+215 odds -265United Arab EmiratesRoundTimeMethod - #6Featherweight BoutLerone MurphyFeatherweight BoutAaron PicoEngland+154 odds -185United StatesRoundTimeMethod - #11Welterweight Bout#12Geoff NealWelterweight BoutCarlos PratesUnited States+180 odds -218BrazilRoundTimeMethod - #9Middleweight BoutJared CannonierMiddleweight BoutMichael PageUnited States+180 odds -218RoundTimeMethod - #11Flyweight Bout#15Tim ElliottFlyweight BoutKai AsakuraUnited States+250 odds -310JapanRoundTimeMethod Prelims - Middleweight BoutBaisangur SusurkaevMiddleweight BoutEric NolanRussia-950 odds +625United StatesRoundTimeMethod - Middleweight BoutGerald MeerschaertMiddleweight BoutMichal OleksiejczukUnited States+180 odds -218PolandRoundTimeMethod - #5Women's Strawweight Bout#11Jéssica AndradeWomen's Strawweight BoutLoopy GodinezBrazil+120 odds -142MexicoRoundTimeMethod - Lightweight BoutChase HooperLightweight BoutAlexander HernandezUnited States-325 odds +260United StatesRoundTimeMethod - Lightweight BoutEdson BarbozaLightweight BoutDrakkar KloseBrazil-135 odds +114United StatesRoundTimeMethod - #11Women's Flyweight BoutKarine SilvaWomen's Flyweight BoutDione BarbosaBrazil-205 odds +170BrazilRoundTimeMethod Early Prelims - Flyweight BoutAlibi IdirisFlyweight BoutJoseph MoralesKazakhstan-455 odds +350United StatesRoundTimeMethod Follow Along Live Press Conference at Radius Theater * Open to the public Ceremonial Weigh-In at Radius Chicago Ceremonial Weigh-In * Open to the public How to Watch Main Card - Early Prelims6:30 PM EDT - Prelims8:00 PM EDT - Main Card10:00 PM EDT Tickets - Wed, Jun 1811:00 AM EDTPresale - UFC Fight Club - Thu, Jun 1911:00 AM EDTPresale - UFC Newsletter - Fri, Jun 2011:00 AM EDTOn Sale - Public - Main Card - Early Prelims6:30 PM EDT - Prelims8:00 PM EDT - Main Card10:00 PM EDT - - Tickets - Wed, Jun 1811:00 AM EDTPresale - UFC Fight Club - Thu, Jun 1911:00 AM EDTPresale - UFC Newsletter - Fri, Jun 2011:00 AM EDTOn Sale - Public - Early Prelims Prelims Alibi Idiris vs Joseph Morales LIVE NOW Round Time Method Prelims Karine Silva vs Dione Barbosa #11 LIVE NOW Round Time Method Edson Barboza vs Drakkar Klose LIVE NOW Round Time Method Chase Hooper vs Alexander Hernandez LIVE NOW Round Time Method Jéssica Andrade vs Loopy Godinez #5 #11 LIVE NOW Round Time Method Gerald Meerschaert vs Michal Oleksiejczuk LIVE NOW Round Time Method Baisangur Susurkaev vs Eric Nolan LIVE NOW Round Time Method Main Card Card Tim Elliott vs Kai Asakura #11 #15 LIVE NOW Round Time Method Jared Cannonier vs Michael Page #9 LIVE NOW Round Time Method Geoff Neal vs Carlos Prates #11 #12 LIVE NOW Round Time Method Lerone Murphy vs Aaron Pico #6 LIVE NOW Round Time Method Dricus Du Plessis vs Khamzat Chimaev #3 LIVE NOW Round Time Method",2025-05-13,https://www.ufc.com/event/ufc-319
"UFC 319: Meerschaert vs Oleksiejczuk - Date, Start time, Fight Card, Location","Gerald Meerschaert faces Michal Oleksiejczuk at the United Center in Chicago as part of UFC 319. They are middleweights competing on the undercard of the event headlined by Dricus Du Plessis and Khamzat Chimaev. Meerschaert, fighting out of Racine, Wisconsin, started his professional career in 2007. He recently lost a unanimous decision to Brad Tavares after achieving 37 wins with a mix of knockouts and submissions. His experience against seasoned opponents hints at his durability in facing Oleksiejczuk, whose striking ability earned him a recent TKO win over Sedriques Dumas. Oleksiejczuk, coming from Poland, began his pro journey in 2014 and secured 15 KO victories among his 20 wins. Despite fewer years in the field compared to Meerschaert, his aggressive style could challenge Meerschaert's skilled ground game. What time is Gerald Meerschaert vs Michal Oleksiejczuk fight Live coverage for the Gerald Meerschaert vs Michal Oleksiejczuk main card will start at 06:00 PM EST on ESPN+, UFC Fight Pass. Refer to the table below to find your local time. | Region | Date | Main Card Start Time | Gerald Meerschaert vs Michal Oleksiejczuk Ring Walks (approx.) | | USA and Canada (EST) | Saturday, Aug. 16, 2025 | 06:00 PM | 08:00 PM | | USA and Canada (PT) | Saturday, Aug. 16, 2025 | 03:00 PM | 05:00 PM | | UK and Ireland (GMT) | Saturday, Aug. 16, 2025 | 10:00 PM | 12:00 AM (next day) | | Australia (AEDT) | Sunday, Aug. 17, 2025 | 09:00 AM | 11:00 AM | The UFC 319 event takes place on August 16, 2025, at the United Center in Chicago, Illinois. The event starts at 8:00 PM EST. Gerald Meerschaert will face Michał Oleksiejczuk in a middleweight bout. This fight is part of the undercard for the main event featuring Dricus Du Plessis against Khamzat Chimaev. The fight consists of three rounds. Remember that the start time for individual fights can vary depending on how long earlier fights last. Fans should check local listings to confirm start times in their region. Fighters Details Gerald Meerschaert - Nationality: United States - Height: 185 cm - Weight: 83.9 kg - Total Fights: 56 - Record: 37 / 19 / 0 Michal Oleksiejczuk - Nationality: Poland - Height: 183 cm - Weight: 83.9 kg - Total Fights: 29 - Record: 20 / 9 / 0 Gerald Meerschaert will fight Michal Oleksiejczuk with no belts or titles at stake. Gerald Meerschaert has an extensive professional career with 37 wins, mostly by submission. He recently faced Brad Tavares and lost by unanimous decision. Tavares has a solid record, but Meerschaert couldn't secure a win. Facing the striking-heavy Oleksiejczuk, his grappling will be key. Michal Oleksiejczuk, known for his knockout power with 15 KOs to his name, defeated Sedriques Dumas in his last bout via TKO. Dumas is taller but has fewer wins than Meerschaert. Oleksiejczuk's aggressive striking could challenge Meerschaert's defense. Gerald Meerschaert vs Michal Oleksiejczuk Betting Odds - Underdog: Gerald Meerschaert : 3.0 (+200) - Favorite: Michal Oleksiejczuk : 1.4 (-225) | Method of victory | Gerald Meerschaert | Michal Oleksiejczuk | | By KO/TKO or disqualification | 13.0 (+1200) | 2.0 (+100) | | By decision or technical decision | 8.5 (+750) | 7.0 (+600) | How and where to watch the Gerald Meerschaert vs Michal Oleksiejczuk Fight You can watch Gerald Meerschaert vs Michal Oleksiejczuk via ESPN+, UFC Fight Pass. To watch the Gerald Meerschaert vs Michal Oleksiejczuk fight, you'll need to have a subscription to ESPN+ as well as purchase the PPV card. You can get an ESPN+ subscription for $10.99 per month, or save over 15% with an ESPN+ Annual Plan at $109.99 per year. If your country is blocked by the streaming services or there simply isn’t any viable options for your country, we only can recommend one solution: using a VPN software to bypass the restrictions. It allows you to change your IP address and appear as if you’re watching the event from another country. So if you live in either the UK, Canada, Australia, New Zealand, India, UAE, Mexico, Spain or any other country and can’t find a working provider to watch the Gerald Meerschaert vs Michal Oleksiejczuk fight, use our recommended (and tested) VPN and switch to a location of your choice. Gerald Meerschaert vs Michal Oleksiejczuk Fight Card - Dricus Du Plessis vs Khamzat Chimaev - Lerone Murphy vs Aaron Pico - Geoff Neal vs Carlos Prates - Jared Cannonier vs Michael Page - Tim Elliott vs Kai Asakura - Gerald Meerschaert vs Michal Oleksiejczuk - Jessica Andrade vs Lupita Godinez - Chase Hooper vs Alexander Hernandez - Edson Barboza vs Drakkar Klose - Bryan Battle vs Nursulton Ruziboev - Karine Silva vs Dione Barbosa - Idiris Alibi vs Joseph Morales",2025-08-15,https://ringside24.com/en/news/mma/237815-ufc-319-meerschaert-vs-oleksiejczuk-date-start-time-fight-card-location
Gerald Meerschaert - Michal Oleksiejczuk,"Gerald Meerschaert 🏆 37 ❌ 19 ➖ 0 Age: 37 years Height: 6′0″ / 185 cm Reach: 77″ / 196 cm Stance: Southpaw Aug. 16, 2025 | Gerald Meerschaert | Stat | Michal Oleksiejczuk | |---|---|---| | 37-0-19 (6 KO) | Record | 15-0-5 (11 KO) | | 37 years | Age | 31 year | | 6′0″ / 185 cm | Height | 5′11″ / 182 cm | | 6′5″ / 196 cm | Reach | | | Southpaw | Stance | | | 16% | KO Ratio | 73% | Chicago, United Center, USA Aug. 16, 2025 * Tickets are subject to availability Gerald Meerschaert 0% Michal Oleksiejczuk 0% Gerald Meerschaert 0% Michal Oleksiejczuk 0%",2025-08-16,https://ringside24.com/en/bout/12761/
Gerald Meerschaert v Michal Oleksiejczuk LIVE 17/08/2025 | MMA - Flashscore,"AD Les jeux d’argent et de hasard peuvent être dangereux : pertes d’argent, conflits familiaux, addiction… Retrouvez nos conseils sur www.joueurs-info-service.fr (09-74-75-13-13, appel non surtaxé) 18+ | Erlaubtes Glücksspiel gemäß der Whitelist | Suchtrisiken | Hilfe unter buwei.de 18+. Verantwortungsbewusst wetten. 18+ Jogue com responsabilidade 21+ | COMPETENT REGULATOR EEEP | RISK OF ADDICTION & LOSS OF PROPERTY | KETHEA HELPLINE: 210 9237777 | PLAY RESPONSIBLY & SAFELY | Les jeux d’argent et de hasard peuvent être dangereux : pertes d’argent, conflits familiaux, addiction… Retrouvez nos conseils sur www.joueurs-info-service.fr (09-74-75-13-13, appel non surtaxé) 18+ | Erlaubtes Glücksspiel gemäß der Whitelist | Suchtrisiken | Hilfe unter buwei.de 18+. Verantwortungsbewusst wetten. 18+ Jogue com responsabilidade Do you want to withdraw your consent to display betting ads? Yes, change settings",2025-08-01,https://www.flashscore.com/h2h/mma/meerschaert-gerald-Gf4DtJVa/oleksiejczuk-michal-IqfRhCWG/
Michal Oleksiejczuk | Fighting Nerds’ New Exchange Student,"As the Fighting Nerds began their rise to prominence as a powerful force in the MMA space, more and more athletes from Brazil began looking to make the journey to Sao Paulo to train with the ascending squad helmed by coach Pablo Sucupira and built around the “core four” of Caio Borralho, Jean Silva, Mauricio Ruffy, and Carlos Prates. But Polish middleweight Michal Oleksiejczuk joining the squad and conducing his training camps in Brazil wasn’t on anyone's 2025 bingo card. “After my fight with Caio, I started watching Fighting Nerds on Instagram, and I watched fighters who train at Fighting Nerds,” explained Oleksiejczuk, who squared off with the team’s talisman in 2023 and returns to action this weekend at UFC 319 in Chicago opposite veteran Gerald Meerschaert. “I (thought) ‘This is the place for me’ because there are a lot of very good strikers who fight very effectively, very exciting. Fighting Nerds is a very good choice for me; I learn a lot of techniques, my game is better. Order UFC 319: Du Plessis vs Chimaev “It’s a little hard for me because I have family in Poland,” continued the 30-year-old middleweight. “I miss my family, but soon I (will go) back to Poland, meet with my wife, meet with my daughters, but this is my business, this is normal for me; I am a warrior. “But Fighting Nerds is very good — a great atmosphere, good people; a great choice.” Entering 2025 on a three-fight slide and having closed out the previous year by having surgery to address frequent issues with his elbow, Oleksiejczuk made the trek to the South American output for the first time ahead of his UFC 314 clash with Sedriques Dumas in Miami, where he competed alongside Silva. The southpaw was patient in his approach, content to slowly walk down Dumas, parry most of the blows coming his way and start chipping away with left hands to the body when the opportunities presented themselves. He was measured, the benefit of having logged more than 15 previous appearances inside the Octagon standing in stark contrast to the more robust, rushed movements of his opponent. FOLLOW @UFCNEWS: On Facebook | On Instagram | On X | On Threads A sharp left hand clipped Dumas and sent the Floridian collapsing to the canvas, where Oleksiejczuk quickly pounced and pounded out the finish, instantly bringing his extended skid to an end and it was clear from his emotional reaction that the victory meant a great deal to the dangerous striker. “The fight in Miami was very good for me,” he said of the win, the humble, soft-spoken competitor downplaying its significance as he readies to make the walk again this weekend. “Before this fight, I felt great and I felt that the fight would be for me. “My fight with Shara (Magomedov), and with (Kevin) Holland and (Michel) Pereira gave me a lot of experience, great lessons, and now I’m a different fighter.” Those names he mentioned were his three previous opponents prior to his business trip to South Florida in April, and representative of the level of competition that the seasoned, but still young, finisher has fought over the course of his career. MORE UFC 319: Fight by Fight Preview | Fighters on the Rise As Jon Anik mentioned during the UFC 314 broadcast, Oleksiejczuk began his career at light heavyweight, sharing the Octagon with Khalil Rountree Jr. in his promotional debut, logging a 4-3 record with one no contest through his first eight appearances before opting to relocate to the 185-pound ranks. He’s split his first eight appearances at middleweight, earning finishes in each of his victories while landing on the wrong side of things against his now teammate Borralho and the talented trio mentioned above. Coming off an outstanding performance like the one he had against Dumas and buoyed by both his experience and work with his new squad, “Hussar” believes he’s better than he’s ever been in the past, and that another standout effort is in the offing this weekend. “My game is better,” he said when asked about the improvements he’s noticed over his two camps in Sao Paulo. “Now I think after my second camp with Fighting Nerds, my game is complete. My grappling, my wrestling is better, my movement is better, and step-by-step I am better in my MMA game. “I have a lot of experience in the UFC; this is my 17th fight,” he added. “My experience is big and now I think this is my time. This is the best disposition, and I am ready for the fight; I am ready for a great performance for my Brazilian and Polish fans.” WATCH: UFC 319 Embedded Oleksiejczuk is generally reserved and quick with his answers, owing to the fact that English is not his first language. Despite his English being excellent, he’s still a little hesitant to say too much or display much emotion, but that changed when the subject of being surrounded by his new team this week in Chicago was broached. The Fighting Nerds typically roll deep, even when there is just one member of the crew on the card, but this week at UFC 319, Oleksiejczuk competes alongside Prates and fellow recent addition Karine Silva, meaning just about everyone associated with the team has made the trip to “The Windy City.” “For me, this is great because the whole team is in Chicago; a lot of coaches are here to help me,” he said with a smile when asked about being one of three Fighting Nerds set to compete this weekend. “Karine Silva is a great person, Carlos Prates too, and I like fight week with the Fighting Nerds because I feel good energy; it’s a good atmosphere. This is very important for me — I must have good people around me.” In addition to being unquestionably good people, the team is stylish and unmistakable as well, between their signature glasses that are donned following every victory, and their custom letterman jackets which are rolled out each time one member of the squad is set to compete. Your Full Guide To UFC 319 Fight Week Each member has their own colorway and markers, and while he already has the glasses, Oleksiejczuk is hopeful that his second appearance with the team will result in his being presented with his own Fighting Nerds jacket. “I have Fighting Nerds glasses; this is an honor for me and a great idea,” he said with a smile when asked about the team’s signature piece of merchandise. “Fighting Nerds are a team whose coaches learn all day, every day — new techniques, new style, great tactics — so it’s a great name for this place. “I’m sure this fight will be great, and hopefully Pablo will give me a jacket.” As great as a jacket would be to add to his wardrobe, the real mark of a successful week in Chicago is a post-fight picture in the center of the Octagon with Sucupira, Borralho, and the rest of his coaches, glasses on and spirits high. It’s a moment Oleksiejczuk is hopeful to create, and he believes that his bout with Meerschaert this weekend will stand alongside a couple other electric pairings set to light up United Center on Saturday. GET YOUR TICKETS: UFC 319 | UFC Shanghai | UFC Paris “I want to finish my opponent; this is my style,” he said, stating his intentions for his bout this weekend. “I think in this fight, maybe I finish my opponent from distance, in the striking. “For me, it’s a very good fight,” he added. “Chimaev-Du Plessis, Prates-Neal, and I believe my fight will be very exciting for fans on Saturday, as well.” Don't miss a moment of UFC 319: Du Plessis vs Chimaev, live from United Center in Chicago, Illinois on August 16, 2025. Prelims start at 8pm ET/5pm PT, followed by the main card live on PPV at 10pm ET/7pm PT.",2025-08-13,https://www.ufc.com/news/michal-oleksiejczuk-fighting-nerds-new-exchange-student-ufc-319
"Tim Elliott vs Kai Asakura Pick, 08/16/2025 Predictions UFC 319 Odds","Tim Elliott vs Kai Asakura Pick, 08/16/2025 Predictions UFC 319 Odds Tim Elliott vs Kai Asakura UFC 319 United Center in Chicago Saturday, August 16, 2025 Tim Elliott will enter the Octagon against Kai Asakura at UFC 319 on Saturday, August 16, 2025. The opening line has Elliott priced at +240 while Asakura is at -300. Tim Elliott steps into the cage holding a record of 21-13-1. The 38-year-old steps on the scale at 125 lbs and measures in at 5'7"". The southpaw fighter stretches 66"". Kai Asakura measures 5'8"" and weighs in at 125 lbs. The orthodox fighter steps into the Octagon with a record of 21-5-0. The 31-year-old stretches 69"". Regarding significant strikes, Tim Elliott connects on 3.39 per min and Kai Asakura lands 2.40 significant strikes per min. Elliott lands 44% of the significant strikes he throws while Asakura is landing 58%. When it comes to defending themselves, Elliott takes 2.66 significant strikes per min and Asakura takes 4.52. Elliott also stops 56% of the significant strikes that are thrown his way while Asakura is able to deflect 38% of the strikes thrown in his direction. | UFC 319 | Tim Elliott | Kai Asakura | |---|---|---| | Opening Odds | +240 | -300 | | Record | 21-13-1 | 21-5-0 | | Average Fight Time | 12:15 | 7:05 | | Height | 5'7"" | 5'8"" | | Weight | 125 lbs | 125 lbs | | Reach | 66"" | 69"" | | Strikes Landed Per Minute | 3.39 | 2.40 | | Striking Accuracy | 44% | 58% | In the wrestling category, Tim Elliott is the more effective grappler as he scores a takedown 3.73 times per 3 rds. Elliott is taking his opponents to the canvas on 47% of his tries and stopping 59% of all takedowns attempted on him. Asakura is taking his opponents down on 10% of the takedowns he tries and stuffing 57% of the attempts against him. When it comes to going for the submission, Elliott is the more skilled technician by trying 1.0 submission per 15 minutes while Asakura goes for 0.5 submissions per 15 minutes. Today’s Featured MMA Best Bet! NICK MENKEN is up over +1,895 over the last 30 days in UFC, including a 7-Unit win last week with Andrey Pulyaev. Menken is back with a 7-Unit UFC Play (8:45 p.m.) tonight and this is part of a three-play card. Sign up now and get in on the action. You can get this top rated play complimentary when you set up a free $60 account here at Doc’s Sports and use part of it towards his a one day MMA package. Join Now! | Get all of our UFC Betting Picks In his last appearance in the Octagon, Tim Elliott fought Sumudaerji and wound up taking home the victory by an arm triangle in round 1. Sumudaerji ended up landing 10 of 25 total strikes that he threw in that fight. Elliott ended the night having landed 26 of 37 total strikes. In regard to significant strikes, Sumudaerji ended up landing 10 of 25, giving him a percentage of 40%. He ended up landing 6 of 19 significant strikes directed at the head. On the other side of the cage, Elliott ended up landing 47% of his significant strikes by connecting on 10 of 21. In terms of accuracy for the significant strikes, he connected on 6 of 13 to the head. 100% of the significant strikes landed by Sumudaerji and 80% of them connected on by Elliott were tallied at a distance. In the last bout for Kai Asakura, he squared up with Alexandre Pantoja and ended up losing the fight by rear naked choke in round 2. Pantoja landed 93% of his significant strikes at distance while Asakura ended up landing 100% of his significant strikes at distance. Asakura ended up landing 58% of the significant strikes he attempted by connecting on 17 of 29. He ended up connecting on 10 of 20 significant strikes aimed at the head. Pantoja ended up landing 32 of 52 significant strikes in that battle. In regard to the placement of these significant strikes, he connected on 15 of 33 to the head. Relating to total strikes attempted in that fight, Pantoja ended up connecting on 33 of 53 while Asakura ended up landing 30 of 44 total strikes. Other bouts on the card to watch One more match to look forward to is when King Green squares up against Diego Ferreira. Green will be looking to add a victory to his career record of 32-17-1 (1 NC). The 38-year-old will fight at 155 lbs and stands 5'10"". The orthodox fighter reaches 71"". Ferreira measures in at 5'9"" and steps on the scale at 155 lbs. The orthodox fighter steps into the Octagon with a mark of 19-6-0. The 40-year-old has a wingspan of 74"". Regarding grappling, King Green takes his opponents to the mat 1.22 times per 15 min and Diego Ferreira is able to score a takedown 0.86 times per 3 rounds. When it comes to striking, Green connects for an average of 6.40 strikes per minute and connecting on 52% of his attempted strikes. Joining him in the Octagon is Diego Ferreira, who tags the opposition on 40% of the strikes he has attempted and connects on 4.82 per minute. An additional fight that you're going to want to see is when Michal Oleksiejczuk is set to clash with Gerald Meerschaert. Meerschaert will be looking to add a win to his career record of 37-19-0. The 37-year-old weighs in at 185 lbs and stands 6'1"". The southpaw fighter reaches 77"". Oleksiejczuk comes in at 6'0"" and is fighting at 185 lbs. The southpaw fighter holds a record of 20-9-0 (1 NC). The 30-year-old extends his reach 74"". In terms of wrestling, Gerald Meerschaert is preventing 42% of the takedowns his opponents try and is taking his opponents to the mat on 31% of the times he tries. Oleksiejczuk is finishing his takedowns on 43% of his tries and is able to curb 48% of all takedown attempts. With regard to striking, Meerschaert is absorbing 3.43 strikes per minute while he is dishing out 3.05 strikes/minute. Oleksiejczuk, at the same time, is taking 4.51 strikes per min and is dishing out 5.27 per min. Who will win tonight's UFC match against the spread? Guy Bruhn's Pick: Take Kai Asakura (-300) Get $60 worth of FREE premium member picks. No Obligation. No Salesman. No Credit Card. Fast Sign up with Instant Access Click Here Get all of Today's Free UFC Picks Get all of Today's Expert UFC Picks Most Recent UFC Picks - Edson Barboza vs Drakkar Klose Pick, 08/16/2025 Predictions UFC 319 Odds - Jared Cannonier vs Michael Page Pick, 08/16/2025 Predictions UFC 319 Odds - Jessica Andrade vs Loopy Godinez Pick, 08/16/2025 Predictions UFC 319 Odds - King Green vs Diego Ferreira Pick, 08/16/2025 Predictions UFC 319 Odds - Geoff Neal vs Carlos Prates Pick, 08/16/2025 Predictions UFC 319 Odds - Gerald Meerschaert vs Michal Oleksiejczuk Pick, 08/16/2025 Predictions UFC 319 Odds - Bryan Battle vs Nursulton Ruziboev Pick, 08/16/2025 Predictions UFC 319 Odds - Tim Elliott vs Kai Asakura Pick, 08/16/2025 Predictions UFC 319 Odds - Dricus Du Plessis vs Khamzat Chimaev Pick, 08/16/2025 Predictions UFC 319 Odds - Chase Hooper vs Alexander Hernandez Pick, 08/16/2025 Predictions UFC 319 Odds",2025-08-12,https://www.docsports.com/free-picks/ufc/2025/tim-elliott-vs-kai-asakura-pick-08-16-2025-predictions-ufc-319-odds.html
MMA fight prediction Michal Oleksiejczuk vs Gerald Meerschaert,"A bit heavier Younger Guest fighting Perhaps biased judging A little lower Home country Perhaps biased judging The moral advantage of fighting at home A bit higher Possible moral pressure due to home fighting A bit lighter Short series of defeats Older MMA fight prediction Michal Oleksiejczuk vs Gerald Meerschaert Fight at UFC 319 Du Plessis vs. Chimaev 2025-08-16 Michal Oleksiejczuk Poland Age: 30 Birth date: 1995-02-22 Height: 182 sm Weight: 93 kg Weight categories: Light Heavyweight Gerald Meerschaert TM3 United States Age: 37 Birth date: 1987-12-18 Height: 185 sm Weight: 84 kg Weight categories: Middleweight Record: Michal Oleksiejczuk KOs Submissions Decisions Record: Gerald Meerschaert KOs Submissions Decisions Main prediction Winner: Michal Oleksiejczuk Loser: Gerald Meerschaert If win, then win by: Michal Oleksiejczuk KO 43.0% Decision 30.0% Submission 27.0% Gerald Meerschaert Submission 34.0% KO 33.0% Decision 33.0% Michal Oleksiejczuk Advantages A bit heavier Younger Disadvantages Guest fighting- Perhaps biased judging A little lower Gerald Meerschaert Advantages Home country- Perhaps biased judging - The moral advantage of fighting at home A bit higher Disadvantages Possible moral pressure due to home fighting A bit lighter Short series of defeats Older Rating prediction Opposition crossing Kevin Holland Michal Oleksiejczuk Technical submission (Armbar) Round: 1 Time: 1:34 Makhachev vs. Poirier Gerald Meerschaert Barboza vs. Gaethje Decision Round: 3 Time: 5:00 Sam Alvey Michal Oleksiejczuk TKO (Punch) Round: 1 Time: 1:56 Santos vs. Hill Gerald Meerschaert None Decision (Unanimous) Round: 3 Time: 5:00 None Submission (Guillotine) Round: 5 Time: 4:08",1995-02-22,https://mma-oracle.com/en/compare/result/michal_oleksiejczuk-68783-vs-60829-gerald_meerschaert
Gerald Meerschaert vs Michal Oleksiejczuk - UFC Fight Matchup Data Analysis,MMA Compass Insight the octogon 🥋 Roster 🤼 Fights 🌟 Events 🆚 Match Up 📊 Rankings 🗝️ Login David Abbott Hamdy Abdelwahab Mansur Abdul-Malik Shamil Abdurakhimov Daichi Abe Papy Abedi Klidson Abreu Juan Adams Zarrukh Adashev Israel Adesanya Mariya Agapova Jessica Aguilar Jesus Aguilar Kevin Aguilar Christian Aguilera Omari Akhmedov Yoshihiro Akiyama Mostapha Al-Turk Alatengheili Amir Albazi John Albert Junior Albini Aleksandra Albu Ildemar Alcantara Iuri Alcantara Hector Aldana Irene Aldana Jose Aldo JJ Aldrich Irina Alekseeva Talita Alencar Jim Alers John Alessio Houston Alexander Lucas Alexander Marcio Alexandre Junior Bill Algeo Sultan Aliev Ikram Aliskerov John Allan Arnold Allen Brendan Allen Ben Alloway Asu Almabayev Cesar Almeida Jailton Almeida Lucas Almeida Ricardo Almeida Thomas Almeida Victor Altamirano Eddie Alvarez Joel Alvarez Rafael Alves Thiago Alves Warlley Alves Sam Alvey Alen Amedovski Hyder Amil Makwan Amirkhani Jaqueline Amorim Eryk Anders Corey Anderson Megan Anderson Jessica Andrade Viscardi Andrade Dylan Andrews Chad Anheliger Yoji Anjo Magomed Ankalaev Gadzhimurad Antigulov Shinsho Anzai Aoriqileng Felipe Arantes Igor Araujo Viviane Araujo Julio Arce Alice Ardelean Dan Argueta Andrei Arlovski Garrett Armfield Austin Arnett Akbarh Arreola Antonio Arroyo Matt Arroyo Yanal Ashmouz Askar Askarov Cyril Asker Scott Askham Ben Askren Ibo Aslan Tom Aspinall Junior Assuncao Raphael Assuncao Rich Attonito Olivier Aubin-Mercier Marcus Aurelio Julia Avila Jessin Ayari Abu Azaitar Ottman Azaitar Hunter Azure Niklas Backstrom Seth Baczynski Ryan Bader Miguel Baeza Ali Bagautinov Melsik Baghdasaryan Siyar Bahadurzada Ignacio Bahamondes Shamar Bailey Oluwale Bamgbose Humberto Bandenay Tae Hyun Bang Shauna Bannon Renan Barao Maycee Barber Bryan Barberena Dione Barbosa Edson Barboza Raoni Barcelos Daniel Barez Danny Barlow Luke Barnatt Chris Barnett Josh Barnett Phil Baroni Marc-Andre Barriault Francimar Barroso Pat Barry Enrique Barzola Farid Basharat Javid Basharat Bryan Battle Alan Baudot Mario Bautista Chris Beal Johnny Bedford Rolando Bedoya Mirsad Bektic Diana Belbita Alan Belcher Vitor Belfort Rodolfo Bellato Joey Beltran Marco Beltran Joseph Benavidez Dave Beneteau Gabriel Benitez Lance Benoist Ryan Benoit Steve Berger Dennis Bermudez Manny Bermudez Talita Bernardo Arjan Bhullar David Bielkheden Blake Bilder Anthony Birchak Michael Bisping Jan Blachowicz Brad Blackburn Da'Mon Blackshear Erin Blanchfield Maximo Blanco Curtis Blaydes Mark Bocek Kyle Bochniak Tim Boetsch Jerry Bohlander Mandy Bohm Gaston Bolanos Denys Bondar Gabriel Bonfim Ismael Bonfim Stephan Bonnar Rogerio Bontorin Ray Borg Kevin Borjas Caio Borralho Viacheslav Borshchev Tanner Boser Steve Bosse Poliana Botelho Brian Bowles Roger Bowling Kyle Bradley Sean Brady Ramiz Brahimaj David Branch Diego Brandao Bruna Brasil Martin Bravo Mike Breeden Tom Breese Elves Brener Charlie Brenneman Jason Brilz Marcus Brimage Henry Briones Joanderson Brito Jonathan Brookins Jarred Brooks Will Brooks Rob Broughton Damien Brown Matt Brown Mike Brown Randy Brown TJ Brown Travis Browne Cody Brundage Steve Bruno Derek Brunson Lukasz Brzeski Justin Buchholz Joaquin Buckley Martin Buday Dylan Budka Mayra Bueno Silva Paul Buentello Modestas Bukauskas Felipe Bunes Shane Burgos Joshua Burkman Mads Burnell Mikey Burnett Gilbert Burns Herbert Burns Kevin Burns Murilo Bustamante JP Buys Dennis Buzukja Charles Byrd Yan Cabral Alex Caceres Priscila Cachoeira Cynthia Calvillo Frank Camacho Fabricio Camoes Brian Camozzi Chris Camozzi Shane Campbell Will Campuzano Aleksa Camur Chico Camus Luiz Cane Guido Cannetti Jared Cannonier Steve Cantwell Bryan Caraway Chris Cariaso Antonio Carlos Junior Spike Carlyle Francis Carmont Liz Carmouche Roan Carneiro Ariane Carnelossi Luana Carolina Clayton Carpenter Shonie Carter Antonio Carvalho Shane Carwin Johnny Case Cortney Casey Kevin Casey John Castaneda Danny Castillo Gil Castillo Nick Catone Rafael Cavalcante Jacqueline Cavalcanti Magnus Cedenblad Yosdenis Cedeno Henry Cejudo Katlyn Cerminara Rafael Cerqueira Donald Cerrone Luan Chagas Edgar Chairez Alex Chambers Chelsea Chandler Michael Chandler Morgan Charriere Danny Chavez Ernest Chavez Fabio Cherant Macy Chiasson Michael Chiesa Giga Chikadze Khamzat Chimaev Dooho Choi SeungWoo Choi John Cholish Ryo Chonan Joachim Christensen Hannah Cifers Misha Cirkunov Devin Clark Heather Clark Jessica-Rose Clark Laverne Clark Mitch Clarke Rich Clementi Chris Clements Felipe Colares Mark Coleman Clay Collard Jake Collier Christian Colombo Carlos Condit Wang Cong Tristan Connelly Amanda Cooper Chris Cope Akira Corassani Daniel Cormier Nora Cornolle Bethe Correia Wesley Correira Waldo Cortes-Acosta Tracy Cortez Orion Cosce Alessandro Costa Melquizael Costa Paulo Costa Randy Costa Patrick Cote Rashad Coulter Randy Couture Colby Covington Nathan Coy Andrew Craig Paul Craig Tim Credeur Kevin Croom Allen Crowder Daron Cruickshank Jimmy Crute Dominick Cruz Marcio Cruz Timmy Cuamba Josh Culibao Zak Cummings Patrick Cummins Luke Cummo Jeff Curran Kailin Curran Chris Curtis Ion Cutelaba Alex Da Silva Nicolas Dalby Paul Daley Aisling Daly Rodrigo Damm Batgerel Danaa Jarjis Danho Mac Danzig Beneil Dariush Chris Daukaus Kyle Daukaus Alexis Davis Brandon Davis Marcus Davis Mike Davis Phil Davis Hakeem Dawodu Grant Dawson Jason Day Martin Day Yorgan De Castro Philip De Fries Mark De La Rosa Montana De La Rosa Jason DeLucia Tony DeSouza Edwin DeWees Rolando Delgado Jack Della Maddalena Roland Delorme Jon Delos Reyes Vanessa Demopoulos Chris Dempsey Jason Dent Mackenzie Dern Robelis Despaigne Alessio Di Chirico Cyrille Diabate Marc Diakiese Blood Diamond Hacran Dias Nate Diaz Nick Diaz TJ Dillashaw Jhonata Diniz Russell Doane Drew Dober AJ Dobson Shana Dobson John Dodson Joe Doerksen Roman Dolidze CB Dollaway Cody Donovan Rafael Dos Anjos Anderson Dos Santos Junior Dos Santos Tomasz Drwal Dricus Du Plessis Emily Ducote Viktoriia Dudakova Milana Dudieva Todd Duffee Joe Duffy Jessamyn Duke Isaac Dulgarian Sedriques Dumas Norma Dumont Chris Duncan Christian Leroy Duncan Evan Dunham Tom Duquesnoy Albert Duraev Reuben Duran Cody Durden Merab Dvalishvili David Dvorak Matt Dwyer Rolando Dy Marvin Eastman Mike Easton Brian Ebersole Mark Eddiva Frankie Edgar Johnny Eduardo Joselyne Edwards Justin Edwards Leon Edwards Yves Edwards Stephanie Egger Justin Eilers Per Eklund Evan Elder Darren Elkins Jake Ellenberger Oban Elliott Tim Elliott Ramazan Emeev Rob Emerson Jamall Emmers Josh Emmett Ian Entwistle Andy Enz Steve Erceg Julian Erosa Jarno Errens Cole Escovedo Efrain Escudero Carla Esparza Juan Espino Jordan Espinosa Jodie Esquibel Rafael Estevam Terry Etim Sijara Eubanks Rashad Evans Ashlee Evans-Smith Tonya Evinger Movsar Evloev Andre Ewell Jessica Eye Urijah Faber Bartosz Fabinski Zarah Fairn Rinat Fakhretdinov Kalindra Faria Paul Felder Carlos Felipe Tony Ferguson Gabriella Fernandes Kaue Fernandes Brunno Ferreira Cezar Ferreira Diego Ferreira Scott Ferrozzo Andre Fialho Drew Fickett Deiveson Figueiredo Francisco Figueiredo Edwin Figueroa Jafel Filho Andre Fili Mirko Filipovic Luigi Fioravanti Manon Fiorot Spencer Fisher Chris Fishgold Jon Fitch Rafael Fiziev AJ Fletcher Nathan Fletcher Jimmy Flick Kenny Florian Darrius Flowers Rob Font Jesse Forbes Jussier Formiga Renee Forte Marcel Fortuna Brian Foster Hermes Franca Glaico Franca Moreira Rich Franklin Ian Freeman Josh Fremd Matt Frevola Jinh Yu Frey Don Frye Tony Fryklund Adam Fugitt Riki Fukuda Masio Fullen Ricardo Funch Claudia Gadelha Justin Gaethje Muin Gafurov Mitch Gagnon Mickey Gall Manvel Gamburyan Mateusz Gamrot Ciryl Gane Eduardo Garagorri Cody Garbrandt Alex Garcia Edgar Garcia Fernie Garcia Leonard Garcia Rafa Garcia Steve Garcia Pablo Garza Kelvin Gastelum Willie Gates Melissa Gatto Louis Gaudinot Shamil Gaziev Tiki Ghosn Christos Giagos Cody Gibson Trevin Giles Gregor Gillespie Ricky Glenn Mark Godbeer Loopy Godinez Billy Ray Goff Hannah Goldy Marcelo Golm Denise Gomes Silvana Gomez Juarez Takanori Gomi William Gomis Akihiro Gono Gabriel Gonzaga Erick Gonzalez Jason Gonzalez Lyman Good Jared Gooden Gary Goodridge Eddie Gordon Jared Gordon Malcolm Gordon Tresean Gore Themba Gorimbo Jonathan Goulet Thibault Gouti Wilson Gouveia Damian Grabowski Kron Gracie Royce Gracie Miranda Granger Davey Grant Dwight Grant TJ Grant Alexa Grasso Tony Gravely Michael Graves Desmond Green Gabe Green King Green Maurice Greene Matt Grice Forrest Griffin Jordan Griffin Max Griffin Tyson Griffin Maxim Grishin Josh Grispi Kendall Grove Chris Gruetzemacher Vik Grujic Mike Grundy Shannon Gugerty Clay Guida Melvin Guillard Marcelo Guimaraes John Gunderson Jorge Gurgel Bogdan Guskov Alexander Gustafsson Chris Gutierrez Mike Guymon Keith Hackney Jake Hadley Damir Hadzovic Bassil Hafez Tim Hague Mark Hall Ryan Hall Uriah Hall Dennis Hallman Piotr Hallmann Seo Hee Ham Matt Hamill Anthony Hamilton Jared Hamman Kay Hansen Nasrat Haqparast Antoni Hardonk Dan Hardy Greg Hardy Veronica Hardy Carlston Harris Gerald Harris Phil Harris Walt Harris Kayla Harrison Dale Hartt Clay Harvison John Hathaway Phil Hawes Josh Haynes Dustin Hazelett James Head Pat Healy David Heath Jake Hecht Nick Hein Ian Heinisch Marcin Held Benson Henderson Dan Henderson Johny Hendricks Luis Henrique Danny Henry Victor Henry Jai Herbert Dave Herman Ed Herman Jack Hermansson Alexander Hernandez Anthony Hernandez Carlos Hernandez Geane Herrera Alvaro Herrera Mendoza Felice Herrig Heath Herring Clint Hester Jimy Hettes Jay Hieron Brady Hiestand Jason High Angela Hill Corey Hill Jamahal Hill Branden Lee Hinkle Hatsu Hioki Kuniyoshi Hironaka Mizuto Hirota Matt Hobar Bobby Hoffman Sam Hoger Andrew Holbrook Kevin Holland Max Holloway Holly Holm Joseph Holmes Kurt Holobaugh Paddy Holohan Scott Holtzman Sabah Homasi Mark Hominick Dan Hooker Chase Hooper Darrell Horcher Kyoji Horiguchi Jeremy Horn Jamey-Lyn Horth Jeff Hougland John Howard Austin Hubbard Roger Huerta Jeff Hughes Matt Hughes Sam Hughes Mark Hunt Al Iaquinta Khadis Ibragimov Dan Ige Fabiano Iha Zelim Imadaev Nassourdine Imavov Brad Imes James Irvin Teruto Ishihara Damir Ismagulov Leandro Issa Blagoy Ivanov Yves Jabouin Damon Jackson Eugene Jackson Kevin Jackson Mike Jackson Montel Jackson Quinton Jackson Dustin Jacoby Virna Jandiroba Ryan Janes Keith Jardine Rony Jason Jasmine Jasudavicius Yazmin Jauregui Justin Jaynes Joanna Jedrzejczyk Jack Jenkins Steve Jennum Ryan Jensen Ryan Jimmo Li Jingliang Brett Johns Miles Johns Anthony Johnson Charles Johnson DaMarques Johnson Demetrious Johnson Jordan Johnson Jose Johnson Kajan Johnson Lavar Johnson Michael Johnson Timothy Johnson Brian Johnston Liana Jojua Jon Jones Mason Jones Trevin Jones Jocelyn Jones-Lybarger Shawn Jordan Ivan Jorge Scott Jorgensen Krzysztof Jotko Alan Jouban Charles Jourdain Kevin Jousset Anshul Jubli Carli Judice Luke Jumeau Chan Sung Jung Da Woon Jung Myles Jury Cristiane Justino Saidyokub Kakhramonov Kai Kamaka Martin Kampmann Masanori Kanehara Denis Kang Kyung Ho Kang Manel Kape Kai Kara-France Alex Karalexis Impa Kasanganay Nadia Kassem Brad Katona Calvin Kattar Sarah Kaufman Tatsuya Kawajiri Toshiomi Kazama Chris Kelades Brian Kelleher Tony Kelley Daniel Kelly Paul Kelly Song Kenan Jeremy Kennedy Tim Kennedy Casey Kenney Mark Kerr Rustam Khabilov Sergey Khandozhko Pannie Kianzad Katsunori Kikuno Dong Hyun Kim Ji Yeon Kim Jeremy Kimball Rob Kimmons Dustin Kimura Kyle Kingsbury Kamuela Kirk Justine Kish Ludovit Klein Fatima Kline Drakkar Klose Jason Knight William Knight Josefine Knutsson Erik Koch Tsuyoshi Kohsaka Syuri Kondo Yuki Kondo Cheick Kongo Roman Kopylov Josh Koscheck Naoyuki Kotani Karolina Kowalkiewicz James Krause Pascal Krauss Nikita Krylov Michael Kuiper Anton Kuivanen Aleksei Kunchenko Kiichi Kunimoto Guram Kutateladze Mike Kyle Ryan LaFlare Daniel Lacerda Aspen Ladd Noad Lahat Yohan Lainesse Tim Lajcik Ricardo Lamas Jason Lambert Nate Landwehr Austen Lane Lina Lansberg Taylor Lapilus Chad Laprise Lorenz Larkin Jeremy Larsen Brock Larson Ilir Latifi Jenel Lausa Dan Lauzon Joe Lauzon Robbie Lawler Tom Lawlor Justin Lawrence Ronnie Lawrence Valmir Lazaro Mounir Lazzez Cung Le Quang Le Marcus LeVesseur Carlos Leal Jordan Leavitt Chris Leben Mickael Lebout Justin Ledet Andrea Lee JeongYeong Lee Kevin Lee Vaughan Lee Thales Leites Amanda Lemos Jesse Lennox Nik Lentz Victoria Leonardo Kimo Leopoldo Brock Lesnar Valerie Letourneau Natan Levy Bevon Lewis Derrick Lewis Jess Liaudin Chuck Liddell Hyun Gyu Lim Andre Lima Dhiego Lima Felipe Lima Juliana Lima Matt Lindland Jake Lindsey John Lineker Austin Lingo Philipe Lins Zhang Lipeng Tainara Lisboa Dean Lister Pingyuan Liu James Llontop Artem Lobov David Loiseau Hector Lombard Loma Lookboonmee Ange Loosa Diego Lopes Benito Lopez Gustavo Lopez Matthew Lopez Caolan Loughran Ian Loveland Waylon Lowe Iasmin Lucindo Duane Ludwig Dalcha Lungiambula Vicente Luque Travis Lutter Tucker Lutz Chris Lytle Dong Hyun Ma Jason MacDonald Rob MacDonald Rory MacDonald William Macario Caio Machado Ian Machado Garry Lyoto Machida Reza Madadi Jon Madsen Mark Madsen Leonardo Mafra Caio Magalhaes Vinny Magalhaes Angela Magana Neil Magny Bibulatov Magomed Abus Magomedov Rashid Magomedov Ruslan Magomedov Shara Magomedov Zabit Magomedsharipov John Maguire Maheshate Demian Maia Jennifer Maia Levan Makashvili John Makdessi Islam Makhachev Zach Makovsky Azat Maksum Fabio Maldonado Bea Malecki Jacob Malkoun Mike Malott Nate Maness Jimi Manuwa Cristiano Marcello Daniel Marcos Chepe Mariscal Ronny Markes Rory Markham Randa Markos Nate Marquardt Danilo Marques Julian Marquez Carmelo Marrero Eliot Marshall Francis Marshall Jack Marshman Anthony Rocco Martin Mallory Martin Terry Martin Danny Martinez Henry Martinez Jonathan Martinez Mana Martinez Melissa Martinez Roque Martinez Adriano Martins Lucas Martins Mike Massenzio Jorge Masvidal Jean Matsumoto Connor Matthews Jake Matthews Vladimir Matyushenko Miranda Maverick Nick Maximov Don'Tale Mayes Gray Maynard Gina Mazany Sabina Mazo Ian McCall Molly McCann Charles McCarthy Sean McCorkle Kris McCray Tamdan McCrory Justin McCully Robert McDaniel Michael McDonald Drew McFedries Court McGee Gan McGee Marcus McGhee Conor McGregor Rhys McKee Cory McKenna Cody McKenzie Terrance McKinney Garreth McLellan Sara McMann James McSweeney Tim Means Yancy Medeiros MarQuel Mederos Uros Medic Emil Meek Gerald Meerschaert Jordan Mein Gilbert Melendez Vanessa Melo Augusto Mendes Chad Mendes Mateus Mendonca Alonzo Menifield Ivan Menjivar Dave Menne Yaotzin Meza Guy Mezger Andreas Michailidis David Michaud Bojan Mihajlovic Pat Miletich Curtis Millender Cole Miller Dan Miller Jason Miller Jim Miller Juliana Miller Che Mills Adam Milstead Alberto Mina Zhang Mingyang Darrick Minner Stipe Miocic Frank Mir Gabriel Miranda Mario Miranda Vitor Miranda Bryce Mitchell David Mitchell Matt Mitrione Takeya Mizugaki Mizuki Roxanne Modafferi Bobby Moffett Nate Mohr Renato Moicano Thiago Moises Muhammad Mokaev Jeff Molina Jeff Monson Darrell Montague Augusto Montano Erick Montano James Moontasri Marlon Moraes Sergio Moraes Sheymon Moraes John Moraga Albert Morales Joseph Morales Michael Morales Omar Morales Vince Morales Sarah Moras Christian Morecraft Vinicius Moreira Brandon Moreno Dan Moret Alex Morono Maryna Moroz Sergey Morozov Nikolas Motta Eduarda Moura Gegard Mousasi Kris Moutinho Jamie Moyle Lauren Mueller Belal Muhammad Jamie Mullarkey Melissa Mullins Pedro Munhoz Andre Muniz Alexander Munoz Johnny Munoz Mark Munoz Makhmud Muradov Kanako Murata Lauren Murphy Lerone Murphy Azamat Murzakanov Nicholas Musoke Magomed Mustafaev Elvis Mutapcic Liang Na Muhammad Naimov Keita Nakamura Rinya Nakamura Tyson Nam Yui Chul Nam Rose Namajunas Nad Narimani Roger Narvaez Allan Nascimento Rodrigo Nascimento Bobby Nash Rafael Natal Kevin Natividad Ismail Naurdiev Tafon Nchukwi Geoff Neal Stanislav Nedkov Josh Neer Nicolae Negumereanu Gunnar Nelson Kyle Nelson Roy Nelson Shane Nelson Antonio Braga Neto Journey Newson Carlos Newton Francis Ngannou Ben Nguyen Alex Nicholson Bo Nickal Matheus Nicolau Tom Niinimaki Ramsey Nijem Guangyou Ning Anthony Njokuani Chidi Njokuani Antonio Rodrigo Nogueira Rogerio Nogueira Kyle Noke Tom Nolan KJ Noons Sage Northcutt Phillipe Nover Shayilan Nuerdanbieke Amanda Nunes Diego Nunes Istela Nunes Josiane Nunes Nina Nunes Abubakar Nurmagomedov Khabib Nurmagomedov Said Nurmagomedov Umar Nurmagomedov Kennedy Nzechukwu Jake O'Brien Sean O'Connell Sean O'Malley Casey O'Neill Brendan O'Reilly Jose Ochoa Volkan Oezdemir Trey Ogden Andy Ogle Yushin Okami Bolaji Oki Aleksei Oleinik Michal Oleksiejczuk Alex Oliveira Charles Oliveira Maria Oliveira Rafaello Oliveira Saimon Oliveira Vinicius Oliveira Daniel Omielanczuk Michihiro Omigawa David Onama Charlie Ontiveros Myktybek Orolbai Brian Ortega Dustin Ortiz Tito Ortiz Ode Osbourne Nick Osipczak Rachael Ostovich Zak Ottow Alistair Overeem Alptekin Ozkilic Nick Pace Teemu Packalen Chris Padilla Fernando Padilla Damacio Page Michael Page Dustin Pague Raulian Paiva Bart Palaszewski Sasha Palatnikov Soa Palelei Rousimar Palhares Alexandre Pantoja Jared Papazian Remco Pardoel Josh Parisian Karo Parisyan HyunSung Park JunYong Park Norman Parke Mick Parkin Preston Parsons Ramona Pascual Alan Patrick Claude Patrick Sam Patterson Zac Pauga Sergei Pavlovich Pawel Pawlak Estevan Payan Jonathan Pearce Ross Pearson Carlo Pedersoli Jr. Tyson Pedro Trevor Peek Kurt Pellegrino Julianna Pena Luis Pena Cathal Pendred BJ Penn Jessica Penne Raquel Pennington Tecia Pennington Godofredo Pepey Robert Peralta Alex Pereira Michel Pereira Viviane Pereira Ailin Perez Alejandro Perez Alex Perez Erik Perez Frankie Perez Markus Perez Anthony Perosh Thiago Perpetuo Jay Perrin Mike Perry Raphael Pessoa Viktor Pesta Thomas Petersen Steven Peterson Vitor Petrino Andre Petroski Armen Petrosyan Ivana Petrovic Seth Petruzelli Anthony Pettis Sergio Pettis Forrest Petz Cody Pfister Nam Phan Constantinos Philippou Aaron Phillips Elizabeth Phillips John Phillips Kyler Phillips Vinc Pichel Brad Pickett Jamie Pickett Oskar Piechota Mike Pierce Sean Pierson Domingo Pilarte Paddy Pimblett Daniel Pineda Luana Pinheiro Maki Pitolo Jamal Pogues Dustin Poirier Igor Pokrajac Julia Polastri Santiago Ponzinibbio Parker Porter Ihor Potieria Callan Potter Ruan Potts Devin Powell Marcin Prachnio Francisco Prado Wagner Prado Trevor Prangley Carlo Prater Carlos Prates Michel Prazeres Kyle Prepolec Niko Price Jiri Prochazka Lara Procopio Joe Proctor Lucie Pudilova Claudio Puelles Jens Pulver Joe Pyfer Mike Pyle Billy Quarantillo Nate Quarry Josh Quinlan Cristian Quinonez Jose Quinonez Benji Radach Charles Radtke Loik Radzhabov Shavkat Rakhmonov Aleksandar Rakic Davi Ramos Ricardo Ramos Kevin Randleman Bec Rawlings Gideon Ray Stevie Ray Abdul Razak Alhassan Mateusz Rebecki Elise Reed Zachary Reese Jason Reinhardt Wilson Reis Goran Reljic Chance Rencountre Marion Reneau Alex Reyes Dominick Reyes Marco Polo Reyes Johnny Rhodes Mike Rhodes Amanda Ribas Brendson Ribeiro Claudio Ribeiro Esteban Ribovics Mike Ricci Tabatha Ricci Brad Riddell Matthew Riddle Joe Riggs Aaron Riley Jordan Rinaldi Nick Ring Mike Rio Diego Rivas Francisco Rivera Irwin Rivera Jerome Rivera Jimmie Rivera Jorge Rivera Pedro Rizzo Karl Roberson Daniel Roberts Danny Roberts Roosevelt Roberts Gillian Robertson Kenny Robertson Alvin Robinson Carlos Eduardo Rocha Vagner Rocha Luke Rockhold Gregory Rodrigues Kleydson Rodrigues Christian Rodriguez Daniel Rodriguez Marina Rodriguez Mike Rodriguez Pete Rodriguez Piera Rodriguez Ricco Rodriguez Ronaldo Rodriguez Yair Rodriguez Marcos Rogerio de Lima Marcelo Rojo Shane Roller Alexandr Romanov Ricardo Romero Yoel Romero Mara Romero Borella Rongzhu Jesse Ronson George Roop Aaron Rosa Charles Rosa Karol Rosa Raul Rosas Jr. Jake Rosholt Jared Rosholt Shannon Ross Ben Rothwell Khalil Rountree Jr. Ronda Rousey Phil Rowe Brandon Royval Jairzinho Rozenstruik Mauricio Rua Marco Ruas Gabe Ruediger Mauricio Ruffy Montserrat Conejo Ruiz Mike Russow Nursulton Ruziboev Cameron Saaiman Pat Sabatini Amir Sadollah Nazim Sadykhov Frankie Saenz Saparbeg Safarov Tarec Saffiedine Jason Saggo Benoit Saint Denis Ovince Saint Preux Lukasz Sajewski Augusto Sakai Alessio Sakara Justin Salas Ivan Salaverry Roman Salazar Luis Saldana Muslim Salikhov John Salter Vinicius Salvador Josh Samman Josh Sampo Andrew Sanchez Diego Sanchez Eddie Sanchez Joby Sanchez Robert Sanchez Jerrod Sanders Luke Sanders Cory Sandhagen Hector Sandoval Jorge Santiago Mike Santiago Bruno Santos Daniel Santos Gabriel Santos Iliarde Santos Leonardo Santos Luana Santos Mairon Santos Taila Santos Thiago Santos Yana Santos Daniel Sarafian Jeka Saragih Diego Saraiva Yuta Sasaki Paul Sass Takashi Sato Ben Saunders Matt Sayles Eric Schafer Brendan Schaub Matt Schnell Justin Scoggins Brad Scott Neil Seery Pete Sell Matthew Semelsberger Mackens Semerzier Matt Serra Fredy Serrano Dan Severn Edmen Shahbazyan Kamal Shalorus Frank Shamrock Ken Shamrock Eric Shelton Sean Sherk Chase Sherman Antonina Shevchenko Valentina Shevchenko Jake Shields Jack Shore Sam Sicilia Serhiy Sidey Steven Siler Anderson Silva Antonio Silva Assuerio Silva Bruno Silva Bruno Silva Claudio Silva Danny Silva Erick Silva Felipe Silva Jean Silva Joaquim Silva Karine Silva Leandro Silva Natalia Silva Thiago Silva Wanderlei Silva Douglas Silva de Andrade Elias Silverio Ricky Simon Aaron Simpson Tony Sims Wes Sims Rory Singer Elvis Sinosic Dennis Siver Chas Skelly Anthony Smith Cole Smith Colton Smith Devonte Smith Leslie Smith Maurice Smith Patrick Smith Scott Smith Trevor Smith Dmitrii Smoliakov Louis Smolka Cameron Smotherman Peter Sobotta Renato Sobral Rameau Thierry Sokoudjou Joe Solecki Chael Sonnen Punahele Soriano Sean Soriano Krzysztof Soszynski George Sotiropoulos Greg Soto Joe Soto Andre Soukhamthath Edimilson Souza Jacare Souza Ketlen Souza Livinha Souza Ryan Spann Felicia Spencer Sean Spencer Eric Spicely Daniel Spitz Serghei Spivac Pete Spratt Georges St-Pierre Ron Stallings Cody Stamann Brian Stann Josh Stansbury Clifford Starks Kalib Starnes Laureano Staropoli Damian Stasiak Dominique Steele Jeremy Stephens Aljamain Sterling Joe Stevenson Darren Stewart Julija Stoliarenko Dustin Stoltzfus Niklas Stolze Ken Stone Rick Story Darko Stosic Sam Stout Sean Strickland Hans Stringer Stefan Struve Tatiana Suarez Genki Sudo George Sullivan Sumudaerji Cub Swanson Mike Swick Oumar Sy Tim Sylvia Junior Tafa Justin Tafa Khalid Taha Tatsuro Taira Mairbek Taisumov Daiju Takase Oleg Taktarov Payton Talbott Nordine Taleb Issei Tamura Michinori Tanaka Evan Tanner Miesha Tate Brad Tavares Thiago Tavares Danielle Taylor Paul Taylor James Te Huna Glover Teixeira Tra Telligman David Terrell Daniel Teymur David Teymur Brandon Thatch Elias Theodorou Paulo Thiago Din Thomas Stephen Thompson Josh Thomson Simeon Thoresen Gleison Tibau Zhang Tiequan Darren Till Denis Tiuliulin Dusko Todorovic Tuco Tokkos Kazuki Tokudome Ilia Topuria Manuel Torres Miguel Torres Salim Touahri Dequan Townsend Francisco Trevino Frank Trigg Francisco Trinaldo Michael Trizano Tor Troeng Abel Trujillo Arman Tsarukyan Chris Tuchscherer Jon Tuck Gavin Tucker Jumabieke Tuerxun Tai Tuivasa Zubaira Tukhugov Albert Tumenov Ricky Turcios Anton Turkalj Wellington Turman Jalin Turner Marcin Tybura Tagir Ulanbekov Carlos Ulberg Gasan Umalatov Caol Uno Gilbert Urbina Hector Urbina Kamaru Usman Mohammed Usman Darren Uyenoyama Richie Vaculik Genaro Valdez Robert Valentin Timur Valiev Isaac Vallie-Flagg Joshua Van Paige VanZant Jared Vanderaa Lando Vannata Paul Varelans Kazula Vargas Jamie Varner Matt Veach Cain Velasquez Bojan Velickovic Karlos Vemola Luigi Vendramini Brandon Vera Marlon Vera Nikolay Veretennikov CJ Vergara Renato Verissimo Marvin Vettori Hugo Viana Polyana Viana James Vick Tamires Vidal Ketlen Vieira Reginaldo Vieira Rodolfo Vieira Gian Villante Ike Villanueva Marcos Vinicius Cheyanne Vlismas Bobby Voelker Alexander Volkanovski Jacob Volkmann Alexander Volkov Jason Von Flue Chris Wade TJ Waldburger Johnny Walker Valter Walker Rodney Wallace Richard Walsh Curt Warburton Terrion Ware Ron Waterman Dominic Waters Michelle Waterson-Gomez Tom Watson Walel Watson Brok Weaver Royston Wee Darian Weeks Chris Weidman Zhang Weili Mark Weir Christian Wellisch Jeremiah Wells Fabricio Werdum Sheldon Westcott Alex White Robert Whiteford Garett Whiteley Emily Whitmire Robert Whittaker Adam Wieczorek Mike Wilkinson James Wilks Jordan Williams Karl Williams Khaos Williams Patrick Williams Pete Williams Justin Willis Chris Wilson Jonathan Wilson Westin Wilson Matt Wiman Eddie Wineland Deron Winn Andre Winner Keith Wisniewski Jason Witt Joanne Wood Nathaniel Wood Tyron Woodley Sean Woodson Cal Worsham Khama Worthy Jordan Wright Wulijiburen Yan Xiaonan Song Yadong Mohammad Yahya Rani Yahya Alexander Yakovlev Kenichi Yamamoto Norifumi Yamamoto Petr Yan Wu Yanan Adrian Yanez Dongi Yang Hu Yaozong Ashley Yoder Yoshiyuki Yoshida Jason Young Shane Young Shanna Young Sodiq Yusuff Gilbert Yvel Luke Zachrich Aiemann Zahabi Youssef Zalal Elizeu Zaleski dos Santos David Zawada Daniel Zellhuber Daria Zhelezniakova Yao Zhikui Zhalgas Zhumagulov Fares Ziam Cat Zingano Ariane da Silva Henrique da Silva Geraldo de Freitas Gloria de Paula Germaine de Randamie Reinier de Ridder Chris de la Rocha Mike de la Torre Felipe dos Santos Rayanne dos Santos Tiago dos Santos e Silva Mike van Arsdale GM3 Age 37 Nationality 🇺🇸 United States Weight class Middleweight Streak ❌ ✅ ✅ ❌ ❌ David Abbott Hamdy Abdelwahab Mansur Abdul-Malik Shamil Abdurakhimov Daichi Abe Papy Abedi Klidson Abreu Juan Adams Zarrukh Adashev Israel Adesanya Mariya Agapova Jessica Aguilar Jesus Aguilar Kevin Aguilar Christian Aguilera Omari Akhmedov Yoshihiro Akiyama Mostapha Al-Turk Alatengheili Amir Albazi John Albert Junior Albini Aleksandra Albu Ildemar Alcantara Iuri Alcantara Hector Aldana Irene Aldana Jose Aldo JJ Aldrich Irina Alekseeva Talita Alencar Jim Alers John Alessio Houston Alexander Lucas Alexander Marcio Alexandre Junior Bill Algeo Sultan Aliev Ikram Aliskerov John Allan Arnold Allen Brendan Allen Ben Alloway Asu Almabayev Cesar Almeida Jailton Almeida Lucas Almeida Ricardo Almeida Thomas Almeida Victor Altamirano Eddie Alvarez Joel Alvarez Rafael Alves Thiago Alves Warlley Alves Sam Alvey Alen Amedovski Hyder Amil Makwan Amirkhani Jaqueline Amorim Eryk Anders Corey Anderson Megan Anderson Jessica Andrade Viscardi Andrade Dylan Andrews Chad Anheliger Yoji Anjo Magomed Ankalaev Gadzhimurad Antigulov Shinsho Anzai Aoriqileng Felipe Arantes Igor Araujo Viviane Araujo Julio Arce Alice Ardelean Dan Argueta Andrei Arlovski Garrett Armfield Austin Arnett Akbarh Arreola Antonio Arroyo Matt Arroyo Yanal Ashmouz Askar Askarov Cyril Asker Scott Askham Ben Askren Ibo Aslan Tom Aspinall Junior Assuncao Raphael Assuncao Rich Attonito Olivier Aubin-Mercier Marcus Aurelio Julia Avila Jessin Ayari Abu Azaitar Ottman Azaitar Hunter Azure Niklas Backstrom Seth Baczynski Ryan Bader Miguel Baeza Ali Bagautinov Melsik Baghdasaryan Siyar Bahadurzada Ignacio Bahamondes Shamar Bailey Oluwale Bamgbose Humberto Bandenay Tae Hyun Bang Shauna Bannon Renan Barao Maycee Barber Bryan Barberena Dione Barbosa Edson Barboza Raoni Barcelos Daniel Barez Danny Barlow Luke Barnatt Chris Barnett Josh Barnett Phil Baroni Marc-Andre Barriault Francimar Barroso Pat Barry Enrique Barzola Farid Basharat Javid Basharat Bryan Battle Alan Baudot Mario Bautista Chris Beal Johnny Bedford Rolando Bedoya Mirsad Bektic Diana Belbita Alan Belcher Vitor Belfort Rodolfo Bellato Joey Beltran Marco Beltran Joseph Benavidez Dave Beneteau Gabriel Benitez Lance Benoist Ryan Benoit Steve Berger Dennis Bermudez Manny Bermudez Talita Bernardo Arjan Bhullar David Bielkheden Blake Bilder Anthony Birchak Michael Bisping Jan Blachowicz Brad Blackburn Da'Mon Blackshear Erin Blanchfield Maximo Blanco Curtis Blaydes Mark Bocek Kyle Bochniak Tim Boetsch Jerry Bohlander Mandy Bohm Gaston Bolanos Denys Bondar Gabriel Bonfim Ismael Bonfim Stephan Bonnar Rogerio Bontorin Ray Borg Kevin Borjas Caio Borralho Viacheslav Borshchev Tanner Boser Steve Bosse Poliana Botelho Brian Bowles Roger Bowling Kyle Bradley Sean Brady Ramiz Brahimaj David Branch Diego Brandao Bruna Brasil Martin Bravo Mike Breeden Tom Breese Elves Brener Charlie Brenneman Jason Brilz Marcus Brimage Henry Briones Joanderson Brito Jonathan Brookins Jarred Brooks Will Brooks Rob Broughton Damien Brown Matt Brown Mike Brown Randy Brown TJ Brown Travis Browne Cody Brundage Steve Bruno Derek Brunson Lukasz Brzeski Justin Buchholz Joaquin Buckley Martin Buday Dylan Budka Mayra Bueno Silva Paul Buentello Modestas Bukauskas Felipe Bunes Shane Burgos Joshua Burkman Mads Burnell Mikey Burnett Gilbert Burns Herbert Burns Kevin Burns Murilo Bustamante JP Buys Dennis Buzukja Charles Byrd Yan Cabral Alex Caceres Priscila Cachoeira Cynthia Calvillo Frank Camacho Fabricio Camoes Brian Camozzi Chris Camozzi Shane Campbell Will Campuzano Aleksa Camur Chico Camus Luiz Cane Guido Cannetti Jared Cannonier Steve Cantwell Bryan Caraway Chris Cariaso Antonio Carlos Junior Spike Carlyle Francis Carmont Liz Carmouche Roan Carneiro Ariane Carnelossi Luana Carolina Clayton Carpenter Shonie Carter Antonio Carvalho Shane Carwin Johnny Case Cortney Casey Kevin Casey John Castaneda Danny Castillo Gil Castillo Nick Catone Rafael Cavalcante Jacqueline Cavalcanti Magnus Cedenblad Yosdenis Cedeno Henry Cejudo Katlyn Cerminara Rafael Cerqueira Donald Cerrone Luan Chagas Edgar Chairez Alex Chambers Chelsea Chandler Michael Chandler Morgan Charriere Danny Chavez Ernest Chavez Fabio Cherant Macy Chiasson Michael Chiesa Giga Chikadze Khamzat Chimaev Dooho Choi SeungWoo Choi John Cholish Ryo Chonan Joachim Christensen Hannah Cifers Misha Cirkunov Devin Clark Heather Clark Jessica-Rose Clark Laverne Clark Mitch Clarke Rich Clementi Chris Clements Felipe Colares Mark Coleman Clay Collard Jake Collier Christian Colombo Carlos Condit Wang Cong Tristan Connelly Amanda Cooper Chris Cope Akira Corassani Daniel Cormier Nora Cornolle Bethe Correia Wesley Correira Waldo Cortes-Acosta Tracy Cortez Orion Cosce Alessandro Costa Melquizael Costa Paulo Costa Randy Costa Patrick Cote Rashad Coulter Randy Couture Colby Covington Nathan Coy Andrew Craig Paul Craig Tim Credeur Kevin Croom Allen Crowder Daron Cruickshank Jimmy Crute Dominick Cruz Marcio Cruz Timmy Cuamba Josh Culibao Zak Cummings Patrick Cummins Luke Cummo Jeff Curran Kailin Curran Chris Curtis Ion Cutelaba Alex Da Silva Nicolas Dalby Paul Daley Aisling Daly Rodrigo Damm Batgerel Danaa Jarjis Danho Mac Danzig Beneil Dariush Chris Daukaus Kyle Daukaus Alexis Davis Brandon Davis Marcus Davis Mike Davis Phil Davis Hakeem Dawodu Grant Dawson Jason Day Martin Day Yorgan De Castro Philip De Fries Mark De La Rosa Montana De La Rosa Jason DeLucia Tony DeSouza Edwin DeWees Rolando Delgado Jack Della Maddalena Roland Delorme Jon Delos Reyes Vanessa Demopoulos Chris Dempsey Jason Dent Mackenzie Dern Robelis Despaigne Alessio Di Chirico Cyrille Diabate Marc Diakiese Blood Diamond Hacran Dias Nate Diaz Nick Diaz TJ Dillashaw Jhonata Diniz Russell Doane Drew Dober AJ Dobson Shana Dobson John Dodson Joe Doerksen Roman Dolidze CB Dollaway Cody Donovan Rafael Dos Anjos Anderson Dos Santos Junior Dos Santos Tomasz Drwal Dricus Du Plessis Emily Ducote Viktoriia Dudakova Milana Dudieva Todd Duffee Joe Duffy Jessamyn Duke Isaac Dulgarian Sedriques Dumas Norma Dumont Chris Duncan Christian Leroy Duncan Evan Dunham Tom Duquesnoy Albert Duraev Reuben Duran Cody Durden Merab Dvalishvili David Dvorak Matt Dwyer Rolando Dy Marvin Eastman Mike Easton Brian Ebersole Mark Eddiva Frankie Edgar Johnny Eduardo Joselyne Edwards Justin Edwards Leon Edwards Yves Edwards Stephanie Egger Justin Eilers Per Eklund Evan Elder Darren Elkins Jake Ellenberger Oban Elliott Tim Elliott Ramazan Emeev Rob Emerson Jamall Emmers Josh Emmett Ian Entwistle Andy Enz Steve Erceg Julian Erosa Jarno Errens Cole Escovedo Efrain Escudero Carla Esparza Juan Espino Jordan Espinosa Jodie Esquibel Rafael Estevam Terry Etim Sijara Eubanks Rashad Evans Ashlee Evans-Smith Tonya Evinger Movsar Evloev Andre Ewell Jessica Eye Urijah Faber Bartosz Fabinski Zarah Fairn Rinat Fakhretdinov Kalindra Faria Paul Felder Carlos Felipe Tony Ferguson Gabriella Fernandes Kaue Fernandes Brunno Ferreira Cezar Ferreira Diego Ferreira Scott Ferrozzo Andre Fialho Drew Fickett Deiveson Figueiredo Francisco Figueiredo Edwin Figueroa Jafel Filho Andre Fili Mirko Filipovic Luigi Fioravanti Manon Fiorot Spencer Fisher Chris Fishgold Jon Fitch Rafael Fiziev AJ Fletcher Nathan Fletcher Jimmy Flick Kenny Florian Darrius Flowers Rob Font Jesse Forbes Jussier Formiga Renee Forte Marcel Fortuna Brian Foster Hermes Franca Glaico Franca Moreira Rich Franklin Ian Freeman Josh Fremd Matt Frevola Jinh Yu Frey Don Frye Tony Fryklund Adam Fugitt Riki Fukuda Masio Fullen Ricardo Funch Claudia Gadelha Justin Gaethje Muin Gafurov Mitch Gagnon Mickey Gall Manvel Gamburyan Mateusz Gamrot Ciryl Gane Eduardo Garagorri Cody Garbrandt Alex Garcia Edgar Garcia Fernie Garcia Leonard Garcia Rafa Garcia Steve Garcia Pablo Garza Kelvin Gastelum Willie Gates Melissa Gatto Louis Gaudinot Shamil Gaziev Tiki Ghosn Christos Giagos Cody Gibson Trevin Giles Gregor Gillespie Ricky Glenn Mark Godbeer Loopy Godinez Billy Ray Goff Hannah Goldy Marcelo Golm Denise Gomes Silvana Gomez Juarez Takanori Gomi William Gomis Akihiro Gono Gabriel Gonzaga Erick Gonzalez Jason Gonzalez Lyman Good Jared Gooden Gary Goodridge Eddie Gordon Jared Gordon Malcolm Gordon Tresean Gore Themba Gorimbo Jonathan Goulet Thibault Gouti Wilson Gouveia Damian Grabowski Kron Gracie Royce Gracie Miranda Granger Davey Grant Dwight Grant TJ Grant Alexa Grasso Tony Gravely Michael Graves Desmond Green Gabe Green King Green Maurice Greene Matt Grice Forrest Griffin Jordan Griffin Max Griffin Tyson Griffin Maxim Grishin Josh Grispi Kendall Grove Chris Gruetzemacher Vik Grujic Mike Grundy Shannon Gugerty Clay Guida Melvin Guillard Marcelo Guimaraes John Gunderson Jorge Gurgel Bogdan Guskov Alexander Gustafsson Chris Gutierrez Mike Guymon Keith Hackney Jake Hadley Damir Hadzovic Bassil Hafez Tim Hague Mark Hall Ryan Hall Uriah Hall Dennis Hallman Piotr Hallmann Seo Hee Ham Matt Hamill Anthony Hamilton Jared Hamman Kay Hansen Nasrat Haqparast Antoni Hardonk Dan Hardy Greg Hardy Veronica Hardy Carlston Harris Gerald Harris Phil Harris Walt Harris Kayla Harrison Dale Hartt Clay Harvison John Hathaway Phil Hawes Josh Haynes Dustin Hazelett James Head Pat Healy David Heath Jake Hecht Nick Hein Ian Heinisch Marcin Held Benson Henderson Dan Henderson Johny Hendricks Luis Henrique Danny Henry Victor Henry Jai Herbert Dave Herman Ed Herman Jack Hermansson Alexander Hernandez Anthony Hernandez Carlos Hernandez Geane Herrera Alvaro Herrera Mendoza Felice Herrig Heath Herring Clint Hester Jimy Hettes Jay Hieron Brady Hiestand Jason High Angela Hill Corey Hill Jamahal Hill Branden Lee Hinkle Hatsu Hioki Kuniyoshi Hironaka Mizuto Hirota Matt Hobar Bobby Hoffman Sam Hoger Andrew Holbrook Kevin Holland Max Holloway Holly Holm Joseph Holmes Kurt Holobaugh Paddy Holohan Scott Holtzman Sabah Homasi Mark Hominick Dan Hooker Chase Hooper Darrell Horcher Kyoji Horiguchi Jeremy Horn Jamey-Lyn Horth Jeff Hougland John Howard Austin Hubbard Roger Huerta Jeff Hughes Matt Hughes Sam Hughes Mark Hunt Al Iaquinta Khadis Ibragimov Dan Ige Fabiano Iha Zelim Imadaev Nassourdine Imavov Brad Imes James Irvin Teruto Ishihara Damir Ismagulov Leandro Issa Blagoy Ivanov Yves Jabouin Damon Jackson Eugene Jackson Kevin Jackson Mike Jackson Montel Jackson Quinton Jackson Dustin Jacoby Virna Jandiroba Ryan Janes Keith Jardine Rony Jason Jasmine Jasudavicius Yazmin Jauregui Justin Jaynes Joanna Jedrzejczyk Jack Jenkins Steve Jennum Ryan Jensen Ryan Jimmo Li Jingliang Brett Johns Miles Johns Anthony Johnson Charles Johnson DaMarques Johnson Demetrious Johnson Jordan Johnson Jose Johnson Kajan Johnson Lavar Johnson Michael Johnson Timothy Johnson Brian Johnston Liana Jojua Jon Jones Mason Jones Trevin Jones Jocelyn Jones-Lybarger Shawn Jordan Ivan Jorge Scott Jorgensen Krzysztof Jotko Alan Jouban Charles Jourdain Kevin Jousset Anshul Jubli Carli Judice Luke Jumeau Chan Sung Jung Da Woon Jung Myles Jury Cristiane Justino Saidyokub Kakhramonov Kai Kamaka Martin Kampmann Masanori Kanehara Denis Kang Kyung Ho Kang Manel Kape Kai Kara-France Alex Karalexis Impa Kasanganay Nadia Kassem Brad Katona Calvin Kattar Sarah Kaufman Tatsuya Kawajiri Toshiomi Kazama Chris Kelades Brian Kelleher Tony Kelley Daniel Kelly Paul Kelly Song Kenan Jeremy Kennedy Tim Kennedy Casey Kenney Mark Kerr Rustam Khabilov Sergey Khandozhko Pannie Kianzad Katsunori Kikuno Dong Hyun Kim Ji Yeon Kim Jeremy Kimball Rob Kimmons Dustin Kimura Kyle Kingsbury Kamuela Kirk Justine Kish Ludovit Klein Fatima Kline Drakkar Klose Jason Knight William Knight Josefine Knutsson Erik Koch Tsuyoshi Kohsaka Syuri Kondo Yuki Kondo Cheick Kongo Roman Kopylov Josh Koscheck Naoyuki Kotani Karolina Kowalkiewicz James Krause Pascal Krauss Nikita Krylov Michael Kuiper Anton Kuivanen Aleksei Kunchenko Kiichi Kunimoto Guram Kutateladze Mike Kyle Ryan LaFlare Daniel Lacerda Aspen Ladd Noad Lahat Yohan Lainesse Tim Lajcik Ricardo Lamas Jason Lambert Nate Landwehr Austen Lane Lina Lansberg Taylor Lapilus Chad Laprise Lorenz Larkin Jeremy Larsen Brock Larson Ilir Latifi Jenel Lausa Dan Lauzon Joe Lauzon Robbie Lawler Tom Lawlor Justin Lawrence Ronnie Lawrence Valmir Lazaro Mounir Lazzez Cung Le Quang Le Marcus LeVesseur Carlos Leal Jordan Leavitt Chris Leben Mickael Lebout Justin Ledet Andrea Lee JeongYeong Lee Kevin Lee Vaughan Lee Thales Leites Amanda Lemos Jesse Lennox Nik Lentz Victoria Leonardo Kimo Leopoldo Brock Lesnar Valerie Letourneau Natan Levy Bevon Lewis Derrick Lewis Jess Liaudin Chuck Liddell Hyun Gyu Lim Andre Lima Dhiego Lima Felipe Lima Juliana Lima Matt Lindland Jake Lindsey John Lineker Austin Lingo Philipe Lins Zhang Lipeng Tainara Lisboa Dean Lister Pingyuan Liu James Llontop Artem Lobov David Loiseau Hector Lombard Loma Lookboonmee Ange Loosa Diego Lopes Benito Lopez Gustavo Lopez Matthew Lopez Caolan Loughran Ian Loveland Waylon Lowe Iasmin Lucindo Duane Ludwig Dalcha Lungiambula Vicente Luque Travis Lutter Tucker Lutz Chris Lytle Dong Hyun Ma Jason MacDonald Rob MacDonald Rory MacDonald William Macario Caio Machado Ian Machado Garry Lyoto Machida Reza Madadi Jon Madsen Mark Madsen Leonardo Mafra Caio Magalhaes Vinny Magalhaes Angela Magana Neil Magny Bibulatov Magomed Abus Magomedov Rashid Magomedov Ruslan Magomedov Shara Magomedov Zabit Magomedsharipov John Maguire Maheshate Demian Maia Jennifer Maia Levan Makashvili John Makdessi Islam Makhachev Zach Makovsky Azat Maksum Fabio Maldonado Bea Malecki Jacob Malkoun Mike Malott Nate Maness Jimi Manuwa Cristiano Marcello Daniel Marcos Chepe Mariscal Ronny Markes Rory Markham Randa Markos Nate Marquardt Danilo Marques Julian Marquez Carmelo Marrero Eliot Marshall Francis Marshall Jack Marshman Anthony Rocco Martin Mallory Martin Terry Martin Danny Martinez Henry Martinez Jonathan Martinez Mana Martinez Melissa Martinez Roque Martinez Adriano Martins Lucas Martins Mike Massenzio Jorge Masvidal Jean Matsumoto Connor Matthews Jake Matthews Vladimir Matyushenko Miranda Maverick Nick Maximov Don'Tale Mayes Gray Maynard Gina Mazany Sabina Mazo Ian McCall Molly McCann Charles McCarthy Sean McCorkle Kris McCray Tamdan McCrory Justin McCully Robert McDaniel Michael McDonald Drew McFedries Court McGee Gan McGee Marcus McGhee Conor McGregor Rhys McKee Cory McKenna Cody McKenzie Terrance McKinney Garreth McLellan Sara McMann James McSweeney Tim Means Yancy Medeiros MarQuel Mederos Uros Medic Emil Meek Gerald Meerschaert Jordan Mein Gilbert Melendez Vanessa Melo Augusto Mendes Chad Mendes Mateus Mendonca Alonzo Menifield Ivan Menjivar Dave Menne Yaotzin Meza Guy Mezger Andreas Michailidis David Michaud Bojan Mihajlovic Pat Miletich Curtis Millender Cole Miller Dan Miller Jason Miller Jim Miller Juliana Miller Che Mills Adam Milstead Alberto Mina Zhang Mingyang Darrick Minner Stipe Miocic Frank Mir Gabriel Miranda Mario Miranda Vitor Miranda Bryce Mitchell David Mitchell Matt Mitrione Takeya Mizugaki Mizuki Roxanne Modafferi Bobby Moffett Nate Mohr Renato Moicano Thiago Moises Muhammad Mokaev Jeff Molina Jeff Monson Darrell Montague Augusto Montano Erick Montano James Moontasri Marlon Moraes Sergio Moraes Sheymon Moraes John Moraga Albert Morales Joseph Morales Michael Morales Omar Morales Vince Morales Sarah Moras Christian Morecraft Vinicius Moreira Brandon Moreno Dan Moret Alex Morono Maryna Moroz Sergey Morozov Nikolas Motta Eduarda Moura Gegard Mousasi Kris Moutinho Jamie Moyle Lauren Mueller Belal Muhammad Jamie Mullarkey Melissa Mullins Pedro Munhoz Andre Muniz Alexander Munoz Johnny Munoz Mark Munoz Makhmud Muradov Kanako Murata Lauren Murphy Lerone Murphy Azamat Murzakanov Nicholas Musoke Magomed Mustafaev Elvis Mutapcic Liang Na Muhammad Naimov Keita Nakamura Rinya Nakamura Tyson Nam Yui Chul Nam Rose Namajunas Nad Narimani Roger Narvaez Allan Nascimento Rodrigo Nascimento Bobby Nash Rafael Natal Kevin Natividad Ismail Naurdiev Tafon Nchukwi Geoff Neal Stanislav Nedkov Josh Neer Nicolae Negumereanu Gunnar Nelson Kyle Nelson Roy Nelson Shane Nelson Antonio Braga Neto Journey Newson Carlos Newton Francis Ngannou Ben Nguyen Alex Nicholson Bo Nickal Matheus Nicolau Tom Niinimaki Ramsey Nijem Guangyou Ning Anthony Njokuani Chidi Njokuani Antonio Rodrigo Nogueira Rogerio Nogueira Kyle Noke Tom Nolan KJ Noons Sage Northcutt Phillipe Nover Shayilan Nuerdanbieke Amanda Nunes Diego Nunes Istela Nunes Josiane Nunes Nina Nunes Abubakar Nurmagomedov Khabib Nurmagomedov Said Nurmagomedov Umar Nurmagomedov Kennedy Nzechukwu Jake O'Brien Sean O'Connell Sean O'Malley Casey O'Neill Brendan O'Reilly Jose Ochoa Volkan Oezdemir Trey Ogden Andy Ogle Yushin Okami Bolaji Oki Aleksei Oleinik Michal Oleksiejczuk Alex Oliveira Charles Oliveira Maria Oliveira Rafaello Oliveira Saimon Oliveira Vinicius Oliveira Daniel Omielanczuk Michihiro Omigawa David Onama Charlie Ontiveros Myktybek Orolbai Brian Ortega Dustin Ortiz Tito Ortiz Ode Osbourne Nick Osipczak Rachael Ostovich Zak Ottow Alistair Overeem Alptekin Ozkilic Nick Pace Teemu Packalen Chris Padilla Fernando Padilla Damacio Page Michael Page Dustin Pague Raulian Paiva Bart Palaszewski Sasha Palatnikov Soa Palelei Rousimar Palhares Alexandre Pantoja Jared Papazian Remco Pardoel Josh Parisian Karo Parisyan HyunSung Park JunYong Park Norman Parke Mick Parkin Preston Parsons Ramona Pascual Alan Patrick Claude Patrick Sam Patterson Zac Pauga Sergei Pavlovich Pawel Pawlak Estevan Payan Jonathan Pearce Ross Pearson Carlo Pedersoli Jr. Tyson Pedro Trevor Peek Kurt Pellegrino Julianna Pena Luis Pena Cathal Pendred BJ Penn Jessica Penne Raquel Pennington Tecia Pennington Godofredo Pepey Robert Peralta Alex Pereira Michel Pereira Viviane Pereira Ailin Perez Alejandro Perez Alex Perez Erik Perez Frankie Perez Markus Perez Anthony Perosh Thiago Perpetuo Jay Perrin Mike Perry Raphael Pessoa Viktor Pesta Thomas Petersen Steven Peterson Vitor Petrino Andre Petroski Armen Petrosyan Ivana Petrovic Seth Petruzelli Anthony Pettis Sergio Pettis Forrest Petz Cody Pfister Nam Phan Constantinos Philippou Aaron Phillips Elizabeth Phillips John Phillips Kyler Phillips Vinc Pichel Brad Pickett Jamie Pickett Oskar Piechota Mike Pierce Sean Pierson Domingo Pilarte Paddy Pimblett Daniel Pineda Luana Pinheiro Maki Pitolo Jamal Pogues Dustin Poirier Igor Pokrajac Julia Polastri Santiago Ponzinibbio Parker Porter Ihor Potieria Callan Potter Ruan Potts Devin Powell Marcin Prachnio Francisco Prado Wagner Prado Trevor Prangley Carlo Prater Carlos Prates Michel Prazeres Kyle Prepolec Niko Price Jiri Prochazka Lara Procopio Joe Proctor Lucie Pudilova Claudio Puelles Jens Pulver Joe Pyfer Mike Pyle Billy Quarantillo Nate Quarry Josh Quinlan Cristian Quinonez Jose Quinonez Benji Radach Charles Radtke Loik Radzhabov Shavkat Rakhmonov Aleksandar Rakic Davi Ramos Ricardo Ramos Kevin Randleman Bec Rawlings Gideon Ray Stevie Ray Abdul Razak Alhassan Mateusz Rebecki Elise Reed Zachary Reese Jason Reinhardt Wilson Reis Goran Reljic Chance Rencountre Marion Reneau Alex Reyes Dominick Reyes Marco Polo Reyes Johnny Rhodes Mike Rhodes Amanda Ribas Brendson Ribeiro Claudio Ribeiro Esteban Ribovics Mike Ricci Tabatha Ricci Brad Riddell Matthew Riddle Joe Riggs Aaron Riley Jordan Rinaldi Nick Ring Mike Rio Diego Rivas Francisco Rivera Irwin Rivera Jerome Rivera Jimmie Rivera Jorge Rivera Pedro Rizzo Karl Roberson Daniel Roberts Danny Roberts Roosevelt Roberts Gillian Robertson Kenny Robertson Alvin Robinson Carlos Eduardo Rocha Vagner Rocha Luke Rockhold Gregory Rodrigues Kleydson Rodrigues Christian Rodriguez Daniel Rodriguez Marina Rodriguez Mike Rodriguez Pete Rodriguez Piera Rodriguez Ricco Rodriguez Ronaldo Rodriguez Yair Rodriguez Marcos Rogerio de Lima Marcelo Rojo Shane Roller Alexandr Romanov Ricardo Romero Yoel Romero Mara Romero Borella Rongzhu Jesse Ronson George Roop Aaron Rosa Charles Rosa Karol Rosa Raul Rosas Jr. Jake Rosholt Jared Rosholt Shannon Ross Ben Rothwell Khalil Rountree Jr. Ronda Rousey Phil Rowe Brandon Royval Jairzinho Rozenstruik Mauricio Rua Marco Ruas Gabe Ruediger Mauricio Ruffy Montserrat Conejo Ruiz Mike Russow Nursulton Ruziboev Cameron Saaiman Pat Sabatini Amir Sadollah Nazim Sadykhov Frankie Saenz Saparbeg Safarov Tarec Saffiedine Jason Saggo Benoit Saint Denis Ovince Saint Preux Lukasz Sajewski Augusto Sakai Alessio Sakara Justin Salas Ivan Salaverry Roman Salazar Luis Saldana Muslim Salikhov John Salter Vinicius Salvador Josh Samman Josh Sampo Andrew Sanchez Diego Sanchez Eddie Sanchez Joby Sanchez Robert Sanchez Jerrod Sanders Luke Sanders Cory Sandhagen Hector Sandoval Jorge Santiago Mike Santiago Bruno Santos Daniel Santos Gabriel Santos Iliarde Santos Leonardo Santos Luana Santos Mairon Santos Taila Santos Thiago Santos Yana Santos Daniel Sarafian Jeka Saragih Diego Saraiva Yuta Sasaki Paul Sass Takashi Sato Ben Saunders Matt Sayles Eric Schafer Brendan Schaub Matt Schnell Justin Scoggins Brad Scott Neil Seery Pete Sell Matthew Semelsberger Mackens Semerzier Matt Serra Fredy Serrano Dan Severn Edmen Shahbazyan Kamal Shalorus Frank Shamrock Ken Shamrock Eric Shelton Sean Sherk Chase Sherman Antonina Shevchenko Valentina Shevchenko Jake Shields Jack Shore Sam Sicilia Serhiy Sidey Steven Siler Anderson Silva Antonio Silva Assuerio Silva Bruno Silva Bruno Silva Claudio Silva Danny Silva Erick Silva Felipe Silva Jean Silva Joaquim Silva Karine Silva Leandro Silva Natalia Silva Thiago Silva Wanderlei Silva Douglas Silva de Andrade Elias Silverio Ricky Simon Aaron Simpson Tony Sims Wes Sims Rory Singer Elvis Sinosic Dennis Siver Chas Skelly Anthony Smith Cole Smith Colton Smith Devonte Smith Leslie Smith Maurice Smith Patrick Smith Scott Smith Trevor Smith Dmitrii Smoliakov Louis Smolka Cameron Smotherman Peter Sobotta Renato Sobral Rameau Thierry Sokoudjou Joe Solecki Chael Sonnen Punahele Soriano Sean Soriano Krzysztof Soszynski George Sotiropoulos Greg Soto Joe Soto Andre Soukhamthath Edimilson Souza Jacare Souza Ketlen Souza Livinha Souza Ryan Spann Felicia Spencer Sean Spencer Eric Spicely Daniel Spitz Serghei Spivac Pete Spratt Georges St-Pierre Ron Stallings Cody Stamann Brian Stann Josh Stansbury Clifford Starks Kalib Starnes Laureano Staropoli Damian Stasiak Dominique Steele Jeremy Stephens Aljamain Sterling Joe Stevenson Darren Stewart Julija Stoliarenko Dustin Stoltzfus Niklas Stolze Ken Stone Rick Story Darko Stosic Sam Stout Sean Strickland Hans Stringer Stefan Struve Tatiana Suarez Genki Sudo George Sullivan Sumudaerji Cub Swanson Mike Swick Oumar Sy Tim Sylvia Junior Tafa Justin Tafa Khalid Taha Tatsuro Taira Mairbek Taisumov Daiju Takase Oleg Taktarov Payton Talbott Nordine Taleb Issei Tamura Michinori Tanaka Evan Tanner Miesha Tate Brad Tavares Thiago Tavares Danielle Taylor Paul Taylor James Te Huna Glover Teixeira Tra Telligman David Terrell Daniel Teymur David Teymur Brandon Thatch Elias Theodorou Paulo Thiago Din Thomas Stephen Thompson Josh Thomson Simeon Thoresen Gleison Tibau Zhang Tiequan Darren Till Denis Tiuliulin Dusko Todorovic Tuco Tokkos Kazuki Tokudome Ilia Topuria Manuel Torres Miguel Torres Salim Touahri Dequan Townsend Francisco Trevino Frank Trigg Francisco Trinaldo Michael Trizano Tor Troeng Abel Trujillo Arman Tsarukyan Chris Tuchscherer Jon Tuck Gavin Tucker Jumabieke Tuerxun Tai Tuivasa Zubaira Tukhugov Albert Tumenov Ricky Turcios Anton Turkalj Wellington Turman Jalin Turner Marcin Tybura Tagir Ulanbekov Carlos Ulberg Gasan Umalatov Caol Uno Gilbert Urbina Hector Urbina Kamaru Usman Mohammed Usman Darren Uyenoyama Richie Vaculik Genaro Valdez Robert Valentin Timur Valiev Isaac Vallie-Flagg Joshua Van Paige VanZant Jared Vanderaa Lando Vannata Paul Varelans Kazula Vargas Jamie Varner Matt Veach Cain Velasquez Bojan Velickovic Karlos Vemola Luigi Vendramini Brandon Vera Marlon Vera Nikolay Veretennikov CJ Vergara Renato Verissimo Marvin Vettori Hugo Viana Polyana Viana James Vick Tamires Vidal Ketlen Vieira Reginaldo Vieira Rodolfo Vieira Gian Villante Ike Villanueva Marcos Vinicius Cheyanne Vlismas Bobby Voelker Alexander Volkanovski Jacob Volkmann Alexander Volkov Jason Von Flue Chris Wade TJ Waldburger Johnny Walker Valter Walker Rodney Wallace Richard Walsh Curt Warburton Terrion Ware Ron Waterman Dominic Waters Michelle Waterson-Gomez Tom Watson Walel Watson Brok Weaver Royston Wee Darian Weeks Chris Weidman Zhang Weili Mark Weir Christian Wellisch Jeremiah Wells Fabricio Werdum Sheldon Westcott Alex White Robert Whiteford Garett Whiteley Emily Whitmire Robert Whittaker Adam Wieczorek Mike Wilkinson James Wilks Jordan Williams Karl Williams Khaos Williams Patrick Williams Pete Williams Justin Willis Chris Wilson Jonathan Wilson Westin Wilson Matt Wiman Eddie Wineland Deron Winn Andre Winner Keith Wisniewski Jason Witt Joanne Wood Nathaniel Wood Tyron Woodley Sean Woodson Cal Worsham Khama Worthy Jordan Wright Wulijiburen Yan Xiaonan Song Yadong Mohammad Yahya Rani Yahya Alexander Yakovlev Kenichi Yamamoto Norifumi Yamamoto Petr Yan Wu Yanan Adrian Yanez Dongi Yang Hu Yaozong Ashley Yoder Yoshiyuki Yoshida Jason Young Shane Young Shanna Young Sodiq Yusuff Gilbert Yvel Luke Zachrich Aiemann Zahabi Youssef Zalal Elizeu Zaleski dos Santos David Zawada Daniel Zellhuber Daria Zhelezniakova Yao Zhikui Zhalgas Zhumagulov Fares Ziam Cat Zingano Ariane da Silva Henrique da Silva Geraldo de Freitas Gloria de Paula Germaine de Randamie Reinier de Ridder Chris de la Rocha Mike de la Torre Felipe dos Santos Rayanne dos Santos Tiago dos Santos e Silva Mike van Arsdale Hussar Age 30 Nationality 🇵🇱 Poland Weight class Middleweight Streak ✅ ❌ ❌ ❌ ✅ 🧵 Tale of the Tape ⭐ Global 🥊 Striking 🤼 Grappling Gerald Meerschaert Stat Michal Oleksiejczuk 185 Height (cm) 183 196 Reach (cm) 188 37 Wins 20 19 Losses 9 1 KO/TKO 7 11 Submissions 0 0 Fights of the night 1 5 Performance of the night 3 0 Belt fights 0 0 Main events 0 Global Score Comparison Gerald Meerschaert global score 69 Top 3 Strengths 1. Submission 99 2. Submissions attempted 87 3. Takedowns landed 66 Top 3 Weaknesses 1. Takedowns defense 22 2. Leg strikes landed 28 3. Total strikes attempted 33 Michal Oleksiejczuk global score 72 Top 3 Strengths 1. Ko tko 96 2. Body strikes landed 95 3. Knockdowns 94 Top 3 Weaknesses 1. Submissions attempted 1 2. Submission 1 3. Leg strikes landed 21 Strengths and Weaknesses Comparison Striking Ability Comparison Gerald Meerschaert Strikes Distribution Strikes per round Target part Accuracy Head Body Legs 11.19 73% 39% 2.62 17% 81% 1.46 10% 94% Michal Oleksiejczuk Strikes Distribution Strikes per round Target part Accuracy Head Body Legs 17.64 67% 43% 7.57 29% 83% 1.15 4% 88% Striking Comparison Grappling Ability Comparison Grappling Comparison,2025-01-01,https://mma-compass.com/matchup/6ac9bc2953c47345-0d65c432720accb9/
Gerald Meerschaert vs Michal Oleksiejczuk - Fight Card & Undercard,"16 Aug According to Sherdog, the fight card currently includes the following matchups: Fight card subject to change | Division | Fighter #1 | Fighter #2 | Notes | |---|---|---|---| | middleweight (185 lbs) | Dricus Du Plessis (23 - 2 - 0) | Khamzat Chimaev (14 - 0 - 0) | UFC | | featherweight (145 lbs) | Lerone Murphy (16 - 0 - 1) | Aaron Pico (13 - 4 - 0) | | | welterweight (170 lbs) | Geoff Neal (16 - 6 - 0) | Carlos Prates (21 - 7 - 0) | | | middleweight (185 lbs) | Jared Cannonier (18 - 8 - 0) | Michael Page (23 - 3 - 0) | | | flyweight (125 lbs) | Tim Elliott (20 - 13 - 1) | Kai Asakura (21 - 5 - 0) | | | lightweight (155 lbs) | Bobby Green (32 - 17 - 1) | Diego Ferreira (19 - 6 - 0) | | | middleweight (185 lbs) | Gerald Meerschaert (37 - 19 - 0) | Michal Oleksiejczuk (20 - 9 - 0) | | | middleweight (185 lbs) | Baysangur Susurkaev (9 - 0 - 0) | Eric Nolan (8 - 3 - 0) | | | strawweight (115 lbs) | Jessica Andrade (26 - 14 - 0) | Lupita Godinez (13 - 5 - 0) | | | lightweight (155 lbs) | Chase Hooper (16 - 3 - 1) | Alexander Hernandez (16 - 8 - 0) | | | lightweight (155 lbs) | Edson Barboza (24 - 12 - 0) | Drakkar Klose (15 - 3 - 1) | | | middleweight (185 lbs) | Bryan Battle (12 - 2 - 0) | Nursulton Ruziboev (36 - 9 - 2) | | | flyweight (125 lbs) | Karine Silva (18 - 5 - 0) | Dione Barbosa (8 - 3 - 0) | | | welterweight (170 lbs) | Rodrigo Sezinando (8 - 1 - 0) | Daniil Donchenko (11 - 2 - 0) | | | flyweight (125 lbs) | Alibi Idiris (10 - 0 - 0) | Joseph Morales (12 - 2 - 0) | The Tale of the Tape data is compiled from publicly available information on Sherdog | Gerald Meerschaert | Michal Oleksiejczuk | |---|---| | USA | Poland | | 37 - 19 - 0 (6 KOs) | 20 - 9 - 0 (15 KOs) | | middleweight (185 lbs / 83,9 kg) | middleweight (185 lbs / 83,9 kg) | | Age | | | Wins | | | Losses | | | Anthropometry | | The scheduled 3-round middleweight bout will take place on August 16, 2025. The full fight night schedule, including local start times for various countries, is listed below. Check the schedule to see when the event begins in your region. The fight night will start on Saturday, August 16 at 6:00 PM ET (New York time). The fight night will start on Saturday, August 16 at 3:00 PM PT (Los Angeles time). The fight night will start on Saturday, August 16 at 6:00 PM ET (Toronto time). The fight night will start on Saturday, August 16 at 11:00 PM BST (London time). The fight night will start on Sunday, August 17 at 12:00 AM SAST (Johannesburg time). The fight night will start on Sunday, August 17 at 6:00 AM PHT (Manila time). The fight night will start on Sunday, August 17 at 8:00 AM AEST (Sydney time). The fight night will start on Sunday, August 17 at 10:00 AM NZST (Wellington time). Note that the main event ring walk typically takes place about 1 to 1.5 hours after the main card begins. If you're mainly interested in the headline bout, there’s still some time — but it’s always worth watching the full card. You can stream the Meerschaert vs Oleksiejczuk fight via ESPN PPV. Disclaimer: Some links to streaming or pay-per-view on this page may be affiliate links. If you make a purchase through them, we may earn a commission — at no extra cost to you. The fight will be held at the United Center in Chicago, Illinois, USA. On August 16, UFC 319 heads to the United Center in Chicago with a middleweight matchup between veteran grappler Gerald “GM3” Meerschaert and Polish striker Michal “Hussar” Oleksiejczuk. Meerschaert returns to action following a decision loss to Brad Tavares in April. With nearly 60 professional fights, his reputation as a submission specialist remains intact. Known for his resilience and deep experience against top-tier opponents, Meerschaert continues to be a tough test for anyone trying to climb the middleweight ladder. Oleksiejczuk comes in off a first-round TKO over Sedriques Dumas, showcasing the punching power that has defined much of his career. With a high knockout rate and an aggressive forward style, he looks to impose pressure early and force mistakes from his opponents. Both fighters share a southpaw stance, but their strengths lie on opposite ends of the spectrum—Meerschaert on the ground, Oleksiejczuk on the feet. This creates a clear tactical battle: can Meerschaert weather the early storm and drag the fight into his world, or will Oleksiejczuk find the opening to end it before grappling becomes a factor? Positioned on a stacked UFC 319 card, this bout adds a classic striker-vs-grappler dynamic that could shift the momentum for either man's path in the division.",2025-08-16,https://boxing-schedule.com/mma/meerschaert-vs-oleksiejczuk/card/
"Gerald Meerschaert vs Michal Oleksiejczuk - How to Watch, Stream & TV Info","16 Aug You can stream the Gerald Meerschaert vs Michal Oleksiejczuk fight via: Disclaimer: Some links to streaming or pay-per-view on this page may be affiliate links. If you make a purchase through them, we may earn a commission — at no extra cost to you. TV channels and online platforms may vary by region, and we’ll update this section as new info becomes available. The scheduled 3-round middleweight bout will take place on August 16, 2025. The full fight night schedule, including local start times for various countries, is listed below. Check the schedule to see when the event begins in your region. The fight night will start on Saturday, August 16 at 6:00 PM ET (New York time). The fight night will start on Saturday, August 16 at 3:00 PM PT (Los Angeles time). The fight night will start on Saturday, August 16 at 6:00 PM ET (Toronto time). The fight night will start on Saturday, August 16 at 11:00 PM BST (London time). The fight night will start on Sunday, August 17 at 12:00 AM SAST (Johannesburg time). The fight night will start on Sunday, August 17 at 6:00 AM PHT (Manila time). The fight night will start on Sunday, August 17 at 8:00 AM AEST (Sydney time). The fight night will start on Sunday, August 17 at 10:00 AM NZST (Wellington time). Note that the main event ring walk typically takes place about 1 to 1.5 hours after the main card begins. If you're mainly interested in the headline bout, there’s still some time — but it’s always worth watching the full card. The fight will be held at the United Center in Chicago, Illinois, USA. The Tale of the Tape data is compiled from publicly available information on Sherdog | Gerald Meerschaert | Michal Oleksiejczuk | |---|---| | USA | Poland | | 37 - 19 - 0 (6 KOs) | 20 - 9 - 0 (15 KOs) | | middleweight (185 lbs / 83,9 kg) | middleweight (185 lbs / 83,9 kg) | | Age | | | Wins | | | Losses | | | Anthropometry | | Full Fight card for Gerald Meerschaert vs Michal Oleksiejczuk: Fight card subject to change | Division | Fighter #1 | Fighter #2 | Notes | |---|---|---|---| | middleweight (185 lbs) | Dricus Du Plessis (23 - 2 - 0) | Khamzat Chimaev (14 - 0 - 0) | UFC | | featherweight (145 lbs) | Lerone Murphy (16 - 0 - 1) | Aaron Pico (13 - 4 - 0) | | | welterweight (170 lbs) | Geoff Neal (16 - 6 - 0) | Carlos Prates (21 - 7 - 0) | | | middleweight (185 lbs) | Jared Cannonier (18 - 8 - 0) | Michael Page (23 - 3 - 0) | | | flyweight (125 lbs) | Tim Elliott (20 - 13 - 1) | Kai Asakura (21 - 5 - 0) | | | lightweight (155 lbs) | Bobby Green (32 - 17 - 1) | Diego Ferreira (19 - 6 - 0) | | | middleweight (185 lbs) | Gerald Meerschaert (37 - 19 - 0) | Michal Oleksiejczuk (20 - 9 - 0) | | | middleweight (185 lbs) | Baysangur Susurkaev (9 - 0 - 0) | Eric Nolan (8 - 3 - 0) | | | strawweight (115 lbs) | Jessica Andrade (26 - 14 - 0) | Lupita Godinez (13 - 5 - 0) | | | lightweight (155 lbs) | Chase Hooper (16 - 3 - 1) | Alexander Hernandez (16 - 8 - 0) | | | lightweight (155 lbs) | Edson Barboza (24 - 12 - 0) | Drakkar Klose (15 - 3 - 1) | | | middleweight (185 lbs) | Bryan Battle (12 - 2 - 0) | Nursulton Ruziboev (36 - 9 - 2) | | | flyweight (125 lbs) | Karine Silva (18 - 5 - 0) | Dione Barbosa (8 - 3 - 0) | | | welterweight (170 lbs) | Rodrigo Sezinando (8 - 1 - 0) | Daniil Donchenko (11 - 2 - 0) | | | flyweight (125 lbs) | Alibi Idiris (10 - 0 - 0) | Joseph Morales (12 - 2 - 0) | On August 16, UFC 319 heads to the United Center in Chicago with a middleweight matchup between veteran grappler Gerald “GM3” Meerschaert and Polish striker Michal “Hussar” Oleksiejczuk. Meerschaert returns to action following a decision loss to Brad Tavares in April. With nearly 60 professional fights, his reputation as a submission specialist remains intact. Known for his resilience and deep experience against top-tier opponents, Meerschaert continues to be a tough test for anyone trying to climb the middleweight ladder. Oleksiejczuk comes in off a first-round TKO over Sedriques Dumas, showcasing the punching power that has defined much of his career. With a high knockout rate and an aggressive forward style, he looks to impose pressure early and force mistakes from his opponents. Both fighters share a southpaw stance, but their strengths lie on opposite ends of the spectrum—Meerschaert on the ground, Oleksiejczuk on the feet. This creates a clear tactical battle: can Meerschaert weather the early storm and drag the fight into his world, or will Oleksiejczuk find the opening to end it before grappling becomes a factor? Positioned on a stacked UFC 319 card, this bout adds a classic striker-vs-grappler dynamic that could shift the momentum for either man's path in the division.",2025-08-16,https://boxing-schedule.com/mma/meerschaert-vs-oleksiejczuk/stream/
Gerald,"'; NEWS ▼ FEATURES ▼ FIGHT FINDER ▼ PODCASTS ▼ VIDEOS RANKINGS ▼ FORUM ▼ BOXING MORE ▼ FIGHT ODDS PFL WORLD TOURNAMENT UFC NEWS PFL NEWS WOMEN'S MMA NEWS PREVIEWS OPINION INTERVIEWS UFC EVENTS PFL EVENTS FULL CALENDAR FIGHT FINDER GUIDE SHILLAN & DUFFY PODCAST THE SHEEHAN SHOW AFTER THE BELL CHECK THE KICK DIVISIONAL RANKINGS POUND-FOR-POUND RANKINGS WOMEN'S POUND-FOR-POUND RANKINGS UFC DISCUSSION WORLDWIDE MMA DISCUSSION OFF TOPIC DISCUSSION PHOTOSHOPS PICTURES HOW TO WATCH CONTACT + NEWS UFC NEWS PFL NEWS WOMEN'S MMA NEWS + FEATURES PREVIEWS OPINION INTERVIEWS + FIGHT FINDER UFC EVENTS PFL EVENTS FULL CALENDAR FIGHT FINDER GUIDE + PODCASTS SHILLAN & DUFFY PODCAST THE SHEEHAN SHOW AFTER THE BELL CHECK THE KICK VIDEOS + RANKINGS DIVISIONAL RANKINGS POUND-FOR-POUND RANKINGS WOMEN'S POUND-FOR-POUND RANKINGS + FORUM UFC DISCUSSION WORLDWIDE MMA DISCUSSION OFF TOPIC DISCUSSION PHOTOSHOPS BOXING + MORE PICTURES HOW TO WATCH CONTACT FIGHT ODDS PFL WORLD TOURNAMENT MORE FROM OUR CHANNELS United States Racine, Wisconsin Gerald Meerschaert "" GM3 "" AGE 37 / Dec 18, 1987 HEIGHT 6'1"" / 185.42 cm WEIGHT 185 lbs / 83.91 kg ASSOCIATION Kill Cliff FC CLASS Middleweight Wins 37 KO / TKO 6 16% SUBMISSIONS 29 78% DECISIONS 2 5% Losses 19 KO / TKO 4 21% SUBMISSIONS 9 47% DECISIONS 6 32% Upcoming Fights UFC 319 August 16, 2025 United Center , Chicago, Illinois, United States Gerald Meerschaert 37-19-0 (WIN-LOSS-DRAW) Michal Oleksiejczuk 20-9-0 (WIN-LOSS-DRAW) See entire fight card FIGHT HISTORY - PRO Result Fighter Event Method/ Referee R Time loss Brad Tavares UFC on ESPN 65 - Emmett vs. Murphy Apr / 05 / 2025 Decision (Unanimous) Mike Beltran VIEW PLAY-BY-PLAY 3 5:00 loss Reinier de Ridder UFC Fight Night 247 - Magny vs. Prates Nov / 09 / 2024 Submission (Arm-Triangle Choke) Mike Beltran VIEW PLAY-BY-PLAY 3 1:44 win Edmen Shahbazyan UFC on ESPN 62 - Cannonier vs. Borralho Aug / 24 / 2024 Submission (Arm-Triangle Choke) Mark Smith VIEW PLAY-BY-PLAY 2 4:12 win Bryan Barberena UFC Fight Night 239 - Tuivasa vs. Tybura Mar / 16 / 2024 Technical Submission (Face Crank) Herb Dean VIEW PLAY-BY-PLAY 2 4:23 loss Andre Petroski UFC 292 - Sterling vs. O'Malley Aug / 19 / 2023 Decision (Split) Herb Dean VIEW PLAY-BY-PLAY 3 5:00 loss Joe Pyfer UFC 287 - Pereira vs. Adesanya 2 Apr / 08 / 2023 TKO (Punches) Marc Goddard VIEW PLAY-BY-PLAY 1 3:15 win Bruno Silva UFC on ESPN 41 - Vera vs. Cruz Aug / 13 / 2022 Submission (Guillotine Choke) Mike Beltran VIEW PLAY-BY-PLAY 3 1:39 loss Krzysztof Jotko UFC on ESPN 35 - Font vs. Vera Apr / 30 / 2022 Decision (Unanimous) Herb Dean VIEW PLAY-BY-PLAY 3 5:00 win Dustin Stoltzfus UFC Fight Night 199 - Lewis vs. Daukaus Dec / 18 / 2021 Submission (Rear-Naked Choke) Mark Smith VIEW PLAY-BY-PLAY 3 2:58 win Makhmud Muradov UFC on ESPN 30 - Barboza vs. Chikadze Aug / 28 / 2021 Submission (Rear-Naked Choke) Mark Smith VIEW PLAY-BY-PLAY 2 1:49 win Bartosz Fabinski UFC on ESPN 22 - Whittaker vs. Gastelum Apr / 17 / 2021 Technical Submission (Guillotine Choke) Herb Dean VIEW PLAY-BY-PLAY 1 2:00 loss Khamzat Chimaev UFC Fight Night 178 - Covington vs. Woodley Sep / 19 / 2020 KO (Punch) Mark Smith VIEW PLAY-BY-PLAY 1 0:17 loss Ian Heinisch UFC 250 - Nunes vs. Spencer Jun / 06 / 2020 TKO (Punches) Chris Tognoni VIEW PLAY-BY-PLAY 1 1:14 win Deron Winn UFC 248 - Adesanya vs. Romero Mar / 07 / 2020 Submission (Rear-Naked Choke) Keith Peterson VIEW PLAY-BY-PLAY 3 2:13 loss Eryk Anders UFC Fight Night 161 - Jedrzejczyk vs. Waterson Oct / 12 / 2019 Decision (Split) Kevin MacDonald VIEW PLAY-BY-PLAY 3 5:00 win Trevin Giles UFC on ESPN 5 - Covington vs. Lawler Aug / 03 / 2019 Technical Submission (Guillotine Choke) Herb Dean VIEW PLAY-BY-PLAY 3 1:49 loss Kevin Holland UFC on ESPN 2 - Barboza vs. Gaethje Mar / 30 / 2019 Decision (Split) Dan Miragliotta VIEW PLAY-BY-PLAY 3 5:00 loss Jack Hermansson UFC on Fox 31 - Iaquinta vs. Lee 2 Dec / 15 / 2018 Submission (Guillotine Choke) Rob Madrigal VIEW PLAY-BY-PLAY 1 4:25 win Oskar Piechota UFC - The Ultimate Fighter 27 Finale Jul / 06 / 2018 Technical Submission (Rear-Naked Choke) Chris Tognoni VIEW PLAY-BY-PLAY 2 4:55 win Eric Spicely UFC - The Ultimate Fighter 26 Finale Dec / 01 / 2017 KO (Body Kick) Herb Dean VIEW PLAY-BY-PLAY 2 2:18 loss Thiago Santos UFC 213 - Romero vs. Whittaker Jul / 08 / 2017 TKO (Punches) Marc Goddard VIEW PLAY-BY-PLAY 2 2:04 win Ryan Janes UFC Fight Night 105 - Lewis vs. Browne Feb / 19 / 2017 Submission (Armbar) Keith Peterson VIEW PLAY-BY-PLAY 1 1:34 win Joe Gigliotti UFC Fight Night 102 - Lewis vs. Abdurakhimov Dec / 09 / 2016 Submission (Anaconda Choke) Todd Anderson VIEW PLAY-BY-PLAY 1 4:12 win Chase Waldon RFA 45 - Meerschaert vs. Waldon Oct / 28 / 2016 Submission (Arm-Triangle Choke) Joe Fipp 1 1:44 win Sidney Wheeler Valor Fights 36 - Wheeler vs. Meerschaert Aug / 13 / 2016 Submission (Kimura) 1 1:22 win Lucas Rota Titan FC 34 - Healy vs. Edwards Jul / 18 / 2015 TKO (Doctor Stoppage) Mike England 3 0:50 win Keith Smetana 4BC - Capital City Punishment Jun / 27 / 2015 TKO (Punches) Jade Pergande 1 1:51 win Matt Lagou KOTC - Magnum Force Sep / 27 / 2014 Submission (Arm-Triangle Choke) 1 1:26 loss Sam Alvey NAFC - Mega Brawl May / 31 / 2014 Decision (Unanimous) Al Wichgers 3 5:00 win Eddie Larrea NAFC - Super Brawl 2 Jan / 31 / 2014 Submission (Arm-Triangle Choke) Al Wichgers 2 1:05 win Nathan Gunn CFC - Canadian Fighting Championship 8 Sep / 13 / 2013 Submission (Guillotine Choke) 2 2:00 win George Lockhart NFC 58 - Wild Bill's Fight Night 58 Jul / 19 / 2013 Decision (Unanimous) 3 5:00 win Jay Ellis KOTC - Certified Apr / 20 / 2013 TKO (Punches) 1 1:03 loss Anthony Lapsley Rocktagon MMA - Elite Series 23 Jan / 19 / 2013 Submission (Rear-Naked Choke) 1 1:51 loss Sergej Juskevic SFS 6 - Score Fighting Series 6 Oct / 19 / 2012 Submission (Kneebar) Graham Bettes 1 4:32 win Eddie Larrea RWC - Rogue Warrior Championships 3 Sep / 06 / 2012 Submission (Rear-Naked Choke) 1 3:35 loss Herbert Goodman Combat USA - Wisconsin State Finals Apr / 22 / 2011 Submission (Rear-Naked Choke) 1 1:28 win Dallas O'Malley Combat USA - 24 Jan / 06 / 2011 Submission (Guillotine Choke) 2 0:38 win Sam Alvey Combat USA - Championship Tournament Finals Sep / 11 / 2010 Submission (Guillotine Choke) Jeff Nass 5 4:08 win Ron Faircloth Madtown Throwdown - Worlds Collide Jul / 10 / 2010 Submission (Rear-Naked Choke) 2 3:34 win Jim Klimczyk Combat USA - 19 Apr / 17 / 2010 TKO (Punches) 1 2:56 win Eddie Larrea ECO - Extreme Cagefighting Organization 4 Mar / 20 / 2010 Submission (Arm-Triangle Choke) 2 0:52 win Morrison Lamb Racine Fight Night 5 - Thanksgiving Thrash Nov / 28 / 2009 Submission (Guillotine Choke) 1 1:02 win Jacob Kuester GCF - Fair Warning Aug / 15 / 2009 Submission (Neck Crank) 1 1:14 loss Kenny Robertson MT 19 - Madtown Throwdown 19 May / 02 / 2009 Submission (Kneebar) 1 3:15 loss Curtis Bailey MT 17 - Madtown Throwdown 17 Oct / 10 / 2008 Submission (Guillotine Choke) 1 1:19 win Mike Vaughn MT 16 - Madtown Throwdown 16 Jul / 25 / 2008 Submission (Rear-Naked Choke) 2 0:00 win Ryan Scheeper FCC 35 - Freestyle Combat Challenge 35 May / 03 / 2008 Submission (Armbar) 1 0:40 win Alex Carter FCC 34 - Freestyle Combat Challenge 34 Mar / 29 / 2008 Submission (Triangle Choke) 2 N/A win Caleb Krull FCC 33 - Freestyle Combat Challenge 33 Feb / 23 / 2008 Decision (Unanimous) 3 3:00 win Kenneth Allen FCC 32 - Freestyle Combat Challenge 32 Jan / 12 / 2008 Submission (Triangle Choke) 1 N/A loss Daisuke Hanazawa FCC 29 - Freestyle Combat Challenge 29 Aug / 11 / 2007 Submission (Kimura) 1 0:00 win Will Pace FCC 28 - Freestyle Combat Challenge 28 May / 19 / 2007 Submission (Rear-Naked Choke) 1 0:00 win Shane Kruchten FCC 27 - Freestyle Combat Challenge 27 May / 12 / 2007 TKO (Punches) John Geraghty 2 0:00 loss Jay Ellis FCC 26 - Freestyle Combat Challenge 26 Mar / 10 / 2007 Technical Submission (Guillotine Choke) 1 N/A win Fernando Gomez FCC 25 - Freestyle Combat Challenge 25 Jan / 13 / 2007 Submission (Rear-Naked Choke) 2 5:00 Related Videos ◄ ► PICTURES GERALD MEERSCHAERT RELATED NEWS UFC 319 ‘Du Plessis vs. Chimaev’ Play-by-Play, Results & Round Scoring Sherdog's live UFC 319 coverage will begin Saturday at 6:30 p.m. ET. UFC Jay Pettry Aug 16, 2025 UPDATED UFC 319 Weigh-in Results: Title Fight Set; 1 Fight Axed The Ultimate Fighting Championship returns to Chicago with a middleweight title fight, which is now official following the UFC 319 weigh-ins. UFC Tyler Treese Aug 15, 2025 Prime Picks: UFC 319 ‘Du Plessis vs. Chimaev’ Sherdog’s resident Nostradamus peers into his crystal ball and points the way to two underdogs, as the Ultimate Fighting Championship returns... Fight Odds Jay Pettry Aug 15, 2025 Preview: UFC 319 ‘Du Plessis vs. Chimaev’ The undisputed Ultimate Fighting Championship middleweight title will be on the line when Dricus Du Plessis defends the 185-pound belt against... Fight Odds Tom Feely Aug 14, 2025 Preview: UFC 319 Prelims The Ultimate Fighting Championship ’s long-awaited return to Chicago on Saturday comes with an extensive undercard attached. UFC Tom Feely Aug 13, 2025 View More Subscribe to our Newsletter * indicates required Email Address * Latest News ALL UFC PFL UFC 319 ‘Du Plessis vs. Chimaev’ Play-by-Play, Results & Round Scoring Patricio 'Pitbull' Gets Top Prospect for Third UFC Appearance Nassourdine Imavov Mocks UFC 319 Main-Event Backup: 'Where Is Caio?' Jamahal Hill Responds to Boos at UFC 319 Q&A Khamzat Chimaev Hypes Teammate Baysangur Susurkaev Ahead of UFC 319 Professional Fighters League Crowns Three More 2025 Champions PFL 2025 World Tournament 9: Finals Play-by-Play, Results & Round Scoring PFL Reveals Main Card of Oct. 3 Road to Dubai Event, Adds Pettis-Magomedov UFC 319 ‘Du Plessis vs. Chimaev’ Play-by-Play, Results & Round Scoring Patricio 'Pitbull' Gets Top Prospect for Third UFC Appearance Nassourdine Imavov Mocks UFC 319 Main-Event Backup: 'Where Is Caio?' Jamahal Hill Responds to Boos at UFC 319 Q&A Khamzat Chimaev Hypes Teammate Baysangur Susurkaev Ahead of UFC 319 UPDATED UFC 319 Weigh-in Results: Title Fight Set; 1 Fight Axed UFC Signs Former Oktagon MMA Two-Division Champion UFC Heavyweight Alvin Hines Suspended 1 Year for Multiple Substances Professional Fighters League Crowns Three More 2025 Champions PFL 2025 World Tournament 9: Finals Play-by-Play, Results & Round Scoring PFL Reveals Main Card of Oct. 3 Road to Dubai Event, Adds Pettis-Magomedov Jena Bishop: Unique Tool Bag ‘Sets Me Apart’ Ahead of PFL Final PFL Sets ‘Lazy King’ Abdouraguimov as Headliner of PFL Nantes on Sept. 26 Marcirley Alves a Most Unlikely Professional Fighters League Finalist Two Title Fights Top PFL Champions Series Card in Dubai on Oct. 3 Jaw-Dropping Finishes Highlight Professional Fighters League’s Return to Africa EVENTS / FIGHTS UFC PFL MORE Aug 16 2025 UFC 319 Du Plessis vs. Chimaev Aug 22 2025 UFC Road to UFC Season 4: Shanghai Semifinals 1 Aug 22 2025 UFC Road to UFC Season 4: Shanghai Semifinals 2 Aug 23 2025 UFC Fight Night 257 Walker vs. Zhang Sep 06 2025 UFC Fight Night 258 Imavov vs. Borralho Aug 15 2025 Professional Fighters League 2025 PFL World Tournament 9: Finals Aug 21 2025 Professional Fighters League 2025 PFL World Tournament 10: Finals Sep 26 2025 Professional Fighters League PFL Europe 3: 2025 Playoffs Sep 27 2025 Professional Fighters League PFL MENA 3: 2025 Semifinals Oct 03 2025 Professional Fighters League PFL Road to Dubai Champions Series 3: Nurmagomedov vs. Hughes 2 + MORE UFC FIGHTS + MORE PFL FIGHTS POLL Who should get the next crack at Ilia Topuria? Arman Tsarukyan Paddy Pimblett Other Arman Tsarukyan 62% Paddy Pimblett 28% Other 11% TOTAL: 1,168 VOTES {firstname} { ""nickname"" }{lastname} {firstname} { ""nickname"" }{lastname} {name} - {title} FIGHT FINDER FIGHTER OF THE WEEK Justin Wetzell TOP TRENDING FIGHTERS Khamzat Chimaev Alfie Davis Dricus Du Plessis Dwight Joseph MORE FIGHTERS... Aaron Pico | Gadzhi Rabadanov | Lerone Murphy | Jena Bishop | Michael Page | Renat Khavalov | Khabib Nurmagomedov + FIND MORE",2025-08-16,https://www.sherdog.com/fighter/Gerald-Meerschaert-21501
Gerald Meerschaert vs Michal Oleksiejczuk UFC 319 Betting Prediction August 16,"Gerald Meerschaert vs Michal Oleksiejczuk UFC 319 Betting Prediction August 16 Gerald Meerschaert vs Michal Oleksiejczuk Betting Prediction UFC 319 Betting Prediction, August 16. Place a bet on this mixed martial arts event at YouWager.lv. Gerald Meerschaert vs Michal Oleksiejczuk UFC 319 Betting Prediction Now we have the Gerald Meerschaert vs Michal Oleksiejczuk UFC 319 Betting Prediction for both teams. “GM3” Gerald Meerschaert will be hoping to add another victory to his career record of 37-19-0, which he currently has. The southpaw boxer, who is 37 years old and weighs 185 pounds, stands 6 feet and one inch tall and has a reach of 77 inches. Michal “Hussar” Oleksiejczuk makes his debut at a height of 6 feet and 0 inches, and he is competing at a weight of 185 pounds. The southpaw fighter has a record of 20-9-0 with one no-contest. The 30-year-old adds 74 inches to his reach. Gerald Meerschaert is landing 3.05 significant strikes per minute, whereas Michal Oleksiejczuk is landing 5.27 important strikes per minute. Both of these figures are significant strikes. Oleksiejczuk is landing 51% of the significant strikes he attempts, while Meerschaert is connecting on 45% of the significant blows he attempts. When it comes to defense, “GM3” is able to sustain 3.43 significant strikes per minute, whereas “Hussar” is able to take 4.51. Furthermore, Meerschaert is able to block 53% of the big hits that his adversaries throw his way, whilst Oleksiejczuk is able to deflect 59% of the attacks that are sent in his direction. When it comes to wrestling, Gerald Meerschaert is the more effective grappler because he is able to knock his opponents to the canvas 1.86 times in every fifteen minutes. The percentage of times that Meerschaert is successful in bringing his opponent to the mat is 31%, while he is successful in defending 42% of the takedowns that his opponents have tried. Oleksiejczuk is successful in bringing his opponents to the ground on 43 percent of the takedowns he attempts, while he is successful in defending 48 percent of all takedowns that his opponents attempt. Meerschaert is the more experienced of the two fighters when it comes to substituting the opponent. He attempts 1.4 submissions per three rounds, but Oleksiejczuk only attempts 0.6 submissions per three rounds. He is the more experienced of the two. The most recent fight that Gerald Meerschaert competed in was against Brad Tavares, and he ultimately lost the fight by way of a unanimous decision in the third round. In that battle, Tavares achieved a strike success rate of 56 out of a total of 118 attempts. At the conclusion of this fight, Meerschaert had landed 51 of the total 97 strikes that were available to him. Tavares ended up landing 47 of 109 significant strikes, which gave him a rate of 43%. This put him in the category of big strikes. Out of the 85 big blows that were intended at the head, he landed 29 of them. According to the statistics, Meerschaert ended up hitting 38 of 83 major strikes, which is equivalent to 45% of his total hits. In terms of the positioning of these big hits, he was successful on 27 out of 66, with the majority of them being directed at the head. Both Tavares and Meerschaert were able to land large strikes from a distance, with Tavares landing 95% of them and Meerschaert landing 94% of them. When Michal Oleksiejczuk made his final appearance in the Octagon, he competed against Sedriques Dumas. He ultimately prevailed over Dumas by landing a punch to the head while he was on the ground in the first round. A total of one hundred percent of the significant strikes that Dumas attempted to land at a distance were successful, but Oleksiejczuk was only successful in landing 38 percent of his significant blows at a distance. The final result was that Oleksiejczuk was successful in landing 59% of his significant blows, connecting on 34 out of 57 attempts. In the end, he was successful in landing 27 of the 49 large blows that were directed at the skull. During that match, Dumas was successful in connecting on three of the twenty-six crucial strikes. With regard to the important strike accuracy, he was successful on 0 of 18 attempts that were directed at the head. When it comes to the total number of strikes that he committed during that battle, Dumas connected on three out of twenty-six, and Oleksiejczuk landed thirty-four out of fifty-nine of the strikes that he attempted. The fight between Chase Hooper and Alexander Hernandez is another one that you should remember to keep an eye on. Hooper enters this bout with a record of 16-3-1, which is his current record. The southpaw boxer, who is 25 years old and weighs 155 pounds, has a height of 6 feet and one inch and a reach of three feet and four inches. Hernandez measures 5’9 “and tips the scales at 155 lbs. The orthodox fighter looks to add a win to his career total of 16-8-0. The 32-year-old extends his reach 72” . When it comes to grappling, Chase Hooper is able to score a takedown 2.59 times per 15 minutes, whereas Alexander Hernandez is only able to score a takedown 1.24 times per 15 minutes. When it comes to striking, Hooper is landing 4.53 strikes per minute and is successful in landing 51% of the strikes that he throws. Alexander Hernandez is fighting alongside him in the Octagon. Hernandez is connecting on forty percent of the strikes that he throws and lands four and a half strikes every minute. The fight between Drakkar Klose and Edson Barboza, which is scheduled to take place in the Octagon, is another bout that you are going to want to watch. Barboza is looking to add another victory to his entire career record of 24-12-0. The orthodox fighter, who is 39 years old and is 5 feet 11 inches tall, has a weight of 155 pounds and a reach of 75 inches that is measured. Klose measures 5’9 “and steps on the scale at 155 lbs. The orthodox fighter holds a career mark of 15-3-1. The 37-year-old has a wingspan of 70” . Edson Barboza is successful in preventing 72 percent of the takedowns that his opponents have attempted in grappling, while he is successful in bringing his opponents down on fifty percent of his attempts. While Klose is successful in bringing his opponents to the ground on 27% of the tries he attempts, he is also able to prevent 69% of the takedowns that his opponents attempt. In terms of striking, Barboza is able to take in 4.65 strikes per minute and deliver 4.11 strikes per minute simultaneously. The opposite is true for Klose, who is receiving 3.54 strikes per minute while simultaneously throwing out 4.33 strikes per minute. Visit the Betting School and learn how to wager on the moneyline, spread, and total; on your favorite team or an undervalued underdog. Sign up with YouWager.lv now and get in the game with the best welcome bonus, click below:",2025-08-15,https://blog.youwager.lv/2025/08/15/gerald-meerschaert-vs-michal-oleksiejczuk-ufc-319-betting-prediction-august-16/
UFC 319 | UFC,"UFC 319 Du Plessis vs Chimaev Sat, Aug 16 / 10:00 PM EDT United Center, Chicago United States UFC 319 Sat, Aug 16 / 10:00 PM EDT . How to watch United Center, Chicago United States Sponsored By Main Card - CMiddleweight Title Bout#3Dricus Du PlessisMiddleweight Title BoutKhamzat ChimaevSouth Africa+215 odds -265United Arab EmiratesRoundTimeMethod - #6Featherweight BoutLerone MurphyFeatherweight BoutAaron PicoEngland+154 odds -185United StatesRoundTimeMethod - #11Welterweight Bout#12Geoff NealWelterweight BoutCarlos PratesUnited States+180 odds -218BrazilRoundTimeMethod - #9Middleweight BoutJared CannonierMiddleweight BoutMichael PageUnited States+180 odds -218RoundTimeMethod - #11Flyweight Bout#15Tim ElliottFlyweight BoutKai AsakuraUnited States+250 odds -310JapanRoundTimeMethod Prelims - Middleweight BoutBaisangur SusurkaevMiddleweight BoutEric NolanRussia-950 odds +625United StatesRoundTimeMethod - Middleweight BoutGerald MeerschaertMiddleweight BoutMichal OleksiejczukUnited States+180 odds -218PolandRoundTimeMethod - #5Women's Strawweight Bout#11Jéssica AndradeWomen's Strawweight BoutLoopy GodinezBrazil+120 odds -142MexicoRoundTimeMethod - Lightweight BoutChase HooperLightweight BoutAlexander HernandezUnited States-325 odds +260United StatesRoundTimeMethod - Lightweight BoutEdson BarbozaLightweight BoutDrakkar KloseBrazil-135 odds +114United StatesRoundTimeMethod - #11Women's Flyweight BoutKarine SilvaWomen's Flyweight BoutDione BarbosaBrazil-205 odds +170BrazilRoundTimeMethod Early Prelims - Flyweight BoutAlibi IdirisFlyweight BoutJoseph MoralesKazakhstan-455 odds +350United StatesRoundTimeMethod Follow Along Live Press Conference at Radius Theater * Open to the public Ceremonial Weigh-In at Radius Chicago Ceremonial Weigh-In * Open to the public How to Watch Main Card - Early Prelims6:30 PM EDT - Prelims8:00 PM EDT - Main Card10:00 PM EDT Tickets - Wed, Jun 1811:00 AM EDTPresale - UFC Fight Club - Thu, Jun 1911:00 AM EDTPresale - UFC Newsletter - Fri, Jun 2011:00 AM EDTOn Sale - Public - Main Card - Early Prelims6:30 PM EDT - Prelims8:00 PM EDT - Main Card10:00 PM EDT - - Tickets - Wed, Jun 1811:00 AM EDTPresale - UFC Fight Club - Thu, Jun 1911:00 AM EDTPresale - UFC Newsletter - Fri, Jun 2011:00 AM EDTOn Sale - Public - Early Prelims Prelims Alibi Idiris vs Joseph Morales LIVE NOW Round Time Method Prelims Karine Silva vs Dione Barbosa #11 LIVE NOW Round Time Method Edson Barboza vs Drakkar Klose LIVE NOW Round Time Method Chase Hooper vs Alexander Hernandez LIVE NOW Round Time Method Jéssica Andrade vs Loopy Godinez #5 #11 LIVE NOW Round Time Method Gerald Meerschaert vs Michal Oleksiejczuk LIVE NOW Round Time Method Baisangur Susurkaev vs Eric Nolan LIVE NOW Round Time Method Main Card Card Tim Elliott vs Kai Asakura #11 #15 LIVE NOW Round Time Method Jared Cannonier vs Michael Page #9 LIVE NOW Round Time Method Geoff Neal vs Carlos Prates #11 #12 LIVE NOW Round Time Method Lerone Murphy vs Aaron Pico #6 LIVE NOW Round Time Method Dricus Du Plessis vs Khamzat Chimaev #3 LIVE NOW Round Time Method",2025-05-13,https://www.ufc.com/event/ufc-319
"UFC 319: Meerschaert vs Oleksiejczuk - Date, Start time, Fight Card, Location","Gerald Meerschaert faces Michal Oleksiejczuk at the United Center in Chicago as part of UFC 319. They are middleweights competing on the undercard of the event headlined by Dricus Du Plessis and Khamzat Chimaev. Meerschaert, fighting out of Racine, Wisconsin, started his professional career in 2007. He recently lost a unanimous decision to Brad Tavares after achieving 37 wins with a mix of knockouts and submissions. His experience against seasoned opponents hints at his durability in facing Oleksiejczuk, whose striking ability earned him a recent TKO win over Sedriques Dumas. Oleksiejczuk, coming from Poland, began his pro journey in 2014 and secured 15 KO victories among his 20 wins. Despite fewer years in the field compared to Meerschaert, his aggressive style could challenge Meerschaert's skilled ground game. What time is Gerald Meerschaert vs Michal Oleksiejczuk fight Live coverage for the Gerald Meerschaert vs Michal Oleksiejczuk main card will start at 06:00 PM EST on ESPN+, UFC Fight Pass. Refer to the table below to find your local time. | Region | Date | Main Card Start Time | Gerald Meerschaert vs Michal Oleksiejczuk Ring Walks (approx.) | | USA and Canada (EST) | Saturday, Aug. 16, 2025 | 06:00 PM | 08:00 PM | | USA and Canada (PT) | Saturday, Aug. 16, 2025 | 03:00 PM | 05:00 PM | | UK and Ireland (GMT) | Saturday, Aug. 16, 2025 | 10:00 PM | 12:00 AM (next day) | | Australia (AEDT) | Sunday, Aug. 17, 2025 | 09:00 AM | 11:00 AM | The UFC 319 event takes place on August 16, 2025, at the United Center in Chicago, Illinois. The event starts at 8:00 PM EST. Gerald Meerschaert will face Michał Oleksiejczuk in a middleweight bout. This fight is part of the undercard for the main event featuring Dricus Du Plessis against Khamzat Chimaev. The fight consists of three rounds. Remember that the start time for individual fights can vary depending on how long earlier fights last. Fans should check local listings to confirm start times in their region. Fighters Details Gerald Meerschaert - Nationality: United States - Height: 185 cm - Weight: 83.9 kg - Total Fights: 56 - Record: 37 / 19 / 0 Michal Oleksiejczuk - Nationality: Poland - Height: 183 cm - Weight: 83.9 kg - Total Fights: 29 - Record: 20 / 9 / 0 Gerald Meerschaert will fight Michal Oleksiejczuk with no belts or titles at stake. Gerald Meerschaert has an extensive professional career with 37 wins, mostly by submission. He recently faced Brad Tavares and lost by unanimous decision. Tavares has a solid record, but Meerschaert couldn't secure a win. Facing the striking-heavy Oleksiejczuk, his grappling will be key. Michal Oleksiejczuk, known for his knockout power with 15 KOs to his name, defeated Sedriques Dumas in his last bout via TKO. Dumas is taller but has fewer wins than Meerschaert. Oleksiejczuk's aggressive striking could challenge Meerschaert's defense. Gerald Meerschaert vs Michal Oleksiejczuk Betting Odds - Underdog: Gerald Meerschaert : 3.0 (+200) - Favorite: Michal Oleksiejczuk : 1.4 (-225) | Method of victory | Gerald Meerschaert | Michal Oleksiejczuk | | By KO/TKO or disqualification | 13.0 (+1200) | 2.0 (+100) | | By decision or technical decision | 8.5 (+750) | 7.0 (+600) | How and where to watch the Gerald Meerschaert vs Michal Oleksiejczuk Fight You can watch Gerald Meerschaert vs Michal Oleksiejczuk via ESPN+, UFC Fight Pass. To watch the Gerald Meerschaert vs Michal Oleksiejczuk fight, you'll need to have a subscription to ESPN+ as well as purchase the PPV card. You can get an ESPN+ subscription for $10.99 per month, or save over 15% with an ESPN+ Annual Plan at $109.99 per year. If your country is blocked by the streaming services or there simply isn’t any viable options for your country, we only can recommend one solution: using a VPN software to bypass the restrictions. It allows you to change your IP address and appear as if you’re watching the event from another country. So if you live in either the UK, Canada, Australia, New Zealand, India, UAE, Mexico, Spain or any other country and can’t find a working provider to watch the Gerald Meerschaert vs Michal Oleksiejczuk fight, use our recommended (and tested) VPN and switch to a location of your choice. Gerald Meerschaert vs Michal Oleksiejczuk Fight Card - Dricus Du Plessis vs Khamzat Chimaev - Lerone Murphy vs Aaron Pico - Geoff Neal vs Carlos Prates - Jared Cannonier vs Michael Page - Tim Elliott vs Kai Asakura - Gerald Meerschaert vs Michal Oleksiejczuk - Jessica Andrade vs Lupita Godinez - Chase Hooper vs Alexander Hernandez - Edson Barboza vs Drakkar Klose - Bryan Battle vs Nursulton Ruziboev - Karine Silva vs Dione Barbosa - Idiris Alibi vs Joseph Morales",2025-08-15,https://ringside24.com/en/news/mma/237815-ufc-319-meerschaert-vs-oleksiejczuk-date-start-time-fight-card-location
Gerald Meerschaert - Michal Oleksiejczuk,"Gerald Meerschaert 🏆 37 ❌ 19 ➖ 0 Age: 37 years Height: 6′0″ / 185 cm Reach: 77″ / 196 cm Stance: Southpaw Aug. 16, 2025 | Gerald Meerschaert | Stat | Michal Oleksiejczuk | |---|---|---| | 37-0-19 (6 KO) | Record | 15-0-5 (11 KO) | | 37 years | Age | 31 year | | 6′0″ / 185 cm | Height | 5′11″ / 182 cm | | 6′5″ / 196 cm | Reach | | | Southpaw | Stance | | | 16% | KO Ratio | 73% | Chicago, United Center, USA Aug. 16, 2025 * Tickets are subject to availability Gerald Meerschaert 0% Michal Oleksiejczuk 0% Gerald Meerschaert 0% Michal Oleksiejczuk 0%",2025-08-16,https://ringside24.com/en/bout/12761/
Gerald Meerschaert v Michal Oleksiejczuk LIVE 17/08/2025 | MMA - Flashscore,"AD Les jeux d’argent et de hasard peuvent être dangereux : pertes d’argent, conflits familiaux, addiction… Retrouvez nos conseils sur www.joueurs-info-service.fr (09-74-75-13-13, appel non surtaxé) 18+ | Erlaubtes Glücksspiel gemäß der Whitelist | Suchtrisiken | Hilfe unter buwei.de 18+. Verantwortungsbewusst wetten. 18+ Jogue com responsabilidade 21+ | COMPETENT REGULATOR EEEP | RISK OF ADDICTION & LOSS OF PROPERTY | KETHEA HELPLINE: 210 9237777 | PLAY RESPONSIBLY & SAFELY | Les jeux d’argent et de hasard peuvent être dangereux : pertes d’argent, conflits familiaux, addiction… Retrouvez nos conseils sur www.joueurs-info-service.fr (09-74-75-13-13, appel non surtaxé) 18+ | Erlaubtes Glücksspiel gemäß der Whitelist | Suchtrisiken | Hilfe unter buwei.de 18+. Verantwortungsbewusst wetten. 18+ Jogue com responsabilidade Do you want to withdraw your consent to display betting ads? Yes, change settings",2025-08-01,https://www.flashscore.com/h2h/mma/meerschaert-gerald-Gf4DtJVa/oleksiejczuk-michal-IqfRhCWG/
Michal Oleksiejczuk | Fighting Nerds’ New Exchange Student,"As the Fighting Nerds began their rise to prominence as a powerful force in the MMA space, more and more athletes from Brazil began looking to make the journey to Sao Paulo to train with the ascending squad helmed by coach Pablo Sucupira and built around the “core four” of Caio Borralho, Jean Silva, Mauricio Ruffy, and Carlos Prates. But Polish middleweight Michal Oleksiejczuk joining the squad and conducing his training camps in Brazil wasn’t on anyone's 2025 bingo card. “After my fight with Caio, I started watching Fighting Nerds on Instagram, and I watched fighters who train at Fighting Nerds,” explained Oleksiejczuk, who squared off with the team’s talisman in 2023 and returns to action this weekend at UFC 319 in Chicago opposite veteran Gerald Meerschaert. “I (thought) ‘This is the place for me’ because there are a lot of very good strikers who fight very effectively, very exciting. Fighting Nerds is a very good choice for me; I learn a lot of techniques, my game is better. Order UFC 319: Du Plessis vs Chimaev “It’s a little hard for me because I have family in Poland,” continued the 30-year-old middleweight. “I miss my family, but soon I (will go) back to Poland, meet with my wife, meet with my daughters, but this is my business, this is normal for me; I am a warrior. “But Fighting Nerds is very good — a great atmosphere, good people; a great choice.” Entering 2025 on a three-fight slide and having closed out the previous year by having surgery to address frequent issues with his elbow, Oleksiejczuk made the trek to the South American output for the first time ahead of his UFC 314 clash with Sedriques Dumas in Miami, where he competed alongside Silva. The southpaw was patient in his approach, content to slowly walk down Dumas, parry most of the blows coming his way and start chipping away with left hands to the body when the opportunities presented themselves. He was measured, the benefit of having logged more than 15 previous appearances inside the Octagon standing in stark contrast to the more robust, rushed movements of his opponent. FOLLOW @UFCNEWS: On Facebook | On Instagram | On X | On Threads A sharp left hand clipped Dumas and sent the Floridian collapsing to the canvas, where Oleksiejczuk quickly pounced and pounded out the finish, instantly bringing his extended skid to an end and it was clear from his emotional reaction that the victory meant a great deal to the dangerous striker. “The fight in Miami was very good for me,” he said of the win, the humble, soft-spoken competitor downplaying its significance as he readies to make the walk again this weekend. “Before this fight, I felt great and I felt that the fight would be for me. “My fight with Shara (Magomedov), and with (Kevin) Holland and (Michel) Pereira gave me a lot of experience, great lessons, and now I’m a different fighter.” Those names he mentioned were his three previous opponents prior to his business trip to South Florida in April, and representative of the level of competition that the seasoned, but still young, finisher has fought over the course of his career. MORE UFC 319: Fight by Fight Preview | Fighters on the Rise As Jon Anik mentioned during the UFC 314 broadcast, Oleksiejczuk began his career at light heavyweight, sharing the Octagon with Khalil Rountree Jr. in his promotional debut, logging a 4-3 record with one no contest through his first eight appearances before opting to relocate to the 185-pound ranks. He’s split his first eight appearances at middleweight, earning finishes in each of his victories while landing on the wrong side of things against his now teammate Borralho and the talented trio mentioned above. Coming off an outstanding performance like the one he had against Dumas and buoyed by both his experience and work with his new squad, “Hussar” believes he’s better than he’s ever been in the past, and that another standout effort is in the offing this weekend. “My game is better,” he said when asked about the improvements he’s noticed over his two camps in Sao Paulo. “Now I think after my second camp with Fighting Nerds, my game is complete. My grappling, my wrestling is better, my movement is better, and step-by-step I am better in my MMA game. “I have a lot of experience in the UFC; this is my 17th fight,” he added. “My experience is big and now I think this is my time. This is the best disposition, and I am ready for the fight; I am ready for a great performance for my Brazilian and Polish fans.” WATCH: UFC 319 Embedded Oleksiejczuk is generally reserved and quick with his answers, owing to the fact that English is not his first language. Despite his English being excellent, he’s still a little hesitant to say too much or display much emotion, but that changed when the subject of being surrounded by his new team this week in Chicago was broached. The Fighting Nerds typically roll deep, even when there is just one member of the crew on the card, but this week at UFC 319, Oleksiejczuk competes alongside Prates and fellow recent addition Karine Silva, meaning just about everyone associated with the team has made the trip to “The Windy City.” “For me, this is great because the whole team is in Chicago; a lot of coaches are here to help me,” he said with a smile when asked about being one of three Fighting Nerds set to compete this weekend. “Karine Silva is a great person, Carlos Prates too, and I like fight week with the Fighting Nerds because I feel good energy; it’s a good atmosphere. This is very important for me — I must have good people around me.” In addition to being unquestionably good people, the team is stylish and unmistakable as well, between their signature glasses that are donned following every victory, and their custom letterman jackets which are rolled out each time one member of the squad is set to compete. Your Full Guide To UFC 319 Fight Week Each member has their own colorway and markers, and while he already has the glasses, Oleksiejczuk is hopeful that his second appearance with the team will result in his being presented with his own Fighting Nerds jacket. “I have Fighting Nerds glasses; this is an honor for me and a great idea,” he said with a smile when asked about the team’s signature piece of merchandise. “Fighting Nerds are a team whose coaches learn all day, every day — new techniques, new style, great tactics — so it’s a great name for this place. “I’m sure this fight will be great, and hopefully Pablo will give me a jacket.” As great as a jacket would be to add to his wardrobe, the real mark of a successful week in Chicago is a post-fight picture in the center of the Octagon with Sucupira, Borralho, and the rest of his coaches, glasses on and spirits high. It’s a moment Oleksiejczuk is hopeful to create, and he believes that his bout with Meerschaert this weekend will stand alongside a couple other electric pairings set to light up United Center on Saturday. GET YOUR TICKETS: UFC 319 | UFC Shanghai | UFC Paris “I want to finish my opponent; this is my style,” he said, stating his intentions for his bout this weekend. “I think in this fight, maybe I finish my opponent from distance, in the striking. “For me, it’s a very good fight,” he added. “Chimaev-Du Plessis, Prates-Neal, and I believe my fight will be very exciting for fans on Saturday, as well.” Don't miss a moment of UFC 319: Du Plessis vs Chimaev, live from United Center in Chicago, Illinois on August 16, 2025. Prelims start at 8pm ET/5pm PT, followed by the main card live on PPV at 10pm ET/7pm PT.",2025-08-13,https://www.ufc.com/news/michal-oleksiejczuk-fighting-nerds-new-exchange-student-ufc-319
"Tim Elliott vs Kai Asakura Pick, 08/16/2025 Predictions UFC 319 Odds","Tim Elliott vs Kai Asakura Pick, 08/16/2025 Predictions UFC 319 Odds Tim Elliott vs Kai Asakura UFC 319 United Center in Chicago Saturday, August 16, 2025 Tim Elliott will enter the Octagon against Kai Asakura at UFC 319 on Saturday, August 16, 2025. The opening line has Elliott priced at +240 while Asakura is at -300. Tim Elliott steps into the cage holding a record of 21-13-1. The 38-year-old steps on the scale at 125 lbs and measures in at 5'7"". The southpaw fighter stretches 66"". Kai Asakura measures 5'8"" and weighs in at 125 lbs. The orthodox fighter steps into the Octagon with a record of 21-5-0. The 31-year-old stretches 69"". Regarding significant strikes, Tim Elliott connects on 3.39 per min and Kai Asakura lands 2.40 significant strikes per min. Elliott lands 44% of the significant strikes he throws while Asakura is landing 58%. When it comes to defending themselves, Elliott takes 2.66 significant strikes per min and Asakura takes 4.52. Elliott also stops 56% of the significant strikes that are thrown his way while Asakura is able to deflect 38% of the strikes thrown in his direction. | UFC 319 | Tim Elliott | Kai Asakura | |---|---|---| | Opening Odds | +240 | -300 | | Record | 21-13-1 | 21-5-0 | | Average Fight Time | 12:15 | 7:05 | | Height | 5'7"" | 5'8"" | | Weight | 125 lbs | 125 lbs | | Reach | 66"" | 69"" | | Strikes Landed Per Minute | 3.39 | 2.40 | | Striking Accuracy | 44% | 58% | In the wrestling category, Tim Elliott is the more effective grappler as he scores a takedown 3.73 times per 3 rds. Elliott is taking his opponents to the canvas on 47% of his tries and stopping 59% of all takedowns attempted on him. Asakura is taking his opponents down on 10% of the takedowns he tries and stuffing 57% of the attempts against him. When it comes to going for the submission, Elliott is the more skilled technician by trying 1.0 submission per 15 minutes while Asakura goes for 0.5 submissions per 15 minutes. Today’s Featured MMA Best Bet! NICK MENKEN is up over +1,895 over the last 30 days in UFC, including a 7-Unit win last week with Andrey Pulyaev. Menken is back with a 7-Unit UFC Play (8:45 p.m.) tonight and this is part of a three-play card. Sign up now and get in on the action. You can get this top rated play complimentary when you set up a free $60 account here at Doc’s Sports and use part of it towards his a one day MMA package. Join Now! | Get all of our UFC Betting Picks In his last appearance in the Octagon, Tim Elliott fought Sumudaerji and wound up taking home the victory by an arm triangle in round 1. Sumudaerji ended up landing 10 of 25 total strikes that he threw in that fight. Elliott ended the night having landed 26 of 37 total strikes. In regard to significant strikes, Sumudaerji ended up landing 10 of 25, giving him a percentage of 40%. He ended up landing 6 of 19 significant strikes directed at the head. On the other side of the cage, Elliott ended up landing 47% of his significant strikes by connecting on 10 of 21. In terms of accuracy for the significant strikes, he connected on 6 of 13 to the head. 100% of the significant strikes landed by Sumudaerji and 80% of them connected on by Elliott were tallied at a distance. In the last bout for Kai Asakura, he squared up with Alexandre Pantoja and ended up losing the fight by rear naked choke in round 2. Pantoja landed 93% of his significant strikes at distance while Asakura ended up landing 100% of his significant strikes at distance. Asakura ended up landing 58% of the significant strikes he attempted by connecting on 17 of 29. He ended up connecting on 10 of 20 significant strikes aimed at the head. Pantoja ended up landing 32 of 52 significant strikes in that battle. In regard to the placement of these significant strikes, he connected on 15 of 33 to the head. Relating to total strikes attempted in that fight, Pantoja ended up connecting on 33 of 53 while Asakura ended up landing 30 of 44 total strikes. Other bouts on the card to watch One more match to look forward to is when King Green squares up against Diego Ferreira. Green will be looking to add a victory to his career record of 32-17-1 (1 NC). The 38-year-old will fight at 155 lbs and stands 5'10"". The orthodox fighter reaches 71"". Ferreira measures in at 5'9"" and steps on the scale at 155 lbs. The orthodox fighter steps into the Octagon with a mark of 19-6-0. The 40-year-old has a wingspan of 74"". Regarding grappling, King Green takes his opponents to the mat 1.22 times per 15 min and Diego Ferreira is able to score a takedown 0.86 times per 3 rounds. When it comes to striking, Green connects for an average of 6.40 strikes per minute and connecting on 52% of his attempted strikes. Joining him in the Octagon is Diego Ferreira, who tags the opposition on 40% of the strikes he has attempted and connects on 4.82 per minute. An additional fight that you're going to want to see is when Michal Oleksiejczuk is set to clash with Gerald Meerschaert. Meerschaert will be looking to add a win to his career record of 37-19-0. The 37-year-old weighs in at 185 lbs and stands 6'1"". The southpaw fighter reaches 77"". Oleksiejczuk comes in at 6'0"" and is fighting at 185 lbs. The southpaw fighter holds a record of 20-9-0 (1 NC). The 30-year-old extends his reach 74"". In terms of wrestling, Gerald Meerschaert is preventing 42% of the takedowns his opponents try and is taking his opponents to the mat on 31% of the times he tries. Oleksiejczuk is finishing his takedowns on 43% of his tries and is able to curb 48% of all takedown attempts. With regard to striking, Meerschaert is absorbing 3.43 strikes per minute while he is dishing out 3.05 strikes/minute. Oleksiejczuk, at the same time, is taking 4.51 strikes per min and is dishing out 5.27 per min. Who will win tonight's UFC match against the spread? Guy Bruhn's Pick: Take Kai Asakura (-300) Get $60 worth of FREE premium member picks. No Obligation. No Salesman. No Credit Card. Fast Sign up with Instant Access Click Here Get all of Today's Free UFC Picks Get all of Today's Expert UFC Picks Most Recent UFC Picks - Edson Barboza vs Drakkar Klose Pick, 08/16/2025 Predictions UFC 319 Odds - Jared Cannonier vs Michael Page Pick, 08/16/2025 Predictions UFC 319 Odds - Jessica Andrade vs Loopy Godinez Pick, 08/16/2025 Predictions UFC 319 Odds - King Green vs Diego Ferreira Pick, 08/16/2025 Predictions UFC 319 Odds - Geoff Neal vs Carlos Prates Pick, 08/16/2025 Predictions UFC 319 Odds - Gerald Meerschaert vs Michal Oleksiejczuk Pick, 08/16/2025 Predictions UFC 319 Odds - Bryan Battle vs Nursulton Ruziboev Pick, 08/16/2025 Predictions UFC 319 Odds - Tim Elliott vs Kai Asakura Pick, 08/16/2025 Predictions UFC 319 Odds - Dricus Du Plessis vs Khamzat Chimaev Pick, 08/16/2025 Predictions UFC 319 Odds - Chase Hooper vs Alexander Hernandez Pick, 08/16/2025 Predictions UFC 319 Odds",2025-08-12,https://www.docsports.com/free-picks/ufc/2025/tim-elliott-vs-kai-asakura-pick-08-16-2025-predictions-ufc-319-odds.html
MMA fight prediction Michal Oleksiejczuk vs Gerald Meerschaert,"A bit heavier Younger Guest fighting Perhaps biased judging A little lower Home country Perhaps biased judging The moral advantage of fighting at home A bit higher Possible moral pressure due to home fighting A bit lighter Short series of defeats Older MMA fight prediction Michal Oleksiejczuk vs Gerald Meerschaert Fight at UFC 319 Du Plessis vs. Chimaev 2025-08-16 Michal Oleksiejczuk Poland Age: 30 Birth date: 1995-02-22 Height: 182 sm Weight: 93 kg Weight categories: Light Heavyweight Gerald Meerschaert TM3 United States Age: 37 Birth date: 1987-12-18 Height: 185 sm Weight: 84 kg Weight categories: Middleweight Record: Michal Oleksiejczuk KOs Submissions Decisions Record: Gerald Meerschaert KOs Submissions Decisions Main prediction Winner: Michal Oleksiejczuk Loser: Gerald Meerschaert If win, then win by: Michal Oleksiejczuk KO 43.0% Decision 30.0% Submission 27.0% Gerald Meerschaert Submission 34.0% KO 33.0% Decision 33.0% Michal Oleksiejczuk Advantages A bit heavier Younger Disadvantages Guest fighting- Perhaps biased judging A little lower Gerald Meerschaert Advantages Home country- Perhaps biased judging - The moral advantage of fighting at home A bit higher Disadvantages Possible moral pressure due to home fighting A bit lighter Short series of defeats Older Rating prediction Opposition crossing Kevin Holland Michal Oleksiejczuk Technical submission (Armbar) Round: 1 Time: 1:34 Makhachev vs. Poirier Gerald Meerschaert Barboza vs. Gaethje Decision Round: 3 Time: 5:00 Sam Alvey Michal Oleksiejczuk TKO (Punch) Round: 1 Time: 1:56 Santos vs. Hill Gerald Meerschaert None Decision (Unanimous) Round: 3 Time: 5:00 None Submission (Guillotine) Round: 5 Time: 4:08",1995-02-22,https://mma-oracle.com/en/compare/result/michal_oleksiejczuk-68783-vs-60829-gerald_meerschaert
Gerald Meerschaert vs Michal Oleksiejczuk - UFC Fight Matchup Data Analysis,MMA Compass Insight the octogon 🥋 Roster 🤼 Fights 🌟 Events 🆚 Match Up 📊 Rankings 🗝️ Login David Abbott Hamdy Abdelwahab Mansur Abdul-Malik Shamil Abdurakhimov Daichi Abe Papy Abedi Klidson Abreu Juan Adams Zarrukh Adashev Israel Adesanya Mariya Agapova Jessica Aguilar Jesus Aguilar Kevin Aguilar Christian Aguilera Omari Akhmedov Yoshihiro Akiyama Mostapha Al-Turk Alatengheili Amir Albazi John Albert Junior Albini Aleksandra Albu Ildemar Alcantara Iuri Alcantara Hector Aldana Irene Aldana Jose Aldo JJ Aldrich Irina Alekseeva Talita Alencar Jim Alers John Alessio Houston Alexander Lucas Alexander Marcio Alexandre Junior Bill Algeo Sultan Aliev Ikram Aliskerov John Allan Arnold Allen Brendan Allen Ben Alloway Asu Almabayev Cesar Almeida Jailton Almeida Lucas Almeida Ricardo Almeida Thomas Almeida Victor Altamirano Eddie Alvarez Joel Alvarez Rafael Alves Thiago Alves Warlley Alves Sam Alvey Alen Amedovski Hyder Amil Makwan Amirkhani Jaqueline Amorim Eryk Anders Corey Anderson Megan Anderson Jessica Andrade Viscardi Andrade Dylan Andrews Chad Anheliger Yoji Anjo Magomed Ankalaev Gadzhimurad Antigulov Shinsho Anzai Aoriqileng Felipe Arantes Igor Araujo Viviane Araujo Julio Arce Alice Ardelean Dan Argueta Andrei Arlovski Garrett Armfield Austin Arnett Akbarh Arreola Antonio Arroyo Matt Arroyo Yanal Ashmouz Askar Askarov Cyril Asker Scott Askham Ben Askren Ibo Aslan Tom Aspinall Junior Assuncao Raphael Assuncao Rich Attonito Olivier Aubin-Mercier Marcus Aurelio Julia Avila Jessin Ayari Abu Azaitar Ottman Azaitar Hunter Azure Niklas Backstrom Seth Baczynski Ryan Bader Miguel Baeza Ali Bagautinov Melsik Baghdasaryan Siyar Bahadurzada Ignacio Bahamondes Shamar Bailey Oluwale Bamgbose Humberto Bandenay Tae Hyun Bang Shauna Bannon Renan Barao Maycee Barber Bryan Barberena Dione Barbosa Edson Barboza Raoni Barcelos Daniel Barez Danny Barlow Luke Barnatt Chris Barnett Josh Barnett Phil Baroni Marc-Andre Barriault Francimar Barroso Pat Barry Enrique Barzola Farid Basharat Javid Basharat Bryan Battle Alan Baudot Mario Bautista Chris Beal Johnny Bedford Rolando Bedoya Mirsad Bektic Diana Belbita Alan Belcher Vitor Belfort Rodolfo Bellato Joey Beltran Marco Beltran Joseph Benavidez Dave Beneteau Gabriel Benitez Lance Benoist Ryan Benoit Steve Berger Dennis Bermudez Manny Bermudez Talita Bernardo Arjan Bhullar David Bielkheden Blake Bilder Anthony Birchak Michael Bisping Jan Blachowicz Brad Blackburn Da'Mon Blackshear Erin Blanchfield Maximo Blanco Curtis Blaydes Mark Bocek Kyle Bochniak Tim Boetsch Jerry Bohlander Mandy Bohm Gaston Bolanos Denys Bondar Gabriel Bonfim Ismael Bonfim Stephan Bonnar Rogerio Bontorin Ray Borg Kevin Borjas Caio Borralho Viacheslav Borshchev Tanner Boser Steve Bosse Poliana Botelho Brian Bowles Roger Bowling Kyle Bradley Sean Brady Ramiz Brahimaj David Branch Diego Brandao Bruna Brasil Martin Bravo Mike Breeden Tom Breese Elves Brener Charlie Brenneman Jason Brilz Marcus Brimage Henry Briones Joanderson Brito Jonathan Brookins Jarred Brooks Will Brooks Rob Broughton Damien Brown Matt Brown Mike Brown Randy Brown TJ Brown Travis Browne Cody Brundage Steve Bruno Derek Brunson Lukasz Brzeski Justin Buchholz Joaquin Buckley Martin Buday Dylan Budka Mayra Bueno Silva Paul Buentello Modestas Bukauskas Felipe Bunes Shane Burgos Joshua Burkman Mads Burnell Mikey Burnett Gilbert Burns Herbert Burns Kevin Burns Murilo Bustamante JP Buys Dennis Buzukja Charles Byrd Yan Cabral Alex Caceres Priscila Cachoeira Cynthia Calvillo Frank Camacho Fabricio Camoes Brian Camozzi Chris Camozzi Shane Campbell Will Campuzano Aleksa Camur Chico Camus Luiz Cane Guido Cannetti Jared Cannonier Steve Cantwell Bryan Caraway Chris Cariaso Antonio Carlos Junior Spike Carlyle Francis Carmont Liz Carmouche Roan Carneiro Ariane Carnelossi Luana Carolina Clayton Carpenter Shonie Carter Antonio Carvalho Shane Carwin Johnny Case Cortney Casey Kevin Casey John Castaneda Danny Castillo Gil Castillo Nick Catone Rafael Cavalcante Jacqueline Cavalcanti Magnus Cedenblad Yosdenis Cedeno Henry Cejudo Katlyn Cerminara Rafael Cerqueira Donald Cerrone Luan Chagas Edgar Chairez Alex Chambers Chelsea Chandler Michael Chandler Morgan Charriere Danny Chavez Ernest Chavez Fabio Cherant Macy Chiasson Michael Chiesa Giga Chikadze Khamzat Chimaev Dooho Choi SeungWoo Choi John Cholish Ryo Chonan Joachim Christensen Hannah Cifers Misha Cirkunov Devin Clark Heather Clark Jessica-Rose Clark Laverne Clark Mitch Clarke Rich Clementi Chris Clements Felipe Colares Mark Coleman Clay Collard Jake Collier Christian Colombo Carlos Condit Wang Cong Tristan Connelly Amanda Cooper Chris Cope Akira Corassani Daniel Cormier Nora Cornolle Bethe Correia Wesley Correira Waldo Cortes-Acosta Tracy Cortez Orion Cosce Alessandro Costa Melquizael Costa Paulo Costa Randy Costa Patrick Cote Rashad Coulter Randy Couture Colby Covington Nathan Coy Andrew Craig Paul Craig Tim Credeur Kevin Croom Allen Crowder Daron Cruickshank Jimmy Crute Dominick Cruz Marcio Cruz Timmy Cuamba Josh Culibao Zak Cummings Patrick Cummins Luke Cummo Jeff Curran Kailin Curran Chris Curtis Ion Cutelaba Alex Da Silva Nicolas Dalby Paul Daley Aisling Daly Rodrigo Damm Batgerel Danaa Jarjis Danho Mac Danzig Beneil Dariush Chris Daukaus Kyle Daukaus Alexis Davis Brandon Davis Marcus Davis Mike Davis Phil Davis Hakeem Dawodu Grant Dawson Jason Day Martin Day Yorgan De Castro Philip De Fries Mark De La Rosa Montana De La Rosa Jason DeLucia Tony DeSouza Edwin DeWees Rolando Delgado Jack Della Maddalena Roland Delorme Jon Delos Reyes Vanessa Demopoulos Chris Dempsey Jason Dent Mackenzie Dern Robelis Despaigne Alessio Di Chirico Cyrille Diabate Marc Diakiese Blood Diamond Hacran Dias Nate Diaz Nick Diaz TJ Dillashaw Jhonata Diniz Russell Doane Drew Dober AJ Dobson Shana Dobson John Dodson Joe Doerksen Roman Dolidze CB Dollaway Cody Donovan Rafael Dos Anjos Anderson Dos Santos Junior Dos Santos Tomasz Drwal Dricus Du Plessis Emily Ducote Viktoriia Dudakova Milana Dudieva Todd Duffee Joe Duffy Jessamyn Duke Isaac Dulgarian Sedriques Dumas Norma Dumont Chris Duncan Christian Leroy Duncan Evan Dunham Tom Duquesnoy Albert Duraev Reuben Duran Cody Durden Merab Dvalishvili David Dvorak Matt Dwyer Rolando Dy Marvin Eastman Mike Easton Brian Ebersole Mark Eddiva Frankie Edgar Johnny Eduardo Joselyne Edwards Justin Edwards Leon Edwards Yves Edwards Stephanie Egger Justin Eilers Per Eklund Evan Elder Darren Elkins Jake Ellenberger Oban Elliott Tim Elliott Ramazan Emeev Rob Emerson Jamall Emmers Josh Emmett Ian Entwistle Andy Enz Steve Erceg Julian Erosa Jarno Errens Cole Escovedo Efrain Escudero Carla Esparza Juan Espino Jordan Espinosa Jodie Esquibel Rafael Estevam Terry Etim Sijara Eubanks Rashad Evans Ashlee Evans-Smith Tonya Evinger Movsar Evloev Andre Ewell Jessica Eye Urijah Faber Bartosz Fabinski Zarah Fairn Rinat Fakhretdinov Kalindra Faria Paul Felder Carlos Felipe Tony Ferguson Gabriella Fernandes Kaue Fernandes Brunno Ferreira Cezar Ferreira Diego Ferreira Scott Ferrozzo Andre Fialho Drew Fickett Deiveson Figueiredo Francisco Figueiredo Edwin Figueroa Jafel Filho Andre Fili Mirko Filipovic Luigi Fioravanti Manon Fiorot Spencer Fisher Chris Fishgold Jon Fitch Rafael Fiziev AJ Fletcher Nathan Fletcher Jimmy Flick Kenny Florian Darrius Flowers Rob Font Jesse Forbes Jussier Formiga Renee Forte Marcel Fortuna Brian Foster Hermes Franca Glaico Franca Moreira Rich Franklin Ian Freeman Josh Fremd Matt Frevola Jinh Yu Frey Don Frye Tony Fryklund Adam Fugitt Riki Fukuda Masio Fullen Ricardo Funch Claudia Gadelha Justin Gaethje Muin Gafurov Mitch Gagnon Mickey Gall Manvel Gamburyan Mateusz Gamrot Ciryl Gane Eduardo Garagorri Cody Garbrandt Alex Garcia Edgar Garcia Fernie Garcia Leonard Garcia Rafa Garcia Steve Garcia Pablo Garza Kelvin Gastelum Willie Gates Melissa Gatto Louis Gaudinot Shamil Gaziev Tiki Ghosn Christos Giagos Cody Gibson Trevin Giles Gregor Gillespie Ricky Glenn Mark Godbeer Loopy Godinez Billy Ray Goff Hannah Goldy Marcelo Golm Denise Gomes Silvana Gomez Juarez Takanori Gomi William Gomis Akihiro Gono Gabriel Gonzaga Erick Gonzalez Jason Gonzalez Lyman Good Jared Gooden Gary Goodridge Eddie Gordon Jared Gordon Malcolm Gordon Tresean Gore Themba Gorimbo Jonathan Goulet Thibault Gouti Wilson Gouveia Damian Grabowski Kron Gracie Royce Gracie Miranda Granger Davey Grant Dwight Grant TJ Grant Alexa Grasso Tony Gravely Michael Graves Desmond Green Gabe Green King Green Maurice Greene Matt Grice Forrest Griffin Jordan Griffin Max Griffin Tyson Griffin Maxim Grishin Josh Grispi Kendall Grove Chris Gruetzemacher Vik Grujic Mike Grundy Shannon Gugerty Clay Guida Melvin Guillard Marcelo Guimaraes John Gunderson Jorge Gurgel Bogdan Guskov Alexander Gustafsson Chris Gutierrez Mike Guymon Keith Hackney Jake Hadley Damir Hadzovic Bassil Hafez Tim Hague Mark Hall Ryan Hall Uriah Hall Dennis Hallman Piotr Hallmann Seo Hee Ham Matt Hamill Anthony Hamilton Jared Hamman Kay Hansen Nasrat Haqparast Antoni Hardonk Dan Hardy Greg Hardy Veronica Hardy Carlston Harris Gerald Harris Phil Harris Walt Harris Kayla Harrison Dale Hartt Clay Harvison John Hathaway Phil Hawes Josh Haynes Dustin Hazelett James Head Pat Healy David Heath Jake Hecht Nick Hein Ian Heinisch Marcin Held Benson Henderson Dan Henderson Johny Hendricks Luis Henrique Danny Henry Victor Henry Jai Herbert Dave Herman Ed Herman Jack Hermansson Alexander Hernandez Anthony Hernandez Carlos Hernandez Geane Herrera Alvaro Herrera Mendoza Felice Herrig Heath Herring Clint Hester Jimy Hettes Jay Hieron Brady Hiestand Jason High Angela Hill Corey Hill Jamahal Hill Branden Lee Hinkle Hatsu Hioki Kuniyoshi Hironaka Mizuto Hirota Matt Hobar Bobby Hoffman Sam Hoger Andrew Holbrook Kevin Holland Max Holloway Holly Holm Joseph Holmes Kurt Holobaugh Paddy Holohan Scott Holtzman Sabah Homasi Mark Hominick Dan Hooker Chase Hooper Darrell Horcher Kyoji Horiguchi Jeremy Horn Jamey-Lyn Horth Jeff Hougland John Howard Austin Hubbard Roger Huerta Jeff Hughes Matt Hughes Sam Hughes Mark Hunt Al Iaquinta Khadis Ibragimov Dan Ige Fabiano Iha Zelim Imadaev Nassourdine Imavov Brad Imes James Irvin Teruto Ishihara Damir Ismagulov Leandro Issa Blagoy Ivanov Yves Jabouin Damon Jackson Eugene Jackson Kevin Jackson Mike Jackson Montel Jackson Quinton Jackson Dustin Jacoby Virna Jandiroba Ryan Janes Keith Jardine Rony Jason Jasmine Jasudavicius Yazmin Jauregui Justin Jaynes Joanna Jedrzejczyk Jack Jenkins Steve Jennum Ryan Jensen Ryan Jimmo Li Jingliang Brett Johns Miles Johns Anthony Johnson Charles Johnson DaMarques Johnson Demetrious Johnson Jordan Johnson Jose Johnson Kajan Johnson Lavar Johnson Michael Johnson Timothy Johnson Brian Johnston Liana Jojua Jon Jones Mason Jones Trevin Jones Jocelyn Jones-Lybarger Shawn Jordan Ivan Jorge Scott Jorgensen Krzysztof Jotko Alan Jouban Charles Jourdain Kevin Jousset Anshul Jubli Carli Judice Luke Jumeau Chan Sung Jung Da Woon Jung Myles Jury Cristiane Justino Saidyokub Kakhramonov Kai Kamaka Martin Kampmann Masanori Kanehara Denis Kang Kyung Ho Kang Manel Kape Kai Kara-France Alex Karalexis Impa Kasanganay Nadia Kassem Brad Katona Calvin Kattar Sarah Kaufman Tatsuya Kawajiri Toshiomi Kazama Chris Kelades Brian Kelleher Tony Kelley Daniel Kelly Paul Kelly Song Kenan Jeremy Kennedy Tim Kennedy Casey Kenney Mark Kerr Rustam Khabilov Sergey Khandozhko Pannie Kianzad Katsunori Kikuno Dong Hyun Kim Ji Yeon Kim Jeremy Kimball Rob Kimmons Dustin Kimura Kyle Kingsbury Kamuela Kirk Justine Kish Ludovit Klein Fatima Kline Drakkar Klose Jason Knight William Knight Josefine Knutsson Erik Koch Tsuyoshi Kohsaka Syuri Kondo Yuki Kondo Cheick Kongo Roman Kopylov Josh Koscheck Naoyuki Kotani Karolina Kowalkiewicz James Krause Pascal Krauss Nikita Krylov Michael Kuiper Anton Kuivanen Aleksei Kunchenko Kiichi Kunimoto Guram Kutateladze Mike Kyle Ryan LaFlare Daniel Lacerda Aspen Ladd Noad Lahat Yohan Lainesse Tim Lajcik Ricardo Lamas Jason Lambert Nate Landwehr Austen Lane Lina Lansberg Taylor Lapilus Chad Laprise Lorenz Larkin Jeremy Larsen Brock Larson Ilir Latifi Jenel Lausa Dan Lauzon Joe Lauzon Robbie Lawler Tom Lawlor Justin Lawrence Ronnie Lawrence Valmir Lazaro Mounir Lazzez Cung Le Quang Le Marcus LeVesseur Carlos Leal Jordan Leavitt Chris Leben Mickael Lebout Justin Ledet Andrea Lee JeongYeong Lee Kevin Lee Vaughan Lee Thales Leites Amanda Lemos Jesse Lennox Nik Lentz Victoria Leonardo Kimo Leopoldo Brock Lesnar Valerie Letourneau Natan Levy Bevon Lewis Derrick Lewis Jess Liaudin Chuck Liddell Hyun Gyu Lim Andre Lima Dhiego Lima Felipe Lima Juliana Lima Matt Lindland Jake Lindsey John Lineker Austin Lingo Philipe Lins Zhang Lipeng Tainara Lisboa Dean Lister Pingyuan Liu James Llontop Artem Lobov David Loiseau Hector Lombard Loma Lookboonmee Ange Loosa Diego Lopes Benito Lopez Gustavo Lopez Matthew Lopez Caolan Loughran Ian Loveland Waylon Lowe Iasmin Lucindo Duane Ludwig Dalcha Lungiambula Vicente Luque Travis Lutter Tucker Lutz Chris Lytle Dong Hyun Ma Jason MacDonald Rob MacDonald Rory MacDonald William Macario Caio Machado Ian Machado Garry Lyoto Machida Reza Madadi Jon Madsen Mark Madsen Leonardo Mafra Caio Magalhaes Vinny Magalhaes Angela Magana Neil Magny Bibulatov Magomed Abus Magomedov Rashid Magomedov Ruslan Magomedov Shara Magomedov Zabit Magomedsharipov John Maguire Maheshate Demian Maia Jennifer Maia Levan Makashvili John Makdessi Islam Makhachev Zach Makovsky Azat Maksum Fabio Maldonado Bea Malecki Jacob Malkoun Mike Malott Nate Maness Jimi Manuwa Cristiano Marcello Daniel Marcos Chepe Mariscal Ronny Markes Rory Markham Randa Markos Nate Marquardt Danilo Marques Julian Marquez Carmelo Marrero Eliot Marshall Francis Marshall Jack Marshman Anthony Rocco Martin Mallory Martin Terry Martin Danny Martinez Henry Martinez Jonathan Martinez Mana Martinez Melissa Martinez Roque Martinez Adriano Martins Lucas Martins Mike Massenzio Jorge Masvidal Jean Matsumoto Connor Matthews Jake Matthews Vladimir Matyushenko Miranda Maverick Nick Maximov Don'Tale Mayes Gray Maynard Gina Mazany Sabina Mazo Ian McCall Molly McCann Charles McCarthy Sean McCorkle Kris McCray Tamdan McCrory Justin McCully Robert McDaniel Michael McDonald Drew McFedries Court McGee Gan McGee Marcus McGhee Conor McGregor Rhys McKee Cory McKenna Cody McKenzie Terrance McKinney Garreth McLellan Sara McMann James McSweeney Tim Means Yancy Medeiros MarQuel Mederos Uros Medic Emil Meek Gerald Meerschaert Jordan Mein Gilbert Melendez Vanessa Melo Augusto Mendes Chad Mendes Mateus Mendonca Alonzo Menifield Ivan Menjivar Dave Menne Yaotzin Meza Guy Mezger Andreas Michailidis David Michaud Bojan Mihajlovic Pat Miletich Curtis Millender Cole Miller Dan Miller Jason Miller Jim Miller Juliana Miller Che Mills Adam Milstead Alberto Mina Zhang Mingyang Darrick Minner Stipe Miocic Frank Mir Gabriel Miranda Mario Miranda Vitor Miranda Bryce Mitchell David Mitchell Matt Mitrione Takeya Mizugaki Mizuki Roxanne Modafferi Bobby Moffett Nate Mohr Renato Moicano Thiago Moises Muhammad Mokaev Jeff Molina Jeff Monson Darrell Montague Augusto Montano Erick Montano James Moontasri Marlon Moraes Sergio Moraes Sheymon Moraes John Moraga Albert Morales Joseph Morales Michael Morales Omar Morales Vince Morales Sarah Moras Christian Morecraft Vinicius Moreira Brandon Moreno Dan Moret Alex Morono Maryna Moroz Sergey Morozov Nikolas Motta Eduarda Moura Gegard Mousasi Kris Moutinho Jamie Moyle Lauren Mueller Belal Muhammad Jamie Mullarkey Melissa Mullins Pedro Munhoz Andre Muniz Alexander Munoz Johnny Munoz Mark Munoz Makhmud Muradov Kanako Murata Lauren Murphy Lerone Murphy Azamat Murzakanov Nicholas Musoke Magomed Mustafaev Elvis Mutapcic Liang Na Muhammad Naimov Keita Nakamura Rinya Nakamura Tyson Nam Yui Chul Nam Rose Namajunas Nad Narimani Roger Narvaez Allan Nascimento Rodrigo Nascimento Bobby Nash Rafael Natal Kevin Natividad Ismail Naurdiev Tafon Nchukwi Geoff Neal Stanislav Nedkov Josh Neer Nicolae Negumereanu Gunnar Nelson Kyle Nelson Roy Nelson Shane Nelson Antonio Braga Neto Journey Newson Carlos Newton Francis Ngannou Ben Nguyen Alex Nicholson Bo Nickal Matheus Nicolau Tom Niinimaki Ramsey Nijem Guangyou Ning Anthony Njokuani Chidi Njokuani Antonio Rodrigo Nogueira Rogerio Nogueira Kyle Noke Tom Nolan KJ Noons Sage Northcutt Phillipe Nover Shayilan Nuerdanbieke Amanda Nunes Diego Nunes Istela Nunes Josiane Nunes Nina Nunes Abubakar Nurmagomedov Khabib Nurmagomedov Said Nurmagomedov Umar Nurmagomedov Kennedy Nzechukwu Jake O'Brien Sean O'Connell Sean O'Malley Casey O'Neill Brendan O'Reilly Jose Ochoa Volkan Oezdemir Trey Ogden Andy Ogle Yushin Okami Bolaji Oki Aleksei Oleinik Michal Oleksiejczuk Alex Oliveira Charles Oliveira Maria Oliveira Rafaello Oliveira Saimon Oliveira Vinicius Oliveira Daniel Omielanczuk Michihiro Omigawa David Onama Charlie Ontiveros Myktybek Orolbai Brian Ortega Dustin Ortiz Tito Ortiz Ode Osbourne Nick Osipczak Rachael Ostovich Zak Ottow Alistair Overeem Alptekin Ozkilic Nick Pace Teemu Packalen Chris Padilla Fernando Padilla Damacio Page Michael Page Dustin Pague Raulian Paiva Bart Palaszewski Sasha Palatnikov Soa Palelei Rousimar Palhares Alexandre Pantoja Jared Papazian Remco Pardoel Josh Parisian Karo Parisyan HyunSung Park JunYong Park Norman Parke Mick Parkin Preston Parsons Ramona Pascual Alan Patrick Claude Patrick Sam Patterson Zac Pauga Sergei Pavlovich Pawel Pawlak Estevan Payan Jonathan Pearce Ross Pearson Carlo Pedersoli Jr. Tyson Pedro Trevor Peek Kurt Pellegrino Julianna Pena Luis Pena Cathal Pendred BJ Penn Jessica Penne Raquel Pennington Tecia Pennington Godofredo Pepey Robert Peralta Alex Pereira Michel Pereira Viviane Pereira Ailin Perez Alejandro Perez Alex Perez Erik Perez Frankie Perez Markus Perez Anthony Perosh Thiago Perpetuo Jay Perrin Mike Perry Raphael Pessoa Viktor Pesta Thomas Petersen Steven Peterson Vitor Petrino Andre Petroski Armen Petrosyan Ivana Petrovic Seth Petruzelli Anthony Pettis Sergio Pettis Forrest Petz Cody Pfister Nam Phan Constantinos Philippou Aaron Phillips Elizabeth Phillips John Phillips Kyler Phillips Vinc Pichel Brad Pickett Jamie Pickett Oskar Piechota Mike Pierce Sean Pierson Domingo Pilarte Paddy Pimblett Daniel Pineda Luana Pinheiro Maki Pitolo Jamal Pogues Dustin Poirier Igor Pokrajac Julia Polastri Santiago Ponzinibbio Parker Porter Ihor Potieria Callan Potter Ruan Potts Devin Powell Marcin Prachnio Francisco Prado Wagner Prado Trevor Prangley Carlo Prater Carlos Prates Michel Prazeres Kyle Prepolec Niko Price Jiri Prochazka Lara Procopio Joe Proctor Lucie Pudilova Claudio Puelles Jens Pulver Joe Pyfer Mike Pyle Billy Quarantillo Nate Quarry Josh Quinlan Cristian Quinonez Jose Quinonez Benji Radach Charles Radtke Loik Radzhabov Shavkat Rakhmonov Aleksandar Rakic Davi Ramos Ricardo Ramos Kevin Randleman Bec Rawlings Gideon Ray Stevie Ray Abdul Razak Alhassan Mateusz Rebecki Elise Reed Zachary Reese Jason Reinhardt Wilson Reis Goran Reljic Chance Rencountre Marion Reneau Alex Reyes Dominick Reyes Marco Polo Reyes Johnny Rhodes Mike Rhodes Amanda Ribas Brendson Ribeiro Claudio Ribeiro Esteban Ribovics Mike Ricci Tabatha Ricci Brad Riddell Matthew Riddle Joe Riggs Aaron Riley Jordan Rinaldi Nick Ring Mike Rio Diego Rivas Francisco Rivera Irwin Rivera Jerome Rivera Jimmie Rivera Jorge Rivera Pedro Rizzo Karl Roberson Daniel Roberts Danny Roberts Roosevelt Roberts Gillian Robertson Kenny Robertson Alvin Robinson Carlos Eduardo Rocha Vagner Rocha Luke Rockhold Gregory Rodrigues Kleydson Rodrigues Christian Rodriguez Daniel Rodriguez Marina Rodriguez Mike Rodriguez Pete Rodriguez Piera Rodriguez Ricco Rodriguez Ronaldo Rodriguez Yair Rodriguez Marcos Rogerio de Lima Marcelo Rojo Shane Roller Alexandr Romanov Ricardo Romero Yoel Romero Mara Romero Borella Rongzhu Jesse Ronson George Roop Aaron Rosa Charles Rosa Karol Rosa Raul Rosas Jr. Jake Rosholt Jared Rosholt Shannon Ross Ben Rothwell Khalil Rountree Jr. Ronda Rousey Phil Rowe Brandon Royval Jairzinho Rozenstruik Mauricio Rua Marco Ruas Gabe Ruediger Mauricio Ruffy Montserrat Conejo Ruiz Mike Russow Nursulton Ruziboev Cameron Saaiman Pat Sabatini Amir Sadollah Nazim Sadykhov Frankie Saenz Saparbeg Safarov Tarec Saffiedine Jason Saggo Benoit Saint Denis Ovince Saint Preux Lukasz Sajewski Augusto Sakai Alessio Sakara Justin Salas Ivan Salaverry Roman Salazar Luis Saldana Muslim Salikhov John Salter Vinicius Salvador Josh Samman Josh Sampo Andrew Sanchez Diego Sanchez Eddie Sanchez Joby Sanchez Robert Sanchez Jerrod Sanders Luke Sanders Cory Sandhagen Hector Sandoval Jorge Santiago Mike Santiago Bruno Santos Daniel Santos Gabriel Santos Iliarde Santos Leonardo Santos Luana Santos Mairon Santos Taila Santos Thiago Santos Yana Santos Daniel Sarafian Jeka Saragih Diego Saraiva Yuta Sasaki Paul Sass Takashi Sato Ben Saunders Matt Sayles Eric Schafer Brendan Schaub Matt Schnell Justin Scoggins Brad Scott Neil Seery Pete Sell Matthew Semelsberger Mackens Semerzier Matt Serra Fredy Serrano Dan Severn Edmen Shahbazyan Kamal Shalorus Frank Shamrock Ken Shamrock Eric Shelton Sean Sherk Chase Sherman Antonina Shevchenko Valentina Shevchenko Jake Shields Jack Shore Sam Sicilia Serhiy Sidey Steven Siler Anderson Silva Antonio Silva Assuerio Silva Bruno Silva Bruno Silva Claudio Silva Danny Silva Erick Silva Felipe Silva Jean Silva Joaquim Silva Karine Silva Leandro Silva Natalia Silva Thiago Silva Wanderlei Silva Douglas Silva de Andrade Elias Silverio Ricky Simon Aaron Simpson Tony Sims Wes Sims Rory Singer Elvis Sinosic Dennis Siver Chas Skelly Anthony Smith Cole Smith Colton Smith Devonte Smith Leslie Smith Maurice Smith Patrick Smith Scott Smith Trevor Smith Dmitrii Smoliakov Louis Smolka Cameron Smotherman Peter Sobotta Renato Sobral Rameau Thierry Sokoudjou Joe Solecki Chael Sonnen Punahele Soriano Sean Soriano Krzysztof Soszynski George Sotiropoulos Greg Soto Joe Soto Andre Soukhamthath Edimilson Souza Jacare Souza Ketlen Souza Livinha Souza Ryan Spann Felicia Spencer Sean Spencer Eric Spicely Daniel Spitz Serghei Spivac Pete Spratt Georges St-Pierre Ron Stallings Cody Stamann Brian Stann Josh Stansbury Clifford Starks Kalib Starnes Laureano Staropoli Damian Stasiak Dominique Steele Jeremy Stephens Aljamain Sterling Joe Stevenson Darren Stewart Julija Stoliarenko Dustin Stoltzfus Niklas Stolze Ken Stone Rick Story Darko Stosic Sam Stout Sean Strickland Hans Stringer Stefan Struve Tatiana Suarez Genki Sudo George Sullivan Sumudaerji Cub Swanson Mike Swick Oumar Sy Tim Sylvia Junior Tafa Justin Tafa Khalid Taha Tatsuro Taira Mairbek Taisumov Daiju Takase Oleg Taktarov Payton Talbott Nordine Taleb Issei Tamura Michinori Tanaka Evan Tanner Miesha Tate Brad Tavares Thiago Tavares Danielle Taylor Paul Taylor James Te Huna Glover Teixeira Tra Telligman David Terrell Daniel Teymur David Teymur Brandon Thatch Elias Theodorou Paulo Thiago Din Thomas Stephen Thompson Josh Thomson Simeon Thoresen Gleison Tibau Zhang Tiequan Darren Till Denis Tiuliulin Dusko Todorovic Tuco Tokkos Kazuki Tokudome Ilia Topuria Manuel Torres Miguel Torres Salim Touahri Dequan Townsend Francisco Trevino Frank Trigg Francisco Trinaldo Michael Trizano Tor Troeng Abel Trujillo Arman Tsarukyan Chris Tuchscherer Jon Tuck Gavin Tucker Jumabieke Tuerxun Tai Tuivasa Zubaira Tukhugov Albert Tumenov Ricky Turcios Anton Turkalj Wellington Turman Jalin Turner Marcin Tybura Tagir Ulanbekov Carlos Ulberg Gasan Umalatov Caol Uno Gilbert Urbina Hector Urbina Kamaru Usman Mohammed Usman Darren Uyenoyama Richie Vaculik Genaro Valdez Robert Valentin Timur Valiev Isaac Vallie-Flagg Joshua Van Paige VanZant Jared Vanderaa Lando Vannata Paul Varelans Kazula Vargas Jamie Varner Matt Veach Cain Velasquez Bojan Velickovic Karlos Vemola Luigi Vendramini Brandon Vera Marlon Vera Nikolay Veretennikov CJ Vergara Renato Verissimo Marvin Vettori Hugo Viana Polyana Viana James Vick Tamires Vidal Ketlen Vieira Reginaldo Vieira Rodolfo Vieira Gian Villante Ike Villanueva Marcos Vinicius Cheyanne Vlismas Bobby Voelker Alexander Volkanovski Jacob Volkmann Alexander Volkov Jason Von Flue Chris Wade TJ Waldburger Johnny Walker Valter Walker Rodney Wallace Richard Walsh Curt Warburton Terrion Ware Ron Waterman Dominic Waters Michelle Waterson-Gomez Tom Watson Walel Watson Brok Weaver Royston Wee Darian Weeks Chris Weidman Zhang Weili Mark Weir Christian Wellisch Jeremiah Wells Fabricio Werdum Sheldon Westcott Alex White Robert Whiteford Garett Whiteley Emily Whitmire Robert Whittaker Adam Wieczorek Mike Wilkinson James Wilks Jordan Williams Karl Williams Khaos Williams Patrick Williams Pete Williams Justin Willis Chris Wilson Jonathan Wilson Westin Wilson Matt Wiman Eddie Wineland Deron Winn Andre Winner Keith Wisniewski Jason Witt Joanne Wood Nathaniel Wood Tyron Woodley Sean Woodson Cal Worsham Khama Worthy Jordan Wright Wulijiburen Yan Xiaonan Song Yadong Mohammad Yahya Rani Yahya Alexander Yakovlev Kenichi Yamamoto Norifumi Yamamoto Petr Yan Wu Yanan Adrian Yanez Dongi Yang Hu Yaozong Ashley Yoder Yoshiyuki Yoshida Jason Young Shane Young Shanna Young Sodiq Yusuff Gilbert Yvel Luke Zachrich Aiemann Zahabi Youssef Zalal Elizeu Zaleski dos Santos David Zawada Daniel Zellhuber Daria Zhelezniakova Yao Zhikui Zhalgas Zhumagulov Fares Ziam Cat Zingano Ariane da Silva Henrique da Silva Geraldo de Freitas Gloria de Paula Germaine de Randamie Reinier de Ridder Chris de la Rocha Mike de la Torre Felipe dos Santos Rayanne dos Santos Tiago dos Santos e Silva Mike van Arsdale GM3 Age 37 Nationality 🇺🇸 United States Weight class Middleweight Streak ❌ ✅ ✅ ❌ ❌ David Abbott Hamdy Abdelwahab Mansur Abdul-Malik Shamil Abdurakhimov Daichi Abe Papy Abedi Klidson Abreu Juan Adams Zarrukh Adashev Israel Adesanya Mariya Agapova Jessica Aguilar Jesus Aguilar Kevin Aguilar Christian Aguilera Omari Akhmedov Yoshihiro Akiyama Mostapha Al-Turk Alatengheili Amir Albazi John Albert Junior Albini Aleksandra Albu Ildemar Alcantara Iuri Alcantara Hector Aldana Irene Aldana Jose Aldo JJ Aldrich Irina Alekseeva Talita Alencar Jim Alers John Alessio Houston Alexander Lucas Alexander Marcio Alexandre Junior Bill Algeo Sultan Aliev Ikram Aliskerov John Allan Arnold Allen Brendan Allen Ben Alloway Asu Almabayev Cesar Almeida Jailton Almeida Lucas Almeida Ricardo Almeida Thomas Almeida Victor Altamirano Eddie Alvarez Joel Alvarez Rafael Alves Thiago Alves Warlley Alves Sam Alvey Alen Amedovski Hyder Amil Makwan Amirkhani Jaqueline Amorim Eryk Anders Corey Anderson Megan Anderson Jessica Andrade Viscardi Andrade Dylan Andrews Chad Anheliger Yoji Anjo Magomed Ankalaev Gadzhimurad Antigulov Shinsho Anzai Aoriqileng Felipe Arantes Igor Araujo Viviane Araujo Julio Arce Alice Ardelean Dan Argueta Andrei Arlovski Garrett Armfield Austin Arnett Akbarh Arreola Antonio Arroyo Matt Arroyo Yanal Ashmouz Askar Askarov Cyril Asker Scott Askham Ben Askren Ibo Aslan Tom Aspinall Junior Assuncao Raphael Assuncao Rich Attonito Olivier Aubin-Mercier Marcus Aurelio Julia Avila Jessin Ayari Abu Azaitar Ottman Azaitar Hunter Azure Niklas Backstrom Seth Baczynski Ryan Bader Miguel Baeza Ali Bagautinov Melsik Baghdasaryan Siyar Bahadurzada Ignacio Bahamondes Shamar Bailey Oluwale Bamgbose Humberto Bandenay Tae Hyun Bang Shauna Bannon Renan Barao Maycee Barber Bryan Barberena Dione Barbosa Edson Barboza Raoni Barcelos Daniel Barez Danny Barlow Luke Barnatt Chris Barnett Josh Barnett Phil Baroni Marc-Andre Barriault Francimar Barroso Pat Barry Enrique Barzola Farid Basharat Javid Basharat Bryan Battle Alan Baudot Mario Bautista Chris Beal Johnny Bedford Rolando Bedoya Mirsad Bektic Diana Belbita Alan Belcher Vitor Belfort Rodolfo Bellato Joey Beltran Marco Beltran Joseph Benavidez Dave Beneteau Gabriel Benitez Lance Benoist Ryan Benoit Steve Berger Dennis Bermudez Manny Bermudez Talita Bernardo Arjan Bhullar David Bielkheden Blake Bilder Anthony Birchak Michael Bisping Jan Blachowicz Brad Blackburn Da'Mon Blackshear Erin Blanchfield Maximo Blanco Curtis Blaydes Mark Bocek Kyle Bochniak Tim Boetsch Jerry Bohlander Mandy Bohm Gaston Bolanos Denys Bondar Gabriel Bonfim Ismael Bonfim Stephan Bonnar Rogerio Bontorin Ray Borg Kevin Borjas Caio Borralho Viacheslav Borshchev Tanner Boser Steve Bosse Poliana Botelho Brian Bowles Roger Bowling Kyle Bradley Sean Brady Ramiz Brahimaj David Branch Diego Brandao Bruna Brasil Martin Bravo Mike Breeden Tom Breese Elves Brener Charlie Brenneman Jason Brilz Marcus Brimage Henry Briones Joanderson Brito Jonathan Brookins Jarred Brooks Will Brooks Rob Broughton Damien Brown Matt Brown Mike Brown Randy Brown TJ Brown Travis Browne Cody Brundage Steve Bruno Derek Brunson Lukasz Brzeski Justin Buchholz Joaquin Buckley Martin Buday Dylan Budka Mayra Bueno Silva Paul Buentello Modestas Bukauskas Felipe Bunes Shane Burgos Joshua Burkman Mads Burnell Mikey Burnett Gilbert Burns Herbert Burns Kevin Burns Murilo Bustamante JP Buys Dennis Buzukja Charles Byrd Yan Cabral Alex Caceres Priscila Cachoeira Cynthia Calvillo Frank Camacho Fabricio Camoes Brian Camozzi Chris Camozzi Shane Campbell Will Campuzano Aleksa Camur Chico Camus Luiz Cane Guido Cannetti Jared Cannonier Steve Cantwell Bryan Caraway Chris Cariaso Antonio Carlos Junior Spike Carlyle Francis Carmont Liz Carmouche Roan Carneiro Ariane Carnelossi Luana Carolina Clayton Carpenter Shonie Carter Antonio Carvalho Shane Carwin Johnny Case Cortney Casey Kevin Casey John Castaneda Danny Castillo Gil Castillo Nick Catone Rafael Cavalcante Jacqueline Cavalcanti Magnus Cedenblad Yosdenis Cedeno Henry Cejudo Katlyn Cerminara Rafael Cerqueira Donald Cerrone Luan Chagas Edgar Chairez Alex Chambers Chelsea Chandler Michael Chandler Morgan Charriere Danny Chavez Ernest Chavez Fabio Cherant Macy Chiasson Michael Chiesa Giga Chikadze Khamzat Chimaev Dooho Choi SeungWoo Choi John Cholish Ryo Chonan Joachim Christensen Hannah Cifers Misha Cirkunov Devin Clark Heather Clark Jessica-Rose Clark Laverne Clark Mitch Clarke Rich Clementi Chris Clements Felipe Colares Mark Coleman Clay Collard Jake Collier Christian Colombo Carlos Condit Wang Cong Tristan Connelly Amanda Cooper Chris Cope Akira Corassani Daniel Cormier Nora Cornolle Bethe Correia Wesley Correira Waldo Cortes-Acosta Tracy Cortez Orion Cosce Alessandro Costa Melquizael Costa Paulo Costa Randy Costa Patrick Cote Rashad Coulter Randy Couture Colby Covington Nathan Coy Andrew Craig Paul Craig Tim Credeur Kevin Croom Allen Crowder Daron Cruickshank Jimmy Crute Dominick Cruz Marcio Cruz Timmy Cuamba Josh Culibao Zak Cummings Patrick Cummins Luke Cummo Jeff Curran Kailin Curran Chris Curtis Ion Cutelaba Alex Da Silva Nicolas Dalby Paul Daley Aisling Daly Rodrigo Damm Batgerel Danaa Jarjis Danho Mac Danzig Beneil Dariush Chris Daukaus Kyle Daukaus Alexis Davis Brandon Davis Marcus Davis Mike Davis Phil Davis Hakeem Dawodu Grant Dawson Jason Day Martin Day Yorgan De Castro Philip De Fries Mark De La Rosa Montana De La Rosa Jason DeLucia Tony DeSouza Edwin DeWees Rolando Delgado Jack Della Maddalena Roland Delorme Jon Delos Reyes Vanessa Demopoulos Chris Dempsey Jason Dent Mackenzie Dern Robelis Despaigne Alessio Di Chirico Cyrille Diabate Marc Diakiese Blood Diamond Hacran Dias Nate Diaz Nick Diaz TJ Dillashaw Jhonata Diniz Russell Doane Drew Dober AJ Dobson Shana Dobson John Dodson Joe Doerksen Roman Dolidze CB Dollaway Cody Donovan Rafael Dos Anjos Anderson Dos Santos Junior Dos Santos Tomasz Drwal Dricus Du Plessis Emily Ducote Viktoriia Dudakova Milana Dudieva Todd Duffee Joe Duffy Jessamyn Duke Isaac Dulgarian Sedriques Dumas Norma Dumont Chris Duncan Christian Leroy Duncan Evan Dunham Tom Duquesnoy Albert Duraev Reuben Duran Cody Durden Merab Dvalishvili David Dvorak Matt Dwyer Rolando Dy Marvin Eastman Mike Easton Brian Ebersole Mark Eddiva Frankie Edgar Johnny Eduardo Joselyne Edwards Justin Edwards Leon Edwards Yves Edwards Stephanie Egger Justin Eilers Per Eklund Evan Elder Darren Elkins Jake Ellenberger Oban Elliott Tim Elliott Ramazan Emeev Rob Emerson Jamall Emmers Josh Emmett Ian Entwistle Andy Enz Steve Erceg Julian Erosa Jarno Errens Cole Escovedo Efrain Escudero Carla Esparza Juan Espino Jordan Espinosa Jodie Esquibel Rafael Estevam Terry Etim Sijara Eubanks Rashad Evans Ashlee Evans-Smith Tonya Evinger Movsar Evloev Andre Ewell Jessica Eye Urijah Faber Bartosz Fabinski Zarah Fairn Rinat Fakhretdinov Kalindra Faria Paul Felder Carlos Felipe Tony Ferguson Gabriella Fernandes Kaue Fernandes Brunno Ferreira Cezar Ferreira Diego Ferreira Scott Ferrozzo Andre Fialho Drew Fickett Deiveson Figueiredo Francisco Figueiredo Edwin Figueroa Jafel Filho Andre Fili Mirko Filipovic Luigi Fioravanti Manon Fiorot Spencer Fisher Chris Fishgold Jon Fitch Rafael Fiziev AJ Fletcher Nathan Fletcher Jimmy Flick Kenny Florian Darrius Flowers Rob Font Jesse Forbes Jussier Formiga Renee Forte Marcel Fortuna Brian Foster Hermes Franca Glaico Franca Moreira Rich Franklin Ian Freeman Josh Fremd Matt Frevola Jinh Yu Frey Don Frye Tony Fryklund Adam Fugitt Riki Fukuda Masio Fullen Ricardo Funch Claudia Gadelha Justin Gaethje Muin Gafurov Mitch Gagnon Mickey Gall Manvel Gamburyan Mateusz Gamrot Ciryl Gane Eduardo Garagorri Cody Garbrandt Alex Garcia Edgar Garcia Fernie Garcia Leonard Garcia Rafa Garcia Steve Garcia Pablo Garza Kelvin Gastelum Willie Gates Melissa Gatto Louis Gaudinot Shamil Gaziev Tiki Ghosn Christos Giagos Cody Gibson Trevin Giles Gregor Gillespie Ricky Glenn Mark Godbeer Loopy Godinez Billy Ray Goff Hannah Goldy Marcelo Golm Denise Gomes Silvana Gomez Juarez Takanori Gomi William Gomis Akihiro Gono Gabriel Gonzaga Erick Gonzalez Jason Gonzalez Lyman Good Jared Gooden Gary Goodridge Eddie Gordon Jared Gordon Malcolm Gordon Tresean Gore Themba Gorimbo Jonathan Goulet Thibault Gouti Wilson Gouveia Damian Grabowski Kron Gracie Royce Gracie Miranda Granger Davey Grant Dwight Grant TJ Grant Alexa Grasso Tony Gravely Michael Graves Desmond Green Gabe Green King Green Maurice Greene Matt Grice Forrest Griffin Jordan Griffin Max Griffin Tyson Griffin Maxim Grishin Josh Grispi Kendall Grove Chris Gruetzemacher Vik Grujic Mike Grundy Shannon Gugerty Clay Guida Melvin Guillard Marcelo Guimaraes John Gunderson Jorge Gurgel Bogdan Guskov Alexander Gustafsson Chris Gutierrez Mike Guymon Keith Hackney Jake Hadley Damir Hadzovic Bassil Hafez Tim Hague Mark Hall Ryan Hall Uriah Hall Dennis Hallman Piotr Hallmann Seo Hee Ham Matt Hamill Anthony Hamilton Jared Hamman Kay Hansen Nasrat Haqparast Antoni Hardonk Dan Hardy Greg Hardy Veronica Hardy Carlston Harris Gerald Harris Phil Harris Walt Harris Kayla Harrison Dale Hartt Clay Harvison John Hathaway Phil Hawes Josh Haynes Dustin Hazelett James Head Pat Healy David Heath Jake Hecht Nick Hein Ian Heinisch Marcin Held Benson Henderson Dan Henderson Johny Hendricks Luis Henrique Danny Henry Victor Henry Jai Herbert Dave Herman Ed Herman Jack Hermansson Alexander Hernandez Anthony Hernandez Carlos Hernandez Geane Herrera Alvaro Herrera Mendoza Felice Herrig Heath Herring Clint Hester Jimy Hettes Jay Hieron Brady Hiestand Jason High Angela Hill Corey Hill Jamahal Hill Branden Lee Hinkle Hatsu Hioki Kuniyoshi Hironaka Mizuto Hirota Matt Hobar Bobby Hoffman Sam Hoger Andrew Holbrook Kevin Holland Max Holloway Holly Holm Joseph Holmes Kurt Holobaugh Paddy Holohan Scott Holtzman Sabah Homasi Mark Hominick Dan Hooker Chase Hooper Darrell Horcher Kyoji Horiguchi Jeremy Horn Jamey-Lyn Horth Jeff Hougland John Howard Austin Hubbard Roger Huerta Jeff Hughes Matt Hughes Sam Hughes Mark Hunt Al Iaquinta Khadis Ibragimov Dan Ige Fabiano Iha Zelim Imadaev Nassourdine Imavov Brad Imes James Irvin Teruto Ishihara Damir Ismagulov Leandro Issa Blagoy Ivanov Yves Jabouin Damon Jackson Eugene Jackson Kevin Jackson Mike Jackson Montel Jackson Quinton Jackson Dustin Jacoby Virna Jandiroba Ryan Janes Keith Jardine Rony Jason Jasmine Jasudavicius Yazmin Jauregui Justin Jaynes Joanna Jedrzejczyk Jack Jenkins Steve Jennum Ryan Jensen Ryan Jimmo Li Jingliang Brett Johns Miles Johns Anthony Johnson Charles Johnson DaMarques Johnson Demetrious Johnson Jordan Johnson Jose Johnson Kajan Johnson Lavar Johnson Michael Johnson Timothy Johnson Brian Johnston Liana Jojua Jon Jones Mason Jones Trevin Jones Jocelyn Jones-Lybarger Shawn Jordan Ivan Jorge Scott Jorgensen Krzysztof Jotko Alan Jouban Charles Jourdain Kevin Jousset Anshul Jubli Carli Judice Luke Jumeau Chan Sung Jung Da Woon Jung Myles Jury Cristiane Justino Saidyokub Kakhramonov Kai Kamaka Martin Kampmann Masanori Kanehara Denis Kang Kyung Ho Kang Manel Kape Kai Kara-France Alex Karalexis Impa Kasanganay Nadia Kassem Brad Katona Calvin Kattar Sarah Kaufman Tatsuya Kawajiri Toshiomi Kazama Chris Kelades Brian Kelleher Tony Kelley Daniel Kelly Paul Kelly Song Kenan Jeremy Kennedy Tim Kennedy Casey Kenney Mark Kerr Rustam Khabilov Sergey Khandozhko Pannie Kianzad Katsunori Kikuno Dong Hyun Kim Ji Yeon Kim Jeremy Kimball Rob Kimmons Dustin Kimura Kyle Kingsbury Kamuela Kirk Justine Kish Ludovit Klein Fatima Kline Drakkar Klose Jason Knight William Knight Josefine Knutsson Erik Koch Tsuyoshi Kohsaka Syuri Kondo Yuki Kondo Cheick Kongo Roman Kopylov Josh Koscheck Naoyuki Kotani Karolina Kowalkiewicz James Krause Pascal Krauss Nikita Krylov Michael Kuiper Anton Kuivanen Aleksei Kunchenko Kiichi Kunimoto Guram Kutateladze Mike Kyle Ryan LaFlare Daniel Lacerda Aspen Ladd Noad Lahat Yohan Lainesse Tim Lajcik Ricardo Lamas Jason Lambert Nate Landwehr Austen Lane Lina Lansberg Taylor Lapilus Chad Laprise Lorenz Larkin Jeremy Larsen Brock Larson Ilir Latifi Jenel Lausa Dan Lauzon Joe Lauzon Robbie Lawler Tom Lawlor Justin Lawrence Ronnie Lawrence Valmir Lazaro Mounir Lazzez Cung Le Quang Le Marcus LeVesseur Carlos Leal Jordan Leavitt Chris Leben Mickael Lebout Justin Ledet Andrea Lee JeongYeong Lee Kevin Lee Vaughan Lee Thales Leites Amanda Lemos Jesse Lennox Nik Lentz Victoria Leonardo Kimo Leopoldo Brock Lesnar Valerie Letourneau Natan Levy Bevon Lewis Derrick Lewis Jess Liaudin Chuck Liddell Hyun Gyu Lim Andre Lima Dhiego Lima Felipe Lima Juliana Lima Matt Lindland Jake Lindsey John Lineker Austin Lingo Philipe Lins Zhang Lipeng Tainara Lisboa Dean Lister Pingyuan Liu James Llontop Artem Lobov David Loiseau Hector Lombard Loma Lookboonmee Ange Loosa Diego Lopes Benito Lopez Gustavo Lopez Matthew Lopez Caolan Loughran Ian Loveland Waylon Lowe Iasmin Lucindo Duane Ludwig Dalcha Lungiambula Vicente Luque Travis Lutter Tucker Lutz Chris Lytle Dong Hyun Ma Jason MacDonald Rob MacDonald Rory MacDonald William Macario Caio Machado Ian Machado Garry Lyoto Machida Reza Madadi Jon Madsen Mark Madsen Leonardo Mafra Caio Magalhaes Vinny Magalhaes Angela Magana Neil Magny Bibulatov Magomed Abus Magomedov Rashid Magomedov Ruslan Magomedov Shara Magomedov Zabit Magomedsharipov John Maguire Maheshate Demian Maia Jennifer Maia Levan Makashvili John Makdessi Islam Makhachev Zach Makovsky Azat Maksum Fabio Maldonado Bea Malecki Jacob Malkoun Mike Malott Nate Maness Jimi Manuwa Cristiano Marcello Daniel Marcos Chepe Mariscal Ronny Markes Rory Markham Randa Markos Nate Marquardt Danilo Marques Julian Marquez Carmelo Marrero Eliot Marshall Francis Marshall Jack Marshman Anthony Rocco Martin Mallory Martin Terry Martin Danny Martinez Henry Martinez Jonathan Martinez Mana Martinez Melissa Martinez Roque Martinez Adriano Martins Lucas Martins Mike Massenzio Jorge Masvidal Jean Matsumoto Connor Matthews Jake Matthews Vladimir Matyushenko Miranda Maverick Nick Maximov Don'Tale Mayes Gray Maynard Gina Mazany Sabina Mazo Ian McCall Molly McCann Charles McCarthy Sean McCorkle Kris McCray Tamdan McCrory Justin McCully Robert McDaniel Michael McDonald Drew McFedries Court McGee Gan McGee Marcus McGhee Conor McGregor Rhys McKee Cory McKenna Cody McKenzie Terrance McKinney Garreth McLellan Sara McMann James McSweeney Tim Means Yancy Medeiros MarQuel Mederos Uros Medic Emil Meek Gerald Meerschaert Jordan Mein Gilbert Melendez Vanessa Melo Augusto Mendes Chad Mendes Mateus Mendonca Alonzo Menifield Ivan Menjivar Dave Menne Yaotzin Meza Guy Mezger Andreas Michailidis David Michaud Bojan Mihajlovic Pat Miletich Curtis Millender Cole Miller Dan Miller Jason Miller Jim Miller Juliana Miller Che Mills Adam Milstead Alberto Mina Zhang Mingyang Darrick Minner Stipe Miocic Frank Mir Gabriel Miranda Mario Miranda Vitor Miranda Bryce Mitchell David Mitchell Matt Mitrione Takeya Mizugaki Mizuki Roxanne Modafferi Bobby Moffett Nate Mohr Renato Moicano Thiago Moises Muhammad Mokaev Jeff Molina Jeff Monson Darrell Montague Augusto Montano Erick Montano James Moontasri Marlon Moraes Sergio Moraes Sheymon Moraes John Moraga Albert Morales Joseph Morales Michael Morales Omar Morales Vince Morales Sarah Moras Christian Morecraft Vinicius Moreira Brandon Moreno Dan Moret Alex Morono Maryna Moroz Sergey Morozov Nikolas Motta Eduarda Moura Gegard Mousasi Kris Moutinho Jamie Moyle Lauren Mueller Belal Muhammad Jamie Mullarkey Melissa Mullins Pedro Munhoz Andre Muniz Alexander Munoz Johnny Munoz Mark Munoz Makhmud Muradov Kanako Murata Lauren Murphy Lerone Murphy Azamat Murzakanov Nicholas Musoke Magomed Mustafaev Elvis Mutapcic Liang Na Muhammad Naimov Keita Nakamura Rinya Nakamura Tyson Nam Yui Chul Nam Rose Namajunas Nad Narimani Roger Narvaez Allan Nascimento Rodrigo Nascimento Bobby Nash Rafael Natal Kevin Natividad Ismail Naurdiev Tafon Nchukwi Geoff Neal Stanislav Nedkov Josh Neer Nicolae Negumereanu Gunnar Nelson Kyle Nelson Roy Nelson Shane Nelson Antonio Braga Neto Journey Newson Carlos Newton Francis Ngannou Ben Nguyen Alex Nicholson Bo Nickal Matheus Nicolau Tom Niinimaki Ramsey Nijem Guangyou Ning Anthony Njokuani Chidi Njokuani Antonio Rodrigo Nogueira Rogerio Nogueira Kyle Noke Tom Nolan KJ Noons Sage Northcutt Phillipe Nover Shayilan Nuerdanbieke Amanda Nunes Diego Nunes Istela Nunes Josiane Nunes Nina Nunes Abubakar Nurmagomedov Khabib Nurmagomedov Said Nurmagomedov Umar Nurmagomedov Kennedy Nzechukwu Jake O'Brien Sean O'Connell Sean O'Malley Casey O'Neill Brendan O'Reilly Jose Ochoa Volkan Oezdemir Trey Ogden Andy Ogle Yushin Okami Bolaji Oki Aleksei Oleinik Michal Oleksiejczuk Alex Oliveira Charles Oliveira Maria Oliveira Rafaello Oliveira Saimon Oliveira Vinicius Oliveira Daniel Omielanczuk Michihiro Omigawa David Onama Charlie Ontiveros Myktybek Orolbai Brian Ortega Dustin Ortiz Tito Ortiz Ode Osbourne Nick Osipczak Rachael Ostovich Zak Ottow Alistair Overeem Alptekin Ozkilic Nick Pace Teemu Packalen Chris Padilla Fernando Padilla Damacio Page Michael Page Dustin Pague Raulian Paiva Bart Palaszewski Sasha Palatnikov Soa Palelei Rousimar Palhares Alexandre Pantoja Jared Papazian Remco Pardoel Josh Parisian Karo Parisyan HyunSung Park JunYong Park Norman Parke Mick Parkin Preston Parsons Ramona Pascual Alan Patrick Claude Patrick Sam Patterson Zac Pauga Sergei Pavlovich Pawel Pawlak Estevan Payan Jonathan Pearce Ross Pearson Carlo Pedersoli Jr. Tyson Pedro Trevor Peek Kurt Pellegrino Julianna Pena Luis Pena Cathal Pendred BJ Penn Jessica Penne Raquel Pennington Tecia Pennington Godofredo Pepey Robert Peralta Alex Pereira Michel Pereira Viviane Pereira Ailin Perez Alejandro Perez Alex Perez Erik Perez Frankie Perez Markus Perez Anthony Perosh Thiago Perpetuo Jay Perrin Mike Perry Raphael Pessoa Viktor Pesta Thomas Petersen Steven Peterson Vitor Petrino Andre Petroski Armen Petrosyan Ivana Petrovic Seth Petruzelli Anthony Pettis Sergio Pettis Forrest Petz Cody Pfister Nam Phan Constantinos Philippou Aaron Phillips Elizabeth Phillips John Phillips Kyler Phillips Vinc Pichel Brad Pickett Jamie Pickett Oskar Piechota Mike Pierce Sean Pierson Domingo Pilarte Paddy Pimblett Daniel Pineda Luana Pinheiro Maki Pitolo Jamal Pogues Dustin Poirier Igor Pokrajac Julia Polastri Santiago Ponzinibbio Parker Porter Ihor Potieria Callan Potter Ruan Potts Devin Powell Marcin Prachnio Francisco Prado Wagner Prado Trevor Prangley Carlo Prater Carlos Prates Michel Prazeres Kyle Prepolec Niko Price Jiri Prochazka Lara Procopio Joe Proctor Lucie Pudilova Claudio Puelles Jens Pulver Joe Pyfer Mike Pyle Billy Quarantillo Nate Quarry Josh Quinlan Cristian Quinonez Jose Quinonez Benji Radach Charles Radtke Loik Radzhabov Shavkat Rakhmonov Aleksandar Rakic Davi Ramos Ricardo Ramos Kevin Randleman Bec Rawlings Gideon Ray Stevie Ray Abdul Razak Alhassan Mateusz Rebecki Elise Reed Zachary Reese Jason Reinhardt Wilson Reis Goran Reljic Chance Rencountre Marion Reneau Alex Reyes Dominick Reyes Marco Polo Reyes Johnny Rhodes Mike Rhodes Amanda Ribas Brendson Ribeiro Claudio Ribeiro Esteban Ribovics Mike Ricci Tabatha Ricci Brad Riddell Matthew Riddle Joe Riggs Aaron Riley Jordan Rinaldi Nick Ring Mike Rio Diego Rivas Francisco Rivera Irwin Rivera Jerome Rivera Jimmie Rivera Jorge Rivera Pedro Rizzo Karl Roberson Daniel Roberts Danny Roberts Roosevelt Roberts Gillian Robertson Kenny Robertson Alvin Robinson Carlos Eduardo Rocha Vagner Rocha Luke Rockhold Gregory Rodrigues Kleydson Rodrigues Christian Rodriguez Daniel Rodriguez Marina Rodriguez Mike Rodriguez Pete Rodriguez Piera Rodriguez Ricco Rodriguez Ronaldo Rodriguez Yair Rodriguez Marcos Rogerio de Lima Marcelo Rojo Shane Roller Alexandr Romanov Ricardo Romero Yoel Romero Mara Romero Borella Rongzhu Jesse Ronson George Roop Aaron Rosa Charles Rosa Karol Rosa Raul Rosas Jr. Jake Rosholt Jared Rosholt Shannon Ross Ben Rothwell Khalil Rountree Jr. Ronda Rousey Phil Rowe Brandon Royval Jairzinho Rozenstruik Mauricio Rua Marco Ruas Gabe Ruediger Mauricio Ruffy Montserrat Conejo Ruiz Mike Russow Nursulton Ruziboev Cameron Saaiman Pat Sabatini Amir Sadollah Nazim Sadykhov Frankie Saenz Saparbeg Safarov Tarec Saffiedine Jason Saggo Benoit Saint Denis Ovince Saint Preux Lukasz Sajewski Augusto Sakai Alessio Sakara Justin Salas Ivan Salaverry Roman Salazar Luis Saldana Muslim Salikhov John Salter Vinicius Salvador Josh Samman Josh Sampo Andrew Sanchez Diego Sanchez Eddie Sanchez Joby Sanchez Robert Sanchez Jerrod Sanders Luke Sanders Cory Sandhagen Hector Sandoval Jorge Santiago Mike Santiago Bruno Santos Daniel Santos Gabriel Santos Iliarde Santos Leonardo Santos Luana Santos Mairon Santos Taila Santos Thiago Santos Yana Santos Daniel Sarafian Jeka Saragih Diego Saraiva Yuta Sasaki Paul Sass Takashi Sato Ben Saunders Matt Sayles Eric Schafer Brendan Schaub Matt Schnell Justin Scoggins Brad Scott Neil Seery Pete Sell Matthew Semelsberger Mackens Semerzier Matt Serra Fredy Serrano Dan Severn Edmen Shahbazyan Kamal Shalorus Frank Shamrock Ken Shamrock Eric Shelton Sean Sherk Chase Sherman Antonina Shevchenko Valentina Shevchenko Jake Shields Jack Shore Sam Sicilia Serhiy Sidey Steven Siler Anderson Silva Antonio Silva Assuerio Silva Bruno Silva Bruno Silva Claudio Silva Danny Silva Erick Silva Felipe Silva Jean Silva Joaquim Silva Karine Silva Leandro Silva Natalia Silva Thiago Silva Wanderlei Silva Douglas Silva de Andrade Elias Silverio Ricky Simon Aaron Simpson Tony Sims Wes Sims Rory Singer Elvis Sinosic Dennis Siver Chas Skelly Anthony Smith Cole Smith Colton Smith Devonte Smith Leslie Smith Maurice Smith Patrick Smith Scott Smith Trevor Smith Dmitrii Smoliakov Louis Smolka Cameron Smotherman Peter Sobotta Renato Sobral Rameau Thierry Sokoudjou Joe Solecki Chael Sonnen Punahele Soriano Sean Soriano Krzysztof Soszynski George Sotiropoulos Greg Soto Joe Soto Andre Soukhamthath Edimilson Souza Jacare Souza Ketlen Souza Livinha Souza Ryan Spann Felicia Spencer Sean Spencer Eric Spicely Daniel Spitz Serghei Spivac Pete Spratt Georges St-Pierre Ron Stallings Cody Stamann Brian Stann Josh Stansbury Clifford Starks Kalib Starnes Laureano Staropoli Damian Stasiak Dominique Steele Jeremy Stephens Aljamain Sterling Joe Stevenson Darren Stewart Julija Stoliarenko Dustin Stoltzfus Niklas Stolze Ken Stone Rick Story Darko Stosic Sam Stout Sean Strickland Hans Stringer Stefan Struve Tatiana Suarez Genki Sudo George Sullivan Sumudaerji Cub Swanson Mike Swick Oumar Sy Tim Sylvia Junior Tafa Justin Tafa Khalid Taha Tatsuro Taira Mairbek Taisumov Daiju Takase Oleg Taktarov Payton Talbott Nordine Taleb Issei Tamura Michinori Tanaka Evan Tanner Miesha Tate Brad Tavares Thiago Tavares Danielle Taylor Paul Taylor James Te Huna Glover Teixeira Tra Telligman David Terrell Daniel Teymur David Teymur Brandon Thatch Elias Theodorou Paulo Thiago Din Thomas Stephen Thompson Josh Thomson Simeon Thoresen Gleison Tibau Zhang Tiequan Darren Till Denis Tiuliulin Dusko Todorovic Tuco Tokkos Kazuki Tokudome Ilia Topuria Manuel Torres Miguel Torres Salim Touahri Dequan Townsend Francisco Trevino Frank Trigg Francisco Trinaldo Michael Trizano Tor Troeng Abel Trujillo Arman Tsarukyan Chris Tuchscherer Jon Tuck Gavin Tucker Jumabieke Tuerxun Tai Tuivasa Zubaira Tukhugov Albert Tumenov Ricky Turcios Anton Turkalj Wellington Turman Jalin Turner Marcin Tybura Tagir Ulanbekov Carlos Ulberg Gasan Umalatov Caol Uno Gilbert Urbina Hector Urbina Kamaru Usman Mohammed Usman Darren Uyenoyama Richie Vaculik Genaro Valdez Robert Valentin Timur Valiev Isaac Vallie-Flagg Joshua Van Paige VanZant Jared Vanderaa Lando Vannata Paul Varelans Kazula Vargas Jamie Varner Matt Veach Cain Velasquez Bojan Velickovic Karlos Vemola Luigi Vendramini Brandon Vera Marlon Vera Nikolay Veretennikov CJ Vergara Renato Verissimo Marvin Vettori Hugo Viana Polyana Viana James Vick Tamires Vidal Ketlen Vieira Reginaldo Vieira Rodolfo Vieira Gian Villante Ike Villanueva Marcos Vinicius Cheyanne Vlismas Bobby Voelker Alexander Volkanovski Jacob Volkmann Alexander Volkov Jason Von Flue Chris Wade TJ Waldburger Johnny Walker Valter Walker Rodney Wallace Richard Walsh Curt Warburton Terrion Ware Ron Waterman Dominic Waters Michelle Waterson-Gomez Tom Watson Walel Watson Brok Weaver Royston Wee Darian Weeks Chris Weidman Zhang Weili Mark Weir Christian Wellisch Jeremiah Wells Fabricio Werdum Sheldon Westcott Alex White Robert Whiteford Garett Whiteley Emily Whitmire Robert Whittaker Adam Wieczorek Mike Wilkinson James Wilks Jordan Williams Karl Williams Khaos Williams Patrick Williams Pete Williams Justin Willis Chris Wilson Jonathan Wilson Westin Wilson Matt Wiman Eddie Wineland Deron Winn Andre Winner Keith Wisniewski Jason Witt Joanne Wood Nathaniel Wood Tyron Woodley Sean Woodson Cal Worsham Khama Worthy Jordan Wright Wulijiburen Yan Xiaonan Song Yadong Mohammad Yahya Rani Yahya Alexander Yakovlev Kenichi Yamamoto Norifumi Yamamoto Petr Yan Wu Yanan Adrian Yanez Dongi Yang Hu Yaozong Ashley Yoder Yoshiyuki Yoshida Jason Young Shane Young Shanna Young Sodiq Yusuff Gilbert Yvel Luke Zachrich Aiemann Zahabi Youssef Zalal Elizeu Zaleski dos Santos David Zawada Daniel Zellhuber Daria Zhelezniakova Yao Zhikui Zhalgas Zhumagulov Fares Ziam Cat Zingano Ariane da Silva Henrique da Silva Geraldo de Freitas Gloria de Paula Germaine de Randamie Reinier de Ridder Chris de la Rocha Mike de la Torre Felipe dos Santos Rayanne dos Santos Tiago dos Santos e Silva Mike van Arsdale Hussar Age 30 Nationality 🇵🇱 Poland Weight class Middleweight Streak ✅ ❌ ❌ ❌ ✅ 🧵 Tale of the Tape ⭐ Global 🥊 Striking 🤼 Grappling Gerald Meerschaert Stat Michal Oleksiejczuk 185 Height (cm) 183 196 Reach (cm) 188 37 Wins 20 19 Losses 9 1 KO/TKO 7 11 Submissions 0 0 Fights of the night 1 5 Performance of the night 3 0 Belt fights 0 0 Main events 0 Global Score Comparison Gerald Meerschaert global score 69 Top 3 Strengths 1. Submission 99 2. Submissions attempted 87 3. Takedowns landed 66 Top 3 Weaknesses 1. Takedowns defense 22 2. Leg strikes landed 28 3. Total strikes attempted 33 Michal Oleksiejczuk global score 72 Top 3 Strengths 1. Ko tko 96 2. Body strikes landed 95 3. Knockdowns 94 Top 3 Weaknesses 1. Submissions attempted 1 2. Submission 1 3. Leg strikes landed 21 Strengths and Weaknesses Comparison Striking Ability Comparison Gerald Meerschaert Strikes Distribution Strikes per round Target part Accuracy Head Body Legs 11.19 73% 39% 2.62 17% 81% 1.46 10% 94% Michal Oleksiejczuk Strikes Distribution Strikes per round Target part Accuracy Head Body Legs 17.64 67% 43% 7.57 29% 83% 1.15 4% 88% Striking Comparison Grappling Ability Comparison Grappling Comparison,2025-01-01,https://mma-compass.com/matchup/6ac9bc2953c47345-0d65c432720accb9/
Gerald Meerschaert vs Michal Oleksiejczuk - Fight Card & Undercard,"16 Aug According to Sherdog, the fight card currently includes the following matchups: Fight card subject to change | Division | Fighter #1 | Fighter #2 | Notes | |---|---|---|---| | middleweight (185 lbs) | Dricus Du Plessis (23 - 2 - 0) | Khamzat Chimaev (14 - 0 - 0) | UFC | | featherweight (145 lbs) | Lerone Murphy (16 - 0 - 1) | Aaron Pico (13 - 4 - 0) | | | welterweight (170 lbs) | Geoff Neal (16 - 6 - 0) | Carlos Prates (21 - 7 - 0) | | | middleweight (185 lbs) | Jared Cannonier (18 - 8 - 0) | Michael Page (23 - 3 - 0) | | | flyweight (125 lbs) | Tim Elliott (20 - 13 - 1) | Kai Asakura (21 - 5 - 0) | | | lightweight (155 lbs) | Bobby Green (32 - 17 - 1) | Diego Ferreira (19 - 6 - 0) | | | middleweight (185 lbs) | Gerald Meerschaert (37 - 19 - 0) | Michal Oleksiejczuk (20 - 9 - 0) | | | middleweight (185 lbs) | Baysangur Susurkaev (9 - 0 - 0) | Eric Nolan (8 - 3 - 0) | | | strawweight (115 lbs) | Jessica Andrade (26 - 14 - 0) | Lupita Godinez (13 - 5 - 0) | | | lightweight (155 lbs) | Chase Hooper (16 - 3 - 1) | Alexander Hernandez (16 - 8 - 0) | | | lightweight (155 lbs) | Edson Barboza (24 - 12 - 0) | Drakkar Klose (15 - 3 - 1) | | | middleweight (185 lbs) | Bryan Battle (12 - 2 - 0) | Nursulton Ruziboev (36 - 9 - 2) | | | flyweight (125 lbs) | Karine Silva (18 - 5 - 0) | Dione Barbosa (8 - 3 - 0) | | | welterweight (170 lbs) | Rodrigo Sezinando (8 - 1 - 0) | Daniil Donchenko (11 - 2 - 0) | | | flyweight (125 lbs) | Alibi Idiris (10 - 0 - 0) | Joseph Morales (12 - 2 - 0) | The Tale of the Tape data is compiled from publicly available information on Sherdog | Gerald Meerschaert | Michal Oleksiejczuk | |---|---| | USA | Poland | | 37 - 19 - 0 (6 KOs) | 20 - 9 - 0 (15 KOs) | | middleweight (185 lbs / 83,9 kg) | middleweight (185 lbs / 83,9 kg) | | Age | | | Wins | | | Losses | | | Anthropometry | | The scheduled 3-round middleweight bout will take place on August 16, 2025. The full fight night schedule, including local start times for various countries, is listed below. Check the schedule to see when the event begins in your region. The fight night will start on Saturday, August 16 at 6:00 PM ET (New York time). The fight night will start on Saturday, August 16 at 3:00 PM PT (Los Angeles time). The fight night will start on Saturday, August 16 at 6:00 PM ET (Toronto time). The fight night will start on Saturday, August 16 at 11:00 PM BST (London time). The fight night will start on Sunday, August 17 at 12:00 AM SAST (Johannesburg time). The fight night will start on Sunday, August 17 at 6:00 AM PHT (Manila time). The fight night will start on Sunday, August 17 at 8:00 AM AEST (Sydney time). The fight night will start on Sunday, August 17 at 10:00 AM NZST (Wellington time). Note that the main event ring walk typically takes place about 1 to 1.5 hours after the main card begins. If you're mainly interested in the headline bout, there’s still some time — but it’s always worth watching the full card. You can stream the Meerschaert vs Oleksiejczuk fight via ESPN PPV. Disclaimer: Some links to streaming or pay-per-view on this page may be affiliate links. If you make a purchase through them, we may earn a commission — at no extra cost to you. The fight will be held at the United Center in Chicago, Illinois, USA. On August 16, UFC 319 heads to the United Center in Chicago with a middleweight matchup between veteran grappler Gerald “GM3” Meerschaert and Polish striker Michal “Hussar” Oleksiejczuk. Meerschaert returns to action following a decision loss to Brad Tavares in April. With nearly 60 professional fights, his reputation as a submission specialist remains intact. Known for his resilience and deep experience against top-tier opponents, Meerschaert continues to be a tough test for anyone trying to climb the middleweight ladder. Oleksiejczuk comes in off a first-round TKO over Sedriques Dumas, showcasing the punching power that has defined much of his career. With a high knockout rate and an aggressive forward style, he looks to impose pressure early and force mistakes from his opponents. Both fighters share a southpaw stance, but their strengths lie on opposite ends of the spectrum—Meerschaert on the ground, Oleksiejczuk on the feet. This creates a clear tactical battle: can Meerschaert weather the early storm and drag the fight into his world, or will Oleksiejczuk find the opening to end it before grappling becomes a factor? Positioned on a stacked UFC 319 card, this bout adds a classic striker-vs-grappler dynamic that could shift the momentum for either man's path in the division.",2025-08-16,https://boxing-schedule.com/mma/meerschaert-vs-oleksiejczuk/card/
"Gerald Meerschaert vs Michal Oleksiejczuk - How to Watch, Stream & TV Info","16 Aug You can stream the Gerald Meerschaert vs Michal Oleksiejczuk fight via: Disclaimer: Some links to streaming or pay-per-view on this page may be affiliate links. If you make a purchase through them, we may earn a commission — at no extra cost to you. TV channels and online platforms may vary by region, and we’ll update this section as new info becomes available. The scheduled 3-round middleweight bout will take place on August 16, 2025. The full fight night schedule, including local start times for various countries, is listed below. Check the schedule to see when the event begins in your region. The fight night will start on Saturday, August 16 at 6:00 PM ET (New York time). The fight night will start on Saturday, August 16 at 3:00 PM PT (Los Angeles time). The fight night will start on Saturday, August 16 at 6:00 PM ET (Toronto time). The fight night will start on Saturday, August 16 at 11:00 PM BST (London time). The fight night will start on Sunday, August 17 at 12:00 AM SAST (Johannesburg time). The fight night will start on Sunday, August 17 at 6:00 AM PHT (Manila time). The fight night will start on Sunday, August 17 at 8:00 AM AEST (Sydney time). The fight night will start on Sunday, August 17 at 10:00 AM NZST (Wellington time). Note that the main event ring walk typically takes place about 1 to 1.5 hours after the main card begins. If you're mainly interested in the headline bout, there’s still some time — but it’s always worth watching the full card. The fight will be held at the United Center in Chicago, Illinois, USA. The Tale of the Tape data is compiled from publicly available information on Sherdog | Gerald Meerschaert | Michal Oleksiejczuk | |---|---| | USA | Poland | | 37 - 19 - 0 (6 KOs) | 20 - 9 - 0 (15 KOs) | | middleweight (185 lbs / 83,9 kg) | middleweight (185 lbs / 83,9 kg) | | Age | | | Wins | | | Losses | | | Anthropometry | | Full Fight card for Gerald Meerschaert vs Michal Oleksiejczuk: Fight card subject to change | Division | Fighter #1 | Fighter #2 | Notes | |---|---|---|---| | middleweight (185 lbs) | Dricus Du Plessis (23 - 2 - 0) | Khamzat Chimaev (14 - 0 - 0) | UFC | | featherweight (145 lbs) | Lerone Murphy (16 - 0 - 1) | Aaron Pico (13 - 4 - 0) | | | welterweight (170 lbs) | Geoff Neal (16 - 6 - 0) | Carlos Prates (21 - 7 - 0) | | | middleweight (185 lbs) | Jared Cannonier (18 - 8 - 0) | Michael Page (23 - 3 - 0) | | | flyweight (125 lbs) | Tim Elliott (20 - 13 - 1) | Kai Asakura (21 - 5 - 0) | | | lightweight (155 lbs) | Bobby Green (32 - 17 - 1) | Diego Ferreira (19 - 6 - 0) | | | middleweight (185 lbs) | Gerald Meerschaert (37 - 19 - 0) | Michal Oleksiejczuk (20 - 9 - 0) | | | middleweight (185 lbs) | Baysangur Susurkaev (9 - 0 - 0) | Eric Nolan (8 - 3 - 0) | | | strawweight (115 lbs) | Jessica Andrade (26 - 14 - 0) | Lupita Godinez (13 - 5 - 0) | | | lightweight (155 lbs) | Chase Hooper (16 - 3 - 1) | Alexander Hernandez (16 - 8 - 0) | | | lightweight (155 lbs) | Edson Barboza (24 - 12 - 0) | Drakkar Klose (15 - 3 - 1) | | | middleweight (185 lbs) | Bryan Battle (12 - 2 - 0) | Nursulton Ruziboev (36 - 9 - 2) | | | flyweight (125 lbs) | Karine Silva (18 - 5 - 0) | Dione Barbosa (8 - 3 - 0) | | | welterweight (170 lbs) | Rodrigo Sezinando (8 - 1 - 0) | Daniil Donchenko (11 - 2 - 0) | | | flyweight (125 lbs) | Alibi Idiris (10 - 0 - 0) | Joseph Morales (12 - 2 - 0) | On August 16, UFC 319 heads to the United Center in Chicago with a middleweight matchup between veteran grappler Gerald “GM3” Meerschaert and Polish striker Michal “Hussar” Oleksiejczuk. Meerschaert returns to action following a decision loss to Brad Tavares in April. With nearly 60 professional fights, his reputation as a submission specialist remains intact. Known for his resilience and deep experience against top-tier opponents, Meerschaert continues to be a tough test for anyone trying to climb the middleweight ladder. Oleksiejczuk comes in off a first-round TKO over Sedriques Dumas, showcasing the punching power that has defined much of his career. With a high knockout rate and an aggressive forward style, he looks to impose pressure early and force mistakes from his opponents. Both fighters share a southpaw stance, but their strengths lie on opposite ends of the spectrum—Meerschaert on the ground, Oleksiejczuk on the feet. This creates a clear tactical battle: can Meerschaert weather the early storm and drag the fight into his world, or will Oleksiejczuk find the opening to end it before grappling becomes a factor? Positioned on a stacked UFC 319 card, this bout adds a classic striker-vs-grappler dynamic that could shift the momentum for either man's path in the division.",2025-08-16,https://boxing-schedule.com/mma/meerschaert-vs-oleksiejczuk/stream/
Gerald,"'; NEWS ▼ FEATURES ▼ FIGHT FINDER ▼ PODCASTS ▼ VIDEOS RANKINGS ▼ FORUM ▼ BOXING MORE ▼ FIGHT ODDS PFL WORLD TOURNAMENT UFC NEWS PFL NEWS WOMEN'S MMA NEWS PREVIEWS OPINION INTERVIEWS UFC EVENTS PFL EVENTS FULL CALENDAR FIGHT FINDER GUIDE SHILLAN & DUFFY PODCAST THE SHEEHAN SHOW AFTER THE BELL CHECK THE KICK DIVISIONAL RANKINGS POUND-FOR-POUND RANKINGS WOMEN'S POUND-FOR-POUND RANKINGS UFC DISCUSSION WORLDWIDE MMA DISCUSSION OFF TOPIC DISCUSSION PHOTOSHOPS PICTURES HOW TO WATCH CONTACT + NEWS UFC NEWS PFL NEWS WOMEN'S MMA NEWS + FEATURES PREVIEWS OPINION INTERVIEWS + FIGHT FINDER UFC EVENTS PFL EVENTS FULL CALENDAR FIGHT FINDER GUIDE + PODCASTS SHILLAN & DUFFY PODCAST THE SHEEHAN SHOW AFTER THE BELL CHECK THE KICK VIDEOS + RANKINGS DIVISIONAL RANKINGS POUND-FOR-POUND RANKINGS WOMEN'S POUND-FOR-POUND RANKINGS + FORUM UFC DISCUSSION WORLDWIDE MMA DISCUSSION OFF TOPIC DISCUSSION PHOTOSHOPS BOXING + MORE PICTURES HOW TO WATCH CONTACT FIGHT ODDS PFL WORLD TOURNAMENT MORE FROM OUR CHANNELS United States Racine, Wisconsin Gerald Meerschaert "" GM3 "" AGE 37 / Dec 18, 1987 HEIGHT 6'1"" / 185.42 cm WEIGHT 185 lbs / 83.91 kg ASSOCIATION Kill Cliff FC CLASS Middleweight Wins 37 KO / TKO 6 16% SUBMISSIONS 29 78% DECISIONS 2 5% Losses 19 KO / TKO 4 21% SUBMISSIONS 9 47% DECISIONS 6 32% Upcoming Fights UFC 319 August 16, 2025 United Center , Chicago, Illinois, United States Gerald Meerschaert 37-19-0 (WIN-LOSS-DRAW) Michal Oleksiejczuk 20-9-0 (WIN-LOSS-DRAW) See entire fight card FIGHT HISTORY - PRO Result Fighter Event Method/ Referee R Time loss Brad Tavares UFC on ESPN 65 - Emmett vs. Murphy Apr / 05 / 2025 Decision (Unanimous) Mike Beltran VIEW PLAY-BY-PLAY 3 5:00 loss Reinier de Ridder UFC Fight Night 247 - Magny vs. Prates Nov / 09 / 2024 Submission (Arm-Triangle Choke) Mike Beltran VIEW PLAY-BY-PLAY 3 1:44 win Edmen Shahbazyan UFC on ESPN 62 - Cannonier vs. Borralho Aug / 24 / 2024 Submission (Arm-Triangle Choke) Mark Smith VIEW PLAY-BY-PLAY 2 4:12 win Bryan Barberena UFC Fight Night 239 - Tuivasa vs. Tybura Mar / 16 / 2024 Technical Submission (Face Crank) Herb Dean VIEW PLAY-BY-PLAY 2 4:23 loss Andre Petroski UFC 292 - Sterling vs. O'Malley Aug / 19 / 2023 Decision (Split) Herb Dean VIEW PLAY-BY-PLAY 3 5:00 loss Joe Pyfer UFC 287 - Pereira vs. Adesanya 2 Apr / 08 / 2023 TKO (Punches) Marc Goddard VIEW PLAY-BY-PLAY 1 3:15 win Bruno Silva UFC on ESPN 41 - Vera vs. Cruz Aug / 13 / 2022 Submission (Guillotine Choke) Mike Beltran VIEW PLAY-BY-PLAY 3 1:39 loss Krzysztof Jotko UFC on ESPN 35 - Font vs. Vera Apr / 30 / 2022 Decision (Unanimous) Herb Dean VIEW PLAY-BY-PLAY 3 5:00 win Dustin Stoltzfus UFC Fight Night 199 - Lewis vs. Daukaus Dec / 18 / 2021 Submission (Rear-Naked Choke) Mark Smith VIEW PLAY-BY-PLAY 3 2:58 win Makhmud Muradov UFC on ESPN 30 - Barboza vs. Chikadze Aug / 28 / 2021 Submission (Rear-Naked Choke) Mark Smith VIEW PLAY-BY-PLAY 2 1:49 win Bartosz Fabinski UFC on ESPN 22 - Whittaker vs. Gastelum Apr / 17 / 2021 Technical Submission (Guillotine Choke) Herb Dean VIEW PLAY-BY-PLAY 1 2:00 loss Khamzat Chimaev UFC Fight Night 178 - Covington vs. Woodley Sep / 19 / 2020 KO (Punch) Mark Smith VIEW PLAY-BY-PLAY 1 0:17 loss Ian Heinisch UFC 250 - Nunes vs. Spencer Jun / 06 / 2020 TKO (Punches) Chris Tognoni VIEW PLAY-BY-PLAY 1 1:14 win Deron Winn UFC 248 - Adesanya vs. Romero Mar / 07 / 2020 Submission (Rear-Naked Choke) Keith Peterson VIEW PLAY-BY-PLAY 3 2:13 loss Eryk Anders UFC Fight Night 161 - Jedrzejczyk vs. Waterson Oct / 12 / 2019 Decision (Split) Kevin MacDonald VIEW PLAY-BY-PLAY 3 5:00 win Trevin Giles UFC on ESPN 5 - Covington vs. Lawler Aug / 03 / 2019 Technical Submission (Guillotine Choke) Herb Dean VIEW PLAY-BY-PLAY 3 1:49 loss Kevin Holland UFC on ESPN 2 - Barboza vs. Gaethje Mar / 30 / 2019 Decision (Split) Dan Miragliotta VIEW PLAY-BY-PLAY 3 5:00 loss Jack Hermansson UFC on Fox 31 - Iaquinta vs. Lee 2 Dec / 15 / 2018 Submission (Guillotine Choke) Rob Madrigal VIEW PLAY-BY-PLAY 1 4:25 win Oskar Piechota UFC - The Ultimate Fighter 27 Finale Jul / 06 / 2018 Technical Submission (Rear-Naked Choke) Chris Tognoni VIEW PLAY-BY-PLAY 2 4:55 win Eric Spicely UFC - The Ultimate Fighter 26 Finale Dec / 01 / 2017 KO (Body Kick) Herb Dean VIEW PLAY-BY-PLAY 2 2:18 loss Thiago Santos UFC 213 - Romero vs. Whittaker Jul / 08 / 2017 TKO (Punches) Marc Goddard VIEW PLAY-BY-PLAY 2 2:04 win Ryan Janes UFC Fight Night 105 - Lewis vs. Browne Feb / 19 / 2017 Submission (Armbar) Keith Peterson VIEW PLAY-BY-PLAY 1 1:34 win Joe Gigliotti UFC Fight Night 102 - Lewis vs. Abdurakhimov Dec / 09 / 2016 Submission (Anaconda Choke) Todd Anderson VIEW PLAY-BY-PLAY 1 4:12 win Chase Waldon RFA 45 - Meerschaert vs. Waldon Oct / 28 / 2016 Submission (Arm-Triangle Choke) Joe Fipp 1 1:44 win Sidney Wheeler Valor Fights 36 - Wheeler vs. Meerschaert Aug / 13 / 2016 Submission (Kimura) 1 1:22 win Lucas Rota Titan FC 34 - Healy vs. Edwards Jul / 18 / 2015 TKO (Doctor Stoppage) Mike England 3 0:50 win Keith Smetana 4BC - Capital City Punishment Jun / 27 / 2015 TKO (Punches) Jade Pergande 1 1:51 win Matt Lagou KOTC - Magnum Force Sep / 27 / 2014 Submission (Arm-Triangle Choke) 1 1:26 loss Sam Alvey NAFC - Mega Brawl May / 31 / 2014 Decision (Unanimous) Al Wichgers 3 5:00 win Eddie Larrea NAFC - Super Brawl 2 Jan / 31 / 2014 Submission (Arm-Triangle Choke) Al Wichgers 2 1:05 win Nathan Gunn CFC - Canadian Fighting Championship 8 Sep / 13 / 2013 Submission (Guillotine Choke) 2 2:00 win George Lockhart NFC 58 - Wild Bill's Fight Night 58 Jul / 19 / 2013 Decision (Unanimous) 3 5:00 win Jay Ellis KOTC - Certified Apr / 20 / 2013 TKO (Punches) 1 1:03 loss Anthony Lapsley Rocktagon MMA - Elite Series 23 Jan / 19 / 2013 Submission (Rear-Naked Choke) 1 1:51 loss Sergej Juskevic SFS 6 - Score Fighting Series 6 Oct / 19 / 2012 Submission (Kneebar) Graham Bettes 1 4:32 win Eddie Larrea RWC - Rogue Warrior Championships 3 Sep / 06 / 2012 Submission (Rear-Naked Choke) 1 3:35 loss Herbert Goodman Combat USA - Wisconsin State Finals Apr / 22 / 2011 Submission (Rear-Naked Choke) 1 1:28 win Dallas O'Malley Combat USA - 24 Jan / 06 / 2011 Submission (Guillotine Choke) 2 0:38 win Sam Alvey Combat USA - Championship Tournament Finals Sep / 11 / 2010 Submission (Guillotine Choke) Jeff Nass 5 4:08 win Ron Faircloth Madtown Throwdown - Worlds Collide Jul / 10 / 2010 Submission (Rear-Naked Choke) 2 3:34 win Jim Klimczyk Combat USA - 19 Apr / 17 / 2010 TKO (Punches) 1 2:56 win Eddie Larrea ECO - Extreme Cagefighting Organization 4 Mar / 20 / 2010 Submission (Arm-Triangle Choke) 2 0:52 win Morrison Lamb Racine Fight Night 5 - Thanksgiving Thrash Nov / 28 / 2009 Submission (Guillotine Choke) 1 1:02 win Jacob Kuester GCF - Fair Warning Aug / 15 / 2009 Submission (Neck Crank) 1 1:14 loss Kenny Robertson MT 19 - Madtown Throwdown 19 May / 02 / 2009 Submission (Kneebar) 1 3:15 loss Curtis Bailey MT 17 - Madtown Throwdown 17 Oct / 10 / 2008 Submission (Guillotine Choke) 1 1:19 win Mike Vaughn MT 16 - Madtown Throwdown 16 Jul / 25 / 2008 Submission (Rear-Naked Choke) 2 0:00 win Ryan Scheeper FCC 35 - Freestyle Combat Challenge 35 May / 03 / 2008 Submission (Armbar) 1 0:40 win Alex Carter FCC 34 - Freestyle Combat Challenge 34 Mar / 29 / 2008 Submission (Triangle Choke) 2 N/A win Caleb Krull FCC 33 - Freestyle Combat Challenge 33 Feb / 23 / 2008 Decision (Unanimous) 3 3:00 win Kenneth Allen FCC 32 - Freestyle Combat Challenge 32 Jan / 12 / 2008 Submission (Triangle Choke) 1 N/A loss Daisuke Hanazawa FCC 29 - Freestyle Combat Challenge 29 Aug / 11 / 2007 Submission (Kimura) 1 0:00 win Will Pace FCC 28 - Freestyle Combat Challenge 28 May / 19 / 2007 Submission (Rear-Naked Choke) 1 0:00 win Shane Kruchten FCC 27 - Freestyle Combat Challenge 27 May / 12 / 2007 TKO (Punches) John Geraghty 2 0:00 loss Jay Ellis FCC 26 - Freestyle Combat Challenge 26 Mar / 10 / 2007 Technical Submission (Guillotine Choke) 1 N/A win Fernando Gomez FCC 25 - Freestyle Combat Challenge 25 Jan / 13 / 2007 Submission (Rear-Naked Choke) 2 5:00 Related Videos ◄ ► PICTURES GERALD MEERSCHAERT RELATED NEWS UFC 319 ‘Du Plessis vs. Chimaev’ Play-by-Play, Results & Round Scoring Sherdog's live UFC 319 coverage will begin Saturday at 6:30 p.m. ET. UFC Jay Pettry Aug 16, 2025 UPDATED UFC 319 Weigh-in Results: Title Fight Set; 1 Fight Axed The Ultimate Fighting Championship returns to Chicago with a middleweight title fight, which is now official following the UFC 319 weigh-ins. UFC Tyler Treese Aug 15, 2025 Prime Picks: UFC 319 ‘Du Plessis vs. Chimaev’ Sherdog’s resident Nostradamus peers into his crystal ball and points the way to two underdogs, as the Ultimate Fighting Championship returns... Fight Odds Jay Pettry Aug 15, 2025 Preview: UFC 319 ‘Du Plessis vs. Chimaev’ The undisputed Ultimate Fighting Championship middleweight title will be on the line when Dricus Du Plessis defends the 185-pound belt against... Fight Odds Tom Feely Aug 14, 2025 Preview: UFC 319 Prelims The Ultimate Fighting Championship ’s long-awaited return to Chicago on Saturday comes with an extensive undercard attached. UFC Tom Feely Aug 13, 2025 View More Subscribe to our Newsletter * indicates required Email Address * Latest News ALL UFC PFL UFC 319 ‘Du Plessis vs. Chimaev’ Play-by-Play, Results & Round Scoring Patricio 'Pitbull' Gets Top Prospect for Third UFC Appearance Nassourdine Imavov Mocks UFC 319 Main-Event Backup: 'Where Is Caio?' Jamahal Hill Responds to Boos at UFC 319 Q&A Khamzat Chimaev Hypes Teammate Baysangur Susurkaev Ahead of UFC 319 Professional Fighters League Crowns Three More 2025 Champions PFL 2025 World Tournament 9: Finals Play-by-Play, Results & Round Scoring PFL Reveals Main Card of Oct. 3 Road to Dubai Event, Adds Pettis-Magomedov UFC 319 ‘Du Plessis vs. Chimaev’ Play-by-Play, Results & Round Scoring Patricio 'Pitbull' Gets Top Prospect for Third UFC Appearance Nassourdine Imavov Mocks UFC 319 Main-Event Backup: 'Where Is Caio?' Jamahal Hill Responds to Boos at UFC 319 Q&A Khamzat Chimaev Hypes Teammate Baysangur Susurkaev Ahead of UFC 319 UPDATED UFC 319 Weigh-in Results: Title Fight Set; 1 Fight Axed UFC Signs Former Oktagon MMA Two-Division Champion UFC Heavyweight Alvin Hines Suspended 1 Year for Multiple Substances Professional Fighters League Crowns Three More 2025 Champions PFL 2025 World Tournament 9: Finals Play-by-Play, Results & Round Scoring PFL Reveals Main Card of Oct. 3 Road to Dubai Event, Adds Pettis-Magomedov Jena Bishop: Unique Tool Bag ‘Sets Me Apart’ Ahead of PFL Final PFL Sets ‘Lazy King’ Abdouraguimov as Headliner of PFL Nantes on Sept. 26 Marcirley Alves a Most Unlikely Professional Fighters League Finalist Two Title Fights Top PFL Champions Series Card in Dubai on Oct. 3 Jaw-Dropping Finishes Highlight Professional Fighters League’s Return to Africa EVENTS / FIGHTS UFC PFL MORE Aug 16 2025 UFC 319 Du Plessis vs. Chimaev Aug 22 2025 UFC Road to UFC Season 4: Shanghai Semifinals 1 Aug 22 2025 UFC Road to UFC Season 4: Shanghai Semifinals 2 Aug 23 2025 UFC Fight Night 257 Walker vs. Zhang Sep 06 2025 UFC Fight Night 258 Imavov vs. Borralho Aug 15 2025 Professional Fighters League 2025 PFL World Tournament 9: Finals Aug 21 2025 Professional Fighters League 2025 PFL World Tournament 10: Finals Sep 26 2025 Professional Fighters League PFL Europe 3: 2025 Playoffs Sep 27 2025 Professional Fighters League PFL MENA 3: 2025 Semifinals Oct 03 2025 Professional Fighters League PFL Road to Dubai Champions Series 3: Nurmagomedov vs. Hughes 2 + MORE UFC FIGHTS + MORE PFL FIGHTS POLL Who should get the next crack at Ilia Topuria? Arman Tsarukyan Paddy Pimblett Other Arman Tsarukyan 62% Paddy Pimblett 28% Other 11% TOTAL: 1,168 VOTES {firstname} { ""nickname"" }{lastname} {firstname} { ""nickname"" }{lastname} {name} - {title} FIGHT FINDER FIGHTER OF THE WEEK Justin Wetzell TOP TRENDING FIGHTERS Khamzat Chimaev Alfie Davis Dricus Du Plessis Dwight Joseph MORE FIGHTERS... Aaron Pico | Gadzhi Rabadanov | Lerone Murphy | Jena Bishop | Michael Page | Renat Khavalov | Khabib Nurmagomedov + FIND MORE",2025-08-16,https://www.sherdog.com/fighter/Gerald-Meerschaert-21501
Gerald Meerschaert vs. Michal Oleksiejczuk joins UFC 319 lineup in Chicago,"Gerald Meerschaert vs. Michal Oleksiejczuk joins UFC 319 lineup in Chicago Styles will clash when two middleweight finishers square off at UFC 319. Gerald Meerschaert takes on Michal Oleksiejczuk Aug. 16 at the United Center in Chicago. Two people with knowledge of the matchup recently informed MMA Junkie of the booking but asked to remain anonymous as the promotion has yet to make an official announcement. Meerschaert (37-19 MMA, 12-11 UFC), a submission specialist, has split his past four appearances. After back-to-back submission finishes over Bryan Barberena and Edmen Shahbazyan, the 37-year-old was finished by top contender Reinier de Ridder, then dropped a decision to veteran Brad Tavares in April. Oleksiejczuk (20-9 MMA, 8-7 UFC) snapped a three-fight losing skid with a first-round TKO of Sedriques Dumas at UFC 314 in April. The Polish fighter has finished 16 of his 20 professional wins, with 15 of them coming by knockout. The current UFC 319 lineup includes: - Dricus Du Plessis vs. Khamzat Chimaev – for middleweight title - Tim Elliott vs. Kai Asakura - JJ Aldrich vs. Karine Silva - Alexander Hernandez vs. Chase Hooper - Jessica Andrade vs. Loopy Godinez - Bryan Battle vs. Nursulton Ruziboev",2025-06-12,https://mmajunkie.usatoday.com/story/sports/ufc/2025/06/12/ufc-319-adds-gerald-meerschaert-vs-michal-oleksiejczuk-to-lineup/84163936007/
UFC 319’s Must-See Undercard Fights Saturday Night From United Center,"UFC 319 fight week is here. Saturday night, one week removed from the promotion’s second straight card inside the UFC Apex, Dana White and company head back on the road to stay for a long while. Saturday’s card also marks the UFC’s first card since Monday morning’s shocking reveal that the promotion would be moving away from ESPN and ESPN+ to Paramount+ and CBS in a $7.7 billion (USD) deal over the course of the next seven years, beginning in 2026. UFC 319, along with all other UFC events, will continue to be aired and streamed on the Disney-owned platforms through the end of the promotion’s 2025 schedule in December. As far as this week’s event is concerned. United Center in Chicago is the site for Saturday’s card. Live coverage of UFC 319 begins with the early prelims, including the finals of this season of The Ultimate Fighter television series, at 6 pm ET/ 3 pm PT. Inside the United States, along with streaming on the aforementioned ESPN+, this portion of the show is accessible through UFC Fight Pass. Late prelims follow at 8 pm ET/ 5 pm PT on ESPN and ESPN+, before the evening is capped off by the main card at 10 pm ET/ 7 pm PT on pay-per-view. If there are no adjustments to the bout order at UFC 319, you’ll be treated to 14 fights Saturday night. At the top of the bill for the undercard on Saturday night, the lightweights take to the fabled Octagon when Bobby (King) Green (37-12-1, 1 NC MMA, 13-12-1, 1 NC UFC) takes on Diego Ferreira (19-6 MMA, 10-6 UFC.) All fights mentioned herein are an advertised maximum of three rounds at five minutes per round. Green enters UFC 319 with a 2-3 record in his last five contests. At the moment, he’s dropped two fights in succession. On March 8, he sustained a first-round knockout loss to Mauricio Ruffy (12-1 MMA, 3-0 UFC,) a 2023 graduate of Dana White’s Contender Series. Green mentioned that he had no intentions of retiring from the UFC after his defeat late last winter. If he loses here in UFC 319, which serves as his 62nd career appearance, he may have some thinking to do about his future as a fighter. Across the way, Diego Ferreira is sporting a mark of 2-3 in his own right over the past five bouts. Much like his opponent, Ferreira is also reeling from a defeat in his latest contest. Back on Jan. 18 in southern California, he saw his two-fight winning streak end at the hands of Grant Dawson (23-2-1 MMA, 11-1-1 UFC) by way of unanimous decision. This is Ferreira’s 26th career walk to an MMA cage as a professional competitor, compared to the 62nd walk to the cage awaiting King Green on Saturday night in the Windy City. Will he triumph over a seasoned veteran this weekend? Immediately beforehand, the co-featured undercard bout in UFC 319 happens in the middleweight division when Gerald Meerschaert (37-19 MMA, 12-11 UFC) meets Michal Oleksiejczuk (20-9, 1 NC MMA, 8-7, 1 NC UFC.) Meerschaert touches down in Illinois with a 2-3 record in his five most recent bouts. He’s been a streaky fighter of late, as well. Meerschaert has lost two bouts in a row after getting his hand raised in two straight fights. This past April, he dropped his second straight appearance (unanimous decision) to Brad Tavares (21-10 MMA, 16-10 UFC.) Meerschaert has logged 56 career fights as a professional in MMA up to now. Much like King Green in the featured prelim, Meerschaert doesn’t see retirement happening any time soon. How will appearance number 57 play out on Saturday? Meanwhile, Michal Oleksiejczuk owns a 2-3 mark over his past five contests. Last time out, he returned to the win column after dropping three consecutive fights with a first-round knockout victory over Sediriques Dumas (10-3 MMA, 3-3 UFC) on April 12 in Miami. Oleksiejczuk will be making his second appearance in the Octagon in 2025 after having fought three times last year. Only time will tell if he’s able to make it 2-for-2 this year. Also on the UFC 319 prelims, you’ll see a strawweight contest where it’ll be moving day in the division. No. 5 contender and former UFC Strawweight Champion Jessica Andrade (26-14 MMA, 17-12 UFC) will make her 30th appearance under the promotional banner when she locks horns with No. 11 contender Loopy Godinez (13-5 MMA, 8-5 UFC.) Andrade heads to the Windy City on a 2-3 clip over her five latest fights. She’s sustained two straight defeats going into Saturday night. Three months ago, she was on the wrong end of a first-round submission by way of rear-naked choke from Jasmine Jasudavicius (14-3 MMA, 8-2 UFC) in UFC 315 from Montreal. For her efforts, Jasudavicius pocketed a $50,000 cash advance with the Performance of the Night Award during the post-fight press conference. Ahead of UFC 319, Andrade mentioned that she’ll retire from active competition once she hits the 40-fight mark in the promotion. Her 30th UFC fight is a crucial one. A win here could make her as little as one win away from another shot at the UFC Strawweight Championship, having previously held the title in 2019. In the other corner, Loopy Godinez is sporting a 3-2 mark in her past five showdowns. Last time out, she scored a unanimous decision victory on March 29 in Mexico City after 15 minutes of action versus Julia Polastri (13-5 MMA, 1-2 UFC.) The stakes are high for Godinez here, as well. Aside from moving into the top-10 at 115 as soon as Monday with another notch in the win column this weekend, she could also find herself within striking distance of being in the title picture if she gets her hand raised. Which fights are you looking forward to on the UFC 319 prelims? More must-reads: Get the latest news and rumors, customized to your favorite sports and teams. Emailed daily. Always free!",2025-08-13,https://www.yardbarker.com/mma/articles/ufc_319s_must_see_undercard_fights_saturday_night_from_united_center/s1_17211_42583896
"UFC 319 Du Plessis vs. Chimaev: Best Bets, Odds and Predictions","UFC 319 Predictions Du Plessis vs. Chimaev: VSiN analyst Britton Hess offers his UFC 319 best bets and puts pen to paper (well, fingers to keyboard) to hammer out his thoughts and UFC predictions for every fight on the docket. BEST BETS HISTORY Last Week: 1-4, -3 Units (-60% ROI) Since 2020: 734-712 (+182.06 Units, 10.44% ROI) PICK’EM HISTORY Last Week: 8-4 (66.667%) Article History: 457-292-1 (61.01%) *All Odds via DraftKings unless otherwise noted Dricus Du Plessis (+215) vs. Khamzat Chimaev (-265) Over 2.5 Rounds (-110) | Under 2.5 Rounds (-120) Middleweight Championship Early in his UFC career, I had extremely low expectations for Dricus Du Plessis. He was awkward in his stand-up, he was stiff when defending takedowns, and his cardio was a question. Now I have more faith in him than anyone else in the division. Every time he enters the cage, fans know exactly what they are going to get. His toughness stands out in a sport filled with the toughest athletes. His cardio was once a question, but now it’s an answer. He went five rounds with Sean Strickland twice and won both fights. He peaked in the fourth round versus Israel Adesanya, winning via rear-naked choke. He has four UFC knockout victories, including wins against Robert Whittaker and Derek Brunson. He lands significant strikes at a high rate of 6.12 per minute. Defensively, he avoids 54% of his opponent’s significant strike attempts, but he does get hit 4.9 times per minute, which is a bit higher than you’d expect from a champion. But his well-rounded game is one of his best assets. He takes down opponents 2.55 per 15 minutes in the cage and averages 0.7 sub attempts in the same time frame. I thought Dricus Du Plessis would be just another guy when he entered the organization. At this point, I consider him one of the greatest we have seen in the division. Khamzat Chimaev has been one of the highest valued prospects in the division since he debuted in July 2020. He wasted no time acquainting himself with UFC fans. After his debut knockout, he fought again 10 days later and again won via first-round knockout. He then fought again two months later and won via first-round submission. He is 14-0 as a pro, 8-0 in the UFC and has an 86% career finish rate. Most recently, he fought former middleweight champion Robert Whittaker in October of last year. He won via a jaw-busting face crank submission in the first round. His entire UFC career has been completely different than that of Dricus Du Plessis. Since he first entered the cage, his eventual title shot seemed like an inevitability. He lands 5.36 significant strikes per minute with a 58% accuracy rate. He absorbs just 3.25 significant strikes per minute. However, his significant strike defense rate is a dangerously low 41%. His takedown defense rate is 100% and he lands 4.31 per 15 minutes in the cage. But his takedown accuracy is just 46% which speaks to how dedicated he is to an all-out grappling strategy. Khamzat Chimaev has generally performed well, but there have been some fights that have revealed vulnerabilities in his game. In April of 2022, he fought Gilbert Burns down at welterweight. Chimaev was unable to get the veteran out in the first round and slowed down considerably in the second, losing that on all three of the judges’ scorecards. The third round was close, and Gilbert Burns actually landed one more significant strike. But the results were 29-28 Chimaev across the board. In December of 2023, he fought Kamaru Usman, who took the fight on short notice and came up to middleweight to do it. Chimaev was aggressive early, per usual, and was even awarded a 10-8 round on one scorecard. But once again, the veteran was able to find his balance and win a round on each of the judges’ cards. It is no stretch to say that if that fight had gone five rounds, Chimaev would have probably faced his first loss. This is a five-round fight, and Dricus Du Plessis is no stranger to turning the tide of a fight in the championship rounds. Dricus Du Plessis is 9-0 in the UFC and 23-2 as a pro. His first fight with Sean Strickland was probably the closest of his UFC career. He struggled defensively but made up for Strickland’s volume by landing the harder shots. It is tough to play that game with someone as explosive as Chimaev. Additionally, his two losses were via KO, albeit several years ago, when Du Plessis was a young and raw fighter facing MMA veterans. Additionally, he was on some shaky footing versus Darren Till before forcing the fight to the ground, where he found the submission. But he has fought wrestlers. Derek Brunson was at one point one of the most dominant in the division, and Du Plessis’ brute strength wore him out. Chimaev wearing the strap has felt like an inevitability since his first UFC fight. Du Plessis being the champion felt like it would never happen. Chimaev has been a favorite of -230 or more in each of his UFC fights. Du Plessis has been an underdog in two of his last four fights. Chimaev is explosive and flashy. Du Plessis has a god-given strength that surprises his opponents. Chimaev weighed in at 183 pounds, Du Plessis was at the 185-pound limit. Chimaev is one inch taller, but Du Plessis has a one-inch reach advantage. If you want to bet on Chimaev, you need to bet on him to win in the first two rounds because if it goes longer, he will be tested like he has never been tested before. I do not want to bet on Chimaev. I do not think he should be this big of a favorite versus the 185 fire hydrant that is Dricus Du Plessis. I like Du Plessis to win because he will be strong in the third, fourth, and fifth round. I don’t think Chimaev will end the fight early, but I do think he could look good early, which could yield an even better live bet price on DDP. FIGHT WINNER: Dricus Du Plessis UFC 319 BEST BET: Dricus Du Plessis (+215) vs Chimaev, Risk 1 Unit to Win 2.15 – Lerone Murphy (+150) vs. Aaron Pico (-180) Over 2.5 Rounds (-215) | Under 2.5 Rounds (+165) Featherweight Lerone Murphy has been stacking wins against progressively tougher opponents since his UFC debut. His last three fights have been career-defining decisions over veterans Edson Barboza, Dan Ige, and Josh Emmett. He outlanded all three of those opponents. Versus Emmett and Barboza, he landed over twice as many strikes as he absorbed. He is an accurate striker at 54%, but more importantly, his defense rate is 61%. He has used takedowns versus opponents who struggle with grappling, but that is probably not going to be the best path versus Pico. Aaron Pico was a wrestling prodigy who decided to skip out on pursuing Olympic Gold to go pro in mixed martial arts. With great fanfare, he signed with Bellator and lost his debut via Guillotine in 24 seconds. He proceeded to lose three more fights in the organization as a big favorite and now boasts a 12-4 professional record. He has never fought outside of the confines of an event that had Bellator in the title. The UFC seems happy to have Pico in the fold, but I am not sure he is ready to rise to this moment. He is explosive and has a career’s worth of highlights at just 28 years old. But he will be the shorter fighter in the cage and give up 2.5 inches in reach. I think Lerone Murphy will get taken down, but I don’t think he will stay down, and I think his striking will truly shine. FIGHT WINNER: Lerone Murphy UFC 319 BEST BET: Lerone Murphy (+150) vs Pico. Risk 1 Unit to WIn 1.5 – Geoff Neal (+180) vs. Carlos Prates (-218) Over 2.5 Rounds (-115) | Under 2.5 Rounds (-115) Welterweight Geoff Neal has been a welterweight stalwart for nearly a decade. He has fought the best in the division and has lived up to his “Handz of Steel” moniker more often than not. He is 8-4 in the organization with five wins via knockout. He defeated Rafael dos Anjos last October after two tough fights against Shavkat Rakhmonov and Ian Machado Garry. He lands 5.05 significant strikes per minute, but his differential is actually -0.39. He rarely uses grappling and prefers to fight standing. Carlos Prates is a kickboxer who has quickly become one of the most popular fighters in the UFC. He won his first four fights via spectacular knockout. However, he lost his last fight against Ian Machado Garry. Garry was able to land takedowns and use footwork to avoid Prates’s devastating power. Despite being a pure striker, he has a -1.19 significant strike differential. He doesn’t fight with much pace, but instead tries to make his strikes count—a strategy that worked versus lower-level competition, but is a bit risky versus Geoff Neal. Neal is just 1-2 in his last three fights, but I still think he his progressing. He looked very good versus Shavkat Rakhmonov before getting submitted late. Additionally, his split decision loss to Ian Garry was much closer than Prates’s bout. I think Prates will use his reach to try to pick Neal apart outside. Neal has never been knocked out in the UFC and has a solid chin. He is not afraid to close distance and turn a technical kickboxing match into dirty boxing. I am not sure how high Carlos Prates can rise in the organization. His ceiling may be knocking out fighters outside of the top 15. That being said, he could have learned from his humbling defeat to Garry, and perhaps he will push the pace more. I am really torn on this fight, and I think Geoff Neal’s experience could be the difference. FIGHT WINNER: Geoff Neal UFC 319 BEST BET: Pass – Jared Cannonier (+180) vs. Michael “Venom” Page (-218) Over 2.5 Rounds (-260) | Under 2.5 Rounds (+195) Middleweight Jared Cannonier just keeps showing up. He is 11-8 in the UFC but has fought the very best in the division. He has fought for a title and also fought the next generation of contenders in Caio Borralho and Nassourdine Imavov. He is 41 years old, but as I have said before, a 41-year-old Jared Cannonier is tougher, stronger, and more athletic than most fighters 10 years his junior. He still can eat a punch and land one much harder, as evidenced by his come-from-behind victory versus Gregory Rodrigues in February. Michael Page was 17-2 in Bellator before making the leap to the UFC. He is 2-1 in the organization after losing a decision to Ian Garry down at welterweight. Garry was able to use takedowns to win the fight and neutralize Page’s explosive karate style strikes. That being said, Page rebounded to upset the surging Shara Magomedov. No one can stand and trade with Page, and his takedown defense will be the most important aspect of this fight. FIGHT WINNER: Michael Page UFC 319 BEST BET: Parlay Piece, See Below – Tim Elliott (+240) vs. Kai Asakura (-298) Over 2.5 Rounds (-130) | Under 2.5 Rounds (+100) Flyweight Tim Elliott has been exciting UFC fans since he debuted on The Ultimate Fighter in 2016. He has fought the best in the division and, as such, has more losses than victories. His tricky grappling style makes him a tough test for virtually any opponent. He finds submissions that are unique to himself. He gets taken down, but once the fight is on the mat, he is most comfortable. His striking is a real liability. Kai Asakura has fought once in the UFC, a loss to Alexandre Pantoja, a rare debut/title fight combo. He has some nice wins versus fighters who have fought in top organizations in Juan Archuleta and Kyoji Horiguchi. He also lost a fight to Manel Kape in 2019. I am still not sure about Horiguchi’s abilities in this division. Alexandre Pantoja is tough to measure against. I understand that he is more explosive than Elliott and will have a massive striking advantage, but I cannot trust him with my money yet. FIGHT WINNER: Kai Asakura UFC 319 BEST BET: Pass – Baisangur Susurkaev (-950) vs. Eric Nolan (+625) Over 1.5 Rounds (+150) | Under 1.5 Rounds (-195) Middleweight Baisangur Susurkaev is making history just by walking to the cage for this fight. On Tuesday, he fought in the Contender Series in Las Vegas. He won via knockout in the first round. Hopped on a plane and is now taking a fight in Chicago. He is 9-0 with eight wins via knockout. He is an exciting fighter who will immediately go into the annals of UFC history if he delivers as a massive favorite. Prior to the UFC, he fought in Europe, but his strength of schedule is less than sterling. But the UFC is taking a risk with him for a reason. Eric Nolan is 8-3 as a pro and last fought in May. He won the Cage Fury welterweight championship via first-round knockout. He has a 75% finish rate and is joining the UFC 319 card to put on a show. He has four career wins via knockout and two via submission, indicating that he may have an advantage if the fight reaches the ground. His opponent is from Russia, which generally means they have some grappling acumen. FIGHT WINNER: Baisangur Susurkaev UFC 319 BEST BET: Pass – Gerald Meerschaert (+180) vs. Michal Oleksiejczuk (-218) Over 1.5 Rounds (+105) | Under 1.5 Rounds (-135) Middleweight Gerald Meerschaert has 56 professional fights under his belt, putting him in rare air. He is 12-11 in the UFC with 100% of his wins coming via finish. He is one of the best grapplers in the organization and has 29 submission wins as a professional. His standup game is usually his downfall, but when he gets strikers to the ground, he usually is able to finish the fight. Michal Oleksiejczuk is the complete opposite of Meerschaert. He is a talented striker with an 8-7 UFC record. Seven of his UFC wins have come via knockout. But five of his losses have come via submission. He has a clear game plan in this fight: avoid the takedown, keep the distance, and pick Meerschaert apart. I think Meerschaert is a live dog in this fight because he will get it to the ground. FIGHT WINNER: Gerald Meerschaert UFC 319 BEST BET: Gerald Meerschaert to Win via Submission (+400) vs Oleksiejczuk – Jessica Andrade (+120) vs .Lupita Godinez (-142) Over 2.5 Rounds (-270) | Under 2.5 Rounds (+200) Women’s Strawweight Jessica Andrade is back to fighting at strawweight after back-to-back losses in the flyweight division. She is a good striker and is perhaps too aggressive for her own good. That being said, nine of her 17 UFC victories have come via finish. She can get exposed on the ground with submissions, and her takedown defense will be tested in this fight. Loopy Godinez is one of the easiest fighters to root for in women’s mixed martial arts. She isn’t flashy but fights hard and weaponizes cardio to turn fights in the latter rounds. She has two submission victories in eight wins in the organization, but generally, she does not have finishing potential with her hands. She will want to get this fight to the ground and use position over submission to ride her way to victory. FIGHT WINNER: Lupita Godinez UFC 319 BEST BET: Pass – Alexander Hernandez (+260) vs. Chase Hooper (-325) Over 2.5 Rounds (+100) | Under 2.5 Rounds (-130) Lightweight Alexander Hernandez has gotten back to winning after a tough streak. He has won two in a row and has gone the distance both times, which answers some questions about the cardio issues he faced earlier in his career. He is explosive and a good striker, but hasn’t won via knockout in four years. His striking accuracy is just 40% and he eats more strikes than he lands. Chase Hooper is a fighter who has truly grown up in front of the fans. He is just 25 years old and is 16-3-1 as a professional. He is 8-3 in the UFC but on a five-fight win streak. Early in his career, he was not much of a mixed martial artist. He tried to win solely with jiu jitsu, and it backfired. Now he has developed and is becoming well-rounded. Grappling is still his strength, but his striking has made huge strides. I think he is in a much better place right now than Alex Hernandez and will get the fight to his wheelhouse. FIGHT WINNER: Chase Hooper UFC 319 BEST BET: Parlay: Chase Hooper/Michael Page (-111). Risk 1.11 Units to Win 1 – Edson Barboza (-130) vs. Drakkar Klose (+110) Over 2.5 Rounds (-160) | Under 2.5 Rounds (+124) Lightweight Edson Barboza has been in the UFC for 15 years. He owns some of the most viral knockouts in the organization’s history, but Father Time can not be knocked out. Barboza is 39 years old. Two fights ago, he looked like he had found the fountain of youth in a decision win versus Sodiq Yusuff. In his last fight, he looked like Methuselah versus Lerone Murphy. Which version will we see here? And will he be able to stop takedown attempts? Drakkar Klose is no spring chicken at 37 years old. He is 9-3 in the UFC and has been in the organization for eight years. He was knocked out in his last fight against the surging Joel Alvarez. But prior to that, he was on a four-fight win streak. He has not won as an underdog since 2018, but this fight is hard to call because both fighters are diminished versions of the fighters they were in their prime. FIGHT WINNER: Edson Barboza UFC 319 BEST BET: Pass – Karine Silva (-205) vs Dione Barbosa (+170) Over 2.5 Rounds (-260) | Under 2.5 Rounds (+195) Women’s Flyweight Karine Silva was 4-0 in the UFC until she lost a decision to Viviane Araujo last November. In that fight, she threw lots of striking volume, but her accuracy was not good enough. Additionally, she was just 1/7 on takedown attempts, which did not impress the judges. Her striking defense also leaves a lot to be desired. I’m not sure that will matter versus Dione Barbosa. Barbosa is 2-1 in the UFC, but her victories are against the bottom of the flyweight division. She tries to grapple and falls behind in the striking department. I do not give her a grappling advantage versus Silva, and I expect her to fall behind standing. FIGHT WINNER: Karine Silva UFC 319 BEST BET: Pass – Alibi Idiris (-500) vs Joseph Morales (+380) Over 2.5 Rounds (-160) | Under 2.5 Rounds (+124) Flyweight Alibi Idiris is making his UFC debut after back-to-back highlight knockouts on the regional scene. He is 10-0 as a pro and has exclusively fought in Kazakhstan’s Naiza FC. Joseph Morales is returning to the UFC after going 1-2 in 2017-2018. He returned to the regional scene and has won three fights in a row. His experience cannot be dismissed, but this is a tough fight for his return to the big show. I expect this to be a hard-fought fight, and an upset is not out of the question. FIGHT WINNER: Alibi Idiris UFC 319 BEST BET: Pass – UFC 319 BEST BETS RECAP - Dricus Du Plessis (+215) vs Chimaev, Risk 1 Unit to Win 2.15 - Lerone Murphy (+150) vs Pico. Risk 1 Unit to Win 1.5 - Gerald Meerschaert to Win via Submission (+400) vs Oleksiejczuk - Chase Hooper/Michael Page (-111). Risk 1.11 Units to Win 1",2025-08-16,https://vsin.com/mma/ufc-319-du-plessis-vs-chimaev-best-bets-odds-and-predictions/
Gerald Meerschaert vs Michal Oleksiejczuk - Fight Start Time,"16 Aug The full fight night schedule, including local start times for various countries, is listed below. Check the schedule to see when the event begins in your region. The fight night will start on Saturday, August 16 at 6:00 PM ET (New York time). The fight night will start on Saturday, August 16 at 3:00 PM PT (Los Angeles time). The fight night will start on Saturday, August 16 at 6:00 PM ET (Toronto time). The fight night will start on Saturday, August 16 at 11:00 PM BST (London time). The fight night will start on Sunday, August 17 at 12:00 AM SAST (Johannesburg time). The fight night will start on Sunday, August 17 at 6:00 AM PHT (Manila time). The fight night will start on Sunday, August 17 at 8:00 AM AEST (Sydney time). The fight night will start on Sunday, August 17 at 10:00 AM NZST (Wellington time). Note that the main event ring walk typically takes place about 1 to 1.5 hours after the main card begins. If you're mainly interested in the headline bout, there’s still some time — but it’s always worth watching the full card. The scheduled 3-round middleweight bout will take place on August 16, 2025. You can stream the Meerschaert vs Oleksiejczuk fight via ESPN PPV. Disclaimer: Some links to streaming or pay-per-view on this page may be affiliate links. If you make a purchase through them, we may earn a commission — at no extra cost to you. The fight will be held at the United Center in Chicago, Illinois, USA. The Tale of the Tape data is compiled from publicly available information on Sherdog | Gerald Meerschaert | Michal Oleksiejczuk | |---|---| | USA | Poland | | 37 - 19 - 0 (6 KOs) | 20 - 9 - 0 (15 KOs) | | middleweight (185 lbs / 83,9 kg) | middleweight (185 lbs / 83,9 kg) | | Age | | | Wins | | | Losses | | | Anthropometry | | Full Fight card for Gerald Meerschaert vs Michal Oleksiejczuk: Fight card subject to change | Division | Fighter #1 | Fighter #2 | Notes | |---|---|---|---| | middleweight (185 lbs) | Dricus Du Plessis (23 - 2 - 0) | Khamzat Chimaev (14 - 0 - 0) | UFC | | featherweight (145 lbs) | Lerone Murphy (16 - 0 - 1) | Aaron Pico (13 - 4 - 0) | | | welterweight (170 lbs) | Geoff Neal (16 - 6 - 0) | Carlos Prates (21 - 7 - 0) | | | middleweight (185 lbs) | Jared Cannonier (18 - 8 - 0) | Michael Page (23 - 3 - 0) | | | flyweight (125 lbs) | Tim Elliott (20 - 13 - 1) | Kai Asakura (21 - 5 - 0) | | | lightweight (155 lbs) | Bobby Green (32 - 17 - 1) | Diego Ferreira (19 - 6 - 0) | | | middleweight (185 lbs) | Gerald Meerschaert (37 - 19 - 0) | Michal Oleksiejczuk (20 - 9 - 0) | | | middleweight (185 lbs) | Baysangur Susurkaev (9 - 0 - 0) | Eric Nolan (8 - 3 - 0) | | | strawweight (115 lbs) | Jessica Andrade (26 - 14 - 0) | Lupita Godinez (13 - 5 - 0) | | | lightweight (155 lbs) | Chase Hooper (16 - 3 - 1) | Alexander Hernandez (16 - 8 - 0) | | | lightweight (155 lbs) | Edson Barboza (24 - 12 - 0) | Drakkar Klose (15 - 3 - 1) | | | middleweight (185 lbs) | Bryan Battle (12 - 2 - 0) | Nursulton Ruziboev (36 - 9 - 2) | | | flyweight (125 lbs) | Karine Silva (18 - 5 - 0) | Dione Barbosa (8 - 3 - 0) | | | welterweight (170 lbs) | Rodrigo Sezinando (8 - 1 - 0) | Daniil Donchenko (11 - 2 - 0) | | | flyweight (125 lbs) | Alibi Idiris (10 - 0 - 0) | Joseph Morales (12 - 2 - 0) | On August 16, UFC 319 heads to the United Center in Chicago with a middleweight matchup between veteran grappler Gerald “GM3” Meerschaert and Polish striker Michal “Hussar” Oleksiejczuk. Meerschaert returns to action following a decision loss to Brad Tavares in April. With nearly 60 professional fights, his reputation as a submission specialist remains intact. Known for his resilience and deep experience against top-tier opponents, Meerschaert continues to be a tough test for anyone trying to climb the middleweight ladder. Oleksiejczuk comes in off a first-round TKO over Sedriques Dumas, showcasing the punching power that has defined much of his career. With a high knockout rate and an aggressive forward style, he looks to impose pressure early and force mistakes from his opponents. Both fighters share a southpaw stance, but their strengths lie on opposite ends of the spectrum—Meerschaert on the ground, Oleksiejczuk on the feet. This creates a clear tactical battle: can Meerschaert weather the early storm and drag the fight into his world, or will Oleksiejczuk find the opening to end it before grappling becomes a factor? Positioned on a stacked UFC 319 card, this bout adds a classic striker-vs-grappler dynamic that could shift the momentum for either man's path in the division.",2025-08-16,https://boxing-schedule.com/mma/meerschaert-vs-oleksiejczuk/time/
Gerald Meerschaert vs Michal Oleksiejczuk - Venue and Event Location,"16 Aug The highly anticipated fight between Gerald Meerschaert and Michal Oleksiejczuk is set to take place at the United Center in Chicago, USA. Fans can expect an electrifying atmosphere in this top-notch venue, which has hosted numerous thrilling events in the past. With everything from the ring setup to the pre-fight energy, the United Center will provide the perfect backdrop for this action-packed showdown. The scheduled 3-round middleweight bout will take place on August 16, 2025. The full fight night schedule, including local start times for various countries, is listed below. Check the schedule to see when the event begins in your region. The fight night will start on Saturday, August 16 at 6:00 PM ET (New York time). The fight night will start on Saturday, August 16 at 3:00 PM PT (Los Angeles time). The fight night will start on Saturday, August 16 at 6:00 PM ET (Toronto time). The fight night will start on Saturday, August 16 at 11:00 PM BST (London time). The fight night will start on Sunday, August 17 at 12:00 AM SAST (Johannesburg time). The fight night will start on Sunday, August 17 at 6:00 AM PHT (Manila time). The fight night will start on Sunday, August 17 at 8:00 AM AEST (Sydney time). The fight night will start on Sunday, August 17 at 10:00 AM NZST (Wellington time). Note that the main event ring walk typically takes place about 1 to 1.5 hours after the main card begins. If you're mainly interested in the headline bout, there’s still some time — but it’s always worth watching the full card. You can stream the Meerschaert vs Oleksiejczuk fight via ESPN PPV. Disclaimer: Some links to streaming or pay-per-view on this page may be affiliate links. If you make a purchase through them, we may earn a commission — at no extra cost to you. The Tale of the Tape data is compiled from publicly available information on Sherdog | Gerald Meerschaert | Michal Oleksiejczuk | |---|---| | USA | Poland | | 37 - 19 - 0 (6 KOs) | 20 - 9 - 0 (15 KOs) | | middleweight (185 lbs / 83,9 kg) | middleweight (185 lbs / 83,9 kg) | | Age | | | Wins | | | Losses | | | Anthropometry | | Full Fight card for Gerald Meerschaert vs Michal Oleksiejczuk: Fight card subject to change | Division | Fighter #1 | Fighter #2 | Notes | |---|---|---|---| | middleweight (185 lbs) | Dricus Du Plessis (23 - 2 - 0) | Khamzat Chimaev (14 - 0 - 0) | UFC | | featherweight (145 lbs) | Lerone Murphy (16 - 0 - 1) | Aaron Pico (13 - 4 - 0) | | | welterweight (170 lbs) | Geoff Neal (16 - 6 - 0) | Carlos Prates (21 - 7 - 0) | | | middleweight (185 lbs) | Jared Cannonier (18 - 8 - 0) | Michael Page (23 - 3 - 0) | | | flyweight (125 lbs) | Tim Elliott (20 - 13 - 1) | Kai Asakura (21 - 5 - 0) | | | lightweight (155 lbs) | Bobby Green (32 - 17 - 1) | Diego Ferreira (19 - 6 - 0) | | | middleweight (185 lbs) | Gerald Meerschaert (37 - 19 - 0) | Michal Oleksiejczuk (20 - 9 - 0) | | | middleweight (185 lbs) | Baysangur Susurkaev (9 - 0 - 0) | Eric Nolan (8 - 3 - 0) | | | strawweight (115 lbs) | Jessica Andrade (26 - 14 - 0) | Lupita Godinez (13 - 5 - 0) | | | lightweight (155 lbs) | Chase Hooper (16 - 3 - 1) | Alexander Hernandez (16 - 8 - 0) | | | lightweight (155 lbs) | Edson Barboza (24 - 12 - 0) | Drakkar Klose (15 - 3 - 1) | | | middleweight (185 lbs) | Bryan Battle (12 - 2 - 0) | Nursulton Ruziboev (36 - 9 - 2) | | | flyweight (125 lbs) | Karine Silva (18 - 5 - 0) | Dione Barbosa (8 - 3 - 0) | | | welterweight (170 lbs) | Rodrigo Sezinando (8 - 1 - 0) | Daniil Donchenko (11 - 2 - 0) | | | flyweight (125 lbs) | Alibi Idiris (10 - 0 - 0) | Joseph Morales (12 - 2 - 0) | On August 16, UFC 319 heads to the United Center in Chicago with a middleweight matchup between veteran grappler Gerald “GM3” Meerschaert and Polish striker Michal “Hussar” Oleksiejczuk. Meerschaert returns to action following a decision loss to Brad Tavares in April. With nearly 60 professional fights, his reputation as a submission specialist remains intact. Known for his resilience and deep experience against top-tier opponents, Meerschaert continues to be a tough test for anyone trying to climb the middleweight ladder. Oleksiejczuk comes in off a first-round TKO over Sedriques Dumas, showcasing the punching power that has defined much of his career. With a high knockout rate and an aggressive forward style, he looks to impose pressure early and force mistakes from his opponents. Both fighters share a southpaw stance, but their strengths lie on opposite ends of the spectrum—Meerschaert on the ground, Oleksiejczuk on the feet. This creates a clear tactical battle: can Meerschaert weather the early storm and drag the fight into his world, or will Oleksiejczuk find the opening to end it before grappling becomes a factor? Positioned on a stacked UFC 319 card, this bout adds a classic striker-vs-grappler dynamic that could shift the momentum for either man's path in the division.",2025-08-16,https://boxing-schedule.com/mma/meerschaert-vs-oleksiejczuk/venue/
"UFC 319 results, live streaming updates | Du Plessis vs. Chimaev ‘Prelims’","UFC 319 results, live streaming updates | Du Plessis vs. Chimaev ‘Prelims’ Ultimate Fighting Championship (UFC) happens TONIGHT (Sat., July 19, 2025) with UFC 319 live from inside United Center in Chicago, Il., and streaming LIVE on ESPN+ PPV. The main event has the Middleweight title up for grabs with Dricus du Plessis vs. Khamzat Chimaev. If Chimaev wins, one top UFC pundit claims that would be a “disaster” for the promotion. UFC 319’s co-main event is Lerone Murphy vs. Aaron Pico, with Murphy welcoming Pico to the Octagon for the very first time. Rounding out the stacked main card is Geoff Neal vs. Carlos Prates, Jared Cannonier vs. Michael Page and Tim Elliott vs. Kai Asakura. UFC 319’s late “Prelims” are headlined by Gerald Meerschaert vs. Michal Oleksiejczuk. That’s because King Green vs. Diego Ferreira fell through (full details here). Also on the late “Prelims” are Jessica Andrade vs. Lupita Godinez and Alexander Hernandez vs. Chase Hooper. Our UFC 319 early “Prelims” are headlined by Edson Barboza vs. Drakkar Klose. That portion of the card also has Karine Silva vs. Dione Barbosa and some fights connected to the most recent series of The Ultimate Fighter (not the Welterweight finale, though — full details here). So, before UFC 319’s PPV action begins at 10 p.m. ET tonight right here, MMAmania.com will deliver LIVE coverage of the entire UFC 319 “Prelims” undercard below, beginning with the first fight at 6:30 p.m. ET this evening on Disney+/ESPN+. Again, we are covering UFC 319’s PPV main card in a separate thread right here, beginning at 10 p.m. ET. UFC 319 START TIME AND DATE MMAmania.com will deliver LIVE round-by-round, blow-by-blow coverage of the entire UFC 319 fight card below, starting with the ESPN+/Disney+ early “Prelims” undercard bouts, which air at 6:30 p.m. ET, followed by the UFC 319’s late “Prelims,” which air on Disney+/ESPN/ESPN+ at 8 p.m. ET. This is followed by UFC 319’s PPV main card, which will start at 10 p.m ET on ESPN+ PPV, with play-by-play updates here. Keep in mind that we will also be the spot for the latest news, recaps, and post-fight analysis following “Du Plessis vs. Chimaev.” Without further delay, see below for the updated UFC 319 results. (Note: This will go from the top down; therefore, the newest information will at the top of the stream). UFC 319 QUICK RESULTS 185 lbs.: Dricus du Plessis vs. Khamzat Chimaev 145 lbs.: Aaron Pico vs. Lerone Murphy 170 lbs.: Geoff Neal vs. Carlos Prates 185 lbs.: Jared Cannonier vs. Michael Page 125 lbs.: Tim Elliott vs. Kai Asakura 185 lbs.: Gerald Meerschaert vs. Michał Oleksiejczuk 185 lbs.: Baysangur Susurkaev vs. Eric Nolan 125 lbs.: Jessica Andrade vs. Lupita Godinez 155 lbs.: Alexander Hernandez vs. Chase Hooper 155 lbs.: Edson Barboza vs. Drakkar Klose 125 lbs.: Karine Silva vs. Dione Barbosa 125 lbs.: Alibi Idiris vs. Joseph Morales UFC 319 ‘PRELIMS’ PLAY-BY-PLAY UPDATES (function(n){function c(t,i){n[e](h,function(n){var r,u;if(n&&(r=n[n.message?""message"":""data""]+"""",r&&r.substr&&r.substr(0,3)===""nc:"")&&(u=r.split("":""),u[1]===i))switch(u[2]){case""h"":t.style.height=u[3]+""px"";return;case""scrolltotop"":t.scrollIntoView();return}},!1)}for(var t,u,f,i,s,e=n.addEventListener?""addEventListener"":""attachEvent"",h=e===""attachEvent""?""onmessage"":""message"",o=n.document.querySelectorAll("".live-center-embed""),r=0;r<o.length;r++)(t=o[r],t.getAttribute(""data-rendered""))||(u=t.getAttribute(""data-src""),u&&(t.setAttribute(""data-rendered"",""true""),f=n.ncVizCounter||1e3,n.ncVizCounter=f+1,i=f+"""",s=""nc-frame-c-""+i,t.innerHTML=' ',c(t.firstChild,i)))})(window); LIVE! Watch UFC 319 PPV On ESPN+ Here! MIDDLEWEIGHT TITLE CAR CRASH! Ultimate Fighting Championship (UFC) continues its 2025 pay-per-view (PPV) schedule on Sat., Aug. 16, 2025, with a blockbuster title fight set to headline UFC 319 from inside United Center in Chicago, Illinois. In UFC 319’s PPV main event, Middleweight champion, Dricus du Plessis, defends his title against undefeated No. 3-ranked contender, Khamzat Chimaev, in a high-stakes, five-round battle of unbeaten UFC records. UFC 319’s PPV co-main event features a Featherweight showdown between Lerone Murphy and promotional newcomer, Aaron Pico, a high-profile free-agent signing stepping in on short notice. UFC 319 will also showcase a Welterweight clash between Geoff Neal vs. Carlos Prates, a Middleweight bout pitting Jared Cannonier vs. Michael Page, a Flyweight matchup featuring Tim Elliott vs. Kai Asakura, and much more! UFC 319’s start time is scheduled for 6 p.m. ET (“Early Prelims”), 8 p.m. ET (“Prelims” undercard), and 10 p.m. ET (PPV main card) Don’t miss a single second of EPIC face-punching action! Where to Buy: To check out the latest and greatest UFC 319: “Du Plessis vs. Chimaev” news and notes be sure to hit up our comprehensive event archive right here. For the updated and finalized UFC 319 fight card and PPV lineup click here.",2025-08-16,https://sports.yahoo.com/article/ufc-319-results-live-streaming-121500027.html?fr=sycsrp_catchall
UFC 319: Make your predictions for Dricus Du Plessis vs. Khamzat Chimaev,"UFC UFC 319: Make your predictions for Dricus Du Plessis vs. Khamzat Chimaev UFC returns to Chicago for first time in six years Matt Erickson MMA Junkie We want your predictions for UFC 319. Our staff picks feature includes the consensus picks from MMA Junkie readers. Simply cast your vote for each bout below, and we'll use the official tallies that are registered by Friday at noon ET (9 a.m. PT). Those reader consensus picks will be part of the main card staff predictions we release ahead of UFC 319 (pay-per-view, ESPN, ESPN+), which takes place Saturday at United Center in Chicago. Make your picks below. Dione Barbosa vs. Karine Silva - Records: Barbosa (8-3 MMA, 2-1 UFC), Silva (18-5 MMA, 4-1 UFC) - Division: Women’s flyweight - Rankings: Silva honorable mention - Odds (as of 08.11.25): Barbosa +140, Silva -180 Bryan Battle vs. Nursulton Ruziboev - Records: Battle (12-2 MMA, 7-1 UFC), Ruziboev (36-9-2 MMA, 4-1 UFC) - Division: Middleweight - Rankings: None - Odds (as of 08.11.25): Battle -185, Ruziboev +145 Edson Barboza vs. Drakkar Klose - Records: Barboza (24-12 MMA, 18-12 UFC), Klose (15-3-1 MMA, 9-3 UFC) - Division: Lightweight - Rankings: None - Odds (as of 08.11.25): Barboza -170, Klose +130 Alexander Hernandez vs. Chase Hooper - Records: Hernandez (16-8 MMA, 8-7 UFC), Hooper (16-3-1 MMA, 8-3 UFC) - Division: Lightweight - Rankings: None - Odds (as of 08.11.25): Hernandez +230, Hooper -310 Jessica Andrade vs. Loopy Godinez - Records: Andrade (26-14 MMA, 17-12 UFC), Godinez (13-5 MMA, 8-5 UFC) - Division: Women’s strawweight - Rankings: Andrade No. 5, Godinez No. 8 - Odds (as of 08.11.25): Andrade +145, Godinez -190 Gerald Meerschaert vs. Michal Oleksiejczuk - Records: Meerschaert (37-19 MMA, 12-11 UFC), Oleksiejczuk (20-9 MMA, 8-7 UFC) - Division: Middleweight - Rankings: None - Odds (as of 08.11.25): Meerschaert +195, Oleksiejczuk -260 Diego Ferreira vs. King Green - Records: Ferreira (19-6 MMA, 10-6 UFC), Green (32-17-1 MMA, 13-12-1 UFC) - Division: Lightweight - Rankings: None - Odds (as of 08.11.25): Ferreira -205, Green +160 Kai Asakura vs. Tim Elliott - Records: Asakura (21-5 MMA, 0-1 UFC), Elliott (20-14-1 MMA, 9-11 UFC) - Division: Flyweight - Rankings: Asakura No. 12 - Odds (as of 08.11.25): Asakura -340, Elliott +255 Jared Cannonier vs. Michael Page - Records: Cannonier (18-8 MMA, 11-8 UFC), Page (23-3 MMA, 2-1 UFC) - Division: Middleweight - Rankings: Cannonier No. 9 - Odds (as of 08.11.25): Cannonier +135, Page -175 Geoff Neal vs. Carlos Prates - Records: Neal (16-6 MMA, 8-4 UFC), Prates (21-7 MMA, 4-1 UFC) - Division: Welterweight - Rankings: Prates No. 14 - Odds (as of 08.11.25): Neal +200, Prates -265 Lerone Murphy vs. Aaron Pico - Records: Murphy (16-0-1 MMA, 8-0-1 UFC), Pico (13-4 MMA, 0-0 UFC) - Division: Featherweight - Rankings: Murphy No. 6, Pico honorable mention - Odds (as of 08.11.25): Murphy +125, Pico -160 Dricus Du Plessis vs. Khamzat Chimaev - Records: Du Plessis (23-2 MMA, 9-0 UFC), Chimaev (14-0 MMA, 8-0 UFC) - Division: Middleweight - Rankings: Du Plessis No. 1, No. 5 pound-for-pound; Chimaev No. 2, No. 13 pound-for-pound - Odds (as of 08.11.25): Du Plessis +165, Chimaev -215 UFC 319 fight card (as of Aug. 11, 2 p.m. ET) MAIN CARD (Pay-per-view, 10 p.m. ET) - Champ Dricus Du Plessis vs. Khamzat Chimaev – for middleweight title - Lerone Murphy vs. Aaron Pico - Geoff Neal vs. Carlos Prates - Jared Cannonier vs. Michael Page - Kai Asakura vs. Tim Elliott PRELIMINARY CARD (ESPN, ESPN+, 8 p.m. ET) - Diego Ferreira vs. King Green - Gerald Meerschaert vs. Michal Oleksiejczuk - Jessica Andrade vs. Loopy Godinez - Alexander Hernandez vs. Chase Hooper PRELIMINARY CARD (ESPN+, 6 p.m. ET) - Edson Barboza vs. Drakkar Klose - Bryan Battle vs. Nursulton Ruziboev - Dione Barbosa vs. Karine Silva - Alibi Idiris vs. Joseph Morales – “TUF 33” flyweight final - TBA – “TUF 33” welterweight final",2025-08-11,https://mmajunkie.usatoday.com/story/sports/ufc/2025/08/11/ufc-319-dricus-du-plessis-vs-khamzat-chimaev-middleweight-title-reader-predictions-picks/85615693007/
Gerald Meerschaert vs. Michal Oleksiejczuk joins UFC 319 lineup in Chicago,"Gerald Meerschaert vs. Michal Oleksiejczuk joins UFC 319 lineup in Chicago Styles will clash when two middleweight finishers square off at UFC 319. Gerald Meerschaert takes on Michal Oleksiejczuk Aug. 16 at the United Center in Chicago. Two people with knowledge of the matchup recently informed MMA Junkie of the booking but asked to remain anonymous as the promotion has yet to make an official announcement. Meerschaert (37-19 MMA, 12-11 UFC), a submission specialist, has split his past four appearances. After back-to-back submission finishes over Bryan Barberena and Edmen Shahbazyan, the 37-year-old was finished by top contender Reinier de Ridder, then dropped a decision to veteran Brad Tavares in April. Oleksiejczuk (20-9 MMA, 8-7 UFC) snapped a three-fight losing skid with a first-round TKO of Sedriques Dumas at UFC 314 in April. The Polish fighter has finished 16 of his 20 professional wins, with 15 of them coming by knockout. The current UFC 319 lineup includes: - Dricus Du Plessis vs. Khamzat Chimaev – for middleweight title - Tim Elliott vs. Kai Asakura - JJ Aldrich vs. Karine Silva - Alexander Hernandez vs. Chase Hooper - Jessica Andrade vs. Loopy Godinez - Bryan Battle vs. Nursulton Ruziboev",2025-06-12,https://mmajunkie.usatoday.com/story/sports/ufc/2025/06/12/ufc-319-adds-gerald-meerschaert-vs-michal-oleksiejczuk-to-lineup/84163936007/
UFC 319’s Must-See Undercard Fights Saturday Night From United Center,"UFC 319 fight week is here. Saturday night, one week removed from the promotion’s second straight card inside the UFC Apex, Dana White and company head back on the road to stay for a long while. Saturday’s card also marks the UFC’s first card since Monday morning’s shocking reveal that the promotion would be moving away from ESPN and ESPN+ to Paramount+ and CBS in a $7.7 billion (USD) deal over the course of the next seven years, beginning in 2026. UFC 319, along with all other UFC events, will continue to be aired and streamed on the Disney-owned platforms through the end of the promotion’s 2025 schedule in December. As far as this week’s event is concerned. United Center in Chicago is the site for Saturday’s card. Live coverage of UFC 319 begins with the early prelims, including the finals of this season of The Ultimate Fighter television series, at 6 pm ET/ 3 pm PT. Inside the United States, along with streaming on the aforementioned ESPN+, this portion of the show is accessible through UFC Fight Pass. Late prelims follow at 8 pm ET/ 5 pm PT on ESPN and ESPN+, before the evening is capped off by the main card at 10 pm ET/ 7 pm PT on pay-per-view. If there are no adjustments to the bout order at UFC 319, you’ll be treated to 14 fights Saturday night. At the top of the bill for the undercard on Saturday night, the lightweights take to the fabled Octagon when Bobby (King) Green (37-12-1, 1 NC MMA, 13-12-1, 1 NC UFC) takes on Diego Ferreira (19-6 MMA, 10-6 UFC.) All fights mentioned herein are an advertised maximum of three rounds at five minutes per round. Green enters UFC 319 with a 2-3 record in his last five contests. At the moment, he’s dropped two fights in succession. On March 8, he sustained a first-round knockout loss to Mauricio Ruffy (12-1 MMA, 3-0 UFC,) a 2023 graduate of Dana White’s Contender Series. Green mentioned that he had no intentions of retiring from the UFC after his defeat late last winter. If he loses here in UFC 319, which serves as his 62nd career appearance, he may have some thinking to do about his future as a fighter. Across the way, Diego Ferreira is sporting a mark of 2-3 in his own right over the past five bouts. Much like his opponent, Ferreira is also reeling from a defeat in his latest contest. Back on Jan. 18 in southern California, he saw his two-fight winning streak end at the hands of Grant Dawson (23-2-1 MMA, 11-1-1 UFC) by way of unanimous decision. This is Ferreira’s 26th career walk to an MMA cage as a professional competitor, compared to the 62nd walk to the cage awaiting King Green on Saturday night in the Windy City. Will he triumph over a seasoned veteran this weekend? Immediately beforehand, the co-featured undercard bout in UFC 319 happens in the middleweight division when Gerald Meerschaert (37-19 MMA, 12-11 UFC) meets Michal Oleksiejczuk (20-9, 1 NC MMA, 8-7, 1 NC UFC.) Meerschaert touches down in Illinois with a 2-3 record in his five most recent bouts. He’s been a streaky fighter of late, as well. Meerschaert has lost two bouts in a row after getting his hand raised in two straight fights. This past April, he dropped his second straight appearance (unanimous decision) to Brad Tavares (21-10 MMA, 16-10 UFC.) Meerschaert has logged 56 career fights as a professional in MMA up to now. Much like King Green in the featured prelim, Meerschaert doesn’t see retirement happening any time soon. How will appearance number 57 play out on Saturday? Meanwhile, Michal Oleksiejczuk owns a 2-3 mark over his past five contests. Last time out, he returned to the win column after dropping three consecutive fights with a first-round knockout victory over Sediriques Dumas (10-3 MMA, 3-3 UFC) on April 12 in Miami. Oleksiejczuk will be making his second appearance in the Octagon in 2025 after having fought three times last year. Only time will tell if he’s able to make it 2-for-2 this year. Also on the UFC 319 prelims, you’ll see a strawweight contest where it’ll be moving day in the division. No. 5 contender and former UFC Strawweight Champion Jessica Andrade (26-14 MMA, 17-12 UFC) will make her 30th appearance under the promotional banner when she locks horns with No. 11 contender Loopy Godinez (13-5 MMA, 8-5 UFC.) Andrade heads to the Windy City on a 2-3 clip over her five latest fights. She’s sustained two straight defeats going into Saturday night. Three months ago, she was on the wrong end of a first-round submission by way of rear-naked choke from Jasmine Jasudavicius (14-3 MMA, 8-2 UFC) in UFC 315 from Montreal. For her efforts, Jasudavicius pocketed a $50,000 cash advance with the Performance of the Night Award during the post-fight press conference. Ahead of UFC 319, Andrade mentioned that she’ll retire from active competition once she hits the 40-fight mark in the promotion. Her 30th UFC fight is a crucial one. A win here could make her as little as one win away from another shot at the UFC Strawweight Championship, having previously held the title in 2019. In the other corner, Loopy Godinez is sporting a 3-2 mark in her past five showdowns. Last time out, she scored a unanimous decision victory on March 29 in Mexico City after 15 minutes of action versus Julia Polastri (13-5 MMA, 1-2 UFC.) The stakes are high for Godinez here, as well. Aside from moving into the top-10 at 115 as soon as Monday with another notch in the win column this weekend, she could also find herself within striking distance of being in the title picture if she gets her hand raised. Which fights are you looking forward to on the UFC 319 prelims? More must-reads: Get the latest news and rumors, customized to your favorite sports and teams. Emailed daily. Always free!",2025-08-13,https://www.yardbarker.com/mma/articles/ufc_319s_must_see_undercard_fights_saturday_night_from_united_center/s1_17211_42583896
"UFC 319 Du Plessis vs. Chimaev: Best Bets, Odds and Predictions","UFC 319 Predictions Du Plessis vs. Chimaev: VSiN analyst Britton Hess offers his UFC 319 best bets and puts pen to paper (well, fingers to keyboard) to hammer out his thoughts and UFC predictions for every fight on the docket. BEST BETS HISTORY Last Week: 1-4, -3 Units (-60% ROI) Since 2020: 734-712 (+182.06 Units, 10.44% ROI) PICK’EM HISTORY Last Week: 8-4 (66.667%) Article History: 457-292-1 (61.01%) *All Odds via DraftKings unless otherwise noted Dricus Du Plessis (+215) vs. Khamzat Chimaev (-265) Over 2.5 Rounds (-110) | Under 2.5 Rounds (-120) Middleweight Championship Early in his UFC career, I had extremely low expectations for Dricus Du Plessis. He was awkward in his stand-up, he was stiff when defending takedowns, and his cardio was a question. Now I have more faith in him than anyone else in the division. Every time he enters the cage, fans know exactly what they are going to get. His toughness stands out in a sport filled with the toughest athletes. His cardio was once a question, but now it’s an answer. He went five rounds with Sean Strickland twice and won both fights. He peaked in the fourth round versus Israel Adesanya, winning via rear-naked choke. He has four UFC knockout victories, including wins against Robert Whittaker and Derek Brunson. He lands significant strikes at a high rate of 6.12 per minute. Defensively, he avoids 54% of his opponent’s significant strike attempts, but he does get hit 4.9 times per minute, which is a bit higher than you’d expect from a champion. But his well-rounded game is one of his best assets. He takes down opponents 2.55 per 15 minutes in the cage and averages 0.7 sub attempts in the same time frame. I thought Dricus Du Plessis would be just another guy when he entered the organization. At this point, I consider him one of the greatest we have seen in the division. Khamzat Chimaev has been one of the highest valued prospects in the division since he debuted in July 2020. He wasted no time acquainting himself with UFC fans. After his debut knockout, he fought again 10 days later and again won via first-round knockout. He then fought again two months later and won via first-round submission. He is 14-0 as a pro, 8-0 in the UFC and has an 86% career finish rate. Most recently, he fought former middleweight champion Robert Whittaker in October of last year. He won via a jaw-busting face crank submission in the first round. His entire UFC career has been completely different than that of Dricus Du Plessis. Since he first entered the cage, his eventual title shot seemed like an inevitability. He lands 5.36 significant strikes per minute with a 58% accuracy rate. He absorbs just 3.25 significant strikes per minute. However, his significant strike defense rate is a dangerously low 41%. His takedown defense rate is 100% and he lands 4.31 per 15 minutes in the cage. But his takedown accuracy is just 46% which speaks to how dedicated he is to an all-out grappling strategy. Khamzat Chimaev has generally performed well, but there have been some fights that have revealed vulnerabilities in his game. In April of 2022, he fought Gilbert Burns down at welterweight. Chimaev was unable to get the veteran out in the first round and slowed down considerably in the second, losing that on all three of the judges’ scorecards. The third round was close, and Gilbert Burns actually landed one more significant strike. But the results were 29-28 Chimaev across the board. In December of 2023, he fought Kamaru Usman, who took the fight on short notice and came up to middleweight to do it. Chimaev was aggressive early, per usual, and was even awarded a 10-8 round on one scorecard. But once again, the veteran was able to find his balance and win a round on each of the judges’ cards. It is no stretch to say that if that fight had gone five rounds, Chimaev would have probably faced his first loss. This is a five-round fight, and Dricus Du Plessis is no stranger to turning the tide of a fight in the championship rounds. Dricus Du Plessis is 9-0 in the UFC and 23-2 as a pro. His first fight with Sean Strickland was probably the closest of his UFC career. He struggled defensively but made up for Strickland’s volume by landing the harder shots. It is tough to play that game with someone as explosive as Chimaev. Additionally, his two losses were via KO, albeit several years ago, when Du Plessis was a young and raw fighter facing MMA veterans. Additionally, he was on some shaky footing versus Darren Till before forcing the fight to the ground, where he found the submission. But he has fought wrestlers. Derek Brunson was at one point one of the most dominant in the division, and Du Plessis’ brute strength wore him out. Chimaev wearing the strap has felt like an inevitability since his first UFC fight. Du Plessis being the champion felt like it would never happen. Chimaev has been a favorite of -230 or more in each of his UFC fights. Du Plessis has been an underdog in two of his last four fights. Chimaev is explosive and flashy. Du Plessis has a god-given strength that surprises his opponents. Chimaev weighed in at 183 pounds, Du Plessis was at the 185-pound limit. Chimaev is one inch taller, but Du Plessis has a one-inch reach advantage. If you want to bet on Chimaev, you need to bet on him to win in the first two rounds because if it goes longer, he will be tested like he has never been tested before. I do not want to bet on Chimaev. I do not think he should be this big of a favorite versus the 185 fire hydrant that is Dricus Du Plessis. I like Du Plessis to win because he will be strong in the third, fourth, and fifth round. I don’t think Chimaev will end the fight early, but I do think he could look good early, which could yield an even better live bet price on DDP. FIGHT WINNER: Dricus Du Plessis UFC 319 BEST BET: Dricus Du Plessis (+215) vs Chimaev, Risk 1 Unit to Win 2.15 – Lerone Murphy (+150) vs. Aaron Pico (-180) Over 2.5 Rounds (-215) | Under 2.5 Rounds (+165) Featherweight Lerone Murphy has been stacking wins against progressively tougher opponents since his UFC debut. His last three fights have been career-defining decisions over veterans Edson Barboza, Dan Ige, and Josh Emmett. He outlanded all three of those opponents. Versus Emmett and Barboza, he landed over twice as many strikes as he absorbed. He is an accurate striker at 54%, but more importantly, his defense rate is 61%. He has used takedowns versus opponents who struggle with grappling, but that is probably not going to be the best path versus Pico. Aaron Pico was a wrestling prodigy who decided to skip out on pursuing Olympic Gold to go pro in mixed martial arts. With great fanfare, he signed with Bellator and lost his debut via Guillotine in 24 seconds. He proceeded to lose three more fights in the organization as a big favorite and now boasts a 12-4 professional record. He has never fought outside of the confines of an event that had Bellator in the title. The UFC seems happy to have Pico in the fold, but I am not sure he is ready to rise to this moment. He is explosive and has a career’s worth of highlights at just 28 years old. But he will be the shorter fighter in the cage and give up 2.5 inches in reach. I think Lerone Murphy will get taken down, but I don’t think he will stay down, and I think his striking will truly shine. FIGHT WINNER: Lerone Murphy UFC 319 BEST BET: Lerone Murphy (+150) vs Pico. Risk 1 Unit to WIn 1.5 – Geoff Neal (+180) vs. Carlos Prates (-218) Over 2.5 Rounds (-115) | Under 2.5 Rounds (-115) Welterweight Geoff Neal has been a welterweight stalwart for nearly a decade. He has fought the best in the division and has lived up to his “Handz of Steel” moniker more often than not. He is 8-4 in the organization with five wins via knockout. He defeated Rafael dos Anjos last October after two tough fights against Shavkat Rakhmonov and Ian Machado Garry. He lands 5.05 significant strikes per minute, but his differential is actually -0.39. He rarely uses grappling and prefers to fight standing. Carlos Prates is a kickboxer who has quickly become one of the most popular fighters in the UFC. He won his first four fights via spectacular knockout. However, he lost his last fight against Ian Machado Garry. Garry was able to land takedowns and use footwork to avoid Prates’s devastating power. Despite being a pure striker, he has a -1.19 significant strike differential. He doesn’t fight with much pace, but instead tries to make his strikes count—a strategy that worked versus lower-level competition, but is a bit risky versus Geoff Neal. Neal is just 1-2 in his last three fights, but I still think he his progressing. He looked very good versus Shavkat Rakhmonov before getting submitted late. Additionally, his split decision loss to Ian Garry was much closer than Prates’s bout. I think Prates will use his reach to try to pick Neal apart outside. Neal has never been knocked out in the UFC and has a solid chin. He is not afraid to close distance and turn a technical kickboxing match into dirty boxing. I am not sure how high Carlos Prates can rise in the organization. His ceiling may be knocking out fighters outside of the top 15. That being said, he could have learned from his humbling defeat to Garry, and perhaps he will push the pace more. I am really torn on this fight, and I think Geoff Neal’s experience could be the difference. FIGHT WINNER: Geoff Neal UFC 319 BEST BET: Pass – Jared Cannonier (+180) vs. Michael “Venom” Page (-218) Over 2.5 Rounds (-260) | Under 2.5 Rounds (+195) Middleweight Jared Cannonier just keeps showing up. He is 11-8 in the UFC but has fought the very best in the division. He has fought for a title and also fought the next generation of contenders in Caio Borralho and Nassourdine Imavov. He is 41 years old, but as I have said before, a 41-year-old Jared Cannonier is tougher, stronger, and more athletic than most fighters 10 years his junior. He still can eat a punch and land one much harder, as evidenced by his come-from-behind victory versus Gregory Rodrigues in February. Michael Page was 17-2 in Bellator before making the leap to the UFC. He is 2-1 in the organization after losing a decision to Ian Garry down at welterweight. Garry was able to use takedowns to win the fight and neutralize Page’s explosive karate style strikes. That being said, Page rebounded to upset the surging Shara Magomedov. No one can stand and trade with Page, and his takedown defense will be the most important aspect of this fight. FIGHT WINNER: Michael Page UFC 319 BEST BET: Parlay Piece, See Below – Tim Elliott (+240) vs. Kai Asakura (-298) Over 2.5 Rounds (-130) | Under 2.5 Rounds (+100) Flyweight Tim Elliott has been exciting UFC fans since he debuted on The Ultimate Fighter in 2016. He has fought the best in the division and, as such, has more losses than victories. His tricky grappling style makes him a tough test for virtually any opponent. He finds submissions that are unique to himself. He gets taken down, but once the fight is on the mat, he is most comfortable. His striking is a real liability. Kai Asakura has fought once in the UFC, a loss to Alexandre Pantoja, a rare debut/title fight combo. He has some nice wins versus fighters who have fought in top organizations in Juan Archuleta and Kyoji Horiguchi. He also lost a fight to Manel Kape in 2019. I am still not sure about Horiguchi’s abilities in this division. Alexandre Pantoja is tough to measure against. I understand that he is more explosive than Elliott and will have a massive striking advantage, but I cannot trust him with my money yet. FIGHT WINNER: Kai Asakura UFC 319 BEST BET: Pass – Baisangur Susurkaev (-950) vs. Eric Nolan (+625) Over 1.5 Rounds (+150) | Under 1.5 Rounds (-195) Middleweight Baisangur Susurkaev is making history just by walking to the cage for this fight. On Tuesday, he fought in the Contender Series in Las Vegas. He won via knockout in the first round. Hopped on a plane and is now taking a fight in Chicago. He is 9-0 with eight wins via knockout. He is an exciting fighter who will immediately go into the annals of UFC history if he delivers as a massive favorite. Prior to the UFC, he fought in Europe, but his strength of schedule is less than sterling. But the UFC is taking a risk with him for a reason. Eric Nolan is 8-3 as a pro and last fought in May. He won the Cage Fury welterweight championship via first-round knockout. He has a 75% finish rate and is joining the UFC 319 card to put on a show. He has four career wins via knockout and two via submission, indicating that he may have an advantage if the fight reaches the ground. His opponent is from Russia, which generally means they have some grappling acumen. FIGHT WINNER: Baisangur Susurkaev UFC 319 BEST BET: Pass – Gerald Meerschaert (+180) vs. Michal Oleksiejczuk (-218) Over 1.5 Rounds (+105) | Under 1.5 Rounds (-135) Middleweight Gerald Meerschaert has 56 professional fights under his belt, putting him in rare air. He is 12-11 in the UFC with 100% of his wins coming via finish. He is one of the best grapplers in the organization and has 29 submission wins as a professional. His standup game is usually his downfall, but when he gets strikers to the ground, he usually is able to finish the fight. Michal Oleksiejczuk is the complete opposite of Meerschaert. He is a talented striker with an 8-7 UFC record. Seven of his UFC wins have come via knockout. But five of his losses have come via submission. He has a clear game plan in this fight: avoid the takedown, keep the distance, and pick Meerschaert apart. I think Meerschaert is a live dog in this fight because he will get it to the ground. FIGHT WINNER: Gerald Meerschaert UFC 319 BEST BET: Gerald Meerschaert to Win via Submission (+400) vs Oleksiejczuk – Jessica Andrade (+120) vs .Lupita Godinez (-142) Over 2.5 Rounds (-270) | Under 2.5 Rounds (+200) Women’s Strawweight Jessica Andrade is back to fighting at strawweight after back-to-back losses in the flyweight division. She is a good striker and is perhaps too aggressive for her own good. That being said, nine of her 17 UFC victories have come via finish. She can get exposed on the ground with submissions, and her takedown defense will be tested in this fight. Loopy Godinez is one of the easiest fighters to root for in women’s mixed martial arts. She isn’t flashy but fights hard and weaponizes cardio to turn fights in the latter rounds. She has two submission victories in eight wins in the organization, but generally, she does not have finishing potential with her hands. She will want to get this fight to the ground and use position over submission to ride her way to victory. FIGHT WINNER: Lupita Godinez UFC 319 BEST BET: Pass – Alexander Hernandez (+260) vs. Chase Hooper (-325) Over 2.5 Rounds (+100) | Under 2.5 Rounds (-130) Lightweight Alexander Hernandez has gotten back to winning after a tough streak. He has won two in a row and has gone the distance both times, which answers some questions about the cardio issues he faced earlier in his career. He is explosive and a good striker, but hasn’t won via knockout in four years. His striking accuracy is just 40% and he eats more strikes than he lands. Chase Hooper is a fighter who has truly grown up in front of the fans. He is just 25 years old and is 16-3-1 as a professional. He is 8-3 in the UFC but on a five-fight win streak. Early in his career, he was not much of a mixed martial artist. He tried to win solely with jiu jitsu, and it backfired. Now he has developed and is becoming well-rounded. Grappling is still his strength, but his striking has made huge strides. I think he is in a much better place right now than Alex Hernandez and will get the fight to his wheelhouse. FIGHT WINNER: Chase Hooper UFC 319 BEST BET: Parlay: Chase Hooper/Michael Page (-111). Risk 1.11 Units to Win 1 – Edson Barboza (-130) vs. Drakkar Klose (+110) Over 2.5 Rounds (-160) | Under 2.5 Rounds (+124) Lightweight Edson Barboza has been in the UFC for 15 years. He owns some of the most viral knockouts in the organization’s history, but Father Time can not be knocked out. Barboza is 39 years old. Two fights ago, he looked like he had found the fountain of youth in a decision win versus Sodiq Yusuff. In his last fight, he looked like Methuselah versus Lerone Murphy. Which version will we see here? And will he be able to stop takedown attempts? Drakkar Klose is no spring chicken at 37 years old. He is 9-3 in the UFC and has been in the organization for eight years. He was knocked out in his last fight against the surging Joel Alvarez. But prior to that, he was on a four-fight win streak. He has not won as an underdog since 2018, but this fight is hard to call because both fighters are diminished versions of the fighters they were in their prime. FIGHT WINNER: Edson Barboza UFC 319 BEST BET: Pass – Karine Silva (-205) vs Dione Barbosa (+170) Over 2.5 Rounds (-260) | Under 2.5 Rounds (+195) Women’s Flyweight Karine Silva was 4-0 in the UFC until she lost a decision to Viviane Araujo last November. In that fight, she threw lots of striking volume, but her accuracy was not good enough. Additionally, she was just 1/7 on takedown attempts, which did not impress the judges. Her striking defense also leaves a lot to be desired. I’m not sure that will matter versus Dione Barbosa. Barbosa is 2-1 in the UFC, but her victories are against the bottom of the flyweight division. She tries to grapple and falls behind in the striking department. I do not give her a grappling advantage versus Silva, and I expect her to fall behind standing. FIGHT WINNER: Karine Silva UFC 319 BEST BET: Pass – Alibi Idiris (-500) vs Joseph Morales (+380) Over 2.5 Rounds (-160) | Under 2.5 Rounds (+124) Flyweight Alibi Idiris is making his UFC debut after back-to-back highlight knockouts on the regional scene. He is 10-0 as a pro and has exclusively fought in Kazakhstan’s Naiza FC. Joseph Morales is returning to the UFC after going 1-2 in 2017-2018. He returned to the regional scene and has won three fights in a row. His experience cannot be dismissed, but this is a tough fight for his return to the big show. I expect this to be a hard-fought fight, and an upset is not out of the question. FIGHT WINNER: Alibi Idiris UFC 319 BEST BET: Pass – UFC 319 BEST BETS RECAP - Dricus Du Plessis (+215) vs Chimaev, Risk 1 Unit to Win 2.15 - Lerone Murphy (+150) vs Pico. Risk 1 Unit to Win 1.5 - Gerald Meerschaert to Win via Submission (+400) vs Oleksiejczuk - Chase Hooper/Michael Page (-111). Risk 1.11 Units to Win 1",2025-08-16,https://vsin.com/mma/ufc-319-du-plessis-vs-chimaev-best-bets-odds-and-predictions/
Gerald Meerschaert vs Michal Oleksiejczuk - Fight Start Time,"16 Aug The full fight night schedule, including local start times for various countries, is listed below. Check the schedule to see when the event begins in your region. The fight night will start on Saturday, August 16 at 6:00 PM ET (New York time). The fight night will start on Saturday, August 16 at 3:00 PM PT (Los Angeles time). The fight night will start on Saturday, August 16 at 6:00 PM ET (Toronto time). The fight night will start on Saturday, August 16 at 11:00 PM BST (London time). The fight night will start on Sunday, August 17 at 12:00 AM SAST (Johannesburg time). The fight night will start on Sunday, August 17 at 6:00 AM PHT (Manila time). The fight night will start on Sunday, August 17 at 8:00 AM AEST (Sydney time). The fight night will start on Sunday, August 17 at 10:00 AM NZST (Wellington time). Note that the main event ring walk typically takes place about 1 to 1.5 hours after the main card begins. If you're mainly interested in the headline bout, there’s still some time — but it’s always worth watching the full card. The scheduled 3-round middleweight bout will take place on August 16, 2025. You can stream the Meerschaert vs Oleksiejczuk fight via ESPN PPV. Disclaimer: Some links to streaming or pay-per-view on this page may be affiliate links. If you make a purchase through them, we may earn a commission — at no extra cost to you. The fight will be held at the United Center in Chicago, Illinois, USA. The Tale of the Tape data is compiled from publicly available information on Sherdog | Gerald Meerschaert | Michal Oleksiejczuk | |---|---| | USA | Poland | | 37 - 19 - 0 (6 KOs) | 20 - 9 - 0 (15 KOs) | | middleweight (185 lbs / 83,9 kg) | middleweight (185 lbs / 83,9 kg) | | Age | | | Wins | | | Losses | | | Anthropometry | | Full Fight card for Gerald Meerschaert vs Michal Oleksiejczuk: Fight card subject to change | Division | Fighter #1 | Fighter #2 | Notes | |---|---|---|---| | middleweight (185 lbs) | Dricus Du Plessis (23 - 2 - 0) | Khamzat Chimaev (14 - 0 - 0) | UFC | | featherweight (145 lbs) | Lerone Murphy (16 - 0 - 1) | Aaron Pico (13 - 4 - 0) | | | welterweight (170 lbs) | Geoff Neal (16 - 6 - 0) | Carlos Prates (21 - 7 - 0) | | | middleweight (185 lbs) | Jared Cannonier (18 - 8 - 0) | Michael Page (23 - 3 - 0) | | | flyweight (125 lbs) | Tim Elliott (20 - 13 - 1) | Kai Asakura (21 - 5 - 0) | | | lightweight (155 lbs) | Bobby Green (32 - 17 - 1) | Diego Ferreira (19 - 6 - 0) | | | middleweight (185 lbs) | Gerald Meerschaert (37 - 19 - 0) | Michal Oleksiejczuk (20 - 9 - 0) | | | middleweight (185 lbs) | Baysangur Susurkaev (9 - 0 - 0) | Eric Nolan (8 - 3 - 0) | | | strawweight (115 lbs) | Jessica Andrade (26 - 14 - 0) | Lupita Godinez (13 - 5 - 0) | | | lightweight (155 lbs) | Chase Hooper (16 - 3 - 1) | Alexander Hernandez (16 - 8 - 0) | | | lightweight (155 lbs) | Edson Barboza (24 - 12 - 0) | Drakkar Klose (15 - 3 - 1) | | | middleweight (185 lbs) | Bryan Battle (12 - 2 - 0) | Nursulton Ruziboev (36 - 9 - 2) | | | flyweight (125 lbs) | Karine Silva (18 - 5 - 0) | Dione Barbosa (8 - 3 - 0) | | | welterweight (170 lbs) | Rodrigo Sezinando (8 - 1 - 0) | Daniil Donchenko (11 - 2 - 0) | | | flyweight (125 lbs) | Alibi Idiris (10 - 0 - 0) | Joseph Morales (12 - 2 - 0) | On August 16, UFC 319 heads to the United Center in Chicago with a middleweight matchup between veteran grappler Gerald “GM3” Meerschaert and Polish striker Michal “Hussar” Oleksiejczuk. Meerschaert returns to action following a decision loss to Brad Tavares in April. With nearly 60 professional fights, his reputation as a submission specialist remains intact. Known for his resilience and deep experience against top-tier opponents, Meerschaert continues to be a tough test for anyone trying to climb the middleweight ladder. Oleksiejczuk comes in off a first-round TKO over Sedriques Dumas, showcasing the punching power that has defined much of his career. With a high knockout rate and an aggressive forward style, he looks to impose pressure early and force mistakes from his opponents. Both fighters share a southpaw stance, but their strengths lie on opposite ends of the spectrum—Meerschaert on the ground, Oleksiejczuk on the feet. This creates a clear tactical battle: can Meerschaert weather the early storm and drag the fight into his world, or will Oleksiejczuk find the opening to end it before grappling becomes a factor? Positioned on a stacked UFC 319 card, this bout adds a classic striker-vs-grappler dynamic that could shift the momentum for either man's path in the division.",2025-08-16,https://boxing-schedule.com/mma/meerschaert-vs-oleksiejczuk/time/
Gerald Meerschaert vs Michal Oleksiejczuk - Venue and Event Location,"16 Aug The highly anticipated fight between Gerald Meerschaert and Michal Oleksiejczuk is set to take place at the United Center in Chicago, USA. Fans can expect an electrifying atmosphere in this top-notch venue, which has hosted numerous thrilling events in the past. With everything from the ring setup to the pre-fight energy, the United Center will provide the perfect backdrop for this action-packed showdown. The scheduled 3-round middleweight bout will take place on August 16, 2025. The full fight night schedule, including local start times for various countries, is listed below. Check the schedule to see when the event begins in your region. The fight night will start on Saturday, August 16 at 6:00 PM ET (New York time). The fight night will start on Saturday, August 16 at 3:00 PM PT (Los Angeles time). The fight night will start on Saturday, August 16 at 6:00 PM ET (Toronto time). The fight night will start on Saturday, August 16 at 11:00 PM BST (London time). The fight night will start on Sunday, August 17 at 12:00 AM SAST (Johannesburg time). The fight night will start on Sunday, August 17 at 6:00 AM PHT (Manila time). The fight night will start on Sunday, August 17 at 8:00 AM AEST (Sydney time). The fight night will start on Sunday, August 17 at 10:00 AM NZST (Wellington time). Note that the main event ring walk typically takes place about 1 to 1.5 hours after the main card begins. If you're mainly interested in the headline bout, there’s still some time — but it’s always worth watching the full card. You can stream the Meerschaert vs Oleksiejczuk fight via ESPN PPV. Disclaimer: Some links to streaming or pay-per-view on this page may be affiliate links. If you make a purchase through them, we may earn a commission — at no extra cost to you. The Tale of the Tape data is compiled from publicly available information on Sherdog | Gerald Meerschaert | Michal Oleksiejczuk | |---|---| | USA | Poland | | 37 - 19 - 0 (6 KOs) | 20 - 9 - 0 (15 KOs) | | middleweight (185 lbs / 83,9 kg) | middleweight (185 lbs / 83,9 kg) | | Age | | | Wins | | | Losses | | | Anthropometry | | Full Fight card for Gerald Meerschaert vs Michal Oleksiejczuk: Fight card subject to change | Division | Fighter #1 | Fighter #2 | Notes | |---|---|---|---| | middleweight (185 lbs) | Dricus Du Plessis (23 - 2 - 0) | Khamzat Chimaev (14 - 0 - 0) | UFC | | featherweight (145 lbs) | Lerone Murphy (16 - 0 - 1) | Aaron Pico (13 - 4 - 0) | | | welterweight (170 lbs) | Geoff Neal (16 - 6 - 0) | Carlos Prates (21 - 7 - 0) | | | middleweight (185 lbs) | Jared Cannonier (18 - 8 - 0) | Michael Page (23 - 3 - 0) | | | flyweight (125 lbs) | Tim Elliott (20 - 13 - 1) | Kai Asakura (21 - 5 - 0) | | | lightweight (155 lbs) | Bobby Green (32 - 17 - 1) | Diego Ferreira (19 - 6 - 0) | | | middleweight (185 lbs) | Gerald Meerschaert (37 - 19 - 0) | Michal Oleksiejczuk (20 - 9 - 0) | | | middleweight (185 lbs) | Baysangur Susurkaev (9 - 0 - 0) | Eric Nolan (8 - 3 - 0) | | | strawweight (115 lbs) | Jessica Andrade (26 - 14 - 0) | Lupita Godinez (13 - 5 - 0) | | | lightweight (155 lbs) | Chase Hooper (16 - 3 - 1) | Alexander Hernandez (16 - 8 - 0) | | | lightweight (155 lbs) | Edson Barboza (24 - 12 - 0) | Drakkar Klose (15 - 3 - 1) | | | middleweight (185 lbs) | Bryan Battle (12 - 2 - 0) | Nursulton Ruziboev (36 - 9 - 2) | | | flyweight (125 lbs) | Karine Silva (18 - 5 - 0) | Dione Barbosa (8 - 3 - 0) | | | welterweight (170 lbs) | Rodrigo Sezinando (8 - 1 - 0) | Daniil Donchenko (11 - 2 - 0) | | | flyweight (125 lbs) | Alibi Idiris (10 - 0 - 0) | Joseph Morales (12 - 2 - 0) | On August 16, UFC 319 heads to the United Center in Chicago with a middleweight matchup between veteran grappler Gerald “GM3” Meerschaert and Polish striker Michal “Hussar” Oleksiejczuk. Meerschaert returns to action following a decision loss to Brad Tavares in April. With nearly 60 professional fights, his reputation as a submission specialist remains intact. Known for his resilience and deep experience against top-tier opponents, Meerschaert continues to be a tough test for anyone trying to climb the middleweight ladder. Oleksiejczuk comes in off a first-round TKO over Sedriques Dumas, showcasing the punching power that has defined much of his career. With a high knockout rate and an aggressive forward style, he looks to impose pressure early and force mistakes from his opponents. Both fighters share a southpaw stance, but their strengths lie on opposite ends of the spectrum—Meerschaert on the ground, Oleksiejczuk on the feet. This creates a clear tactical battle: can Meerschaert weather the early storm and drag the fight into his world, or will Oleksiejczuk find the opening to end it before grappling becomes a factor? Positioned on a stacked UFC 319 card, this bout adds a classic striker-vs-grappler dynamic that could shift the momentum for either man's path in the division.",2025-08-16,https://boxing-schedule.com/mma/meerschaert-vs-oleksiejczuk/venue/
"UFC 319 results, live streaming updates | Du Plessis vs. Chimaev ‘Prelims’","UFC 319 results, live streaming updates | Du Plessis vs. Chimaev ‘Prelims’ Ultimate Fighting Championship (UFC) happens TONIGHT (Sat., July 19, 2025) with UFC 319 live from inside United Center in Chicago, Il., and streaming LIVE on ESPN+ PPV. The main event has the Middleweight title up for grabs with Dricus du Plessis vs. Khamzat Chimaev. If Chimaev wins, one top UFC pundit claims that would be a “disaster” for the promotion. UFC 319’s co-main event is Lerone Murphy vs. Aaron Pico, with Murphy welcoming Pico to the Octagon for the very first time. Rounding out the stacked main card is Geoff Neal vs. Carlos Prates, Jared Cannonier vs. Michael Page and Tim Elliott vs. Kai Asakura. UFC 319’s late “Prelims” are headlined by Gerald Meerschaert vs. Michal Oleksiejczuk. That’s because King Green vs. Diego Ferreira fell through (full details here). Also on the late “Prelims” are Jessica Andrade vs. Lupita Godinez and Alexander Hernandez vs. Chase Hooper. Our UFC 319 early “Prelims” are headlined by Edson Barboza vs. Drakkar Klose. That portion of the card also has Karine Silva vs. Dione Barbosa and some fights connected to the most recent series of The Ultimate Fighter (not the Welterweight finale, though — full details here). So, before UFC 319’s PPV action begins at 10 p.m. ET tonight right here, MMAmania.com will deliver LIVE coverage of the entire UFC 319 “Prelims” undercard below, beginning with the first fight at 6:30 p.m. ET this evening on Disney+/ESPN+. Again, we are covering UFC 319’s PPV main card in a separate thread right here, beginning at 10 p.m. ET. UFC 319 START TIME AND DATE MMAmania.com will deliver LIVE round-by-round, blow-by-blow coverage of the entire UFC 319 fight card below, starting with the ESPN+/Disney+ early “Prelims” undercard bouts, which air at 6:30 p.m. ET, followed by the UFC 319’s late “Prelims,” which air on Disney+/ESPN/ESPN+ at 8 p.m. ET. This is followed by UFC 319’s PPV main card, which will start at 10 p.m ET on ESPN+ PPV, with play-by-play updates here. Keep in mind that we will also be the spot for the latest news, recaps, and post-fight analysis following “Du Plessis vs. Chimaev.” Without further delay, see below for the updated UFC 319 results. (Note: This will go from the top down; therefore, the newest information will at the top of the stream). UFC 319 QUICK RESULTS 185 lbs.: Dricus du Plessis vs. Khamzat Chimaev 145 lbs.: Aaron Pico vs. Lerone Murphy 170 lbs.: Geoff Neal vs. Carlos Prates 185 lbs.: Jared Cannonier vs. Michael Page 125 lbs.: Tim Elliott vs. Kai Asakura 185 lbs.: Gerald Meerschaert vs. Michał Oleksiejczuk 185 lbs.: Baysangur Susurkaev vs. Eric Nolan 125 lbs.: Jessica Andrade vs. Lupita Godinez 155 lbs.: Alexander Hernandez vs. Chase Hooper 155 lbs.: Edson Barboza vs. Drakkar Klose 125 lbs.: Karine Silva vs. Dione Barbosa 125 lbs.: Alibi Idiris vs. Joseph Morales UFC 319 ‘PRELIMS’ PLAY-BY-PLAY UPDATES (function(n){function c(t,i){n[e](h,function(n){var r,u;if(n&&(r=n[n.message?""message"":""data""]+"""",r&&r.substr&&r.substr(0,3)===""nc:"")&&(u=r.split("":""),u[1]===i))switch(u[2]){case""h"":t.style.height=u[3]+""px"";return;case""scrolltotop"":t.scrollIntoView();return}},!1)}for(var t,u,f,i,s,e=n.addEventListener?""addEventListener"":""attachEvent"",h=e===""attachEvent""?""onmessage"":""message"",o=n.document.querySelectorAll("".live-center-embed""),r=0;r<o.length;r++)(t=o[r],t.getAttribute(""data-rendered""))||(u=t.getAttribute(""data-src""),u&&(t.setAttribute(""data-rendered"",""true""),f=n.ncVizCounter||1e3,n.ncVizCounter=f+1,i=f+"""",s=""nc-frame-c-""+i,t.innerHTML=' ',c(t.firstChild,i)))})(window); LIVE! Watch UFC 319 PPV On ESPN+ Here! MIDDLEWEIGHT TITLE CAR CRASH! Ultimate Fighting Championship (UFC) continues its 2025 pay-per-view (PPV) schedule on Sat., Aug. 16, 2025, with a blockbuster title fight set to headline UFC 319 from inside United Center in Chicago, Illinois. In UFC 319’s PPV main event, Middleweight champion, Dricus du Plessis, defends his title against undefeated No. 3-ranked contender, Khamzat Chimaev, in a high-stakes, five-round battle of unbeaten UFC records. UFC 319’s PPV co-main event features a Featherweight showdown between Lerone Murphy and promotional newcomer, Aaron Pico, a high-profile free-agent signing stepping in on short notice. UFC 319 will also showcase a Welterweight clash between Geoff Neal vs. Carlos Prates, a Middleweight bout pitting Jared Cannonier vs. Michael Page, a Flyweight matchup featuring Tim Elliott vs. Kai Asakura, and much more! UFC 319’s start time is scheduled for 6 p.m. ET (“Early Prelims”), 8 p.m. ET (“Prelims” undercard), and 10 p.m. ET (PPV main card) Don’t miss a single second of EPIC face-punching action! Where to Buy: To check out the latest and greatest UFC 319: “Du Plessis vs. Chimaev” news and notes be sure to hit up our comprehensive event archive right here. For the updated and finalized UFC 319 fight card and PPV lineup click here.",2025-08-16,https://sports.yahoo.com/article/ufc-319-results-live-streaming-121500027.html?fr=sycsrp_catchall
UFC 319: Make your predictions for Dricus Du Plessis vs. Khamzat Chimaev,"UFC UFC 319: Make your predictions for Dricus Du Plessis vs. Khamzat Chimaev UFC returns to Chicago for first time in six years Matt Erickson MMA Junkie We want your predictions for UFC 319. Our staff picks feature includes the consensus picks from MMA Junkie readers. Simply cast your vote for each bout below, and we'll use the official tallies that are registered by Friday at noon ET (9 a.m. PT). Those reader consensus picks will be part of the main card staff predictions we release ahead of UFC 319 (pay-per-view, ESPN, ESPN+), which takes place Saturday at United Center in Chicago. Make your picks below. Dione Barbosa vs. Karine Silva - Records: Barbosa (8-3 MMA, 2-1 UFC), Silva (18-5 MMA, 4-1 UFC) - Division: Women’s flyweight - Rankings: Silva honorable mention - Odds (as of 08.11.25): Barbosa +140, Silva -180 Bryan Battle vs. Nursulton Ruziboev - Records: Battle (12-2 MMA, 7-1 UFC), Ruziboev (36-9-2 MMA, 4-1 UFC) - Division: Middleweight - Rankings: None - Odds (as of 08.11.25): Battle -185, Ruziboev +145 Edson Barboza vs. Drakkar Klose - Records: Barboza (24-12 MMA, 18-12 UFC), Klose (15-3-1 MMA, 9-3 UFC) - Division: Lightweight - Rankings: None - Odds (as of 08.11.25): Barboza -170, Klose +130 Alexander Hernandez vs. Chase Hooper - Records: Hernandez (16-8 MMA, 8-7 UFC), Hooper (16-3-1 MMA, 8-3 UFC) - Division: Lightweight - Rankings: None - Odds (as of 08.11.25): Hernandez +230, Hooper -310 Jessica Andrade vs. Loopy Godinez - Records: Andrade (26-14 MMA, 17-12 UFC), Godinez (13-5 MMA, 8-5 UFC) - Division: Women’s strawweight - Rankings: Andrade No. 5, Godinez No. 8 - Odds (as of 08.11.25): Andrade +145, Godinez -190 Gerald Meerschaert vs. Michal Oleksiejczuk - Records: Meerschaert (37-19 MMA, 12-11 UFC), Oleksiejczuk (20-9 MMA, 8-7 UFC) - Division: Middleweight - Rankings: None - Odds (as of 08.11.25): Meerschaert +195, Oleksiejczuk -260 Diego Ferreira vs. King Green - Records: Ferreira (19-6 MMA, 10-6 UFC), Green (32-17-1 MMA, 13-12-1 UFC) - Division: Lightweight - Rankings: None - Odds (as of 08.11.25): Ferreira -205, Green +160 Kai Asakura vs. Tim Elliott - Records: Asakura (21-5 MMA, 0-1 UFC), Elliott (20-14-1 MMA, 9-11 UFC) - Division: Flyweight - Rankings: Asakura No. 12 - Odds (as of 08.11.25): Asakura -340, Elliott +255 Jared Cannonier vs. Michael Page - Records: Cannonier (18-8 MMA, 11-8 UFC), Page (23-3 MMA, 2-1 UFC) - Division: Middleweight - Rankings: Cannonier No. 9 - Odds (as of 08.11.25): Cannonier +135, Page -175 Geoff Neal vs. Carlos Prates - Records: Neal (16-6 MMA, 8-4 UFC), Prates (21-7 MMA, 4-1 UFC) - Division: Welterweight - Rankings: Prates No. 14 - Odds (as of 08.11.25): Neal +200, Prates -265 Lerone Murphy vs. Aaron Pico - Records: Murphy (16-0-1 MMA, 8-0-1 UFC), Pico (13-4 MMA, 0-0 UFC) - Division: Featherweight - Rankings: Murphy No. 6, Pico honorable mention - Odds (as of 08.11.25): Murphy +125, Pico -160 Dricus Du Plessis vs. Khamzat Chimaev - Records: Du Plessis (23-2 MMA, 9-0 UFC), Chimaev (14-0 MMA, 8-0 UFC) - Division: Middleweight - Rankings: Du Plessis No. 1, No. 5 pound-for-pound; Chimaev No. 2, No. 13 pound-for-pound - Odds (as of 08.11.25): Du Plessis +165, Chimaev -215 UFC 319 fight card (as of Aug. 11, 2 p.m. ET) MAIN CARD (Pay-per-view, 10 p.m. ET) - Champ Dricus Du Plessis vs. Khamzat Chimaev – for middleweight title - Lerone Murphy vs. Aaron Pico - Geoff Neal vs. Carlos Prates - Jared Cannonier vs. Michael Page - Kai Asakura vs. Tim Elliott PRELIMINARY CARD (ESPN, ESPN+, 8 p.m. ET) - Diego Ferreira vs. King Green - Gerald Meerschaert vs. Michal Oleksiejczuk - Jessica Andrade vs. Loopy Godinez - Alexander Hernandez vs. Chase Hooper PRELIMINARY CARD (ESPN+, 6 p.m. ET) - Edson Barboza vs. Drakkar Klose - Bryan Battle vs. Nursulton Ruziboev - Dione Barbosa vs. Karine Silva - Alibi Idiris vs. Joseph Morales – “TUF 33” flyweight final - TBA – “TUF 33” welterweight final",2025-08-11,https://mmajunkie.usatoday.com/story/sports/ufc/2025/08/11/ufc-319-dricus-du-plessis-vs-khamzat-chimaev-middleweight-title-reader-predictions-picks/85615693007/
