title,text,publish_date,url
Walker tops Zhang at UFC Fight Night in Shanghai,"Johnny Walker spoiled Zhang Mingyang's homecoming party just as it was getting started early Saturday. Headlining the first UFC event in China in six years, Walker ended a skid of two straight knockout losses with a shocking knockout of his own in a comeback against the Chinese light heavyweight in the main event of UFC Fight Night in Shanghai. The 33-year-old Brazilian's second-round TKO ended a 12-fight winning streak by Zhang, who had not dropped an MMA bout since 2019 and had not even seen a second round since 2018. Zhang was fully in control throughout Round 1, landing some heavy shots and putting Walker on retreat. But Walker made it to the horn and came out for the second round with a different plan of attack: kicks to the calf. He landed a solid one that clearly affected Zhang, then connected with a second that collapsed the powerful striker, who came in riding a streak of nine straight first-round knockouts. From there, Walker (22-9, 1 NC) pounced on his damaged opponent for the ground-and-pound finish at 2:37 of the round. ""My kick is awesome, right?"" Walker said. He also briefly addressed the crowd with a few words of Chinese and gave respect to Zhang (19-7). ""A tough fighter from China, a lot of straight wins,"" he said. ""It's a really good experience to fight a guy that's very tough. You see, I'm durable. I got some punches in the face today and I keep coming, And then I got him. This is MMA. Amazing, right?"" Walker is unranked by ESPN but No. 13 in the official UFC rankings. Zhang sits one spot behind him. The co-main event was a clash of ranked featherweights, but the bout was fought at a 153-pound catchweight because Brian Ortega was unable to make the division's 146-pound weight limit. Even given the catchweight, Ortega showed little resistance against Aljamain Sterling, who cruised to a unanimous decision over five dominant rounds (50-45, 50-45, 50-45). It was noticeable right from the start that Sterling (25-5), a former bantamweight champion, was too quick for the two-time featherweight title challenger. Ortega (16-5, 1 NC) landed only 7% of his strikes (2 of 28) in the first round and was a step behind the rest of the way. Sterling, No. 9 in the ESPN rankings at 145 pounds, won his second fight in his past three after dropping his title in 2023, a loss that ended a nine-fight winning streak. For the fourth-ranked Ortega, it was his second straight loss and his fifth in his past seven fights. The fight card also included a matchup of heavyweights in the ESPN rankings, in which No. 6 Sergei Pavlovich took charge in the third round to get the better of ninth-ranked Waldo Cortes-Acosta (30-27, 29-28, 29-28). Pavlovich has won eight of his past 10 fights but lost to the champion, Tom Aspinall, less than two years ago.",2025-08-23,https://www.espn.com/mma/story/_/id/46056110/johnny-walker-upsets-zhang-mingyang-ufc-fight-night-shanghai
Johnny Walker vs. Zhang Mingyang full fight video highlights,"Watch Johnny Walker def. Zhang Mingyang full fight video highlights from UFC Shanghai’s light heavyweight showdown Saturday morning, courtesy of multiple outlets UFC Shanghai took place Aug. 23 at the Shanghai Indoor Stadium in Shanghai, China. Zhang Mingyang (19-7) and Johnny Walker (22-9, 1 no-contest) clashed in the main event, which aired live on ESPN+. Official result: Johnny Walker def. Zhang Mingling via second-round TKO (2:37) Check out the highlights below. For more on Ortega vs. Sterling, check out our live blog below. Round 1 This crowd is ready for this one, that’s for sure. We’re off. Johnny Walker tried a takedown attempt, and Zhang ran him over. Zhang on top in full control looking to do damage. Big elbow from Zhang. Walker desperately trying to hold Zhang’s arms, but Walker gets separation and back to his feet. Huge for Walker. Fastball right hand from Walker misses, Zhang grazes with a counter and it stings Walker. Right hand by Zhang wobbles Walker for a moment, Walker recovers while grabbing a clinch. Walker slowing the pace down, which is smart because Zhang is hurting him every time he lands, and he hasn’t landed anything fully clean yet. Zhang separates, jumping knee attempt from Walker. Zhang stalking Walker, lands a short right hand. Walker shoots for a takedown, Zhang defends easily, then lands a big elbow. Combination from Zhang doesn’t land flush, but definitely stung Walker. Final 30 seconds. Head kick from Zhang sneaks through the guard, and that’s the horn. First time in seven years Zhang will see a second round. MMAFighting scores the round 10-9 Zhang Round 2 Walker’s coach Eric Nicksick was telling his fighter what he’s seeing, and of course, the broadcast cuts away because who wants to hear interesting insight from one of the best coaches in the sport, right? Action slowing a touch at the start of Round 2. Zhang lands, and lands again. Everything he touches Walker with wobbles him. It’s pretty wild. Walker throws a calf kick, Zhang counters with a nasty right hand, but Zhang’s leg just went out on him. Walker pouncing on him now. Zhang trying to get back to his feet, but he simply can’t. His leg is cooked. Walker continues hammering away and Goddard stops it. Crazy!",2025-08-23,https://www.mmafighting.com/ufc/400520/johnny-walker-vs-zhang-mingyang-full-fight-video-highlights-ufc-shanghai
"UFC Shanghai results: Johnny Walker beats brakes off Zhang Mingyang, leaves him limping","UFC Shanghai results: Johnny Walker beats brakes off Zhang Mingyang, leaves him limping Johnny Walker and Zhang Mingyang brought weirdness, violence, and excitement to the cage in the UFC Fight Night 257 main event Saturday. The light heavyweight bout was scheduled for five rounds, but they all were not needed. Walker (22-9 MMA, 8-6 UFC) finished Zhang (19-7 MMA, 3-1 UFC) with a violent and diversified beatdown barrage for the stoppage at 2:37 of Round 2. The event took place at Shanghai Indoor Stadium in Shanghai, and those in attendance were silenced by the result. After a bizarre first round that saw Zhang edge Walker, who unsucessfully shot for a takedown in the first three seconds, Walker utilized a pair of leg kicks to sit Zhang down in Round 2. Zhang tried his hardest to survive as he nearly got back to his feet twice in the chaos. However, with his legal debilitated, Zhang was unable to dissuade the damage. Referee Marc Goddard stepped in and called off the fight. With the victory, Walker snaps a three-fight winless streak (two losses and one no contest). The victory was his first since he beat Anthony Smith by unanimous decision in May 2023. In defeat, Zhang loses for the first time in the UFC after promotional victories over Brendson Ribeiro, Ozzy Diaz, and Anthony Smith. Up-to-the-minute UFC Shanghai results: - Johnny Walker def. Zhang Mingyang via TKO (punches) – Round 1, 2:37 - Aljamain Sterling def. Brian Ortega via unanimous decision (50-45, 50-45, 50-45) - Sergei Pavlovich def. Waldo Cortes-Acosta via unanimous decision (30-27, 29-28, 29-28) - Su Mudaerji def. Kevin Borjas via unanimous decision (30-27, 30-27, 30-27) - Taiyilake Nueraji def. Kiefer Crosbie via TKO (strikes) – Round 1, 3:33 - Gauge Young def. Hayisaer Maheshate via unanimous decision (30-27, 29-28, 29-28) - Charles Johnson def. Lone'er Kavanagh via knockout (punches) – Round 2, 4:35 - Rong Zhu def. Austin Hubbard via unanimous decision (30-27, 29-28, 29-28) - Kyle Daukaus def. Michel Pereira via TKO (punches) – Round 1, 0:43 - Yi Zha def. Westin Wilson via knockout (punches) – Round 1, 0:37 - SuYoung You def. Xiao Long via unanimous decision (29-28, 29-28, 29-28) - Uran Satybaldiev def. Diyar Nurgozhay via submission (Ezekiel choke) – Round 1, 2:45",2025-08-23,https://mmajunkie.usatoday.com/story/sports/ufc/2025/08/23/ufc-shanghai-results-johnny-walker-vs-zhang-mingyang/85795265007/
UFC Shanghai: Johnny Walker vs Zhang Mingyang: Full results,"UFC Shanghai just wrapped up. The fight night took place on Aug. 23 at the Shanghai Indoor Stadium in the Xuhui District, China. The event featured 12 bouts across several weight classes. This article summarizes the fights and explores UFC Shanghai's full results. View this post on Instagram Instagram PostIn the main event, No.13-ranked UFC light heavyweight fighter Johnny Walker locked horns with China's Zhang Mingyang.Early in the fight, Mingyang had top control but failed to do much damage. Once both fighters were back on their feet, Walker attempted to load up his lead hook but could not land a fight-ending blow. However, he survived the round despite a few unsuccessful takedown attempts.In Round 2, Mingyang was landing the better strikes before Walker dropped the Chinese fighter with a low calf kick and finished him with a barrage of blows.The co-main event was a catchweight bout after Brian Ortega failed to make weight. Ortega took on former UFC bantamweight champion Aljamain Sterling. Sterling, who was the superior fighter on the night, defeated Ortega by a significant margin. From Round 1, he pieced up Ortega's lead leg and landed more significant strikes.In Round 3, Ortega accelerated his pace and started landing better shots. However, Sterling still won the round, punctuated by a spinning elbow.'T-City' then suffered severe facial injuries and was taken down in the final round. After five rounds, 'Funk Master' won the bout by unanimous decision.Right before the co-main event was a high-stakes heavyweight clash between No. 3-ranked Sergei Pavlovich and the surging No.6-ranked Waldo Cortes-Acosta.Although Pavlovich landed the more accurate and power-heavy shots throughout the fight, he was unable to finish Cortes-Acosta. The Dominican fighter showed remarkable chin and persevered till the end. After three rounds, Pavlovich won the bout by unanimous decision.In another explosive showdown on the main card, two unranked flyweights, Sumudaerji and Kevin Borjas, faced off. The battle was mostly contested on the feet. Sumudaerji exhibited excellent kicking and striking, with a variety of accurate attacks and mobility, and also stuffed all of Borjas' takedown attempts.After three rounds, all three judges scored the contest (30-27) in favor of Sumudaerji.In the main card opening bout, Chinese welterweight fighter Taiyilake Nueraji took on Ireland's Kiefer Crosbie. Nueraji landed an illegal knee strike while Crossbie was clearly down.However, the Irish fighter decided to continue, and as soon as action resumed, Neuraji did not waste time and collected a stoppage victory (elbows) in the 3:33 mark of Round 1.Check out the UFC Shanghai full results below:Main cardMain event: Light-heavyweight - Johnny Walker def. Zhang Mingyang by TKO (R2, 2:37)Co-main event: Catchweight - Aljamain Sterling def. Brian Ortega by unanimous decision (50-45 X 3)Heavyweight- Sergei Pavlovich def. Waldo Cortes-Acosta by unanimous decision (30-27, 29-28 X 2)Flyweight- Sumudaerji def. Kevin Borjas by unanimous decision (30-27 X 3)Welterweight- Taiyilake Nueraji def. Kiefer Crosbie by TKO (R1, 3:33)Preliminary cardLightweight: Gauge Young def. Maheshate by unanimous decision (30-27, 29-28, 29-28)Flyweight: Charles Johnson def. Lone'er Kavanagh by KO (R2, 4:35)Lightweight: Rongzhu def. Austin Hubbard by unanimous decision (30-27, 29-28, 29-28)Middleweight: Kyle Daukaus def. Michel Pereira by KO (R1, 0:43)Featherweight: Yi Zha def. Westin Wilson by KO (R1, 0:37)Bantamweight: SuYoung You def. Xiao Long by unanimous decision (29-28 X 3)Light heavyweight: Uran Satybaldiev def. Diyar Nurgozhay by submission (Ezekiel choke) (R1, 2:45)",2025-08-23,https://www.sportskeeda.com/mma/news-ufc-shanghai-johnny-walker-vs-zhang-mingyang-full-results
Zhang Mingyang vs. Johnny Walker result: Nasty leg kick leads to KO in UFC Shanghai main event,"Johnny Walker is back in the win column after scoring a unique knockout The long-time light heavyweight contender fought Zhang Mingyang in the UFC Shanghai main event on Saturday. After a tough first frame, Johnny Walker turned things around by landing two nasty kicks on his opponent’s calf. Zhang Mingyang dropped to the floor and tried to survive, but after a relentless follow-up attack, referee Marc Goddard waved the fight off at the midway point of round two. - LATEST NEWS: Conor McGregor’s teammate KO’d moments after opponent was deducted 2 points for vicious illegal knee Johnny Walker stops Zhang Mingyang Johnny Walker shot for an ill-advised takedown at the very start of the first round. Zhang Mingyang easily countered it before spending the next couple of minutes in top position. The Brazilian fan favorite spent most of the first five minutes switching between his obvious wrestling-heavy game plan and initiating wild exchanges to try to score a knockout. But he ended up getting cracked and hurt by several nasty shots from Zhang Mingyang. Walker looked like he might suffer a third successive KO loss as he continued to eat big shots in round two. However, everything changed when he landed back-to-back leg kicks to drop his pained rival. A huge barrage of punches followed, and Walker got his first win since beating Anthony Smith in May 2023. Johnny Walker’s losing streak Johnny Walker’s three-fight winning run was snapped at the very start of 2024. Future light heavyweight champion Magomed Ankalaev knocked him out during his rise up the 205lb ranks. The Brazilian tried to bounce back when he fought perennial contender Volkan Oezdemir a few months later. Unfortunately for Walker, he was brutally knocked out in the first round of his June 2024 clash with the heavy-handed fighter from Switzerland. 14 months later, Walker is back in the win column after an impressive performance at UFC Shanghai.",2025-08-23,https://bloodyelbow.com/2025/08/23/zhang-mingyang-vs-johnny-walker-result-nasty-leg-kick-leads-to-ko-in-ufc-shanghai-main-event/
Walker Hobbles Mingyang With Low Kick Barrage,"Mingyang Zhang vs. Johnny Walker squared off in a Light Heavyweight contest earlier tonight (Sat. Aug. 23, 2025) live on ESPN+ inside Shanghai Indoor Stadium in Shanghai, China. In a wild fight, Walker secured the knockout win. UFC Shanghai results: Johnny Walker hobbles Mingyang Zhang with vicious low kicks in upset knockout win Walker opened the match up with an immediate takedown attempt and was promptly reversed! Zhang landed in the guard and started chopping away with elbows. Walker was let up to his feet without eating too many shots, however. Zhang pressed hard and landed a right hand, prompting Walker to go for another takedown along the fence. He secured the body lock but couldn’t drag him down. Both men landed in a wild exchange, then Walker got back on his bike. He tried another running double leg and ate a hard elbow for his efforts. Against all odds, the fight made it to round two with nary a knockdown. Walker dug some low kicks to start the second. Zhang returned the favor. A right hand over the top sent Walker stumbling backwards. Out of nowhere, a Walker low kick badly hurt Mingyang! He fell to the floor in pain! Walker took top position and started raining down punches and hammer fists, trying to force a finish. Zhang survived and had a chance to stand, but he didn’t take it — clearly, the leg was gone. A few seconds later, he secured the finish officially with a last barrage of strikes. This was a classically weird Johnny Walker fight. He was getting beaten up for much of the fight, but a few hard low kicks turned off the lead leg of Mingyang Zhang. With a hurt opponent in front of him, Walker did great work in securing the comeback win with a nonstop onslaught of ground strikes. It didn’t work out exactly, but it was also good to see Walker mix up his offense with the wrestling. Result: Walker defeats Zhang via second-round knockout For complete UFC Shanghai results and play-by-play, click here.",2025-08-23,https://www.mmamania.com/ufc-results/384590/ufc-shanghai-results-johnny-walker-hobbles-mingyang-zhang-with-vicious-low-kicks-in-upset-knockout-win
"UFC Fight Night 257: Johnny Walker vs. Zhang Mingyang odds, picks and predictions","UFC Fight Night 257: Johnny Walker vs. Zhang Mingyang odds, picks and predictions In a 5-round light heavyweight bout in the main event, Johnny Walker and Zhang Mingyang meet Saturday at UFC Fight Night 257 -- also known as UFC on ESPN+ 115 -- at Mercedes-Benz Arena in Shanghai, China (ESPN+). The prelims begin at 3 a.m. ET, followed by the main card at 6 a.m. ET. Their bout is expected to start around 8:15 a.m. ET. Let's analyze BetMGM Sportsbook's UFC odds around the UFC Fight Night 257: Walker vs. Mingyang odds, and make our expert UFC picks and predictions. Records: Walker (21-9-0) | Mingyang (19-6-0) Walker is looking to halt a 2-bout losing skid. Both setbacks were in fight night events in 2024. In his last bout, he suffered a Round-1 KO/TKO defeat to Volkan Oezdemir in June 2024. Earlier that year in January, he lost a Round-2 KO/TKO to Magomed Ankalaev in a main event. He is just 4-6 in the past 11 bouts with 1 no contest. In 3 fights at the UFC level, Zhang has won 3 consecutive fights via KO/TKO, defeating Anthony Smith (April 2025), Ozzy Diaz (November 2024) and Brendson Ribeiro (February 2024). However, this is a giant step up in competition for the fighter representing Team Xtreme Couture known as ""Mountain Tiger."" Zhang gets his crack at the big time, but he is giving up 6.5 inches in reach. The 27-year-old Chinese fighter has managed a 10.91 significant-strikes-landed-per-minute advantage, while landing 65.50% of those strikes. However, that's all in 3 fights ending in Round 1, so that number is a bit inflated due to the short distance of those bouts. Walker has a 3.87 significant-strikes-landed-per-minute mark, while landing 58.53% of those strikes. He has a 0.45-takedown average and 0.89-submission average, showing his ability to get the job done in multiple ways. Watch this card with ESPN+ by signing up here. UFC Fight Night 257: Ortega vs. Zhang odds Provided by BetMGM Sportsbook; access USA TODAY Sports Scores and Sports Betting Odds hub for a full list. Lines last updated Friday at 7:55 p.m. ET. - Fight result (2-way line): Walker +300 (bet $100 to win $300) | Zhang -375 (bet $375 to win $100) - Total rounds: 1.5 rounds (Over +230 | Under -325) - Will the fight go the distance? (Yes +900 | No -3000) UFC Fight Night 257: Ortega vs. Zhang picks and predictions Fight result (2-way line or moneyline) Zhang (-375) heads into this battle as the heavy favorite, but WALKER (+300) has the experience and the reach advantage. Walker be able to push and pull Zhang in and out at his discretion, keeping him at a distance when things get too hot. Walker can tap into his tremendous experience at the UFC level, fighting 14 times. Yes, he is 3-2 in the past 6 bouts with a no contest and has been knocked out in the past 2 bouts. However, Zhang gives up more than a half foot in reach, and that's a bigger deal than the sportsbooks are considering. Play our free daily Pick’em Challenge and win! Play now! Over/Under No (-3000): Fight to go the distance? is obviously not a good wager ... as part of a multi-leg parlay or otherwise. But OVER 1.5 ROUNDS (+230) is worth a roll of the dice. While this shouldn't go the full 5 rounds, taking the fight to at least get past the midway point of Round 2 is a good bet at plus-money. WALKER IN ROUND 2 (+1400) and WALKER IN ROUND 3 (+3500) to get the victory is also worth a shot in a 2-round block bet. Sure, even if Walker pulls the upset with a win in Round 2 or 3, you'll lose one end, but you'll still be so far ahead, it is worth it. Visit MMA Junkie for more fight news and analysis. For more sports betting picks and tips, check out SportsbookWire.com and BetFTW. Follow Daniel Dobish on Twitter/X. Follow SportsbookWire on Twitter/X andus on Facebook. Gambling involves risk. Please only gamble with funds that you can comfortably afford to lose. While we do our utmost to offer good advice and information we cannot be held responsible for any loss that may be incurred as a result of gambling. We do our best to make sure all the information that we provide on this site is correct. However, from time to time mistakes will be made and we will not be held liable. Please check any stats or information if you are unsure how accurate they are. No guarantees are made with regards to results or financial gain. All forms of betting carry financial risk and it is up to the individual to make bets with or without the assistance of information provided on this site and we cannot be held responsible for any loss that may be incurred as a result of following the betting tips provided on this site. Past performances do not guarantee success in the future and betting odds fluctuate from one minute to the next. The material contained on this site is intended to inform, entertain and educate the reader and in no way represents an inducement to gamble legally or illegally or any sort of professional advice. Gannett may earn revenue from sports betting operators for audience referrals to betting services. Sports betting operators have no influence over nor are any such revenues in any way dependent on or linked to the newsrooms or news coverage. Terms apply, see operator site for Terms and Conditions. If you or someone you know has a gambling problem, help is available. Call the National Council on Problem Gambling 24/7 at 1-800-GAMBLER (NJ, OH), 1-800-522-4700 (CO), 1-800-BETS-OFF (IA), 1-800-9-WITH-IT (IN). Must be 21 or older to gamble. Sports betting and gambling are not legal in all locations. Be sure to comply with laws applicable where you reside. It is your sole responsibility to act in accordance with your local laws.",2025-08-22,https://sportsbookwire.usatoday.com/story/sports/ufc/2025/08/22/walker-vs-zhang-odds-picks-and-predictions/85782470007/
Highlights! Johnny Walker derails Zhang Mingyang hype train with brutal leg kick TKO | UFC Shanghai,"Highlights! Johnny Walker derails Zhang Mingyang hype train with brutal leg kick TKO | UFC Shanghai Zhang Mingyang got what they call “fraud checked” earlier today (Sat., Aug. 23, 2025) at UFC Shanghai LIVE on ESPN+ from inside the Shanghai Indoor Stadium in Shanghai, China, suffering an upset TKO (leg kicks and punches) to light heavyweight veteran Johnny Walker in the main event. Walker inexplicably shot for a takedown in the first two seconds of the fight and ended up on his back. From there, Mingyang landed some short ground-and-pound to jump out to an early lead. The veteran light heavyweight was able to get back to his feet only to have Mingyang score some clean elbows inside. Walker did find a home for a stiff jab, but he was beginning to trail. Mingyang let his hands go even more in the second round (his first second-round appearance since 2018) and ended up hurting Walker in the opening 90 seconds. Walker hung in tough, though, and badly hurt Mingyang with two nasty calf kicks. The Chinese contender dropped to the canvas as Walker started to tee off with heavy punches. The referee watched closely, but eventually had no choice but to jump in and stop the action. Walker, who was about a 3:1 betting underdog heading into Saturday’s main event, walked away with his first UFC win since May 2023. It was quite the comeback for the towering Brazilian finisher. Check out the video highlights below: For more UFC Shanghai results, coverage, and highlights click HERE.",2025-08-23,https://sports.yahoo.com/article/highlights-johnny-walker-derails-zhang-125818736.html?fr=sycsrp_catchall
Johnny Walker vs. Zhang Mingyang prediction: 'Mountain Tiger' taming set for UFC Shanghai?,"Johnny Walker vs. Zhang Mingyang prediction: 'Mountain Tiger' taming set for UFC Shanghai? MMA Junkie analyst Dan Tom goes in-depth to break down the biggest fights in the UFC. Today, he takes a closer look at the UFC Fight Night 257 main event between Johnny Walker and Zhang Mingyang. Johnny Walker UFC Fight Night 257 preview Staple info: - Record: 21-9 MMA, 7-6 UFC - Height: 6'6"" Age: 33 Weight: 205 lbs. Reach: 82"" - Last fight: Knockout loss to Volkan Oezdemir (June 22, 2024) - Camp: Xtreme Couture MMA (Las Vegas) - Stance/striking style: Orthodox/muay Thai - Risk management: Fair Supplemental info: - + Regional MMA titles - + Brazilian jiu-jitsu brown belt - + 16 KO victories - + 3 submission wins - + 17 first-round finishes - + KO power - + Athletic and agile for size - + Sporadic shot selection - ^ Flying knees to spinning assaults - + Strong inside the clinch - ^ Dangerous strikes, improved defense - + Serviceable grappling ability - ^ Solid strikes from topside Zhang Mingyang UFC Fight Night 257 preview Staple info: - Record: 19-6 MMA, 3-0 UFC - Height: 6'2"" Age: 27 Weight: 205 lbs. Reach: 75"" - Last fight: TKO win over Anthony Smith (April 26, 2025) - Camp: BangTao Muay Thai (Thailand) - Stance/striking style: Orthodox/muay Thai - Risk management: Fair Supplemental info: - + Wushu Sanda championship - + Brazilian jiu-jitsu blue belt - + Amateur MMA accolades - + 13 KO victories - + 6 submission victories - + 19 first-round finishes - + KO power - + Accurate shot slection - ^J abs, hooks, crosses - + Hard leg kicks and dangerous elbows - + Strong inside the clinch - + Serviceable wrestling ability - + Good ground-and-pound from topside Johnny Walker vs. Zhang Mingyang point of interest: Violence The main event in Shanghai features a pairing of two light heavyweights who are very familiar with violence. Storming onto the UFC stage with a slew of violent stoppages is Zhang Mingyang. Despite hailing from a Sanda background, Zhang has steadily moved away from the bounce-step and spins associated with that art. Instead, Zhang has been leaning more toward boxing and muay Thai tactics in more recent years. At range, Zhang will measure with a prodding jab while whipping leg kicks with impunity. And once Zhang can enter the pocket, the Chinese fighter appears to keep vicious crosses and hooks on a hair-trigger. When feeling in stride, Zhang will unsheath some sharp elbow skills – both in the clinch and off the counter. Still, defense doesn’t appear to be a strong suit for Zhang, so the 27-year-old will need to be respectful of what’s coming back at him when standing across from a customer like Johnny Walker. An offensive marauder who towers over the majority of his peers, Walker brings a lot to the table if you’re a fan of explosive freak shows. Whether he’s parlaying spinning kicks into backfists or launching flying knees up the middle, Walker hits as hard as the liquor that his name is associated with. Between the Brazilian wildman’s aggressive nature to the nomadic history of his training camps, there’s not a lot of process in Walker’s game to speak of. Walker, in his defense, did show a bit more measured and processed version of himself when working with the SBG Ireland team, but those changes didn’t add much depth to his overall game (much less help improve his results). Since then, Walker has spent the last year working with Eric Nicksick and the Xtreme Couture MMA team in Las Vegas, Nevada. Not only is Nicksick a top-tier coach who has shown the ability to improve athletes of all levels, but Xtreme Couture is one of the best gyms on the planet when it comes to finding large, top-level training partners to work with. For that reason, I’ll be extra curious to see what kind of Walker we get this weekend. Johnny Walker vs. Zhang Mingyang breakdown: Potential grappling threats Considering the chaos that both of these two are prone to on the feet, no one should be shocked if this party hits the floor this Saturday. Despite not showing much of his grappling chops in the octagon, Zhang appears to be fairly well-trained in the wrestling department. Zhang may be at the level where he looks fluid in any sort of extended exchange, but the Chinese fighter’s head seems to be in the right place when it comes to first-layer defense and attacks. And when Zhang can get to the bodylock, he can competently hoist the hips of his opponent to take them down. Although Walker is not beyond being taken down, he has worked hard on his counter-wrestling in order to complement his already dangerous clinch work. Embracing the double-collar tie with a long and strong frame to boot, Walker effortlessly doles out knees and elbows from this position that can end a fight in an instant. And despite not being known for hitting takedowns, Walker has shown serviceable takedown abilities in both the open and from the clinch (areas I suspect that will only improve after training at a place like Xtreme Couture MMA). Should Walker find himself operating on top early, then Zhang will need to demonstrate good technique and urgency opposite a legitimate Brazilian jiu-jitsu brown belt who can offer some serious strikes and submission threats from topside. Johnny Walker vs. Zhang Mingyang odds The oddsmakers and the public are heavily favoring the Chinese fighter, listing Zhang -355 and Walker +270 via FanDuel. Johnny Walker vs. Zhang Mingyang prediction, pick Despite not disagreeing with who is favored in this spot, I warn anyone looking to empty their bankrolls on Zhang to win given the trap-fight feels attached. As impressive as Zhang has looked offensively, we have yet to see his defense under any real scrutiny in the octagon due to the context of his small sample size. I know we’ve seen Walker knocked out repeatedly at this level, but lest we forget that Zhang was knocked dead by the notoriously fraudulent Askar Mozharov on the Chinese regionals. Should Zhang turn out to be just another version of the glass cannons that have traditionally littered the light heavyweight division, then none of us should really be surprised. That said, I do suggest leaving some room to be surprised when it comes to Walker. All bias aside, I truly believe that he’s finally getting proper training in what is a rich environment for a fighter of his size. And though I kinda wish he would try his luck at heavyweight, I can’t hate the year off he’s taken to rest and re-strategize his training. Still, despite biasedly hoping for Walker and coach Nicksick to score the big upset, the analyst in me can’t ignore the chin issues of Walker and the danger that Zhang presents. I hope I’m wrong, but the official pick is Zhang by knockout in Round 2. Prediction: Mingyang inside the distance Johnny Walker vs. Zhang Mingyang start time, how to watch As the main event, Walker and Mingyang are expected to make their walks to the octagon at approximately 8:15 a.m. ET. The fight streams live on ESPN+.",2025-08-22,https://mmajunkie.usatoday.com/story/sports/ufc/2025/08/22/ufc-shanghai-johnny-walker-vs-zhang-mingyang-expert-prediction-pick-odds-time/85779602007/
UFC Shanghai live blog: Johnny Walker vs. Zhang Mingyang,"This is the live blog for Johnny Walker vs. Zhang Mingyang, the light heavyweight main event for Saturday’s UFC Shanghai fight card at Shanghai Indoor Stadium. Walker looks to snap a three-fight winless streak, which includes consecutive knockout losses to current champ Magomed Ankalaev and past title challenger Volkan Oezdemir. Walker is set for his 15th octagon appearance, and is in a near must-win situation if he hopes to remain a fighter that could contend for a world championship in the future. Mingyang gets his first UFC main event in just his fourth octagon appearance. The Road To UFC standout is 3-0 inside the octagon with three finishes, and a trio of Performance of the Night bonuses to boot. The 28-year-old stopped Anthony Smith in his retirement fight at UFC Kansas City in April and has knocked out his past nine opponents. Check out the live blog for Johnny Walker vs. Zhang Mingyang below. Closing Betting Odds According to FanDuel, Zhang Mingyang closes as a huge favorite at -370, with the comeback on Walker at +295. Final Prediction I think Johnny Walker will try and be more fun in this fight. Unfortunately, Zhang is going to hit the chin of his clean at some point, and when he does, the fight is going to be over moments later. A thrilling three or so minutes of action ends with Zhang brutally knocking Walker out in the first round. Walkouts As expected, massive ovation for Zhang Mingyang as he makes his first UFC main event walk. Walker makes his way to the octagon with some loud EDM music that has the Shanghai crowd having a good time. And here comes the dance moves for Walker. Final Announcements Joe Martinez getting everybody fired up. Marc Goddard is the referee for this main event, while the judges scoring the bout are Ben Cartlidge, David Tirelli and Clemons Werner. Round 1 This crowd is ready for this one, that’s for sure. We’re off. Johnny Walker tried a takedown attempt, and Zhang ran him over. Zhang on top in full control looking to do damage. Big elbow from Zhang. Walker desperately trying to hold Zhang’s arms, but Walker gets separation and back to his feet. Huge for Walker. Fastball right hand from Walker misses, Zhang grazes with a counter and it stings Walker. Right hand by Zhang wobbles Walker for a moment, Walker recovers while grabbing a clinch. Walker slowing the pace down, which is smart because Zhang is hurting him every time he lands, and he hasn’t landed anything fully clean yet. Zhang separates, jumping knee attempt from Walker. Zhang stalking Walker, lands a short right hand. Walker shoots for a takedown, Zhang defends easily, then lands a big elbow. Combination from Zhang doesn’t land flush, but definitely stung Walker. Final 30 seconds. Head kick from Zhang sneaks through the guard, and that’s the horn. First time in seven years Zhang will see a second round. MMAFighting scores the round 10-9 Zhang Round 2 Walker’s coach Eric Nicksick was telling his fighter what he’s seeing, and of course, the broadcast cuts away because who wants to hear interesting insight from one of the best coaches in the sport, right? Action slowing a touch at the start of Round 2. Zhang lands, and lands again. Everything he touches Walker with wobbles him. It’s pretty wild. Walker throws a calf kick, Zhang counters with a nasty right hand, but Zhang’s leg just went out on him. Walker pouncing on him now. Zhang trying to get back to his feet, but he simply can’t. His leg is cooked. Walker continues hammering away and Goddard stops it. Crazy! Official Result: Johnny Walker def. Zhang Mingyang via TKO - Round 2, 2:37 Post-Fight: Walker says he’s beginning a real title run this time, and then calls out Jan Blachowicz.",2025-08-23,https://www.mmafighting.com/ufc/400525/ufc-shanghai-live-blog-johnny-walker-vs-zhang-mingyang
"UFC Fight Night results: Johnny Walker upsets Zhang Mingyang, Aljamain Sterling calls for title shot","UFC Fight Night results: Johnny Walker upsets Zhang Mingyang, Aljamain Sterling calls for title shot UFC Fight Night in Shanghai delivered For all of the hype surrounding first-round knockout artist and Chinese light heavyweight prospect Zhang Mingyang, all it took was a second-round rally from the always unpredictable Johnny Walker to provide a heat check during Saturday's UFC Fight Night main event in Shanghai. Walker (22-9, 1 NC), the explosive Brazilian striker, survived a particularly hairy opening round before attacking the calves of Zhang (19-7) with a series of hard kicks that dropped him in Round 2. A flurry of punches from Walker followed until referee Marc Goddard stopped the bout at 2:37 inside Shanghai Indoor Stadium. ""Bro, I just kicked him,"" Walker said, with his patented cartoonish enthusiasm. ""My kick is awesome, right?"" Walker, 34, shook off a two-fight losing skid with the win following stoppage defeats to current champion Magomed Ankalaev and Volkan Oezdemir. But the bigger story surrounded the crumbling of the 27-year-old Zhang, who fought beyond Round 1 for the first time in 16 fights in a streak that dated back to 2018. Zhang snapped a 12-fight win streak with the loss and it came at a time where ""Mountain Tiger"" appeared poised for a major push into title contention, which included this headlining role in his home country. After scoring a first-round knockout in 2022 during Season 1 of ""Road to the UFC,"" Zhang won all three of his first UFC fights by first-round stoppage, including a dominant finish of former title challenger Anthony Smith in April. For much of the first round on Saturday, Zhang looked the part of future destroyer in a division that could certainly use an influx of young talent to climb into title contention. After Walker met Zhang's attempt to touch gloves to start the fight with a sneaky double-leg takedown attempt, Zhang instantly reversed into top position and landed strikes. Zhang did well to duck a series of wild punch attempts from Walker to counter clean and twice wobbled Walker with heavy hooks. Late in the round, Zhang stuffed a takedown attempt from Walker and landed a massive lead elbow in the clinch. Walker, to his credit, never panicked or lost his composure. He landed a stiff jab to draw blood from the nose of Zhang early in Round 2 before visibly hurting and dropping Zhang following a series of hard calf kicks to the lead leg. Hammer strikes followed from Walker as Goddard gave Zhang every opportunity to survive on the ground while Walker wailed away from a standing position. A stiff right hand caused damage around the eye of Zhang before Goddard finally stepped in to call the fight, leading to Walker's patented worm celebration in the center of the Octagon. Asked after the fight if he had identified leg kicks as a weakness in Zhang during training camp, Walker said no. ""Training is training and fighting is fighting,"" Walker said. ""You can not take nothing from training. We just train to help each other, we do not fight with our full potential."" Walker began his UFC run with three explosive wins via stoppage in Round 1 and looked to be on the verge of a title shot until he was finished in the opening round by Corey Anderson in 2019. A run of four defeats in five bouts followed as Walker continued to trade win streaks with losing steaks immediately after, as he bounced around from training with SPG and John Kavanagh in Ireland before finding his most recent home with Erick Nicksick and Extreme Couture in Las Vegas. ""Listen, I did three runs for the title already but I missed,"" Walker said. ""Now is the definition of title shot run. I want to see the legend die, the Polish power [Jan Blachowicz]. You see what happened the last time you met a Brazilian in the Octagon, right? This makes me very happy to defeat a tough fighter from China who has a lot of big wins. I got some punches in the face today and I keep coming and then I got him. This is amazing, right? It's MMA."" Walker scored a stoppage victory for the 20th time in 22 wins since making his pro debut in 2013. Aljamain Sterling shuts out Brian Ortega, calls for featherweight title shot In a performance that was more about efficiency than entertainment, former bantamweight champion Aljamain Sterling pitched a shutout over five rounds and held off a late rally from Brian Ortega in their non-title, co-main event. The originally scheduled featherweight bout was changed to a 153-pound catchweight after Ortega (16–5, 1 NC) badly missed weight on Friday and looked wobbly on his feet during their faceoff just one day before the fight. Even though Ortega, 34, still had enough left in the tank for the full 25-minute fight, he started excruciatingly slow (landing just two strikes in Round 1) and didn't pick up the pace until he was already down three rounds on the scorecards. Sterling (25-5) was booed at times during the championship rounds for choosing to constantly circle away from Ortega, even drawing a warning from referee Herb Dean in Round 5 for avoiding conflict. But the ""Funk Master"" had still easily done enough over the five rounds to secure the victory with smart boxing from the outside and a dedicated calf kick attack which left Ortega's lead left leg noticeably discolored. All three judges scored the fight 50-45 for Sterling, who improved to 2-1 at featherweight following his 2023 stoppage loss to Sean O'Malley which ended Sterling's two-year reign as 135-pound champion. ""I think their gameplan was to gas me out late because I have had a tendency to gas in the past,"" Sterling said. ""But 135 is a much different weight class with a much different weight cut. I still got a little tired there. I'm older now. The gas tank isn't what it used to be but I'm still pushing. I still put on a great performance. I wasn't trying to get knocked out in China."" Sterling briefly dropped Ortega with a hard low kick in the opening round. The sustained damage to Ortega's lead leg began to open up more boxing opportunities for Sterling, who strategically avoided exchanging with Ortega and relied on his footwork to escape any vulnerable positions whenever Ortega was able to cut off the cage. A looping right hand from Sterling damaged the left eye of Ortega in Round 2. Sterling added even more visible damage to Ortega's face in Round 4 when a standing clinch along the cage ended with Sterling in a dominant position on the ground landing heavy strikes. Ortega appeared to briefly hurt Sterling with a right hand in Round 5 that forced Sterling to exclusively circle away. But Ortega, despite pushing the pace heavily late, was unable to find any true momentum in his attempt at yet another rally to finish the bout. Despite a close decision loss in December to top contender Movsar Evloev, Sterling called for a shot at Alexander Volkanovski's featherweight title after the win. ""I think I have done enough in this game, I have been around the block and I have defended my belt the most in bantamweight history,"" Sterling said. ""I'm tied for the most bantamweight wins in UFC history. I came to featherweight, I think I did my damn thing against a really tough dude who fought for the belt twice. Respect, Volkanovski is the f___ing man but I would love an opportunity to fight for the belt again.""",2025-08-23,https://www.cbssports.com/mma/news/ufc-fight-night-results-johnny-walker-upsets-zhang-mingyang-aljamain-sterling-calls-for-title-shot/
"UFC Fight Night 257 Predictions, Picks & Betting Odds | Pickswise","UFC Fight Night 257 takes place on Saturday at the Shanghai Indoor Stadium in China. This card features a UFC Light Heavyweight fight between Johnny Walker and Zhang Mingyang as the Main Event. Here are our best bets for this UFC card, which will include 3 fights on the Main Card. Be sure to also check out the rest of our UFC predictions for all of the UFC Fight Night 257 Main Card fights. UFC Fight Night 257 Main Card Best Bets UFC best bet: Johnny Walker vs. Zhang Minyang – Fight to End in Round 1 (-200) Odds courtesy of DraftKings Sportsbook at the time of publishing. The Main Event at UFC Fight Night 257 will see Johnny Walker take on Zhang Mingyang in the UFC Light Heavyweight division. Walker enters this fight with an MMA record of 21-9 and 8-6 in the UFC. As for Mingyang, he enters this fight with an MMA record of 19-6 and 4-0 in the UFC. Since Mingyang is the overwhelming favorite, we will target this fight to end in the first round. Mingyang has seen all 4 of his UFC fights end in the first round, while Walker has seen 9 of his 14 UFC fights do the same. Because both of these fighters have seen most of their fights end in the first round, backing the same here will be our play. Read our full Johnny Walker vs Zhang Mingyang prediction UFC prediction: Brian Ortega vs Aljamain Sterling: Fight to go the Distance – Yes (-200) Odds courtesy of DraftKings Sportsbook at the time of publishing The Co-Main Event at UFC Fight Night 257 will see Brian Ortega take on Aljamain Sterling in the UFC Featherweight division. Ortega enters this fight with an MMA record of 16-4 and 8-4 in the UFC. As for Sterling, he enters this fight with an MMA record of 24-5 and 16-5 in the UFC. Sterling has been labeled the heavy favorite; therefore, we will be targeting this fight to go the distance. Both Ortega and Sterling have seen 3 of their last 5 UFC fights go the distance, so backing the same here will be our play. Read our full Brian Ortega vs Aljamain Sterling prediction UFC pick: Sergei Pavlovich vs Waldo Cortes-Acosta: Fight to go the Distance – No (-195) Odds courtesy of DraftKings Sportsbook at time of publishing The third fight on the Main Card at UFC Fight Night 257 will see Sergei Pavlovich take on Waldo Cortes-Acosta. This will be a fight in the UFC Heavyweight division. Pavlovich enters this fight with an MMA record of 19-3 and 7-3 in the UFC. As for Cortes-Acosta, he enters this fight with an MMA record of 14-1 and 8-1 in the UFC. Pavlovich is the heavy favorite; therefore, we will be targeting this fight to end inside the distance. Waldo-Cortes has seen just 2 of his last 5 UFC fights end inside the distance; however, Pavlovich has seen 8 of his 10 UFC fights do the same. For that reason, backing this fight to also end inside the distance will be our play. Read our full Sergei Pavlovich vs Waldo Cortes-Acosta prediction",2025-08-20,https://www.pickswise.com/news/ufc-fight-night-257-johnny-walker-vs-zhang-mingyang-picks-predictions-and-best-bets-walker-and-mingyang-is-store-for-a-quick-fight/
"UFC Fight Night prediction -- Johnny Walker vs. Zhang Mingyang: Fight card, start time, odds, live stream","UFC Fight Night prediction -- Johnny Walker vs. Zhang Mingyang: Fight card, start time, odds, live stream Walker and Zhang headline UFC's return to Shanghai, with Brian Ortega vs. Aljamain Sterling in the co-main event A knockout is highly probable when Johnny Walker and Zhang Mingyang enter the Octagon. Zhang notches his first UFC Fight Night main event on Saturday with support from his countrymen in Shanghai. Walker (21-9, 1 NC) has his back against the wall again. Walker showed maturity in his recent three-fight winning streak with improved patience, but he is on another two-fight skid after Magomed Ankalaev and Volkan Oezdemir knocked him out. Once considered a future contender, Walker sees himself in Zhang. ""I [beat] a lot of guys, and when I reached the top, I wasn't [at that] level yet, and I lost,"" Walker said at Thursday's media day. ""So he's just too young, I believe, to beat me now. He needs more experience. I know he's a challenge. It's going to be a big test for him and for me too."" Zhang (19-6) is a mysterious addition to the light heavyweight elite. He's consecutively finished 12 opponents in Round 1, including three in the UFC. His most recent trashing sent Anthony Smith into retirement. There are important questions about Zhang's overall game, but Walker seems eager to meet his opponent's striking head-on. ""I expect a toe-to-toe, bloody war,"" Zhang told CBS Sports through an interpreter. ""Both of us need a win. Johnny is not in a good position after losing his last two fights. I need a win to climb up. Both of us are very hungry for a win. This is a fight: there will always be a winner and a loser. This is our job, but I only want to bring an exciting fight to fans."" Saturday's co-main event is intriguing. Brian Ortega and Aljamain Sterling are two of the best featherweight grapplers. Sterling specializes in chaining takedowns and attaining back control; meanwhile, Ortega has nasty submissions from the bottom. Ortega's weathered chin has limited his dynamic striking, but that shouldn't be an issue against Sterling, who's not a knockout threat. Their five-round fight is complicated by Ortega's weight miss, with the fight now taking place at lightweight. Below is the rest of the fight card for Saturday, with the latest odds before we predict the main event. UFC Fight Night card, odds | Favorite | Underdog | Weight class | |---|---|---| | Zhang Mingyang -350 | Johnny Walker +275 | Light heavyweight | | Aljamain Sterling -400 | Brian Ortega +310 | Lightweight | | Sergei Pavlovich -250 | Waldo Cortes Acosta +205 | Heavyweight | | Sumudaerji -180 | Kevin Borjas +150 | Flyweight | | Taiyilake Nueraji -470 | Kiefer Crosbie +360 | Welterweight | UFC Fight Night viewing information Date: Aug. 23 | Start time: 6 a.m. ET (main card) Location: Shanghai Indoor Stadium -- Shanghai TV channel: ESPN+ Prediction Johnny Walker vs. Zhang Mingyang: I'm always hesitant about fighters with long first-round KO streaks. How will their stamina hold up after Round 1? What happens when they are taken down? How about when they meet a more technically advanced striker? These are crucial questions for gauging Zhang's long-term potential, but they aren't crucial to this fight. Walker's style plays into Zhang's strengths. Zhang wields superior power, striking accuracy and defense. That, combined with Walker's crumbling chin, makes it hard to side with the veteran from Brazil. Walker isn't hopeless, though. He's probably the most skilled striker Zhang has faced. Walker's wrestling isn't advanced enough to be a reliable tool, but he should incorporate it to empower his striking. Maximizing Walker's seven-inch reach and four-inch height advantage is imperative to his success. I don't know what Zhang's ceiling is, but he's got a great game to neutralize an inconsistent Walker. Zhang via KO1",2025-08-22,https://www.cbssports.com/mma/news/ufc-fight-night-prediction-johnny-walker-vs-zhang-mingyang-fight-card-start-time-odds-live-stream/
"Johnny Walker Vs. Zhang Mingyang: – Fight Card, Betting Odds, Start Time","Johnny Walker vs. Zhang Mingyang: – Fight Card, Betting Odds, Start Time All the fights for Johnny Walker vs. Zhang Mingyang in Shanghai, on Saturday, 23rd August 2025. With betting odds, start time, date, fight card, and information on how to watch. - Event: Johnny Walker vs. Zhang Mingyang - Date: Sat, August 23, 2025 - Location: Mercedes-Benz Arena, Shanghai, China - Broadcast: ESPN PPV Main Event 6 a.m. ET Prelims 3 a.m. - Broadcast in the UK: TNT Sports 11 a.m. GMT Prelims 8 a.m. Johnny Walker vs. Zhang Mingyang Full Fight Card Main Card - Johnny Walker vs. Zhang Mingyang: Light Heavyweight Main Event - Brian Ortega vs. Aljamain Sterling: Featherweight - Sergei Pavlovich vs. Waldo Cortes-Acosta: Heavyweight - Sumudaerji vs. Kevin Borjas: Flyweight - Taiyilake Nueraji vs. Kiefer Crosbie: Welterweight Prelims - Maheshate vs. Gauge Young: Lightweight - Charles Johnson vs. Lone’er Kavanagh: Flyweight - Rongzhu vs. Austin Hubbard: Lightweight - Michel Pereira vs. Kyle Daukaus: Middleweight - Yizha vs. Westin Wilson: Featherweight - Xiao Long vs. SuYoung You: Bantamweight - Uran Satybaldiev vs. Diyar Nurgozhay: Light Heavyweight *Fight card, bout order, and number of fights are subject to change Johnny Walker vs. Zhang Mingyang Tale of the Tape | Name: | Johnny Walker | Zhang Mingyang | | Country: | Brazil | China | | Age: | 33 | 27 | | Height: | 6 ft 5 in (1.96 m) | 6 ft 2 in (1.88 m) | | Weight: | 206 lb (93 kg; 14.7 st) | 205 lb (93 kg; 14 st 9 lb) | | Reach: | 82 in (208 cm) | 75 in (191 cm) | Betting Odds The upcoming UFC fight between Johnny Walker and Zhang Mingyang is set to headline UFC Fight Night on August 23, 2025, at the Shanghai Indoor Stadium in Shanghai, China. This fight is particularly significant as it marks Zhang Mingyang’s first UFC main event and is a huge step in his rising career in the light heavyweight division. According to Betway, China’s Zhang Mingyang is listed at 2/7 with Johnny Walker at 11/4. The betting odds for the UFC fight between Johnny Walker and Zhang Mingyang heavily favor Zhang Mingyang. As of August 2025, Zhang is the strong favorite with odds around -350 to -400, depending on the sportsbook, meaning you would need to bet about $350 to $400 to win $100 on him. In contrast, Johnny Walker is the underdog with odds roughly between +275 and +310, so a $100 bet on Walker could win you $275 to $310 if he pulls off an upset. The expected method of victory from betting predictions mainly leans toward Zhang winning by knockout, particularly in the first round, continuing his trend of quick finishes. Walker is known for his explosive striking but has vulnerabilities that could make him susceptible to a knockout in return. Over time, Walker’s odds have declined due to his recent performances and losses, while Zhang’s have improved as he climbed the ranks and racked up impressive UFC finishes. The line has stabilized with Zhang consistently favored as fight day approaches. Some suggest that there could be value in betting on Walker for an underdog payout, but the consensus remains that Zhang is the safer bet given his current form and knockout streak. Stylistically, this battle pits Walker’s height, reach, and unpredictable striking against Zhang’s aggression, power, and finishing prowess. Analysts expect Walker to try and use his jab and reach to keep Zhang at bay, but if Zhang can close the distance and get inside, his power could be devastating, especially given Walker’s history of knockout losses. The stakes for this fight are high, particularly for Zhang, who looks to cement himself as a serious contender in the UFC light heavyweight division after a string of swift knockouts. For Walker, it’s about proving he still belongs at this level and using his size and reach to counter Zhang’s aggression while avoiding getting caught by Zhang’s powerful strikes. The fight will be broadcast live from Shanghai on August 23, 2025. Start date and time Johnny Walker vs. Zhang Mingyang takes place on Saturday, 23rd August 2025, at the Mercedes-Benz Arena in Shanghai. The main card will start at 6 a.m. ET. In the UK, the main card starts at 11 a.m. GMT. Tickets If you are lucky enough to be near Shanghai i or plan to attend Johnny Walker vs. Zhang Mingyang at the Mercedes-Benz Arena, tickets are available here. PPV Price and Live Streams Johnny Walker vs. Zhang Mingyang is live on ESPN+. In the UK, you will be able to watch it on TNT Sports. What is Next after Johnny Walker vs. Zhang Mingyang The next event after Johnny Walker vs. Zhang Mingyang is Nassourdine Imavov vs. Caio Borralho on September 6th at the Accor Arena, Paris, France.",2025-08-20,https://www.lowkickmma.com/johnny-walker-vs-zhang-mingyang-fight-card-betting-odds-start-time/
UFC Shanghai predictions: Who’s picking Johny Walker to upset Zhang Mingyang?,"UFC UFC Shanghai predictions: Who’s picking Johny Walker to upset Zhang Mingyang? Matt Erickson MMA Junkie The UFC is back in China with a rising light heavyweight star at the top of the bill. UFC Fight Night 257 (ESPN+) takes place Saturday at Mercedes-Benz Arena in Shanghai. Get pick results from our 11 editors, writers, radio hosts and videographers, as well as additional analysis, below. Kiefer Crosbie vs. Taiyilake Nueraji - Records: Crosbie (10-5 MMA, 0-2 UFC), Nueraji (11-1 MMA, 0-0 UFC) - Division: Welterweight - Rankings: None - Odds (as of 08.22.25): Crosbie +385, Nueraji -500 - Junkie pick results: Nueraji 11, Crosbie 0 Kevin Borjas vs. Su Mudaerji - Records: Borjas (10-3 MMA, 1-2 UFC), Mudaerji (17-7 MMA, 4-4 UFC) - Division: Flyweight - Rankings: None - Odds (as of 08.22.25): Borjas +150, Mudaerji -180 - Junkie pick results: Mudaerji 6, Borjas 5 Waldo Cortes-Acosta vs. Sergei Pavlovich - Records: Cortes-Acosta (14-1 MMA, 7-1 UFC), Pavlovich (19-3 MMA, 7-3 UFC) - Division: Heavyweight - Rankings: Pavlovich No. 5, Cortes-Acosta No. 8 - Odds (as of 08.22.25): Cortes-Acosta +190, Pavlovich -250 - Junkie pick results: Pavlovich 8, Cortes-Acosta 3 Brian Ortega vs. Aljamain Sterling - Records: Ortega (16-4 MMA, 8-4 UFC), Sterling (24-5 MMA, 16-5 UFC) - Division: Lightweight - Rankings: Ortega No. 5, Sterling No. 12 - Odds (as of 08.22.25): Ortega +300, Sterling -375 - Junkie pick results: Sterling 11, Ortega 0 Johnny Walker vs. Zhang Mingyang - Records: Walker (21-9 MMA, 7-6 UFC), Mingyang (19-6 MMA, 3-0 UFC) - Division: Light heavyweight - Rankings: Mingyang No. 15, Walker honorable mention - Odds (as of 08.22.25): Walker +280, Mingyang -350 - Junkie pick results: Mingyang 10, Walker 1 Individual staff member picks, main card Readers 120-75: Mingyang (80%), Sterling (68%), Pavlovich (75%), Mudaerji (55%), Nueraji (80%) - Ken Hathaway 126-69: Mingyang, Sterling, Pavlovich, Mudaerji, Nueraji - Nolan King 126-69: Mingyang, Sterling, Pavlovich, Mudaerji, Nueraji - Mike Bohn 126-69: Mingyang, Sterling, Pavlovich, Mudaerji, Nueraji - Abbey Subhan 122-73: Mingyang, Sterling, Pavlovich, Borjas, Nueraji - Farah Hannoun 122-73: Mingyang, Sterling, Pavlovich, Borjas, Nueraji - Simon Samano 119-76: Mingyang, Sterling, Cortes-Acosta, Mudaerji, Nueraji - Brian Garcia 118-77: Mingyang, Sterling, Pavlovich, Borjas, Nueraji - Matt Erickson 117-78: Mingyang, Sterling, Cortes-Acosta, Mudaerji, Nueraji - Danny Segura 115-80: Mingyang, Sterling, Cortes-Acosta, Borjas, Nueraji - Matthew Wells 113-82: Mingyang, Sterling, Pavlovich, Mudaerji, Nueraji - George Garcia 107-88: Walker, Sterling, Pavlovich, Borjas, Nueraji Preliminary card picks Although they don't count toward the standings, MMA Junkie staff members still pick the fights on the prelims. Here are the results: - Hayisaer Maheshate vs. Gauge Young: Maheshate 10, Young 1 - Charles Johnson vs. Lone'er Kavanagh: Kavanagh 9, Johnson 2 - Austin Hubbard vs. Rong Zhu: Zhu 9, Hubbard 2 - Kyle Daukaus vs. Michel Pereira: Pereira 10, Daukaus 1 - Yi Zha vs. Westin Wilson: Zha 6, Wilson 5 - Xiao Long vs. SuYoung You: You 11, Long 0 - Diyar Nurgozhay vs. Uran Satybaldiev: Satybaldiev 7, Nurgozhay 4",2025-08-22,https://mmajunkie.usatoday.com/story/sports/ufc/2025/08/22/ufc-shanghai-johnny-walker-vs-zhang-mingyang-predictions-picks-mma-betting/85779139007/
"Johnny Walker stuns Zhang Mingyang, delivers ground and pound finish in UFC Shanghai main event","Johnny Walker pulled off an unexpected upset win to spoil Zhang Mingyang’s homecoming in the UFC Shanghai main event on Saturday. Johnny Walker stuns Zhang Mingyang, delivers ground and pound finish in UFC Shanghai main event After eating some hard shots on the feet and on the ground in the opening round, Walker turned the tables after he connected with back-to-back calf kicks that had Zhang limping before crumbling to the canvas. From there, Walker followed him to the ground where he unloaded a barrage of punches and elbows with Zhang eventually fading from the damage done. Referee Marc Goddard finally saw enough after Zhang rolled to his side and just covered up with Walker continuing to rain down blows upon him. The official stoppage came at 2:37 in the second round with Walker picking up his first since a decision over Anthony Smith in 2023. “Training is training, fight is fight,” Walker said after working alongside Zhang in the past. “My kick is awesome, right? Now is the definition of the title fight run. I want to see the legendary Polish power [Jan Blachowicz].” As the fighters were about to touch gloves, Walker dove for a takedown but Zhang immediately reversed him, landing on top as they hit the ground. Zhang stayed busy with Walker playing defense but eventually the light heavyweights worked back up to the feet again. With Walker backing up and circling away, Zhang cracked him with a big left hand followed by a right behind it and the Brazilian was rattled momentarily. That led to Walker grabbing for the clinch as he recovered and he eventually broke free but not before hitting Zhang with a stiff shot of his own. Walker attempted another takedown but Zhang stuffed him and then came over the top with a huge elbow strike that landed clean. The attack continued from Zhang after he snapped off another good boxing combination but Walker countered with a nasty calf kick. Zhang was clearly affected by the kick as he stumbled backwards so Walker unleashed another one that reverberated throughout the arena. The thudding kick connected and Zhang winced in pain as he fell to the ground. Walker wasted no time following up, bludgeoning Zhang with punches and elbows and the highly touted prospect from China just couldn’t weather the storm. It was a disappointing outcome for Zhang but a tremendous victory from Walker as he returns to the win column after back-to-back losses. While it’s tough to say for certain if Walker has a title run in him as indicated, he definitely shocked the world on Saturday in a fight that almost seemed like a star-making opportunity for Zhang. Instead, Walker got the job done and he remains to a constant threat to ranked contenders in the light heavyweight division.",2025-08-23,https://www.mmafighting.com/ufc/400591/johnny-walker-stuns-zhang-mingyang-delivers-ground-and-pound-finish-in-ufc-shanghai-main-event
UFC Shanghai: Johnny Walker vs. Zhang Mingyang: Live round-by-round updates,"Johnny Walker headlines the UFC Shanghai fight card against Chinese fighter Zhang Mingyang in a light heavyweight bout. Walker is an experienced competitor who entered the UFC through Dana White's Contender Series in 2018. He holds a UFC record of 7-6-0 draws (1 NC), and his last victory came against Anthony Smith in 2023. Currently, Walker is on a two-fight losing streak, having been defeated by Volkan Oezdemir and Magomed Ankalaev. On the other hand, Mingyang is relatively new to the UFC, having entered the promotion through Road to UFC in 2022. He boasts an impressive 12-fight opening round win streak in his professional MMA career. Mingyang has had three fights in the UFC so far, maintaining an unblemished record, and in his most recent bout, he defeated Anthony Smith at UFC Kansas City earlier this year. Walker holds a brown belt in Brazilian Jiu-Jitsu, while Mingyang's finishing streak highlights his striking skills, which could be crucial in their upcoming matchup, especially since Walker has suffered consecutive knockout losses in his last two UFC fights. Get the latest updates on One Championship Rankings at Sportskeeda and more UFC Shanghai is scheduled for Saturday, Aug. 23, 2025, at the Shanghai Indoor Stadium in the Xuhui District of China. The prelims will kick off at 3 AM ET / 12 AM PT, while the main card action gets underway at 6 AM ET / 3 AM PT, live on ESPN+. Notably, fans in India can watch the event on Sony LIV. Stay tuned to Sportskeeda MMA for the live coverage and play-by-play updates. Round 1 Walker immediately shoots for a takedown, but Mingyang manages to get the top control. Mingyang throws big strikes from the position, but Walker stands back up. Walker throws kicks, but Mingyang puts constant pressure. The Brazilian initiates a clinch. Mingyang frees himself and trades punches. Walker shoots for another takedown, but the Chinese fighter defends. Walker keeps himself away from Mingyang's range. Our Score: 10-9 Mingyang Round 2 Mingyang starts with a one-two combination. Walker throws leg kicks. Mingyang throws a big right overhand. Walker repositions and looks for openings to land a headkick. Walker lands a strong calf kick, and Mingyang limps. He follows it up with big strikes, while the Chinese fighter attempts to dodge away. Walker keeps throwing, and the referee steps in and waves off the fight. Walker wins! Official Result Johnny Walker defeats Zhang Mingyang via TKO (Round 2, 2:37)",2025-08-22,https://www.sportskeeda.com/mma/news-ufc-shanghai-johnny-walker-vs-zhang-mingyang-live-round-by-round-updates
UFC Fight Night: Walker vs. Zhang | MMA Event | Tapology,"- Date: Saturday 08.23.2025 at 03:00 AM ET - U.S. Broadcast: ESPN+ - Promotion: Ultimate Fighting Championship - Venue: Shanghai Indoor Stadium - MMA Bouts: 12 Fight Card add_circle grid_view - KO/TKO, Punches 2:37 Round 2 of 5, 7:37 TotalProfessional MMA Nickname ""Mountain Tiger"" +300 (Moderate Underdog)Betting Odds -370 (Moderate Favorite)33 +4 mos, 3 wks, 3 daysAge at Fight 27 +1 week206.0 lbs (93.4 kgs)Weigh-In Result 205.0 lbs (93.0 kgs)6'6"" (198cm)Height 6'2"" (189cm)82.3"" (209cm)Reach 75.0"" (191cm) - Decision, Unanimous 5 Rounds, 25:00 TotalProfessional MMA ""Funk Master"" Nickname ""T-City"" -510 (Heavy Favorite)Betting Odds +390 (Moderate Underdog)36 +3 wks, 2 daysAge at Fight 34 +6 mos, 2 days153.0 lbs (69.4 kgs)Weigh-In Result 153.0 lbs (69.4 kgs)5'7"" (171cm)Height 5'8"" (173cm)71.0"" (180cm)Reach 69.0"" (175cm) - Decision, Unanimous 3 Rounds, 15:00 TotalProfessional MMA Nickname ""Salsa Boy"" -250 (Moderate Favorite)Betting Odds +210 (Moderate Underdog)33 +3 mos, 1 week, 3 daysAge at Fight 33 +10 mos, 2 wks, 6 days255.5 lbs (115.9 kgs)Weigh-In Result 262.0 lbs (118.8 kgs)6'3"" (191cm)Height 6'4"" (193cm)84.0"" (213cm)Reach 78.0"" (198cm) - Decision, Unanimous 3 Rounds, 15:00 TotalProfessional MMA ""The Tibetan Eagle"" Nickname ""El Gallo Negro"" -170 (Slight Favorite)Betting Odds +145 (Slight Underdog)29 +7 mos, 3 daysAge at Fight 27 +8 mos, 2 wks, 3 days125.5 lbs (56.9 kgs)Weigh-In Result 126.0 lbs (57.2 kgs)5'8"" (173cm)Height 5'5"" (165cm)72.0"" (183cm)Reach 68.0"" (173cm) - KO/TKO, Elbows 3:33 Round 1 of 3Professional MMA ""Super Saiyan"" Nickname ""BDK"" -520 (Heavy Favorite)Betting Odds +400 (Heavy Underdog)24 +7 mos, 1 week, 4 daysAge at Fight 35 +4 mos, 2 wks, 4 days170.0 lbs (77.1 kgs)Weigh-In Result 170.5 lbs (77.3 kgs)6'2"" (187cm)Height 5'11"" (180cm)75.0"" (191cm)Reach 70.0"" (178cm) - Decision, Unanimous 3 Rounds, 15:00 TotalProfessional MMA ""Gee Money"" Nickname -150 (Slight Favorite)Betting Odds +130 (Slight Underdog)25 +1 month, 1 week, 2 daysAge at Fight 25 +8 mos, 3 wks, 1 day155.5 lbs (70.5 kgs)Weigh-In Result 155.0 lbs (70.3 kgs)5'9"" (175cm)Height 6'0"" (184cm)70.0"" (178cm)Reach 71.5"" (182cm) - KO/TKO, Right Hook to Ground Punches 4:35 Round 2 of 3, 9:35 TotalProfessional MMA ""InnerG"" Nickname +215 (Moderate Underdog)Betting Odds -255 (Moderate Favorite)34 +7 mos, 1 week, 6 daysAge at Fight 26 +2 mos, 2 wks126.0 lbs (57.2 kgs)Weigh-In Result 126.0 lbs (57.2 kgs)5'9"" (175cm)Height 5'4"" (163cm)70.0"" (178cm)Reach 67.0"" (170cm) - Decision, Unanimous 3 Rounds, 15:00 TotalProfessional MMA Nickname ""Thud"" -285 (Moderate Favorite)Betting Odds +245 (Moderate Underdog)25 +5 mos, 2 wks, 2 daysAge at Fight 33 +8 mos, 1 day155.5 lbs (70.5 kgs)Weigh-In Result 155.5 lbs (70.5 kgs)5'9"" (175cm)Height 5'10"" (178cm)71.0"" (180cm)Reach 71.0"" (180cm) - KO/TKO, Overhand Right to Ground Strikes 0:43 Round 1 of 3Professional MMA ""The D'Arce Knight"" Nickname ""Demolidor"" +200 (Moderate Underdog)Betting Odds -235 (Moderate Favorite)32 +5 mos, 3 wks, 6 daysAge at Fight 31 +10 mos, 2 wks, 3 days185.0 lbs (83.9 kgs)Weigh-In Result 186.0 lbs (84.4 kgs)6'3"" (191cm)Height 6'1"" (186cm)76.0"" (193cm)Reach 73.0"" (185cm) - KO/TKO, Straight Right and Left Hook 0:37 Round 1 of 3Professional MMA-950 (Huge Favorite)Betting Odds +675 (Huge Underdog)28 +7 mos, 2 wks, 1 dayAge at Fight 36 +6 mos, 4 wks, 2 days145.0 lbs (65.8 kgs)Weigh-In Result 146.0 lbs (66.2 kgs)5'7"" (171cm)Height 6'1"" (185cm)71.0"" (180cm)Reach 73.0"" (185cm) - Decision, Unanimous 3 Rounds, 15:00 TotalProfessional MMA ""Yoo-Jitsu"" Nickname -135 (Slight Favorite)Betting Odds +115 (Near Even)29 +8 mos, 1 week, 5 daysAge at Fight 27 +4 mos, 1 week, 3 days135.5 lbs (61.5 kgs)Weigh-In Result 136.0 lbs (61.7 kgs)5'6"" (168cm)Height 5'8"" (172cm)65.0"" (165cm)Reach 70.0"" (178cm) - Submission, Ezekiel Choke 2:45 Round 1 of 3Professional MMA ""Gorilla"" Nickname -105 (Near Even)Betting Odds -110 (Near Even)31 +1 week, 6 daysAge at Fight 28 +4 mos, 1 day204.0 lbs (92.5 kgs)Weigh-In Result 205.5 lbs (93.2 kgs)6'4"" (193cm)Height 6'2"" (189cm)79.0"" (201cm)Reach 74.0"" (188cm) Cancelled & Fizzled Bouts Additional Event Information Weigh-In Results Awards & Bonuses Fight Referees Event Discussion Event Production - U.S. Broadcast: ESPN+ - Name: UFC Fight Night: Walker vs. Zhang - Also Known As: UFC Fight Night Shanghai - Promotion: Ultimate Fighting Championship - Ownership: Endeavor - Venue: Shanghai Indoor Stadium - Location: Shanghai, China - Enclosure: Octagon - TV Announcers: Brendan Fitzgerald, Laura Sanko, Michael Bisping - Ring Announcer: Joe Martinez - Post-Fight Interviews: Michael Bisping - Promotion Links: - Event Links: Tapology Predictions Tapology lets you predict all upcoming MMA & Boxing fights. This event is now closed for new picks. 6,338 total users made predictions on this event, breaking down as follows below. See the users with the best picks: UFC Fight Night Leaderboard Update / Claim Event Verify your connection to this event promotion in order to update the fight card and other details. Update / Claim Page",2025-05-22,https://www.tapology.com/fightcenter/events/128594-ufc-fight-night
Zhang Mingyang vs Johnny Walker: Bloody Elbow predictions see a knockout victory for the native fighter at UFC Shanghai,"There is only one man who has a chance of winning the main event of UFC Shanghai, according to the Bloody Elbow predictions. The UFC returns to mainland China for the first time since 2017, with Zhang Mingyang starring in the main event in his home country. The local favorite will battle Brazilian fighter Johnny Walker in a Light Heavyweight headliner, the first time he’s been the main event since earning his contract on Road to UFC Season 1. Mingyang is undefeated in his first three UFC fights, as he attempts to establish himself among the great Chinese MMA fighters in history, although Walker will do his best to knock him down a peg or two at UFC Shanghai on August 23. However, the Bloody Elbow staff has one clear winner in mind as they make their prediction for the UFC Shanghai main event between Mingyang and Walker. Zhang Mingyang vs Johnny Walker predictions Ross Markey: “Johnny Walker should really be credited for taking such a difficult matchup in his return. On enemy territory, against a rising light heavyweight who has been flawless so far. It’s really only pointing to one outcome isn’t it? “I’m picking Zhang Mingyang to stop the Brazilian quite early in Shanghai. Walker has been on the receiving end of far too much punishment recently — in a less-than-ideal timeframe, too.” PREDICTION: ZHANG MINGYANG VIA KNOCKOUT Harvey Leonard: It’s probably best not to overthink this one. Johnny Walker gets knocked out just about whenever he gets hit clean at this point. A Zhang Mingyang, who has some of the hardest shots in the division and has finished all 19 of his wins in the first round, is a recipe for disaster if you’re the Brazilian. Zhang via knockout. PREDICTION: ZHANG MINGYANG VIA KNOCKOUT Kyle Dimond: The light heavyweight division rarely gets exciting, rising contenders and facing them is a difficult spot for Johnny Walker to be in. He’s struggled against power punchers, with his fights often ending in huge and somewhat bizarre knockouts. This should be perfect timing for Zhang Mingyang to replicate that. Zhang via knockout. PREDICTION: ZHANG MINGYANG VIA KNOCKOUT Hamish Woodward: While the event taking place in China could be a positive for Zhang Mingyang, you could hold this fight anywhere in the world and Johnny Walker would still have one of the weakest chins in the division. Two knockout losses to some fairly unimpressive fighters in his last two bouts leave the Brazilian with little to look forward to in this bout. Mingyang isn’t the world’s most impressive fighter, but he should have what it takes to finish Walker in quick fashion in Shanghai. PREDICTION: ZHANG MINGYANG VIA KNOCKOUT",2025-08-19,https://bloodyelbow.com/2025/08/19/zhang-mingyang-vs-johnny-walker-bloody-elbow-predictions-see-a-knockout-victory-for-the-native-fighter-at-ufc-shanghai/
"UFC Fight Night 257 Predictions, Picks & Betting Odds | Pickswise","UFC Fight Night 257 takes place on Saturday at the Shanghai Indoor Stadium in China. This card features a UFC Light Heavyweight fight between Johnny Walker and Zhang Mingyang as the Main Event. Here are our best bets for this UFC card, which will include 3 fights on the Main Card. Be sure to also check out the rest of our UFC predictions for all of the UFC Fight Night 257 Main Card fights. UFC Fight Night 257 Main Card Best Bets UFC best bet: Johnny Walker vs. Zhang Minyang – Fight to End in Round 1 (-200) Odds courtesy of DraftKings Sportsbook at the time of publishing. The Main Event at UFC Fight Night 257 will see Johnny Walker take on Zhang Mingyang in the UFC Light Heavyweight division. Walker enters this fight with an MMA record of 21-9 and 8-6 in the UFC. As for Mingyang, he enters this fight with an MMA record of 19-6 and 4-0 in the UFC. Since Mingyang is the overwhelming favorite, we will target this fight to end in the first round. Mingyang has seen all 4 of his UFC fights end in the first round, while Walker has seen 9 of his 14 UFC fights do the same. Because both of these fighters have seen most of their fights end in the first round, backing the same here will be our play. Read our full Johnny Walker vs Zhang Mingyang prediction UFC prediction: Brian Ortega vs Aljamain Sterling: Fight to go the Distance – Yes (-200) Odds courtesy of DraftKings Sportsbook at the time of publishing The Co-Main Event at UFC Fight Night 257 will see Brian Ortega take on Aljamain Sterling in the UFC Featherweight division. Ortega enters this fight with an MMA record of 16-4 and 8-4 in the UFC. As for Sterling, he enters this fight with an MMA record of 24-5 and 16-5 in the UFC. Sterling has been labeled the heavy favorite; therefore, we will be targeting this fight to go the distance. Both Ortega and Sterling have seen 3 of their last 5 UFC fights go the distance, so backing the same here will be our play. Read our full Brian Ortega vs Aljamain Sterling prediction UFC pick: Sergei Pavlovich vs Waldo Cortes-Acosta: Fight to go the Distance – No (-195) Odds courtesy of DraftKings Sportsbook at time of publishing The third fight on the Main Card at UFC Fight Night 257 will see Sergei Pavlovich take on Waldo Cortes-Acosta. This will be a fight in the UFC Heavyweight division. Pavlovich enters this fight with an MMA record of 19-3 and 7-3 in the UFC. As for Cortes-Acosta, he enters this fight with an MMA record of 14-1 and 8-1 in the UFC. Pavlovich is the heavy favorite; therefore, we will be targeting this fight to end inside the distance. Waldo-Cortes has seen just 2 of his last 5 UFC fights end inside the distance; however, Pavlovich has seen 8 of his 10 UFC fights do the same. For that reason, backing this fight to also end inside the distance will be our play. Read our full Sergei Pavlovich vs Waldo Cortes-Acosta prediction",2025-08-20,https://www.pickswise.com/news/ufc-fight-night-257-johnny-walker-vs-zhang-mingyang-picks-predictions-and-best-bets-walker-and-mingyang-is-store-for-a-quick-fight/
"UFC Fight Night prediction -- Johnny Walker vs. Zhang Mingyang: Fight card, start time, odds, live stream","UFC Fight Night prediction -- Johnny Walker vs. Zhang Mingyang: Fight card, start time, odds, live stream Walker and Zhang headline UFC's return to Shanghai, with Brian Ortega vs. Aljamain Sterling in the co-main event A knockout is highly probable when Johnny Walker and Zhang Mingyang enter the Octagon. Zhang notches his first UFC Fight Night main event on Saturday with support from his countrymen in Shanghai. Walker (21-9, 1 NC) has his back against the wall again. Walker showed maturity in his recent three-fight winning streak with improved patience, but he is on another two-fight skid after Magomed Ankalaev and Volkan Oezdemir knocked him out. Once considered a future contender, Walker sees himself in Zhang. ""I [beat] a lot of guys, and when I reached the top, I wasn't [at that] level yet, and I lost,"" Walker said at Thursday's media day. ""So he's just too young, I believe, to beat me now. He needs more experience. I know he's a challenge. It's going to be a big test for him and for me too."" Zhang (19-6) is a mysterious addition to the light heavyweight elite. He's consecutively finished 12 opponents in Round 1, including three in the UFC. His most recent trashing sent Anthony Smith into retirement. There are important questions about Zhang's overall game, but Walker seems eager to meet his opponent's striking head-on. ""I expect a toe-to-toe, bloody war,"" Zhang told CBS Sports through an interpreter. ""Both of us need a win. Johnny is not in a good position after losing his last two fights. I need a win to climb up. Both of us are very hungry for a win. This is a fight: there will always be a winner and a loser. This is our job, but I only want to bring an exciting fight to fans."" Saturday's co-main event is intriguing. Brian Ortega and Aljamain Sterling are two of the best featherweight grapplers. Sterling specializes in chaining takedowns and attaining back control; meanwhile, Ortega has nasty submissions from the bottom. Ortega's weathered chin has limited his dynamic striking, but that shouldn't be an issue against Sterling, who's not a knockout threat. Their five-round fight is complicated by Ortega's weight miss, with the fight now taking place at lightweight. Below is the rest of the fight card for Saturday, with the latest odds before we predict the main event. UFC Fight Night card, odds | Favorite | Underdog | Weight class | |---|---|---| | Zhang Mingyang -350 | Johnny Walker +275 | Light heavyweight | | Aljamain Sterling -400 | Brian Ortega +310 | Lightweight | | Sergei Pavlovich -250 | Waldo Cortes Acosta +205 | Heavyweight | | Sumudaerji -180 | Kevin Borjas +150 | Flyweight | | Taiyilake Nueraji -470 | Kiefer Crosbie +360 | Welterweight | UFC Fight Night viewing information Date: Aug. 23 | Start time: 6 a.m. ET (main card) Location: Shanghai Indoor Stadium -- Shanghai TV channel: ESPN+ Prediction Johnny Walker vs. Zhang Mingyang: I'm always hesitant about fighters with long first-round KO streaks. How will their stamina hold up after Round 1? What happens when they are taken down? How about when they meet a more technically advanced striker? These are crucial questions for gauging Zhang's long-term potential, but they aren't crucial to this fight. Walker's style plays into Zhang's strengths. Zhang wields superior power, striking accuracy and defense. That, combined with Walker's crumbling chin, makes it hard to side with the veteran from Brazil. Walker isn't hopeless, though. He's probably the most skilled striker Zhang has faced. Walker's wrestling isn't advanced enough to be a reliable tool, but he should incorporate it to empower his striking. Maximizing Walker's seven-inch reach and four-inch height advantage is imperative to his success. I don't know what Zhang's ceiling is, but he's got a great game to neutralize an inconsistent Walker. Zhang via KO1",2025-08-22,https://www.cbssports.com/mma/news/ufc-fight-night-prediction-johnny-walker-vs-zhang-mingyang-fight-card-start-time-odds-live-stream/
"Johnny Walker Vs. Zhang Mingyang: – Fight Card, Betting Odds, Start Time","Johnny Walker vs. Zhang Mingyang: – Fight Card, Betting Odds, Start Time All the fights for Johnny Walker vs. Zhang Mingyang in Shanghai, on Saturday, 23rd August 2025. With betting odds, start time, date, fight card, and information on how to watch. - Event: Johnny Walker vs. Zhang Mingyang - Date: Sat, August 23, 2025 - Location: Mercedes-Benz Arena, Shanghai, China - Broadcast: ESPN PPV Main Event 6 a.m. ET Prelims 3 a.m. - Broadcast in the UK: TNT Sports 11 a.m. GMT Prelims 8 a.m. Johnny Walker vs. Zhang Mingyang Full Fight Card Main Card - Johnny Walker vs. Zhang Mingyang: Light Heavyweight Main Event - Brian Ortega vs. Aljamain Sterling: Featherweight - Sergei Pavlovich vs. Waldo Cortes-Acosta: Heavyweight - Sumudaerji vs. Kevin Borjas: Flyweight - Taiyilake Nueraji vs. Kiefer Crosbie: Welterweight Prelims - Maheshate vs. Gauge Young: Lightweight - Charles Johnson vs. Lone’er Kavanagh: Flyweight - Rongzhu vs. Austin Hubbard: Lightweight - Michel Pereira vs. Kyle Daukaus: Middleweight - Yizha vs. Westin Wilson: Featherweight - Xiao Long vs. SuYoung You: Bantamweight - Uran Satybaldiev vs. Diyar Nurgozhay: Light Heavyweight *Fight card, bout order, and number of fights are subject to change Johnny Walker vs. Zhang Mingyang Tale of the Tape | Name: | Johnny Walker | Zhang Mingyang | | Country: | Brazil | China | | Age: | 33 | 27 | | Height: | 6 ft 5 in (1.96 m) | 6 ft 2 in (1.88 m) | | Weight: | 206 lb (93 kg; 14.7 st) | 205 lb (93 kg; 14 st 9 lb) | | Reach: | 82 in (208 cm) | 75 in (191 cm) | Betting Odds The upcoming UFC fight between Johnny Walker and Zhang Mingyang is set to headline UFC Fight Night on August 23, 2025, at the Shanghai Indoor Stadium in Shanghai, China. This fight is particularly significant as it marks Zhang Mingyang’s first UFC main event and is a huge step in his rising career in the light heavyweight division. According to Betway, China’s Zhang Mingyang is listed at 2/7 with Johnny Walker at 11/4. The betting odds for the UFC fight between Johnny Walker and Zhang Mingyang heavily favor Zhang Mingyang. As of August 2025, Zhang is the strong favorite with odds around -350 to -400, depending on the sportsbook, meaning you would need to bet about $350 to $400 to win $100 on him. In contrast, Johnny Walker is the underdog with odds roughly between +275 and +310, so a $100 bet on Walker could win you $275 to $310 if he pulls off an upset. The expected method of victory from betting predictions mainly leans toward Zhang winning by knockout, particularly in the first round, continuing his trend of quick finishes. Walker is known for his explosive striking but has vulnerabilities that could make him susceptible to a knockout in return. Over time, Walker’s odds have declined due to his recent performances and losses, while Zhang’s have improved as he climbed the ranks and racked up impressive UFC finishes. The line has stabilized with Zhang consistently favored as fight day approaches. Some suggest that there could be value in betting on Walker for an underdog payout, but the consensus remains that Zhang is the safer bet given his current form and knockout streak. Stylistically, this battle pits Walker’s height, reach, and unpredictable striking against Zhang’s aggression, power, and finishing prowess. Analysts expect Walker to try and use his jab and reach to keep Zhang at bay, but if Zhang can close the distance and get inside, his power could be devastating, especially given Walker’s history of knockout losses. The stakes for this fight are high, particularly for Zhang, who looks to cement himself as a serious contender in the UFC light heavyweight division after a string of swift knockouts. For Walker, it’s about proving he still belongs at this level and using his size and reach to counter Zhang’s aggression while avoiding getting caught by Zhang’s powerful strikes. The fight will be broadcast live from Shanghai on August 23, 2025. Start date and time Johnny Walker vs. Zhang Mingyang takes place on Saturday, 23rd August 2025, at the Mercedes-Benz Arena in Shanghai. The main card will start at 6 a.m. ET. In the UK, the main card starts at 11 a.m. GMT. Tickets If you are lucky enough to be near Shanghai i or plan to attend Johnny Walker vs. Zhang Mingyang at the Mercedes-Benz Arena, tickets are available here. PPV Price and Live Streams Johnny Walker vs. Zhang Mingyang is live on ESPN+. In the UK, you will be able to watch it on TNT Sports. What is Next after Johnny Walker vs. Zhang Mingyang The next event after Johnny Walker vs. Zhang Mingyang is Nassourdine Imavov vs. Caio Borralho on September 6th at the Accor Arena, Paris, France.",2025-08-20,https://www.lowkickmma.com/johnny-walker-vs-zhang-mingyang-fight-card-betting-odds-start-time/
UFC Shanghai predictions: Who’s picking Johny Walker to upset Zhang Mingyang?,"UFC UFC Shanghai predictions: Who’s picking Johny Walker to upset Zhang Mingyang? Matt Erickson MMA Junkie The UFC is back in China with a rising light heavyweight star at the top of the bill. UFC Fight Night 257 (ESPN+) takes place Saturday at Mercedes-Benz Arena in Shanghai. Get pick results from our 11 editors, writers, radio hosts and videographers, as well as additional analysis, below. Kiefer Crosbie vs. Taiyilake Nueraji - Records: Crosbie (10-5 MMA, 0-2 UFC), Nueraji (11-1 MMA, 0-0 UFC) - Division: Welterweight - Rankings: None - Odds (as of 08.22.25): Crosbie +385, Nueraji -500 - Junkie pick results: Nueraji 11, Crosbie 0 Kevin Borjas vs. Su Mudaerji - Records: Borjas (10-3 MMA, 1-2 UFC), Mudaerji (17-7 MMA, 4-4 UFC) - Division: Flyweight - Rankings: None - Odds (as of 08.22.25): Borjas +150, Mudaerji -180 - Junkie pick results: Mudaerji 6, Borjas 5 Waldo Cortes-Acosta vs. Sergei Pavlovich - Records: Cortes-Acosta (14-1 MMA, 7-1 UFC), Pavlovich (19-3 MMA, 7-3 UFC) - Division: Heavyweight - Rankings: Pavlovich No. 5, Cortes-Acosta No. 8 - Odds (as of 08.22.25): Cortes-Acosta +190, Pavlovich -250 - Junkie pick results: Pavlovich 8, Cortes-Acosta 3 Brian Ortega vs. Aljamain Sterling - Records: Ortega (16-4 MMA, 8-4 UFC), Sterling (24-5 MMA, 16-5 UFC) - Division: Lightweight - Rankings: Ortega No. 5, Sterling No. 12 - Odds (as of 08.22.25): Ortega +300, Sterling -375 - Junkie pick results: Sterling 11, Ortega 0 Johnny Walker vs. Zhang Mingyang - Records: Walker (21-9 MMA, 7-6 UFC), Mingyang (19-6 MMA, 3-0 UFC) - Division: Light heavyweight - Rankings: Mingyang No. 15, Walker honorable mention - Odds (as of 08.22.25): Walker +280, Mingyang -350 - Junkie pick results: Mingyang 10, Walker 1 Individual staff member picks, main card Readers 120-75: Mingyang (80%), Sterling (68%), Pavlovich (75%), Mudaerji (55%), Nueraji (80%) - Ken Hathaway 126-69: Mingyang, Sterling, Pavlovich, Mudaerji, Nueraji - Nolan King 126-69: Mingyang, Sterling, Pavlovich, Mudaerji, Nueraji - Mike Bohn 126-69: Mingyang, Sterling, Pavlovich, Mudaerji, Nueraji - Abbey Subhan 122-73: Mingyang, Sterling, Pavlovich, Borjas, Nueraji - Farah Hannoun 122-73: Mingyang, Sterling, Pavlovich, Borjas, Nueraji - Simon Samano 119-76: Mingyang, Sterling, Cortes-Acosta, Mudaerji, Nueraji - Brian Garcia 118-77: Mingyang, Sterling, Pavlovich, Borjas, Nueraji - Matt Erickson 117-78: Mingyang, Sterling, Cortes-Acosta, Mudaerji, Nueraji - Danny Segura 115-80: Mingyang, Sterling, Cortes-Acosta, Borjas, Nueraji - Matthew Wells 113-82: Mingyang, Sterling, Pavlovich, Mudaerji, Nueraji - George Garcia 107-88: Walker, Sterling, Pavlovich, Borjas, Nueraji Preliminary card picks Although they don't count toward the standings, MMA Junkie staff members still pick the fights on the prelims. Here are the results: - Hayisaer Maheshate vs. Gauge Young: Maheshate 10, Young 1 - Charles Johnson vs. Lone'er Kavanagh: Kavanagh 9, Johnson 2 - Austin Hubbard vs. Rong Zhu: Zhu 9, Hubbard 2 - Kyle Daukaus vs. Michel Pereira: Pereira 10, Daukaus 1 - Yi Zha vs. Westin Wilson: Zha 6, Wilson 5 - Xiao Long vs. SuYoung You: You 11, Long 0 - Diyar Nurgozhay vs. Uran Satybaldiev: Satybaldiev 7, Nurgozhay 4",2025-08-22,https://mmajunkie.usatoday.com/story/sports/ufc/2025/08/22/ufc-shanghai-johnny-walker-vs-zhang-mingyang-predictions-picks-mma-betting/85779139007/
"Johnny Walker stuns Zhang Mingyang, delivers ground and pound finish in UFC Shanghai main event","Johnny Walker pulled off an unexpected upset win to spoil Zhang Mingyang’s homecoming in the UFC Shanghai main event on Saturday. Johnny Walker stuns Zhang Mingyang, delivers ground and pound finish in UFC Shanghai main event After eating some hard shots on the feet and on the ground in the opening round, Walker turned the tables after he connected with back-to-back calf kicks that had Zhang limping before crumbling to the canvas. From there, Walker followed him to the ground where he unloaded a barrage of punches and elbows with Zhang eventually fading from the damage done. Referee Marc Goddard finally saw enough after Zhang rolled to his side and just covered up with Walker continuing to rain down blows upon him. The official stoppage came at 2:37 in the second round with Walker picking up his first since a decision over Anthony Smith in 2023. “Training is training, fight is fight,” Walker said after working alongside Zhang in the past. “My kick is awesome, right? Now is the definition of the title fight run. I want to see the legendary Polish power [Jan Blachowicz].” As the fighters were about to touch gloves, Walker dove for a takedown but Zhang immediately reversed him, landing on top as they hit the ground. Zhang stayed busy with Walker playing defense but eventually the light heavyweights worked back up to the feet again. With Walker backing up and circling away, Zhang cracked him with a big left hand followed by a right behind it and the Brazilian was rattled momentarily. That led to Walker grabbing for the clinch as he recovered and he eventually broke free but not before hitting Zhang with a stiff shot of his own. Walker attempted another takedown but Zhang stuffed him and then came over the top with a huge elbow strike that landed clean. The attack continued from Zhang after he snapped off another good boxing combination but Walker countered with a nasty calf kick. Zhang was clearly affected by the kick as he stumbled backwards so Walker unleashed another one that reverberated throughout the arena. The thudding kick connected and Zhang winced in pain as he fell to the ground. Walker wasted no time following up, bludgeoning Zhang with punches and elbows and the highly touted prospect from China just couldn’t weather the storm. It was a disappointing outcome for Zhang but a tremendous victory from Walker as he returns to the win column after back-to-back losses. While it’s tough to say for certain if Walker has a title run in him as indicated, he definitely shocked the world on Saturday in a fight that almost seemed like a star-making opportunity for Zhang. Instead, Walker got the job done and he remains to a constant threat to ranked contenders in the light heavyweight division.",2025-08-23,https://www.mmafighting.com/ufc/400591/johnny-walker-stuns-zhang-mingyang-delivers-ground-and-pound-finish-in-ufc-shanghai-main-event
UFC Shanghai: Johnny Walker vs. Zhang Mingyang: Live round-by-round updates,"Johnny Walker headlines the UFC Shanghai fight card against Chinese fighter Zhang Mingyang in a light heavyweight bout. Walker is an experienced competitor who entered the UFC through Dana White's Contender Series in 2018. He holds a UFC record of 7-6-0 draws (1 NC), and his last victory came against Anthony Smith in 2023. Currently, Walker is on a two-fight losing streak, having been defeated by Volkan Oezdemir and Magomed Ankalaev. On the other hand, Mingyang is relatively new to the UFC, having entered the promotion through Road to UFC in 2022. He boasts an impressive 12-fight opening round win streak in his professional MMA career. Mingyang has had three fights in the UFC so far, maintaining an unblemished record, and in his most recent bout, he defeated Anthony Smith at UFC Kansas City earlier this year. Walker holds a brown belt in Brazilian Jiu-Jitsu, while Mingyang's finishing streak highlights his striking skills, which could be crucial in their upcoming matchup, especially since Walker has suffered consecutive knockout losses in his last two UFC fights. Get the latest updates on One Championship Rankings at Sportskeeda and more UFC Shanghai is scheduled for Saturday, Aug. 23, 2025, at the Shanghai Indoor Stadium in the Xuhui District of China. The prelims will kick off at 3 AM ET / 12 AM PT, while the main card action gets underway at 6 AM ET / 3 AM PT, live on ESPN+. Notably, fans in India can watch the event on Sony LIV. Stay tuned to Sportskeeda MMA for the live coverage and play-by-play updates. Round 1 Walker immediately shoots for a takedown, but Mingyang manages to get the top control. Mingyang throws big strikes from the position, but Walker stands back up. Walker throws kicks, but Mingyang puts constant pressure. The Brazilian initiates a clinch. Mingyang frees himself and trades punches. Walker shoots for another takedown, but the Chinese fighter defends. Walker keeps himself away from Mingyang's range. Our Score: 10-9 Mingyang Round 2 Mingyang starts with a one-two combination. Walker throws leg kicks. Mingyang throws a big right overhand. Walker repositions and looks for openings to land a headkick. Walker lands a strong calf kick, and Mingyang limps. He follows it up with big strikes, while the Chinese fighter attempts to dodge away. Walker keeps throwing, and the referee steps in and waves off the fight. Walker wins! Official Result Johnny Walker defeats Zhang Mingyang via TKO (Round 2, 2:37)",2025-08-22,https://www.sportskeeda.com/mma/news-ufc-shanghai-johnny-walker-vs-zhang-mingyang-live-round-by-round-updates
UFC Fight Night: Walker vs. Zhang | MMA Event | Tapology,"- Date: Saturday 08.23.2025 at 03:00 AM ET - U.S. Broadcast: ESPN+ - Promotion: Ultimate Fighting Championship - Venue: Shanghai Indoor Stadium - MMA Bouts: 12 Fight Card add_circle grid_view - KO/TKO, Punches 2:37 Round 2 of 5, 7:37 TotalProfessional MMA Nickname ""Mountain Tiger"" +300 (Moderate Underdog)Betting Odds -370 (Moderate Favorite)33 +4 mos, 3 wks, 3 daysAge at Fight 27 +1 week206.0 lbs (93.4 kgs)Weigh-In Result 205.0 lbs (93.0 kgs)6'6"" (198cm)Height 6'2"" (189cm)82.3"" (209cm)Reach 75.0"" (191cm) - Decision, Unanimous 5 Rounds, 25:00 TotalProfessional MMA ""Funk Master"" Nickname ""T-City"" -510 (Heavy Favorite)Betting Odds +390 (Moderate Underdog)36 +3 wks, 2 daysAge at Fight 34 +6 mos, 2 days153.0 lbs (69.4 kgs)Weigh-In Result 153.0 lbs (69.4 kgs)5'7"" (171cm)Height 5'8"" (173cm)71.0"" (180cm)Reach 69.0"" (175cm) - Decision, Unanimous 3 Rounds, 15:00 TotalProfessional MMA Nickname ""Salsa Boy"" -250 (Moderate Favorite)Betting Odds +210 (Moderate Underdog)33 +3 mos, 1 week, 3 daysAge at Fight 33 +10 mos, 2 wks, 6 days255.5 lbs (115.9 kgs)Weigh-In Result 262.0 lbs (118.8 kgs)6'3"" (191cm)Height 6'4"" (193cm)84.0"" (213cm)Reach 78.0"" (198cm) - Decision, Unanimous 3 Rounds, 15:00 TotalProfessional MMA ""The Tibetan Eagle"" Nickname ""El Gallo Negro"" -170 (Slight Favorite)Betting Odds +145 (Slight Underdog)29 +7 mos, 3 daysAge at Fight 27 +8 mos, 2 wks, 3 days125.5 lbs (56.9 kgs)Weigh-In Result 126.0 lbs (57.2 kgs)5'8"" (173cm)Height 5'5"" (165cm)72.0"" (183cm)Reach 68.0"" (173cm) - KO/TKO, Elbows 3:33 Round 1 of 3Professional MMA ""Super Saiyan"" Nickname ""BDK"" -520 (Heavy Favorite)Betting Odds +400 (Heavy Underdog)24 +7 mos, 1 week, 4 daysAge at Fight 35 +4 mos, 2 wks, 4 days170.0 lbs (77.1 kgs)Weigh-In Result 170.5 lbs (77.3 kgs)6'2"" (187cm)Height 5'11"" (180cm)75.0"" (191cm)Reach 70.0"" (178cm) - Decision, Unanimous 3 Rounds, 15:00 TotalProfessional MMA ""Gee Money"" Nickname -150 (Slight Favorite)Betting Odds +130 (Slight Underdog)25 +1 month, 1 week, 2 daysAge at Fight 25 +8 mos, 3 wks, 1 day155.5 lbs (70.5 kgs)Weigh-In Result 155.0 lbs (70.3 kgs)5'9"" (175cm)Height 6'0"" (184cm)70.0"" (178cm)Reach 71.5"" (182cm) - KO/TKO, Right Hook to Ground Punches 4:35 Round 2 of 3, 9:35 TotalProfessional MMA ""InnerG"" Nickname +215 (Moderate Underdog)Betting Odds -255 (Moderate Favorite)34 +7 mos, 1 week, 6 daysAge at Fight 26 +2 mos, 2 wks126.0 lbs (57.2 kgs)Weigh-In Result 126.0 lbs (57.2 kgs)5'9"" (175cm)Height 5'4"" (163cm)70.0"" (178cm)Reach 67.0"" (170cm) - Decision, Unanimous 3 Rounds, 15:00 TotalProfessional MMA Nickname ""Thud"" -285 (Moderate Favorite)Betting Odds +245 (Moderate Underdog)25 +5 mos, 2 wks, 2 daysAge at Fight 33 +8 mos, 1 day155.5 lbs (70.5 kgs)Weigh-In Result 155.5 lbs (70.5 kgs)5'9"" (175cm)Height 5'10"" (178cm)71.0"" (180cm)Reach 71.0"" (180cm) - KO/TKO, Overhand Right to Ground Strikes 0:43 Round 1 of 3Professional MMA ""The D'Arce Knight"" Nickname ""Demolidor"" +200 (Moderate Underdog)Betting Odds -235 (Moderate Favorite)32 +5 mos, 3 wks, 6 daysAge at Fight 31 +10 mos, 2 wks, 3 days185.0 lbs (83.9 kgs)Weigh-In Result 186.0 lbs (84.4 kgs)6'3"" (191cm)Height 6'1"" (186cm)76.0"" (193cm)Reach 73.0"" (185cm) - KO/TKO, Straight Right and Left Hook 0:37 Round 1 of 3Professional MMA-950 (Huge Favorite)Betting Odds +675 (Huge Underdog)28 +7 mos, 2 wks, 1 dayAge at Fight 36 +6 mos, 4 wks, 2 days145.0 lbs (65.8 kgs)Weigh-In Result 146.0 lbs (66.2 kgs)5'7"" (171cm)Height 6'1"" (185cm)71.0"" (180cm)Reach 73.0"" (185cm) - Decision, Unanimous 3 Rounds, 15:00 TotalProfessional MMA ""Yoo-Jitsu"" Nickname -135 (Slight Favorite)Betting Odds +115 (Near Even)29 +8 mos, 1 week, 5 daysAge at Fight 27 +4 mos, 1 week, 3 days135.5 lbs (61.5 kgs)Weigh-In Result 136.0 lbs (61.7 kgs)5'6"" (168cm)Height 5'8"" (172cm)65.0"" (165cm)Reach 70.0"" (178cm) - Submission, Ezekiel Choke 2:45 Round 1 of 3Professional MMA ""Gorilla"" Nickname -105 (Near Even)Betting Odds -110 (Near Even)31 +1 week, 6 daysAge at Fight 28 +4 mos, 1 day204.0 lbs (92.5 kgs)Weigh-In Result 205.5 lbs (93.2 kgs)6'4"" (193cm)Height 6'2"" (189cm)79.0"" (201cm)Reach 74.0"" (188cm) Cancelled & Fizzled Bouts Additional Event Information Weigh-In Results Awards & Bonuses Fight Referees Event Discussion Event Production - U.S. Broadcast: ESPN+ - Name: UFC Fight Night: Walker vs. Zhang - Also Known As: UFC Fight Night Shanghai - Promotion: Ultimate Fighting Championship - Ownership: Endeavor - Venue: Shanghai Indoor Stadium - Location: Shanghai, China - Enclosure: Octagon - TV Announcers: Brendan Fitzgerald, Laura Sanko, Michael Bisping - Ring Announcer: Joe Martinez - Post-Fight Interviews: Michael Bisping - Promotion Links: - Event Links: Tapology Predictions Tapology lets you predict all upcoming MMA & Boxing fights. This event is now closed for new picks. 6,338 total users made predictions on this event, breaking down as follows below. See the users with the best picks: UFC Fight Night Leaderboard Update / Claim Event Verify your connection to this event promotion in order to update the fight card and other details. Update / Claim Page",2025-05-22,https://www.tapology.com/fightcenter/events/128594-ufc-fight-night
Zhang Mingyang vs Johnny Walker: Bloody Elbow predictions see a knockout victory for the native fighter at UFC Shanghai,"There is only one man who has a chance of winning the main event of UFC Shanghai, according to the Bloody Elbow predictions. The UFC returns to mainland China for the first time since 2017, with Zhang Mingyang starring in the main event in his home country. The local favorite will battle Brazilian fighter Johnny Walker in a Light Heavyweight headliner, the first time he’s been the main event since earning his contract on Road to UFC Season 1. Mingyang is undefeated in his first three UFC fights, as he attempts to establish himself among the great Chinese MMA fighters in history, although Walker will do his best to knock him down a peg or two at UFC Shanghai on August 23. However, the Bloody Elbow staff has one clear winner in mind as they make their prediction for the UFC Shanghai main event between Mingyang and Walker. Zhang Mingyang vs Johnny Walker predictions Ross Markey: “Johnny Walker should really be credited for taking such a difficult matchup in his return. On enemy territory, against a rising light heavyweight who has been flawless so far. It’s really only pointing to one outcome isn’t it? “I’m picking Zhang Mingyang to stop the Brazilian quite early in Shanghai. Walker has been on the receiving end of far too much punishment recently — in a less-than-ideal timeframe, too.” PREDICTION: ZHANG MINGYANG VIA KNOCKOUT Harvey Leonard: It’s probably best not to overthink this one. Johnny Walker gets knocked out just about whenever he gets hit clean at this point. A Zhang Mingyang, who has some of the hardest shots in the division and has finished all 19 of his wins in the first round, is a recipe for disaster if you’re the Brazilian. Zhang via knockout. PREDICTION: ZHANG MINGYANG VIA KNOCKOUT Kyle Dimond: The light heavyweight division rarely gets exciting, rising contenders and facing them is a difficult spot for Johnny Walker to be in. He’s struggled against power punchers, with his fights often ending in huge and somewhat bizarre knockouts. This should be perfect timing for Zhang Mingyang to replicate that. Zhang via knockout. PREDICTION: ZHANG MINGYANG VIA KNOCKOUT Hamish Woodward: While the event taking place in China could be a positive for Zhang Mingyang, you could hold this fight anywhere in the world and Johnny Walker would still have one of the weakest chins in the division. Two knockout losses to some fairly unimpressive fighters in his last two bouts leave the Brazilian with little to look forward to in this bout. Mingyang isn’t the world’s most impressive fighter, but he should have what it takes to finish Walker in quick fashion in Shanghai. PREDICTION: ZHANG MINGYANG VIA KNOCKOUT",2025-08-19,https://bloodyelbow.com/2025/08/19/zhang-mingyang-vs-johnny-walker-bloody-elbow-predictions-see-a-knockout-victory-for-the-native-fighter-at-ufc-shanghai/
Johnny Walker vs. Zhang Mingyang full fight video highlights,"Johnny Walker vs. Zhang Mingyang full fight video highlights Watch Johnny Walker def. Zhang Mingyang full fight video highlights from UFC Shanghai’s light heavyweight showdown Saturday morning, courtesy of multiple outlets UFC Shanghai took place Aug. 23 at the Shanghai Indoor Stadium in Shanghai, China. Zhang Mingyang (19-7) and Johnny Walker (22-9, 1 no-contest) clashed in the main event, which aired live on ESPN+. Official result: Johnny Walker def. Zhang Mingling via second-round TKO (2:37) Check out the highlights below. For more on Ortega vs. Sterling, check out our live blog below. Round 1 This crowd is ready for this one, that’s for sure. We’re off. Johnny Walker tried a takedown attempt, and Zhang ran him over. Zhang on top in full control looking to do damage. Big elbow from Zhang. Walker desperately trying to hold Zhang’s arms, but Walker gets separation and back to his feet. Huge for Walker. Fastball right hand from Walker misses, Zhang grazes with a counter and it stings Walker. Right hand by Zhang wobbles Walker for a moment, Walker recovers while grabbing a clinch. Walker slowing the pace down, which is smart because Zhang is hurting him every time he lands, and he hasn’t landed anything fully clean yet. Zhang separates, jumping knee attempt from Walker. Zhang stalking Walker, lands a short right hand. Walker shoots for a takedown, Zhang defends easily, then lands a big elbow. Combination from Zhang doesn’t land flush, but definitely stung Walker. Final 30 seconds. Head kick from Zhang sneaks through the guard, and that’s the horn. First time in seven years Zhang will see a second round. MMAFighting scores the round 10-9 Zhang Round 2 Walker’s coach Eric Nicksick was telling his fighter what he’s seeing, and of course, the broadcast cuts away because who wants to hear interesting insight from one of the best coaches in the sport, right? Action slowing a touch at the start of Round 2. Zhang lands, and lands again. Everything he touches Walker with wobbles him. It’s pretty wild. Walker throws a calf kick, Zhang counters with a nasty right hand, but Zhang’s leg just went out on him. Walker pouncing on him now. Zhang trying to get back to his feet, but he simply can’t. His leg is cooked. Walker continues hammering away and Goddard stops it. Crazy!",2025-08-23,https://sports.yahoo.com/article/johnny-walker-vs-zhang-mingyang-123943782.html?fr=sycsrp_catchall
"UFC Fight Night 257: Walker vs. Zhang Results, Fight Card & Highlights | MMA Junkie","UFC Fight Night 257: Walker vs. Zhang Results, Fight Card & Highlights UFC Fight Night 257: Walker vs. Zhang Main card ESPN+, 6 a.m. ETLight Heavyweight TKO (strikes) - Rounds 2, 2:37 Featherweight UNANIMOUS DECISION (50-45, 50-45, 50-45) - Rounds 5, 5:00 Heavyweight UNANIMOUS DECISION (30-27, 29-28, 29-28) - Rounds 3, 5:00 Flyweight UNANIMOUS DECISION (30-27, 30-27, 30-27) - Rounds 3, 5:00 Welterweight TKO (strikes) - Rounds 1, 3:33 Prelims ESPN+, 3 a.m. ETLightweight - Welterweight UNANIMOUS DECISION (30-27, 29-28, 29-28) - Rounds 3, 5:00 Flyweight KNOCKOUT (punches) - Rounds 2, 4:35 Lightweight UNANIMOUS DECISION (30-27, 29-28, 29-28) - Rounds 3, 5:00 Middleweight TKO (punches) - Rounds 1, 0:43 Featherweight KNOCKOUT (punches) - Rounds 1, 0:37 Bantamweight UNANIMOUS DECISION (29-28, 29-28, 29-28) - Rounds 3, 5:00 Light Heavyweight SUBMISSION (Ezekiel choke) - Rounds 1, 2:45 Latest Stories Want the latest news and insights in MMA? Sign up for our newsletter to get updates to your inbox, and also receive offers from us, our affiliates and partners. By signing up you agree to our Privacy Policy",2025-08-23,https://mmajunkie.usatoday.com/events/ufc-fight-night-shanghai-august-23-2025/
Johnny Walker Stops Zhang Mingyang At UFC Shanghai - Boxing News,"Johnny Walker Stops Zhang Mingyang At UFC Shanghai Johnny Walker knocked out Zhang Mingyang in the main event of UFC Shanghai in a second round stoppage. Walker started the fight on the front foot, securing a takedown. However, Mingyang managed to overturn the situation, dominating from the top position in the first round. Mingyang continued to rain down heavy shots from the up, forcing Walker to rethink his tactics in the second round. Walker weathered the storm to land two solid calf kicks. Mingyang fell down to the canvas in extreme pain, allowing Walker to take the initiative. He landed a series of ground-and-pound attacks, forcing the referee to stop the fight. The win ended Walker’s two-fight losing streak. “My kick is awesome, right? A tough fighter from China, a lot of straight wins,” he said. “It’s a really good experience to fight a guy that’s very tough. You see, I’m durable. I got some punches in the face today and I keep coming, And then I got him. This is MMA. Amazing, right?,” Walker said Full Card Johnny Walker defeated Zhang Mingyang with a TKO in the second round. Aljamain Sterling won a unanimous decision against Brian Ortega (50-45 x3). Sergei Pavlovich defeated Waldo Cortes-Acosta by unanimous decision (30-27, 29-28 x2). Sumudaerji won a unanimous decision against Kevin Borjas (30-27 x3). Taiyilake Nueraji defeated Kiefer Crosbie with a first-round TKO. Prelims Fight Gauge Young defeated Maheshate by unanimous decision (30-27, 29-28 x2). Charles Johnson knocked out Lone’er Kavanagh in the second round. Rongzhu defeated Austin Hubbard by unanimous decision (30-27, 29-28 x2). Kyle Daukaus knocked out Michel Pereira in the first round. Yizha knocked out Westin Wilson in the first round. SuYoung You defeated Xiao Long by unanimous decision (29-28 x3). Uran Satybaldiev won by submission against Diyar Nurgozhay in the first round. Find all the latest boxing news and MMA breaking updates on boxingnews.com.",2025-08-23,https://boxingnews.com/johnny-walker-stops-zhang-mingyang-at-ufc-shanghai/
"UFC Shanghai: How to watch Johnny Walker vs. Zhang Mingyang, start time, channel and more","UFC Shanghai: How to watch Johnny Walker vs. Zhang Mingyang, start time, channel and more If you buy something through a link in this article, we may earn commission. Pricing and availability are subject to change. UFC Fight Night will take place this weekend in Shanghai, with China's Zhang Mingyang facing Brazil's Johnny Walker. The men's light heavyweight bout, as well as the rest of the fight card, will stream on ESPN+. (UFC's deal with ESPN is ending soon; starting in 2026, fights will air on Paramount+ and CBS – here's what you need to know about that.) Also on the bill Saturday is a lightweight fight between Americans Brian Ortega vs. Aljamain Sterling. This weekend's UFC event will air live Shanghai's Mercedes-Benz Arena with prelims scheduled for 3 a.m. ET and the main ringwalks happening at 6 a.m. Here’s everything you need to know about how to watch Walker vs. Zhang, including the full fight card, schedule and where to stream it live. How to watch the UFC Shanghai fight: Date: Saturday, August 23 Start time: Event begins at 3 a.m. ET Fight time (approximate): Main card fights begin at 6 a.m. ET Location: Mercedes-Benz Arena, Shanghai, China TV channel/streaming: ESPN+ (Main fight card and Prelims) When is the Walker vs. Zhang fight? The UFC Shanghai fight between Johnny Walker and Zhang Mingyang is this Saturday, August 23, but you may want to just stay up late on Friday night to tune in; early prelims begin at 3 a.m. ET and main card fights start at 6 a.m. ET. What channel is the Walker vs. Zhang fight on? The UFC Shanghai fight between Walker and Zhang and the rest of the fight card will be available to stream on ESPN+. Where to watch the Walker vs. Zhang fight: You can stream every fight on the Walker vs. Zhang fight card on ESPN+. ESPN's new streaming platform and app will offer thousands of exclusive live events, original studio shows and acclaimed series that air across ESPN's suite of 7 linear channels, as well as exclusive content on ESPN+, ABC on ESPN, SEC+, ACCNX and more. The new platform costs $29.99/month or $299.99/year. ESPN Select (formerly known as ESPN+) allows subscribers to access exclusive content only available on the app, and an extensive archive of on-demand content (including the entire 30 For 30 library, select ESPN Films, game replays and more). Whether you purchase a standalone plan, add-on or Disney Bundle plan, the service provides access to thousands of sports events for $11.99/month or $119.99/year. Existing ESPN+ subscribers may have noticed their plan's change to ESPN Select when the new service launched on August 21. To subscribe to ESPN Unlimited, you can sign up here. UFC Shanghai fight card Main card (Start time 6 a.m. ET, ESPN+) Light heavyweight: Johnny Walker vs. Zhang Mingyang Lightweight: Brian Ortega vs. Aljamain Sterling Heavyweight: Sergei Pavlovich vs. Waldo Cortes-Acosta Flyweight: Sumudaerji vs. Kevin Borjas Welterweight: Taiyilake Nueraji vs. Kiefer Crosbie Prelims (Start time 3 a.m. ET, ESPN+) Lightweight: Maheshate vs. Gauge Young Flyweight: Lone'er Kavanagh vs. Charles Johnson Lightweight: Rongzhu vs. Austin Hubbard Middleweight: Michel Pereira vs. Kyle Daukaus Featherweight: Yizha vs. Westin Wilson Bantamweight: Xiao Long vs. Su Young You Light heavyweight: Diyar Nurgozhay vs. Uran Satybaldiev",2025-08-22,https://sports.yahoo.com/mma/article/ufc-shanghai-how-to-watch-johnny-walker-vs-zhang-mingyang-start-time-channel-and-more-171535288.html?fr=sycsrp_catchall
Johnny Walker vs Zhang Mingyang - Men's Light Heavyweight,"Johnny Walker vs Zhang Mingyang - Men's Light HeavyweightJohnny Walker 22 - 9 - 0 1 NC ""Mountain Tiger""Zhang Mingyang 19 - 7 - 0UFC Fight Night: Walker vs. Zhang August 23, 2025, 6:53 AM EDT New York Best New York Betting Sites 4.5/54.5/5Bet $1,Double Your WinningsYour Next 20 Bets iOS Rating:4.7/5(89,306) Google Play Rating:4.5/5(30,709) Play Now Read ReviewTerms and ConditionsMust be 21 or older and physically present in New York. New users only. Must register using eligible promo code. First bet after registration must qualify. Max. Bonus Bet: $1,059. Bonus Bet expires 14 days after receipt. Void where prohibited. See Caesars.com/promos for full terms. Know When To Stop Before You Start.®Gambling problem? Call 877-8-HOPENY or text HOPENY (467369) 4.5/54.5/5Bet $5Get $150 inBonus Bets Instantly iOS Rating:4.8/5(845,560) Google Play Rating:4.3/5(174,461) Claim Offer Read ReviewTerms and ConditionsGAMBLING PROBLEM? CALL 1-800-GAMBLER, (800) 327-5050 or visit gamblinghelplinema.org (MA). Call 877-8-HOPENY/text HOPENY (467369) (NY).Please Gamble Responsibly. 888-789-7777/visit ccpg.org (CT), or visit www.mdgamblinghelp.org (MD). 21+ and present in most states. (18+ DC/KY/NH/WY). Void in ONT/OR/NH. Eligibility restrictions apply. On behalf of Boot Hill Casino & Resort (KS). 1 per new customer. Must register new account to receive reward Token. Must select Token BEFORE placing min. $5 bet to receive $150 in Bonus Bets instantly. Min. -500 odds req. Token and Bonus Bets are single-use and non-withdrawable. Bonus Bets expire in 7 days (168 hours). Stake removed from payout. Terms: sportsbook.draftkings.com/promos. Sponsored by DK. 4.5/54.5/5Bet $5Get $300 inBonus Bets If Your Bet Wins iOS Rating:4.9/5(1,861,547) Google Play Rating:4.6/5(382,450) Play Now Read ReviewTerms and ConditionsNew customers only. Deposit min. $10. Place first bet of min $5 and get $300 in bonus bets if your bet wins.For help with a gambling problem call 877-8HOPE-NY or text HOPENY (467369).21+ and physically present in NY. 4.5/54.5/5$1500First BetOffer iOS Rating:4.8/5(239,874) Google Play Rating:4.2/5(36,718) Play Now Read ReviewTerms and ConditionsFor help with a gambling problem call 877-8HOPE-NY or text HOPENY (467369).21+ and physically present in NY. 4.5/54.5/5Use Code: OddsSharkEarn 1.5% Back for 30 Days,Up to 200 in Prophet Cash iOS Rating:4.8/5(1,658K) Google Play Rating:4.8/5(351) Claim Offer Read ReviewFor help with a gambling problem call 877-8HOPE-NY or text HOPENY (467369).21+ and physically present in NY. See all New York Sportsbooks Odds Saturday, August 23 - UFC Fight Night Sat Aug 23 - UFC Fight Night ROUND 1 Close MatchupOpeningCurrent Final Johnny Walker Johnny Walker VS / Zhang Mingyang Zhang Mingyang +280 -390 +300 -375 Johnny Walker vs Zhang Mingyang - Men's Light HeavyweightJohnny Walker 22 - 9 - 0 1 NC ""Mountain Tiger""Zhang Mingyang 19 - 7 - 0UFC Fight Night: Walker vs. Zhang August 23, 2025, 6:53 AM EDT New York Best New York Betting Sites 4.5/54.5/5Bet $1,Double Your WinningsYour Next 20 Bets iOS Rating:4.7/5(89,306) Google Play Rating:4.5/5(30,709) Play Now Read ReviewTerms and ConditionsMust be 21 or older and physically present in New York. New users only. Must register using eligible promo code. First bet after registration must qualify. Max. Bonus Bet: $1,059. Bonus Bet expires 14 days after receipt. Void where prohibited. See Caesars.com/promos for full terms. Know When To Stop Before You Start.®Gambling problem? Call 877-8-HOPENY or text HOPENY (467369) 4.5/54.5/5Bet $5Get $150 inBonus Bets Instantly iOS Rating:4.8/5(845,560) Google Play Rating:4.3/5(174,461) Claim Offer Read ReviewTerms and ConditionsGAMBLING PROBLEM? CALL 1-800-GAMBLER, (800) 327-5050 or visit gamblinghelplinema.org (MA). Call 877-8-HOPENY/text HOPENY (467369) (NY).Please Gamble Responsibly. 888-789-7777/visit ccpg.org (CT), or visit www.mdgamblinghelp.org (MD). 21+ and present in most states. (18+ DC/KY/NH/WY). Void in ONT/OR/NH. Eligibility restrictions apply. On behalf of Boot Hill Casino & Resort (KS). 1 per new customer. Must register new account to receive reward Token. Must select Token BEFORE placing min. $5 bet to receive $150 in Bonus Bets instantly. Min. -500 odds req. Token and Bonus Bets are single-use and non-withdrawable. Bonus Bets expire in 7 days (168 hours). Stake removed from payout. Terms: sportsbook.draftkings.com/promos. Sponsored by DK. 4.5/54.5/5Bet $5Get $300 inBonus Bets If Your Bet Wins iOS Rating:4.9/5(1,861,547) Google Play Rating:4.6/5(382,450) Play Now Read ReviewTerms and ConditionsNew customers only. Deposit min. $10. Place first bet of min $5 and get $300 in bonus bets if your bet wins.For help with a gambling problem call 877-8HOPE-NY or text HOPENY (467369).21+ and physically present in NY. 4.5/54.5/5$1500First BetOffer iOS Rating:4.8/5(239,874) Google Play Rating:4.2/5(36,718) Play Now Read ReviewTerms and ConditionsFor help with a gambling problem call 877-8HOPE-NY or text HOPENY (467369).21+ and physically present in NY. 4.5/54.5/5Use Code: OddsSharkEarn 1.5% Back for 30 Days,Up to 200 in Prophet Cash iOS Rating:4.8/5(1,658K) Google Play Rating:4.8/5(351) Claim Offer Read ReviewFor help with a gambling problem call 877-8HOPE-NY or text HOPENY (467369).21+ and physically present in NY. See all New York Sportsbooks Odds Saturday, August 23 - UFC Fight Night Sat Aug 23 - UFC Fight Night ROUND 1 Close MatchupOpeningCurrent Final Johnny Walker Johnny Walker VS / Zhang Mingyang Zhang Mingyang +280 -390 +300 -375 Johnny Walker vs Zhang Mingyang - Men's Light HeavyweightJohnny Walker 22 - 9 - 0 1 NC ""Mountain Tiger""Zhang Mingyang 19 - 7 - 0UFC Fight Night: Walker vs. Zhang August 23, 2025, 6:53 AM EDT New York Best New York Betting Sites 4.5/54.5/5Bet $1,Double Your WinningsYour Next 20 Bets iOS Rating:4.7/5(89,306) Google Play Rating:4.5/5(30,709) Play Now Read ReviewTerms and ConditionsMust be 21 or older and physically present in New York. New users only. Must register using eligible promo code. First bet after registration must qualify. Max. Bonus Bet: $1,059. Bonus Bet expires 14 days after receipt. Void where prohibited. See Caesars.com/promos for full terms. Know When To Stop Before You Start.®Gambling problem? Call 877-8-HOPENY or text HOPENY (467369) 4.5/54.5/5Bet $5Get $150 inBonus Bets Instantly iOS Rating:4.8/5(845,560) Google Play Rating:4.3/5(174,461) Claim Offer Read ReviewTerms and ConditionsGAMBLING PROBLEM? CALL 1-800-GAMBLER, (800) 327-5050 or visit gamblinghelplinema.org (MA). Call 877-8-HOPENY/text HOPENY (467369) (NY).Please Gamble Responsibly. 888-789-7777/visit ccpg.org (CT), or visit www.mdgamblinghelp.org (MD). 21+ and present in most states. (18+ DC/KY/NH/WY). Void in ONT/OR/NH. Eligibility restrictions apply. On behalf of Boot Hill Casino & Resort (KS). 1 per new customer. Must register new account to receive reward Token. Must select Token BEFORE placing min. $5 bet to receive $150 in Bonus Bets instantly. Min. -500 odds req. Token and Bonus Bets are single-use and non-withdrawable. Bonus Bets expire in 7 days (168 hours). Stake removed from payout. Terms: sportsbook.draftkings.com/promos. Sponsored by DK. 4.5/54.5/5Bet $5Get $300 inBonus Bets If Your Bet Wins iOS Rating:4.9/5(1,861,547) Google Play Rating:4.6/5(382,450) Play Now Read ReviewTerms and ConditionsNew customers only. Deposit min. $10. Place first bet of min $5 and get $300 in bonus bets if your bet wins.For help with a gambling problem call 877-8HOPE-NY or text HOPENY (467369).21+ and physically present in NY. 4.5/54.5/5$1500First BetOffer iOS Rating:4.8/5(239,874) Google Play Rating:4.2/5(36,718) Play Now Read ReviewTerms and ConditionsFor help with a gambling problem call 877-8HOPE-NY or text HOPENY (467369).21+ and physically present in NY. 4.5/54.5/5Use Code: OddsSharkEarn 1.5% Back for 30 Days,Up to 200 in Prophet Cash iOS Rating:4.8/5(1,658K) Google Play Rating:4.8/5(351) Claim Offer Read ReviewFor help with a gambling problem call 877-8HOPE-NY or text HOPENY (467369).21+ and physically present in NY. See all New York Sportsbooks Odds Saturday, August 23 - UFC Fight Night Sat Aug 23 - UFC Fight Night ROUND 1 Close MatchupOpeningCurrent Final Johnny Walker Johnny Walker VS / Zhang Mingyang Zhang Mingyang +280 -390 +300 -375 Johnny Walker vs Zhang Mingyang - Men's Light HeavyweightJohnny Walker 22 - 9 - 0 1 NC ""Mountain Tiger""Zhang Mingyang 19 - 7 - 0UFC Fight Night: Walker vs. Zhang August 23, 2025, 6:53 AM EDT New York Best New York Betting Sites 4.5/54.5/5Bet $1,Double Your WinningsYour Next 20 Bets iOS Rating:4.7/5(89,306) Google Play Rating:4.5/5(30,709) Play Now Read ReviewTerms and ConditionsMust be 21 or older and physically present in New York. New users only. Must register using eligible promo code. First bet after registration must qualify. Max. Bonus Bet: $1,059. Bonus Bet expires 14 days after receipt. Void where prohibited. See Caesars.com/promos for full terms. Know When To Stop Before You Start.®Gambling problem? Call 877-8-HOPENY or text HOPENY (467369) 4.5/54.5/5Bet $5Get $150 inBonus Bets Instantly iOS Rating:4.8/5(845,560) Google Play Rating:4.3/5(174,461) Claim Offer Read ReviewTerms and ConditionsGAMBLING PROBLEM? CALL 1-800-GAMBLER, (800) 327-5050 or visit gamblinghelplinema.org (MA). Call 877-8-HOPENY/text HOPENY (467369) (NY).Please Gamble Responsibly. 888-789-7777/visit ccpg.org (CT), or visit www.mdgamblinghelp.org (MD). 21+ and present in most states. (18+ DC/KY/NH/WY). Void in ONT/OR/NH. Eligibility restrictions apply. On behalf of Boot Hill Casino & Resort (KS). 1 per new customer. Must register new account to receive reward Token. Must select Token BEFORE placing min. $5 bet to receive $150 in Bonus Bets instantly. Min. -500 odds req. Token and Bonus Bets are single-use and non-withdrawable. Bonus Bets expire in 7 days (168 hours). Stake removed from payout. Terms: sportsbook.draftkings.com/promos. Sponsored by DK. 4.5/54.5/5Bet $5Get $300 inBonus Bets If Your Bet Wins iOS Rating:4.9/5(1,861,547) Google Play Rating:4.6/5(382,450) Play Now Read ReviewTerms and ConditionsNew customers only. Deposit min. $10. Place first bet of min $5 and get $300 in bonus bets if your bet wins.For help with a gambling problem call 877-8HOPE-NY or text HOPENY (467369).21+ and physically present in NY. 4.5/54.5/5$1500First BetOffer iOS Rating:4.8/5(239,874) Google Play Rating:4.2/5(36,718) Play Now Read ReviewTerms and ConditionsFor help with a gambling problem call 877-8HOPE-NY or text HOPENY (467369).21+ and physically present in NY. 4.5/54.5/5Use Code: OddsSharkEarn 1.5% Back for 30 Days,Up to 200 in Prophet Cash iOS Rating:4.8/5(1,658K) Google Play Rating:4.8/5(351) Claim Offer Read ReviewFor help with a gambling problem call 877-8HOPE-NY or text HOPENY (467369).21+ and physically present in NY. See all New York Sportsbooks Odds Saturday, August 23 - UFC Fight Night Sat Aug 23 - UFC Fight Night ROUND 1 Close MatchupOpeningCurrent Final Johnny Walker Johnny Walker VS / Zhang Mingyang Zhang Mingyang +280 -390 +300 -375 Johnny Walker vs Zhang Mingyang - Men's Light HeavyweightJohnny Walker 22 - 9 - 0 1 NC ""Mountain Tiger""Zhang Mingyang 19 - 7 - 0UFC Fight Night: Walker vs. Zhang August 23, 2025, 6:53 AM EDT Johnny Walker vs Zhang Mingyang - Men's Light HeavyweightJohnny Walker 22 - 9 - 0 1 NC ""Mountain Tiger""Zhang Mingyang 19 - 7 - 0UFC Fight Night: Walker vs. Zhang August 23, 2025, 6:53 AM EDT Johnny Walker vs Zhang Mingyang - Men's Light HeavyweightJohnny Walker 22 - 9 - 0 1 NC ""Mountain Tiger""Zhang Mingyang 19 - 7 - 0UFC Fight Night: Walker vs. Zhang August 23, 2025, 6:53 AM EDT Johnny Walker vs Zhang Mingyang - Men's Light HeavyweightJohnny Walker 22 - 9 - 0 1 NC ""Mountain Tiger""Zhang Mingyang 19 - 7 - 0UFC Fight Night: Walker vs. Zhang August 23, 2025, 6:53 AM EDT Johnny Walker vs Zhang Mingyang - Men's Light HeavyweightJohnny Walker 22 - 9 - 0 1 NC ""Mountain Tiger""Zhang Mingyang 19 - 7 - 0UFC Fight Night: Walker vs. Zhang August 23, 2025, 6:53 AM EDT Johnny Walker vs Zhang Mingyang - Men's Light HeavyweightJohnny Walker 22 - 9 - 0 1 NC ""Mountain Tiger""Zhang Mingyang 19 - 7 - 0UFC Fight Night: Walker vs. Zhang August 23, 2025, 6:53 AM EDT Johnny Walker vs Zhang Mingyang - Men's Light HeavyweightJohnny Walker 22 - 9 - 0 1 NC ""Mountain Tiger""Zhang Mingyang 19 - 7 - 0UFC Fight Night: Walker vs. Zhang August 23, 2025, 6:53 AM EDT Johnny Walker vs Zhang Mingyang - Men's Light HeavyweightJohnny Walker 22 - 9 - 0 1 NC ""Mountain Tiger""Zhang Mingyang 19 - 7 - 0UFC Fight Night: Walker vs. Zhang August 23, 2025, 6:53 AM EDT Johnny Walker vs Zhang Mingyang - Men's Light Heavyweight Johnny Walker 22 - 9 - 0 1 NC ""Mountain Tiger""Zhang Mingyang 19 - 7 - 0 Johnny Walker 22 - 9 - 0 1 NC ""Mountain Tiger""Zhang Mingyang 19 - 7 - 0 UFC Fight Night: Walker vs. Zhang August 23, 2025, 6:53 AM EDT UFC Fight Night: Walker vs. Zhang August 23, 2025, 6:53 AM EDT New York Best New York Betting Sites 4.5/54.5/5Bet $1,Double Your WinningsYour Next 20 Bets iOS Rating:4.7/5(89,306) Google Play Rating:4.5/5(30,709) Play Now Read ReviewTerms and ConditionsMust be 21 or older and physically present in New York. New users only. Must register using eligible promo code. First bet after registration must qualify. Max. Bonus Bet: $1,059. Bonus Bet expires 14 days after receipt. Void where prohibited. See Caesars.com/promos for full terms. Know When To Stop Before You Start.®Gambling problem? Call 877-8-HOPENY or text HOPENY (467369) 4.5/54.5/5Bet $5Get $150 inBonus Bets Instantly iOS Rating:4.8/5(845,560) Google Play Rating:4.3/5(174,461) Claim Offer Read ReviewTerms and ConditionsGAMBLING PROBLEM? CALL 1-800-GAMBLER, (800) 327-5050 or visit gamblinghelplinema.org (MA). Call 877-8-HOPENY/text HOPENY (467369) (NY).Please Gamble Responsibly. 888-789-7777/visit ccpg.org (CT), or visit www.mdgamblinghelp.org (MD). 21+ and present in most states. (18+ DC/KY/NH/WY). Void in ONT/OR/NH. Eligibility restrictions apply. On behalf of Boot Hill Casino & Resort (KS). 1 per new customer. Must register new account to receive reward Token. Must select Token BEFORE placing min. $5 bet to receive $150 in Bonus Bets instantly. Min. -500 odds req. Token and Bonus Bets are single-use and non-withdrawable. Bonus Bets expire in 7 days (168 hours). Stake removed from payout. Terms: sportsbook.draftkings.com/promos. Sponsored by DK. 4.5/54.5/5Bet $5Get $300 inBonus Bets If Your Bet Wins iOS Rating:4.9/5(1,861,547) Google Play Rating:4.6/5(382,450) Play Now Read ReviewTerms and ConditionsNew customers only. Deposit min. $10. Place first bet of min $5 and get $300 in bonus bets if your bet wins.For help with a gambling problem call 877-8HOPE-NY or text HOPENY (467369).21+ and physically present in NY. 4.5/54.5/5$1500First BetOffer iOS Rating:4.8/5(239,874) Google Play Rating:4.2/5(36,718) Play Now Read ReviewTerms and ConditionsFor help with a gambling problem call 877-8HOPE-NY or text HOPENY (467369).21+ and physically present in NY. 4.5/54.5/5Use Code: OddsSharkEarn 1.5% Back for 30 Days,Up to 200 in Prophet Cash iOS Rating:4.8/5(1,658K) Google Play Rating:4.8/5(351) Claim Offer Read ReviewFor help with a gambling problem call 877-8HOPE-NY or text HOPENY (467369).21+ and physically present in NY. See all New York Sportsbooks New York Best New York Betting Sites 4.5/54.5/5Bet $1,Double Your WinningsYour Next 20 Bets iOS Rating:4.7/5(89,306) Google Play Rating:4.5/5(30,709) Play Now Read ReviewTerms and ConditionsMust be 21 or older and physically present in New York. New users only. Must register using eligible promo code. First bet after registration must qualify. Max. Bonus Bet: $1,059. Bonus Bet expires 14 days after receipt. Void where prohibited. See Caesars.com/promos for full terms. Know When To Stop Before You Start.®Gambling problem? Call 877-8-HOPENY or text HOPENY (467369) 4.5/54.5/5Bet $5Get $150 inBonus Bets Instantly iOS Rating:4.8/5(845,560) Google Play Rating:4.3/5(174,461) Claim Offer Read ReviewTerms and ConditionsGAMBLING PROBLEM? CALL 1-800-GAMBLER, (800) 327-5050 or visit gamblinghelplinema.org (MA). Call 877-8-HOPENY/text HOPENY (467369) (NY).Please Gamble Responsibly. 888-789-7777/visit ccpg.org (CT), or visit www.mdgamblinghelp.org (MD). 21+ and present in most states. (18+ DC/KY/NH/WY). Void in ONT/OR/NH. Eligibility restrictions apply. On behalf of Boot Hill Casino & Resort (KS). 1 per new customer. Must register new account to receive reward Token. Must select Token BEFORE placing min. $5 bet to receive $150 in Bonus Bets instantly. Min. -500 odds req. Token and Bonus Bets are single-use and non-withdrawable. Bonus Bets expire in 7 days (168 hours). Stake removed from payout. Terms: sportsbook.draftkings.com/promos. Sponsored by DK. 4.5/54.5/5Bet $5Get $300 inBonus Bets If Your Bet Wins iOS Rating:4.9/5(1,861,547) Google Play Rating:4.6/5(382,450) Play Now Read ReviewTerms and ConditionsNew customers only. Deposit min. $10. Place first bet of min $5 and get $300 in bonus bets if your bet wins.For help with a gambling problem call 877-8HOPE-NY or text HOPENY (467369).21+ and physically present in NY. 4.5/54.5/5$1500First BetOffer iOS Rating:4.8/5(239,874) Google Play Rating:4.2/5(36,718) Play Now Read ReviewTerms and ConditionsFor help with a gambling problem call 877-8HOPE-NY or text HOPENY (467369).21+ and physically present in NY. 4.5/54.5/5Use Code: OddsSharkEarn 1.5% Back for 30 Days,Up to 200 in Prophet Cash iOS Rating:4.8/5(1,658K) Google Play Rating:4.8/5(351) Claim Offer Read ReviewFor help with a gambling problem call 877-8HOPE-NY or text HOPENY (467369).21+ and physically present in NY. See all New York Sportsbooks 4.5/54.5/5Bet $1,Double Your WinningsYour Next 20 Bets iOS Rating:4.7/5(89,306) Google Play Rating:4.5/5(30,709) Play Now Read ReviewTerms and ConditionsMust be 21 or older and physically present in New York. New users only. Must register using eligible promo code. First bet after registration must qualify. Max. Bonus Bet: $1,059. Bonus Bet expires 14 days after receipt. Void where prohibited. See Caesars.com/promos for full terms. Know When To Stop Before You Start.®Gambling problem? Call 877-8-HOPENY or text HOPENY (467369) 4.5/54.5/5Bet $5Get $150 inBonus Bets Instantly iOS Rating:4.8/5(845,560) Google Play Rating:4.3/5(174,461) Claim Offer Read ReviewTerms and ConditionsGAMBLING PROBLEM? CALL 1-800-GAMBLER, (800) 327-5050 or visit gamblinghelplinema.org (MA). Call 877-8-HOPENY/text HOPENY (467369) (NY).Please Gamble Responsibly. 888-789-7777/visit ccpg.org (CT), or visit www.mdgamblinghelp.org (MD). 21+ and present in most states. (18+ DC/KY/NH/WY). Void in ONT/OR/NH. Eligibility restrictions apply. On behalf of Boot Hill Casino & Resort (KS). 1 per new customer. Must register new account to receive reward Token. Must select Token BEFORE placing min. $5 bet to receive $150 in Bonus Bets instantly. Min. -500 odds req. Token and Bonus Bets are single-use and non-withdrawable. Bonus Bets expire in 7 days (168 hours). Stake removed from payout. Terms: sportsbook.draftkings.com/promos. Sponsored by DK. 4.5/54.5/5Bet $5Get $300 inBonus Bets If Your Bet Wins iOS Rating:4.9/5(1,861,547) Google Play Rating:4.6/5(382,450) Play Now Read ReviewTerms and ConditionsNew customers only. Deposit min. $10. Place first bet of min $5 and get $300 in bonus bets if your bet wins.For help with a gambling problem call 877-8HOPE-NY or text HOPENY (467369).21+ and physically present in NY. 4.5/54.5/5$1500First BetOffer iOS Rating:4.8/5(239,874) Google Play Rating:4.2/5(36,718) Play Now Read ReviewTerms and ConditionsFor help with a gambling problem call 877-8HOPE-NY or text HOPENY (467369).21+ and physically present in NY. 4.5/54.5/5Use Code: OddsSharkEarn 1.5% Back for 30 Days,Up to 200 in Prophet Cash iOS Rating:4.8/5(1,658K) Google Play Rating:4.8/5(351) Claim Offer Read ReviewFor help with a gambling problem call 877-8HOPE-NY or text HOPENY (467369).21+ and physically present in NY. See all New York Sportsbooks 4.5/54.5/5Bet $1,Double Your WinningsYour Next 20 Bets iOS Rating:4.7/5(89,306) Google Play Rating:4.5/5(30,709) Play Now Read ReviewTerms and ConditionsMust be 21 or older and physically present in New York. New users only. Must register using eligible promo code. First bet after registration must qualify. Max. Bonus Bet: $1,059. Bonus Bet expires 14 days after receipt. Void where prohibited. See Caesars.com/promos for full terms. Know When To Stop Before You Start.®Gambling problem? Call 877-8-HOPENY or text HOPENY (467369) 4.5/54.5/5Bet $5Get $150 inBonus Bets Instantly iOS Rating:4.8/5(845,560) Google Play Rating:4.3/5(174,461) Claim Offer Read ReviewTerms and ConditionsGAMBLING PROBLEM? CALL 1-800-GAMBLER, (800) 327-5050 or visit gamblinghelplinema.org (MA). Call 877-8-HOPENY/text HOPENY (467369) (NY).Please Gamble Responsibly. 888-789-7777/visit ccpg.org (CT), or visit www.mdgamblinghelp.org (MD). 21+ and present in most states. (18+ DC/KY/NH/WY). Void in ONT/OR/NH. Eligibility restrictions apply. On behalf of Boot Hill Casino & Resort (KS). 1 per new customer. Must register new account to receive reward Token. Must select Token BEFORE placing min. $5 bet to receive $150 in Bonus Bets instantly. Min. -500 odds req. Token and Bonus Bets are single-use and non-withdrawable. Bonus Bets expire in 7 days (168 hours). Stake removed from payout. Terms: sportsbook.draftkings.com/promos. Sponsored by DK. 4.5/54.5/5Bet $5Get $300 inBonus Bets If Your Bet Wins iOS Rating:4.9/5(1,861,547) Google Play Rating:4.6/5(382,450) Play Now Read ReviewTerms and ConditionsNew customers only. Deposit min. $10. Place first bet of min $5 and get $300 in bonus bets if your bet wins.For help with a gambling problem call 877-8HOPE-NY or text HOPENY (467369).21+ and physically present in NY. 4.5/54.5/5$1500First BetOffer iOS Rating:4.8/5(239,874) Google Play Rating:4.2/5(36,718) Play Now Read ReviewTerms and ConditionsFor help with a gambling problem call 877-8HOPE-NY or text HOPENY (467369).21+ and physically present in NY. 4.5/54.5/5Use Code: OddsSharkEarn 1.5% Back for 30 Days,Up to 200 in Prophet Cash iOS Rating:4.8/5(1,658K) Google Play Rating:4.8/5(351) Claim Offer Read ReviewFor help with a gambling problem call 877-8HOPE-NY or text HOPENY (467369).21+ and physically present in NY. See all New York Sportsbooks 4.5/54.5/5Bet $1,Double Your WinningsYour Next 20 Bets iOS Rating:4.7/5(89,306) Google Play Rating:4.5/5(30,709) Play Now Read ReviewTerms and ConditionsMust be 21 or older and physically present in New York. New users only. Must register using eligible promo code. First bet after registration must qualify. Max. Bonus Bet: $1,059. Bonus Bet expires 14 days after receipt. Void where prohibited. See Caesars.com/promos for full terms. Know When To Stop Before You Start.®Gambling problem? Call 877-8-HOPENY or text HOPENY (467369) 4.5/54.5/5Bet $5Get $150 inBonus Bets Instantly iOS Rating:4.8/5(845,560) Google Play Rating:4.3/5(174,461) Claim Offer Read ReviewTerms and ConditionsGAMBLING PROBLEM? CALL 1-800-GAMBLER, (800) 327-5050 or visit gamblinghelplinema.org (MA). Call 877-8-HOPENY/text HOPENY (467369) (NY).Please Gamble Responsibly. 888-789-7777/visit ccpg.org (CT), or visit www.mdgamblinghelp.org (MD). 21+ and present in most states. (18+ DC/KY/NH/WY). Void in ONT/OR/NH. Eligibility restrictions apply. On behalf of Boot Hill Casino & Resort (KS). 1 per new customer. Must register new account to receive reward Token. Must select Token BEFORE placing min. $5 bet to receive $150 in Bonus Bets instantly. Min. -500 odds req. Token and Bonus Bets are single-use and non-withdrawable. Bonus Bets expire in 7 days (168 hours). Stake removed from payout. Terms: sportsbook.draftkings.com/promos. Sponsored by DK. 4.5/54.5/5Bet $5Get $300 inBonus Bets If Your Bet Wins iOS Rating:4.9/5(1,861,547) Google Play Rating:4.6/5(382,450) Play Now Read ReviewTerms and ConditionsNew customers only. Deposit min. $10. Place first bet of min $5 and get $300 in bonus bets if your bet wins.For help with a gambling problem call 877-8HOPE-NY or text HOPENY (467369).21+ and physically present in NY. 4.5/54.5/5$1500First BetOffer iOS Rating:4.8/5(239,874) Google Play Rating:4.2/5(36,718) Play Now Read ReviewTerms and ConditionsFor help with a gambling problem call 877-8HOPE-NY or text HOPENY (467369).21+ and physically present in NY. 4.5/54.5/5Use Code: OddsSharkEarn 1.5% Back for 30 Days,Up to 200 in Prophet Cash iOS Rating:4.8/5(1,658K) Google Play Rating:4.8/5(351) Claim Offer Read Review 4.5/54.5/5Bet $1,Double Your WinningsYour Next 20 Bets iOS Rating:4.7/5(89,306) Google Play Rating:4.5/5(30,709) Play Now Read Review 4.5/54.5/5Bet $1,Double Your WinningsYour Next 20 Bets iOS Rating:4.7/5(89,306) Google Play Rating:4.5/5(30,709) Play Now Read Review iOS Rating:4.7/5(89,306) Google Play Rating:4.5/5(30,709) Terms and ConditionsMust be 21 or older and physically present in New York. New users only. Must register using eligible promo code. First bet after registration must qualify. Max. Bonus Bet: $1,059. Bonus Bet expires 14 days after receipt. Void where prohibited. See Caesars.com/promos for full terms. Know When To Stop Before You Start.®Gambling problem? Call 877-8-HOPENY or text HOPENY (467369) Must be 21 or older and physically present in New York. New users only. Must register using eligible promo code. First bet after registration must qualify. Max. Bonus Bet: $1,059. Bonus Bet expires 14 days after receipt. Void where prohibited. See Caesars.com/promos for full terms. Know When To Stop Before You Start.®Gambling problem? Call 877-8-HOPENY or text HOPENY (467369) Must be 21 or older and physically present in New York. New users only. Must register using eligible promo code. First bet after registration must qualify. Max. Bonus Bet: $1,059. Bonus Bet expires 14 days after receipt. Void where prohibited. See Caesars.com/promos for full terms. Know When To Stop Before You Start.® Gambling problem? Call 877-8-HOPENY or text HOPENY (467369) 4.5/54.5/5Bet $5Get $150 inBonus Bets Instantly iOS Rating:4.8/5(845,560) Google Play Rating:4.3/5(174,461) Claim Offer Read Review 4.5/54.5/5Bet $5Get $150 inBonus Bets Instantly iOS Rating:4.8/5(845,560) Google Play Rating:4.3/5(174,461) Claim Offer Read Review iOS Rating:4.8/5(845,560) Google Play Rating:4.3/5(174,461) Terms and ConditionsGAMBLING PROBLEM? CALL 1-800-GAMBLER, (800) 327-5050 or visit gamblinghelplinema.org (MA). Call 877-8-HOPENY/text HOPENY (467369) (NY).Please Gamble Responsibly. 888-789-7777/visit ccpg.org (CT), or visit www.mdgamblinghelp.org (MD). 21+ and present in most states. (18+ DC/KY/NH/WY). Void in ONT/OR/NH. Eligibility restrictions apply. On behalf of Boot Hill Casino & Resort (KS). 1 per new customer. Must register new account to receive reward Token. Must select Token BEFORE placing min. $5 bet to receive $150 in Bonus Bets instantly. Min. -500 odds req. Token and Bonus Bets are single-use and non-withdrawable. Bonus Bets expire in 7 days (168 hours). Stake removed from payout. Terms: sportsbook.draftkings.com/promos. Sponsored by DK. GAMBLING PROBLEM? CALL 1-800-GAMBLER, (800) 327-5050 or visit gamblinghelplinema.org (MA). Call 877-8-HOPENY/text HOPENY (467369) (NY).Please Gamble Responsibly. 888-789-7777/visit ccpg.org (CT), or visit www.mdgamblinghelp.org (MD). 21+ and present in most states. (18+ DC/KY/NH/WY). Void in ONT/OR/NH. Eligibility restrictions apply. On behalf of Boot Hill Casino & Resort (KS). 1 per new customer. Must register new account to receive reward Token. Must select Token BEFORE placing min. $5 bet to receive $150 in Bonus Bets instantly. Min. -500 odds req. Token and Bonus Bets are single-use and non-withdrawable. Bonus Bets expire in 7 days (168 hours). Stake removed from payout. Terms: sportsbook.draftkings.com/promos. Sponsored by DK. GAMBLING PROBLEM? CALL 1-800-GAMBLER, (800) 327-5050 or visit gamblinghelplinema.org (MA). Call 877-8-HOPENY/text HOPENY (467369) (NY). Please Gamble Responsibly. 888-789-7777/visit ccpg.org (CT), or visit www.mdgamblinghelp.org (MD). 21+ and present in most states. (18+ DC/KY/NH/WY). Void in ONT/OR/NH. Eligibility restrictions apply. On behalf of Boot Hill Casino & Resort (KS). 1 per new customer. Must register new account to receive reward Token. Must select Token BEFORE placing min. $5 bet to receive $150 in Bonus Bets instantly. Min. -500 odds req. Token and Bonus Bets are single-use and non-withdrawable. Bonus Bets expire in 7 days (168 hours). Stake removed from payout. Terms: sportsbook.draftkings.com/promos. Sponsored by DK. 4.5/54.5/5Bet $5Get $300 inBonus Bets If Your Bet Wins iOS Rating:4.9/5(1,861,547) Google Play Rating:4.6/5(382,450) Play Now Read Review 4.5/54.5/5Bet $5Get $300 inBonus Bets If Your Bet Wins iOS Rating:4.9/5(1,861,547) Google Play Rating:4.6/5(382,450) Play Now Read Review iOS Rating:4.9/5(1,861,547) Google Play Rating:4.6/5(382,450) Terms and ConditionsNew customers only. Deposit min. $10. Place first bet of min $5 and get $300 in bonus bets if your bet wins.For help with a gambling problem call 877-8HOPE-NY or text HOPENY (467369).21+ and physically present in NY. New customers only. Deposit min. $10. Place first bet of min $5 and get $300 in bonus bets if your bet wins.For help with a gambling problem call 877-8HOPE-NY or text HOPENY (467369).21+ and physically present in NY. New customers only. Deposit min. $10. Place first bet of min $5 and get $300 in bonus bets if your bet wins. For help with a gambling problem call 877-8HOPE-NY or text HOPENY (467369).21+ and physically present in NY. 4.5/54.5/5$1500First BetOffer iOS Rating:4.8/5(239,874) Google Play Rating:4.2/5(36,718) Play Now Read Review 4.5/54.5/5$1500First BetOffer iOS Rating:4.8/5(239,874) Google Play Rating:4.2/5(36,718) Play Now Read Review iOS Rating:4.8/5(239,874) Google Play Rating:4.2/5(36,718) Terms and ConditionsFor help with a gambling problem call 877-8HOPE-NY or text HOPENY (467369).21+ and physically present in NY. For help with a gambling problem call 877-8HOPE-NY or text HOPENY (467369).21+ and physically present in NY. For help with a gambling problem call 877-8HOPE-NY or text HOPENY (467369).21+ and physically present in NY. 4.5/54.5/5Use Code: OddsSharkEarn 1.5% Back for 30 Days,Up to 200 in Prophet Cash iOS Rating:4.8/5(1,658K) Google Play Rating:4.8/5(351) Claim Offer Read Review 4.5/54.5/5Use Code: OddsSharkEarn 1.5% Back for 30 Days,Up to 200 in Prophet Cash iOS Rating:4.8/5(1,658K) Google Play Rating:4.8/5(351) Claim Offer Read Review Use Code: OddsSharkEarn 1.5% Back for 30 Days,Up to 200 in Prophet Cash Use Code: OddsSharkEarn 1.5% Back for 30 Days,Up to 200 in Prophet Cash Use Code: OddsSharkEarn 1.5% Back for 30 Days,Up to 200 in Prophet Cash iOS Rating:4.8/5(1,658K) Google Play Rating:4.8/5(351) For help with a gambling problem call 877-8HOPE-NY or text HOPENY (467369).21+ and physically present in NY. For help with a gambling problem call 877-8HOPE-NY or text HOPENY (467369).21+ and physically present in NY. Odds Saturday, August 23 - UFC Fight Night Sat Aug 23 - UFC Fight Night ROUND 1 Close MatchupOpeningCurrent Final Johnny Walker Johnny Walker VS / Zhang Mingyang Zhang Mingyang +280 -390 +300 -375 Saturday, August 23 - UFC Fight Night Sat Aug 23 - UFC Fight Night ROUND 1 Close MatchupOpeningCurrent Final Johnny Walker Johnny Walker VS / Zhang Mingyang Zhang Mingyang +280 -390 +300 -375 Saturday, August 23 - UFC Fight Night Sat Aug 23 - UFC Fight Night Saturday, August 23 - UFC Fight Night Sat Aug 23 - UFC Fight Night Final Johnny Walker Johnny Walker VS / Zhang Mingyang Zhang Mingyang +280 -390 +300 -375 Final Johnny Walker Johnny Walker VS / Zhang Mingyang Zhang Mingyang +280 -390 +300 -375 Johnny Walker Johnny Walker VS / Zhang Mingyang Zhang Mingyang","UFC Fight Night: Walker vs. Zhang August 23, 2025, 6:53 AM EDT",https://www.oddsshark.com/ufc/johnny-walker-zhang-mingyang-odds-august-23-2025-2422759
"Zhang Mingyang vs. Johnny Walker: Odds, full fight preview and prediction | UFC Shanghai","Zhang Mingyang vs. Johnny Walker: Odds, full fight preview and prediction | UFC Shanghai Ultimate Fighting Championship (UFC) Light Heavyweight sluggers Zhang Mingyang vs. Johnny Walker will go to war TODAY (Sat., Aug. 23, 2025) at UFC Shanghai inside Shanghai Indoor Stadium in Shanghai, China. There’s a lot to like about the 27-year-old “Mountain Tiger.” Mingyang hasn’t lost a fight since 2016, not just beating but stopping 12 straight opponents in that span. He’s still fairly unproven, but there’s no doubt the Chinese prospect is a powerful and aggressive up-and-comer, which is just what the stagnant 205-pound division requires. Walker can probably relate to being a hyped prospect turning heads. Back in 2019, Walker was riding a streak of incredible knockouts and in talks to face Jon Jones. Then, he ran afoul of Corey Anderson, and since then, the Brazilian has been knocked out as often as he’s won. Let’s take a closer look at the betting odds and strategic keys for each athlete: Mingyang vs. Walker Betting Odds Zhang Mingyang victory: -340 Zhang Mingyang via TKO/KO/DQ: -280 Zhang Mingyang via submission: +1200 Zhang Mingyang via decision: +2500 Johnny Walker victory: +270 Johnny Walker via TKO/KO/DQ: +450 Johnny Walker via submission: +1100 Johnny Walker via decision: +1600 Odds via DraftKings Sportsbook How Mingyang Wins Mingyang is a highly aggressive striker who fights like he’s never been knocked out (despite a trio of strikes stoppages on his record). He pushes forward hard behind heavy swings but perhaps does his best work int he clinch, where Mingyang is creative and downright nasty with his usage of elbows and knees. This match up will be a bit of a balancing act for Mingyang, who has to stay true to himself without giving up the takedown. I’d hate to see Mingyang respect his opponent’s kicks too much, because he definitely has the skills to just walk through Walker’s kicks and blast him. At the same time, he definitely doesn’t want to get reactive double legged off his feet, because Walker is a big boy with legitimate jiu-jitsu skill. The answer is to maintain the pressure and activity but add a little more thought. Some feints and false starts would go a long way here. Perhaps the best chance to land punches is in response to Walker’s kicks: block and fire in combination! Another option to avoid the reactive double is to intentionally clinch up and then look for those devastating elbows, which would force Walker into more of upper body wrestling positions. If Mingyang is standing, he’ll find Walker’s chin before too long. How Walker Wins On paper, Walker should still be in the Top 10. In addition to being gigantic, he’s a powerful kickboxer with crafty counters, and his wrestling and jiu-jitsu are definitely above average for the division. Unfortunately, Walker has the small issue that most clean connections from his opponent send him straight to outer space. This is a very clear case of DO NOT STRIKE WITH THIS GUY for Walker. He’s the better kicker by a fair margin, sure, and Mingyang does leave himself open to counters while charging forward, certainly. Those may be the facts, but it’s equally true that any one-to-one exchange of punches is going result in a comatose Walker. I strongly feel that it’s wrestle-or-die here, and Walker might as well get on the takedown early. Throw a kick or two, circle, then commit to that running double. Mingyang’s ground game remains a giant question mark. Based on the history of young knockout artists rising up the 205 pound ranks, it’s probably terrible! If a giant veteran like Walker gets on top of him, there’s a strong chance Mingyang looks a lot more ordinary. Mingyang vs. Walker Prediction There are two things I definitely do not trust in this sport: the unproven ground games of prospects above 185-pounds, and Walker’s chin. This bout is forcing me to weigh my misgivings against one another, and I’m forced to consider the evidence. We have video proof — so, so much video proof — now that Walker cannot take a shot, whereas Mingyang’s ground game being trash is merely conjecture. Mingyang has proven quite good at finding the chin thus far, so he’s likely good for at least one quick knockout in his home country. Prediction: Mingyang via knockout LIVE! Stream UFC Shanghai On ESPN+ LIGHT HEAVYWEIGHT MONSTERS! Ultimate Fighting Championship (UFC) returns to Shanghai, China, on Sat., Aug. 23, 2025, with UFC Shanghai: “Walker vs. Zhang” inside Shanghai Indoor Stadium. In the main event, explosive 205-pound standout, Johnny Walker, faces fast-rising knockout artist, Zhang Mingyang, in a high-stakes clash scheduled for five, five-minute rounds. In UFC Shanghai’s co-main event, top-ranked Featherweight contenders, Brian Ortega vs. Aljamain Sterling, square off, both aiming to solidify their spot in the 145-pound title picture. Don’t miss a single second of face-punching action! Where to Buy: Remember that MMAmania.com will deliver LIVE round-by-round, blow-by-blow coverage of the entire UFC Shanghai fight card, starting with the ESPN+ “Prelims” matches online, which are scheduled to begin at 3 a.m. ET, before the main card start time at 6 a.m. ET (also on ESPN+). To checkout the latest and greatest UFC Shanghai: “Walker vs. Zhang” news and notes be sure to hit up our comprehensive event archive right here.",2025-08-23,https://sports.yahoo.com/article/zhang-mingyang-vs-johnny-walker-080000002.html?fr=sycsrp_catchall
Zhang Mingyang on Johnny Walker: 'Everybody who beat Johnny became the champion',"Zhang Mingyang on Johnny Walker: 'Everybody who beat Johnny became the champion' Zhang Mingyang admits he didn't want to fight Johnny Walker, but sees one major incentive. Mingyang (19-6 MMA, 3-0 UFC) takes on Walker (21-9 MMA, 7-6 UFC) in Saturday's UFC Fight Night 257 headliner (ESPN+) at Mercedes-Benz Arena in Shanghai, China. Walker is ranked one spot above Mingyang in the UFC's light heavyweight rankings, but is winless in his past three fights. Mingyang revealed that he wasn't too keen on the matchup. ""Johnny fights in a very unorthodox way,"" Mingyang told MMA Junkie Radio through an interpreter. ""So even for me, for this camp, I need to bring many different training partners to help me kind of mimic Johnny's style because you cannot find one individual fighter who can fight like Johnny. The only reason I took this fight is because everybody who beat Johnny became the champion. That's the reason I took this fight. Other than that, I would say no."" Mingyang has never gone past Round 1 in all 19 of his professional wins. He is coming off a first-round knockout of former title challenger Anthony Smith at UFC on ESPN 66 in April. ""I never chase a first-round finish in all my previous fights,"" Mingyang said. ""I always prepared for either a three-round or five-round fight. But when I step into the cage, when the fights starts, if I see any openings or any holes from my opponents, I will catch it.""",2025-08-21,https://mmajunkie.usatoday.com/story/sports/ufc/2025/08/21/ufc-shanghai-zhang-mingyang-everybody-who-beat-johnny-walker-became-champion/85754759007/
"Johnny Walker vs. Mingyang Zhang Prediction, Pick, Odds for UFC Shanghai (Saturday, August 23)","| Walker Odds | +270 | | Zhang Odds | -340 | | Over/Under | 1.5 (+160/-360) | | Location | Shanghai Indoor Center, Shanghai, China | | Bout Time | 8:15 a.m. ET | | TV/Streaming | ESPN+ | | UFC Shanghai odds as of Saturday and via DraftKings. Bet on UFC Shanghai with our DraftKings promo code. | Check out the Johnny Walker vs. Mingyang Zhang prediction for UFC Shanghai on Saturday, August 23, with my betting preview and breakdown. On Saturday, the UFC returns to the Shanghai Indoor Arena for a 12-fight card, featuring a Light Heavyweight showdown between rising No. 14 contender Mingyang Zhang and No. 13-ranked Johnny Walker. Zhang, 27, owns a 4-0 promotional record, including his contract-earning performance over Tuco Tokkos in the Road to UFC finals; each of those four wins has come in the opening round, giving Zhang a 100% first-round finish rate across 19 career victories. Walker owns an 8-6 (1 NC) promotional record, but enters Saturday’s bout off consecutive knockout losses against Magomed Ankalaev and Volkan Oezdemir. Walker has finished 16 of 21 career wins —including six of his eight UFC victories— and combined, these two Light Heavyweights h ave seen just five of their 56 career fights (9%) go to decision. As a result, the Under 1.5 and ends inside the distance props are about as heavily juiced as I can remember for a five-round main event, sitting north of -350 (77.7% implied) to the Under 1.5 rounds, and -1600 (94% implied) to end inside the distance. Which fighter is likelier to find the finish? Here’s my Walker vs. Zhang pick and prediction. | Walker | Zhang | | |---|---|---| | Record | 21-9 | 19-6 | | Avg. Fight Time | 6:43 | 3:02 | | Height | 6’6″ | 6’2″ | | Weight (pounds) | 205 lbs. | 205 lbs. | | Reach (inches) | 82″ | 75″ | | Stance | Orthodox | Orthodox | | Date of birth | 3/30/1992 | 8/16/1998 | | Sig Strikes Per Min | 3.87 | 10.91 | | SS Accuracy | 53% | 64% | | SS Absorbed Per Min | 3.12 | 4.55 | | SS Defense | 44% | 53% | | Take Down Avg | 0.45 | 0 | | TD Acc | 100% | 0% | | TD Def | 57% | 50% | | 0.9 | 0 | Walker is the taller and longer fighter (4″ taller, 7″ reach advantage) and likely the better minute winner —with superior cardio— in any extended fight. As a result, while I’m hesitant to bet Walker pre-fight, given his potentially compromised chin, I’m enthusiastic about betting him live after the first round, as Zhang’s potency should begin to wane. Walker previously had a five round main event with Thiago Santos, that was also heavily juiced (closed as high as -850) to end inside the distance; however, Walker came out with a different gameplan in that fight after moving his camp to SBG Ireland, and attempted a safe, minimal chaos, outside point fi ghting style in that matchup; dropping a tepid 48-47 decision. Walker thrives when he can create chaos, and Zhang will walk right into the fire to meet him, hence the heavily juiced finish props for this fight. Zhang is six years younger, more durable, and potentially the more powerful fighter of the pair too, but both men are glass cannons. Zhang has five regional losses via finish, three by knockout and two by submission, which indicates that he’s highly likely to get finished by UFC-calibre competition as he rises the rankings. Moreover, he’s never won a bout past the five-minute mark —indicating likely severe cardio concerns— and his defensive wrestling and grappling are potentially porous. Zhang is a mean, powerful pressure boxer who is willing to take a punch to land one —he walked right into the pocket and was wobbled by Brendon Ribeiro in his debut, before securing the finish himself. He’s the better boxer than Walker, who will look to land more dynamic techniques, in cluding a flying knee, as the distance closes between the pair. Walker would be better served by sticking to an outside fighting style in this matchup, where he can stay out of Zhang’s punching range, use his superior kicks to frustrate his opponent, and attempt to clinch or mix in takedowns to counteract the forward pressure. Walker doesn’t wrestle often (0.2 attempts per five minutes at distance; 9 of 18 career), but he has shown surprising acumen when forced to grapple, including his impressive submission win over Ion Cutelaba. Perhaps an expanded skillset for Walker shouldn’t come as such a surprise, considering his brother and longtime training partner, Valter, is a grappling specialist who has finished three consecutive UFC wins via heel hook. And, aside from sticking to an outside striking game plan, the best place for Walker to hide his glass chin is to get the fight to the mat. I project Mingyang Zhang as a -346 favorite, and I don’t show value on either side of the moneyline at current odds, with the favorite lined at -350 or higher everywhere. Moreover, I don’t project value on the totals or distance prop, projecting the fight to end by finish nearly 95% of the time (-1771 implied odds). That said, I do project a slight edge on Zhang by KO/TKO (projected -268, listed -240) depending upon the book, and would consider Zhang by KO/TKO Round in Round 1 (+104) if you’re betting the favorite. If that ticket cashes, it will only enhance Zhang’s potential fade equity in the future, against more durable opposition. However, I’d personally prefer a small poke on Walker by submission (+1015), listed +1200 pre-fight, while waiting for a live entry on his moneyline after the opening round. Sean’s Pick: Johnny Walker wins by Submission | Walker Live after Round 1 More must-reads: Get the latest news and rumors, customized to your favorite sports and teams. Emailed daily. Always free!",2025-08-22,https://www.yardbarker.com/mma/articles/johnny_walker_vs_mingyang_zhang_prediction_pick_odds_for_ufc_shanghai_saturday_august_23/s1_17354_42625425
"Johnny Walker vs. Mingyang Zhang prediction, odds, pick for UFC Shanghai","Johnny Walker vs. Mingyang Zhang prediction, odds, pick for UFC Shanghai The post Johnny Walker vs. Mingyang Zhang prediction, odds, pick for UFC Shanghai appeared first on ClutchPoints. UFC Shanghai: Johnny Walker versus Mingyang Zhang continues the main event fight between Johnny Walker and Mingyang Zhang in the light heavyweight division on Saturday. Check out our UFC odds series for our Walker-Zhang prediction and pick. Johnny Walker (21-9) enters this weekend’s bout after a tough loss to Mingyang Zhang in August 2025. Before that, Walker scored a first-round KO over Volkan Oezdemir in June 2024, showcasing his devastating finishing power. Walker looks to bounce back with his dynamic striking and unorthodox style against Zhang. Mingyang Zhang (19-6) comes into this weekend off a first-round TKO win over Anthony Smith in April 2025, showcasing his devastating power and finishing ability. Before that, he secured first-round TKOs against Ozzy Diaz and Brendson Ribeiro, making Zhang a dangerous and fast starter to watch against Johnny Walker. Here are the UFC Shanghai Odds, courtesy of DraftKings. UFC Shanghai odds: Johnny Walker-Mingyang Zhang odds Johnny Walker: +275 Mingyang Zhang: -345 Over 1.5 rounds: +230 Under 1.5 rounds: -315 *Watch sports LIVE with fuboTV (Get Access | Save $30)* Why Johnny Walker will win Last Fight: (L) Volkan Oezdemir – KO/TKO R1 Last 5: 2-2-0, 1 NC Finishes: 19 (16 KO/TKO/3 SUB) Johnny Walker’s dynamic striking and unorthodox style give him a strong edge over Mingyang Zhang at UFC Shanghai. Known for his flashy kicks and unpredictable offense, Walker can disrupt Zhang’s rhythm and keep the fight on the feet, where Walker thrives. His ability to switch angles and use creative strikes makes him a difficult target to predict and defend against. Although Zhang possesses devastating power and fast starts, Walker’s experience against top light heavyweights has sharpened his fight IQ. He knows how to weather early pressure and find openings for counterattacks. Walker’s improved takedown defense will minimize Zhang’s chances of controlling the fight on the ground. Walker also brings resilience and pacing that allow him to come back strong in later rounds. If he can evade Zhang’s initial bursts, Walker’s diverse striking arsenal will wear down his opponent over time. His stamina advantage could be key in swinging the fight in his favor during the championship rounds. Walker’s creativity, striking variety, and ability to control the pace make him the favorite. Expect Walker to use his dynamic offense to outpoint and potentially stop Zhang, earning a pivotal win at UFC Shanghai. Why Mingyang Zhang will win Last Fight: (W) Anthony Smith – KO/TKO R1 Last 5: 3-2 Finishes: 19 (13 KO/TKO/6 SUB) Mingyang Zhang’s power and aggression give him a clear advantage over Johnny Walker at UFC Shanghai. Zhang is known for his explosive starts and ability to finish fights quickly as shown by his recent string of first-round TKOs. His knockout power can change the course of the fight in an instant, putting Walker under constant threat from the opening bell. Walker’s unorthodox style and flashy striking are impressive, but Zhang’s pressure and volume often disrupt flashy fighters’ rhythms. Zhang’s aggressive pace will force Walker to fight on the back foot, limiting his opportunities to set up creative strikes. This constant forward pressure can force mistakes and open the door for devastating strikes. Additionally, Zhang’s improving grappling and takedown skills provide him with alternative paths to victory. If he can take Walker down and control him on the ground, Zhang can impose his will and avoid prolonged striking exchanges where Walker excels. His versatility makes him a well-rounded threat. Zhang’s recent success has built confidence, making him well-prepared for a high-stakes bout. Expect Zhang’s power and pressure to overwhelm Walker, resulting in an early stoppage or dominant decision win at UFC Shanghai. Final Johnny Walker-Mingyang Zhang prediction & pick The clash between Johnny Walker and Mingyang Zhang at UFC Shanghai is a compelling battle between a dynamic striker and a powerful finisher. Walker’s unorthodox style and creativity make him a unique challenge. His flashy kicks and ability to switch stances keep opponents guessing, allowing him to control the pace and distance. Walker’s improved fight IQ and takedown defense give him tools to handle aggressive opponents. Zhang, however, brings explosive power and relentless pressure. His string of early stoppages reveals a fighter capable of ending the fight quickly. Zhang’s aggressive starts will test Walker’s ability to withstand pressure and evade heavy shots. His versatility with striking and grappling makes him a well-rounded and dangerous adversary. The key to the fight will be whether Walker can avoid Zhang’s initial onslaught and impose his range and unpredictability. If Walker can pace himself and capitalize on openings, he has the tools to secure the win. Ultimately, this fight is in Zhang’s favor due to his power and pressure, and with how Walker has been knocked out in back-to-back fights, expect another knockout coming from Zhang. Final Johnny Walker-Mingyang Zhang Prediction & Pick: Mingyang Zhang (-345), Over 1.5 Rounds (+230) Related: Brian Ortega vs. Aljamain Sterling prediction, odds, pick for UFC Shanghai Related: Sergei Pavlovich vs. Waldo Cortes-Acosta prediction, odds, pick for UFC Shanghai",2025-08-21,https://sports.yahoo.com/article/johnny-walker-vs-mingyang-zhang-194625741.html?fr=sycsrp_catchall
Johnny Walker vs Zhang Mingyang Predictions & Tips – Zhang To Extend KO Streak In UFC,"See all our latest betting tips or suggested betting sites Get 25 Stake Cash & 250,000 Gold Coins when you sign up with code NEWBONUS at Stake.us. USA only. Excludes certain States including NY,NV,ID, KY,WA. 18+ only. Terms and Conditions apply. UFC Fight Night: Walker vs Zhang on August 23rd, 2025 - Live Stream On Now From Shanghai How To Watch UFC Fight Night: Walker vs Zhang Live Right Now UFC Fight Night: Walker vs Zhang Stream Available Free Online How to Watch UFC Fight Night: Walker vs Zhang Live Stream Johnny Walker vs Zhang Mingyang UFC Fight Time, Live Stream & Predictions UFC Fight Night: Walker vs Zhang - Bet $20 & get a $10 free bet Ultimate Fighting Jackpot - Win a bitcoin & a share of $2,000 predicting UFC fights UFC Split Decision Breaker – Money Back If Your Fighter Loses Via Split Decision UFC Split Decision Insurance - Money Back If Your Pick Loses By Split Decision",8/22/2025 1:14:00 PM,https://www.freetips.com/ufc/johnny-walker-vs-zhang-mingyang-ufc-tips-20250805-0018/
"UFC Shanghai preview: Walker vs. Zhang, Sterling vs. Ortega fight card predictions","Ultimate Fighting Championship (UFC) is just one day away from the upcoming UFC Shanghai mixed martial arts (MMA) event, which is set to go down tomorrow (Sat., Aug. 23, 2025) on ESPN+ from inside Mercedes-Benz Arena in China. UFC Shanghai features a light heavyweight main event between Johnny Walker and Zhang Mingyang, a five-round showdown with possible title implications for late 2025 and beyond. UFC Shanghai preview: Walker vs. Zhang, Sterling vs. Ortega fight card predictions Before we dive into the main and co-main events, which include the catchweight collision between former 135-pound champion Aljamain Sterling and two-time featherweight title challenger Brian Ortega, check out Andrew Richardson’s “X-Factor” breakdown for the rest of the UFC Shanghai main card by clicking here. Get all the latest “Walker vs. Zhang” odds and betting props courtesy of FanDuel right here. 205 lbs.: Johnny Walker vs. Zhang Mingyang Johnny Walker Record: 21-9, 1 NC | Age: 33 | Betting line: +280 Wins: 16 KO/TKO, 3 SUB, 2 DEC | Losses: 6 KO/TKO, 1 SUB, 2 DEC Height: 6’6” | Reach: 82” | Stance: Orthodox Significant Strikes Landed Per Minute: 3.87 | Striking accuracy: 53% Strikes Absorbed Per Minute: 3.12 | Striking Defense: 44% Takedown Average: 0.45 (100% accuracy) | Takedown Defense: 57% Current Ranking: No. 13 | Last fight: Knockout loss to Volkan Oezdemir Zhang “Mountain Tiger” Mingyang Record: 19-6 | Age: 27 | Betting line: -355 Wins: 13 KO/TKO, 6 SUB, 0 DEC | Losses: 3 KO/TKO, 2 SUB, 1 DEC Height: 6’2” | Reach: 75” | Stance: Orthodox Significant Strikes Landed Per Minute: 10.91 | Striking accuracy: 64% Strikes Absorbed Per Minute: 4.55 | Striking Defense: 53% Takedown Average: 0.00 (0% accuracy) | Takedown Defense: 50% Current Ranking: No. 14 | Last fight: Technical knockout win over Anthony Smith Johnny Walker competed twice in 2024 — and he got KTFO both times. You can forgive the loss to Magomed Ankalaev because “Big Ank” is the light heavyweight champion and to be fair, Volkan Oezdemir has heavy hands and double-digit knockout wins across his 14-year MMA career. That said, Walker has now been stopped seven times in nine losses and hasn’t seen the win column in over two years. There was a time in the not-too-distant past when the Brazilian had the attention of then-champion Jon Jones after jumping out to three straight wins, but then Walker collapsed and is 4-6 in the years that followed with one no contest. It seems Walker struggles against opponents who are not intimidated or at least know how to deal with his enormous frame and flashy offense. That doesn’t include the issues with his chin, which are unlikely to improve as the damage accrues in the second half of his career. Walker could be in danger of losing his job with another loss tomorrow in Shanghai, especially if he’s finished. “I’m happy with my career so far,” Walker told Sherdog.com. “Between victories and losses, there were many lessons learned. I’ve been a ranked fighter in the UFC for some six years. When I joined the promotion in 2018, I had three fights in about four months. I was already fighting ranked opponents. There was a lot of learning since I’m the first fighter in my family. I had no mentor to guide me, to get me this far. I was my own laboratory. I learned on my own.” I’m sure his coaches will be thrilled to hear that. “I am looking forward to my last run at the belt,” Walker continued. “I know I have the potential to be champion. I see myself fighting for the belt after another two or three wins. With good knockouts and good submission wins, I can put myself in the right place for a title fight. I’m in the best possible place for my career. I’m surrounded by high-level people who will be helping me score another victory.” It’s easy to get excited by what we’ve seen thus far from Zhang Mingyang. The hard-hitting “Mountain Tiger” blasted his way through the promotion’s “Road to UFC” tournament and has since racked up three straight wins under the UFC banner, all by way of first-round knockout. Unfortunately, Brendson Ribeiro and Osman Diaz do not have winning records in UFC and Anthony Smith was basically a 205-pound zombie on his way out the door, so it’s not like Zhang was tearing through the Top 10 of the division. That’s my issue here, despite the lopsided odds, because we haven’t seen the 27 year-old knockout artist put to any kind of test inside the Octagon. Walker has not been lighting the world on fire, but at least he’s been facing the best light heavyweights in the world. For tomorrow’s headlining affair, Zhang will give up four inches in height and seven inches in reach, significant stats for what it likely to be an all-striking affair. “Johnny fights in a very unorthodox way,” Zhang told MMA Junkie. “So even for me, for this camp, I need to bring many different training partners to help me kind of mimic Johnny’s style because you cannot find one individual fighter who can fight like Johnny. The only reason I took this fight is because everybody who beat Johnny became the champion. That’s the reason I took this fight. Other than that, I would say no.” “I never chase a first-round finish in all my previous fights,” Zhang continued. “I always prepared for either a three-round or five-round fight. But when I step into the cage, when the fights starts, if I see any openings or any holes from my opponents, I will catch it.” Zhang has 25 professional fights and 22 of them have ended in the first round, so don’t expect “Mountain Tiger” to play it safe on fight night. I’m not going to completely overlook his work on the international circuit, comprised of wins over such stellar names as the 2-5 Changsheng Huo, or the 5-11 Caibao Zhang, but I’m certainly not going to use them to build a case against Walker. The Brazilian has his problems and he seems to fold too easily under pressure, I just think he’s got a style — along with a physical presence — that Zhang has never seen and is ill-equipped to handle. Prediction: Walker def. Zhang by technical knockout 145 lbs.: Aljamain Sterling vs. Brian Ortega Aljamain “Funk Master” Sterling Record: 24-5 | Age: 36 | Betting line: -300 Wins: 3 KO/TKO, 8 SUB, 12 DEC | 1 DQ | Losses: 2 KO/TKO, 0 SUB, 3 DEC Height: 5’7” | Reach: 71” | Stance: Orthodox Significant Strikes Landed Per Minute: 4.41 | Striking accuracy: 52% Strikes Absorbed Per Minute: 2.21 | Striking Defense: 58% Takedown Average: 2.51 (29% accuracy) | Takedown Defense: 42% Current Ranking: No. 7 | Last fight: Unanimous decision loss to Movsar Evloev Brian “T-City” Ortega Record: 16-4, 1 NC | Age: 34 | Betting line: +240 Wins: 3 KO/TKO, 8 SUB, 5 DEC | Losses: 2 KO/TKO, 0 SUB, 2 DEC Height: 5’8” | Reach: 69” | Stance: Switch Significant Strikes Landed Per Minute: 4.08 | Striking accuracy: 37% Strikes Absorbed Per Minute: 6.59 | Striking Defense: 49% Takedown Average: 1.07 (26% accuracy) | Takedown Defense: 55% Current Ranking: No. 5 | Last fight: Unanimous decision loss to Diego Lopes Aljamain Sterling abandoned his post at 135 pounds after getting knocked out by Sean O’Malley at UFC 292, which felt like the right time to make the move. He already reached the top of the 135-pound mountain and “Funk Master” is now in his mid-thirties, making the cut down to bantamweight increasingly difficult. Sterling seemed to pick up right where he left off by cruising past Calvin Kattar at UFC 300; however, Movsar Evloev — one of the top contenders at featherweight — proved to be a formidable road block on Sterling’s path to a second title. No question a loss to Ortega would put an end to those dreams, or at least stall them for the foreseeable future. While every fight is a “must win” in combat sports, I would imagine it’s discouraging to endure a hellish training camp (as well as punches to the face) with no end goal or nothing but a paycheck waiting on the other side. “This is a huge fight,” Sterling told MMA Fighting. “I think this is a crossroads fight for both of us, just at our age, what we both accomplished and where we’ve both been in our divisions. I don’t want to say this is a make it or break it fight for me, but I’m not interested in fighting up and coming contenders just for a paycheck. Maybe I will consider that at some point, but I don’t have that mentality right now. That’s not what I’m looking to do.That doesn’t get me up in the morning and make me want to go train to fight these young 22-year-olds, 23-year-olds who don’t have a name. They’re trying to make the name off of me, they’re trying to make their name off Ortega.” “I would like to fight for another title, God willing, [if] I get a big win,” Sterling continued. “It’s going to be hard to top a spinning-back elbow, but we are fighting five rounds. I’m hoping that’s some type of direction of what things might come from this. So I’m just trying to be positive about the whole thing and may the best man win. At the end of the day, if I’m not good enough, then I’m not good enough at this point, and I think maybe it could be due to the size, it could be due to the age. It could be due to so many different things. But at the end of the day, I’m still in the training room. I’m still kicking young guys’ asses, so that makes me feel good.” Brian Ortega was always the underdog heading into this contest but that line has increased dramatically after “T-City” failed to make the featherweight limit, forcing the promotion to change the UFC Shanghai co-main event to a 153-pound catchweight contest. During the official staredowns, Ortega looked visibly weak and unable to stand while backstage rumors claimed the former featherweight title challenger was hooked to an IV. That does not bode well for a combatant who is facing a tireless wrestler across 25 minutes of action. Ortega is certainly the better striker of the two, or at least hits harder, but may not have the gas to survive more than one or two rounds, depending on his recovery from the brutal weight cut, coupled with the extreme change in time zones. “Hired one new coach,” Ortega told MMA Junkie. “It’s striking. I rehired someone that we had … not a bad fallout, but we went our own ways and then we had a good conversation about things in the past. We just talked it over and fixed that and patched that. The boxing coach, it was new. We gave him a shot, and I started learning things all over again. My striking has evolved and then talking to the wrestling coach about who should we bring in as partners. We just started bringing in high-level wrestlers, NCAA champs and stuff like that.” “If it was my choice, we bang it out,” Ortega added. “Simple as that. You see me, I kind of rarely shoot in. I’m not really the guy to shoot in. So, if it was up to me, we would bang it out on our feet and give the fans a hell of a fight. But something’s telling me he’s going to shoot in. He’s good at keeping his distance and his range with those kicks, but yeah, it’s something that we’ve trained for. We watch the fights, we study film.” Ortega has looked unmotivated and listless in recent fights, even when he makes weight. The threat of a one-punch knockout remains, I just find it hard to pick a fighter who would probably have been ruled medically unfit to compete had the promotion been staging its event under the more discerning eyes of a stateside athletic commission. Prediction: Sterling def. Ortega by technical knockout LIGHT HEAVYWEIGHT MONSTERS! Ultimate Fighting Championship (UFC) returns to Shanghai, China, on Sat., Aug. 23, 2025, with UFC Shanghai: “Walker vs. Zhang” inside Shanghai Indoor Stadium. In the main event, explosive 205-pound standout, Johnny Walker, faces fast-rising knockout artist, Zhang Mingyang, in a high-stakes clash scheduled for five, five-minute rounds. In UFC Shanghai’s co-main event, top-ranked Featherweight contenders, Brian Ortega vs. Aljamain Sterling, square off, both aiming to solidify their spot in the 145-pound title picture. MMAmania.com will deliver LIVE round-by-round, blow-by-blow coverage of the entire UFC Shanghai fight card on fight night, starting with the ESPN+ preliminary card bouts at 3 a.m. ET, followed by the remaining main card balance on ESPN+ at 6 a.m. ET. To check out the latest and greatest UFC Shanghai news and notes be sure to hit up our comprehensive event archive here. For the updated and finalized “Walker vs. Zhang” fight card and ESPN+ lineup click here.",2025-08-22,https://www.mmamania.com/ufc-predictions/384094/ufc-shanghai-preview-walker-vs-zhang-sterling-ortega-predictions-mma
Johnny Walker vs. Zhang Mingyang full fight video highlights,"Johnny Walker vs. Zhang Mingyang full fight video highlights Watch Johnny Walker def. Zhang Mingyang full fight video highlights from UFC Shanghai’s light heavyweight showdown Saturday morning, courtesy of multiple outlets UFC Shanghai took place Aug. 23 at the Shanghai Indoor Stadium in Shanghai, China. Zhang Mingyang (19-7) and Johnny Walker (22-9, 1 no-contest) clashed in the main event, which aired live on ESPN+. Official result: Johnny Walker def. Zhang Mingling via second-round TKO (2:37) Check out the highlights below. For more on Ortega vs. Sterling, check out our live blog below. Round 1 This crowd is ready for this one, that’s for sure. We’re off. Johnny Walker tried a takedown attempt, and Zhang ran him over. Zhang on top in full control looking to do damage. Big elbow from Zhang. Walker desperately trying to hold Zhang’s arms, but Walker gets separation and back to his feet. Huge for Walker. Fastball right hand from Walker misses, Zhang grazes with a counter and it stings Walker. Right hand by Zhang wobbles Walker for a moment, Walker recovers while grabbing a clinch. Walker slowing the pace down, which is smart because Zhang is hurting him every time he lands, and he hasn’t landed anything fully clean yet. Zhang separates, jumping knee attempt from Walker. Zhang stalking Walker, lands a short right hand. Walker shoots for a takedown, Zhang defends easily, then lands a big elbow. Combination from Zhang doesn’t land flush, but definitely stung Walker. Final 30 seconds. Head kick from Zhang sneaks through the guard, and that’s the horn. First time in seven years Zhang will see a second round. MMAFighting scores the round 10-9 Zhang Round 2 Walker’s coach Eric Nicksick was telling his fighter what he’s seeing, and of course, the broadcast cuts away because who wants to hear interesting insight from one of the best coaches in the sport, right? Action slowing a touch at the start of Round 2. Zhang lands, and lands again. Everything he touches Walker with wobbles him. It’s pretty wild. Walker throws a calf kick, Zhang counters with a nasty right hand, but Zhang’s leg just went out on him. Walker pouncing on him now. Zhang trying to get back to his feet, but he simply can’t. His leg is cooked. Walker continues hammering away and Goddard stops it. Crazy!",2025-08-23,https://sports.yahoo.com/article/johnny-walker-vs-zhang-mingyang-123943782.html?fr=sycsrp_catchall
"UFC Fight Night 257: Walker vs. Zhang Results, Fight Card & Highlights | MMA Junkie","UFC Fight Night 257: Walker vs. Zhang Results, Fight Card & Highlights UFC Fight Night 257: Walker vs. Zhang Main card ESPN+, 6 a.m. ETLight Heavyweight TKO (strikes) - Rounds 2, 2:37 Featherweight UNANIMOUS DECISION (50-45, 50-45, 50-45) - Rounds 5, 5:00 Heavyweight UNANIMOUS DECISION (30-27, 29-28, 29-28) - Rounds 3, 5:00 Flyweight UNANIMOUS DECISION (30-27, 30-27, 30-27) - Rounds 3, 5:00 Welterweight TKO (strikes) - Rounds 1, 3:33 Prelims ESPN+, 3 a.m. ETLightweight - Welterweight UNANIMOUS DECISION (30-27, 29-28, 29-28) - Rounds 3, 5:00 Flyweight KNOCKOUT (punches) - Rounds 2, 4:35 Lightweight UNANIMOUS DECISION (30-27, 29-28, 29-28) - Rounds 3, 5:00 Middleweight TKO (punches) - Rounds 1, 0:43 Featherweight KNOCKOUT (punches) - Rounds 1, 0:37 Bantamweight UNANIMOUS DECISION (29-28, 29-28, 29-28) - Rounds 3, 5:00 Light Heavyweight SUBMISSION (Ezekiel choke) - Rounds 1, 2:45 Latest Stories Want the latest news and insights in MMA? Sign up for our newsletter to get updates to your inbox, and also receive offers from us, our affiliates and partners. By signing up you agree to our Privacy Policy",2025-08-23,https://mmajunkie.usatoday.com/events/ufc-fight-night-shanghai-august-23-2025/
Johnny Walker Stops Zhang Mingyang At UFC Shanghai - Boxing News,"Johnny Walker Stops Zhang Mingyang At UFC Shanghai Johnny Walker knocked out Zhang Mingyang in the main event of UFC Shanghai in a second round stoppage. Walker started the fight on the front foot, securing a takedown. However, Mingyang managed to overturn the situation, dominating from the top position in the first round. Mingyang continued to rain down heavy shots from the up, forcing Walker to rethink his tactics in the second round. Walker weathered the storm to land two solid calf kicks. Mingyang fell down to the canvas in extreme pain, allowing Walker to take the initiative. He landed a series of ground-and-pound attacks, forcing the referee to stop the fight. The win ended Walker’s two-fight losing streak. “My kick is awesome, right? A tough fighter from China, a lot of straight wins,” he said. “It’s a really good experience to fight a guy that’s very tough. You see, I’m durable. I got some punches in the face today and I keep coming, And then I got him. This is MMA. Amazing, right?,” Walker said Full Card Johnny Walker defeated Zhang Mingyang with a TKO in the second round. Aljamain Sterling won a unanimous decision against Brian Ortega (50-45 x3). Sergei Pavlovich defeated Waldo Cortes-Acosta by unanimous decision (30-27, 29-28 x2). Sumudaerji won a unanimous decision against Kevin Borjas (30-27 x3). Taiyilake Nueraji defeated Kiefer Crosbie with a first-round TKO. Prelims Fight Gauge Young defeated Maheshate by unanimous decision (30-27, 29-28 x2). Charles Johnson knocked out Lone’er Kavanagh in the second round. Rongzhu defeated Austin Hubbard by unanimous decision (30-27, 29-28 x2). Kyle Daukaus knocked out Michel Pereira in the first round. Yizha knocked out Westin Wilson in the first round. SuYoung You defeated Xiao Long by unanimous decision (29-28 x3). Uran Satybaldiev won by submission against Diyar Nurgozhay in the first round. Find all the latest boxing news and MMA breaking updates on boxingnews.com.",2025-08-23,https://boxingnews.com/johnny-walker-stops-zhang-mingyang-at-ufc-shanghai/
"UFC Shanghai: How to watch Johnny Walker vs. Zhang Mingyang, start time, channel and more","UFC Shanghai: How to watch Johnny Walker vs. Zhang Mingyang, start time, channel and more If you buy something through a link in this article, we may earn commission. Pricing and availability are subject to change. UFC Fight Night will take place this weekend in Shanghai, with China's Zhang Mingyang facing Brazil's Johnny Walker. The men's light heavyweight bout, as well as the rest of the fight card, will stream on ESPN+. (UFC's deal with ESPN is ending soon; starting in 2026, fights will air on Paramount+ and CBS – here's what you need to know about that.) Also on the bill Saturday is a lightweight fight between Americans Brian Ortega vs. Aljamain Sterling. This weekend's UFC event will air live Shanghai's Mercedes-Benz Arena with prelims scheduled for 3 a.m. ET and the main ringwalks happening at 6 a.m. Here’s everything you need to know about how to watch Walker vs. Zhang, including the full fight card, schedule and where to stream it live. How to watch the UFC Shanghai fight: Date: Saturday, August 23 Start time: Event begins at 3 a.m. ET Fight time (approximate): Main card fights begin at 6 a.m. ET Location: Mercedes-Benz Arena, Shanghai, China TV channel/streaming: ESPN+ (Main fight card and Prelims) When is the Walker vs. Zhang fight? The UFC Shanghai fight between Johnny Walker and Zhang Mingyang is this Saturday, August 23, but you may want to just stay up late on Friday night to tune in; early prelims begin at 3 a.m. ET and main card fights start at 6 a.m. ET. What channel is the Walker vs. Zhang fight on? The UFC Shanghai fight between Walker and Zhang and the rest of the fight card will be available to stream on ESPN+. Where to watch the Walker vs. Zhang fight: You can stream every fight on the Walker vs. Zhang fight card on ESPN+. ESPN's new streaming platform and app will offer thousands of exclusive live events, original studio shows and acclaimed series that air across ESPN's suite of 7 linear channels, as well as exclusive content on ESPN+, ABC on ESPN, SEC+, ACCNX and more. The new platform costs $29.99/month or $299.99/year. ESPN Select (formerly known as ESPN+) allows subscribers to access exclusive content only available on the app, and an extensive archive of on-demand content (including the entire 30 For 30 library, select ESPN Films, game replays and more). Whether you purchase a standalone plan, add-on or Disney Bundle plan, the service provides access to thousands of sports events for $11.99/month or $119.99/year. Existing ESPN+ subscribers may have noticed their plan's change to ESPN Select when the new service launched on August 21. To subscribe to ESPN Unlimited, you can sign up here. UFC Shanghai fight card Main card (Start time 6 a.m. ET, ESPN+) Light heavyweight: Johnny Walker vs. Zhang Mingyang Lightweight: Brian Ortega vs. Aljamain Sterling Heavyweight: Sergei Pavlovich vs. Waldo Cortes-Acosta Flyweight: Sumudaerji vs. Kevin Borjas Welterweight: Taiyilake Nueraji vs. Kiefer Crosbie Prelims (Start time 3 a.m. ET, ESPN+) Lightweight: Maheshate vs. Gauge Young Flyweight: Lone'er Kavanagh vs. Charles Johnson Lightweight: Rongzhu vs. Austin Hubbard Middleweight: Michel Pereira vs. Kyle Daukaus Featherweight: Yizha vs. Westin Wilson Bantamweight: Xiao Long vs. Su Young You Light heavyweight: Diyar Nurgozhay vs. Uran Satybaldiev",2025-08-22,https://sports.yahoo.com/mma/article/ufc-shanghai-how-to-watch-johnny-walker-vs-zhang-mingyang-start-time-channel-and-more-171535288.html?fr=sycsrp_catchall
Johnny Walker vs Zhang Mingyang - Men's Light Heavyweight,"Johnny Walker vs Zhang Mingyang - Men's Light HeavyweightJohnny Walker 22 - 9 - 0 1 NC ""Mountain Tiger""Zhang Mingyang 19 - 7 - 0UFC Fight Night: Walker vs. Zhang August 23, 2025, 6:53 AM EDT New York Best New York Betting Sites 4.5/54.5/5Bet $1,Double Your WinningsYour Next 20 Bets iOS Rating:4.7/5(89,306) Google Play Rating:4.5/5(30,709) Play Now Read ReviewTerms and ConditionsMust be 21 or older and physically present in New York. New users only. Must register using eligible promo code. First bet after registration must qualify. Max. Bonus Bet: $1,059. Bonus Bet expires 14 days after receipt. Void where prohibited. See Caesars.com/promos for full terms. Know When To Stop Before You Start.®Gambling problem? Call 877-8-HOPENY or text HOPENY (467369) 4.5/54.5/5Bet $5Get $150 inBonus Bets Instantly iOS Rating:4.8/5(845,560) Google Play Rating:4.3/5(174,461) Claim Offer Read ReviewTerms and ConditionsGAMBLING PROBLEM? CALL 1-800-GAMBLER, (800) 327-5050 or visit gamblinghelplinema.org (MA). Call 877-8-HOPENY/text HOPENY (467369) (NY).Please Gamble Responsibly. 888-789-7777/visit ccpg.org (CT), or visit www.mdgamblinghelp.org (MD). 21+ and present in most states. (18+ DC/KY/NH/WY). Void in ONT/OR/NH. Eligibility restrictions apply. On behalf of Boot Hill Casino & Resort (KS). 1 per new customer. Must register new account to receive reward Token. Must select Token BEFORE placing min. $5 bet to receive $150 in Bonus Bets instantly. Min. -500 odds req. Token and Bonus Bets are single-use and non-withdrawable. Bonus Bets expire in 7 days (168 hours). Stake removed from payout. Terms: sportsbook.draftkings.com/promos. Sponsored by DK. 4.5/54.5/5Bet $5Get $300 inBonus Bets If Your Bet Wins iOS Rating:4.9/5(1,861,547) Google Play Rating:4.6/5(382,450) Play Now Read ReviewTerms and ConditionsNew customers only. Deposit min. $10. Place first bet of min $5 and get $300 in bonus bets if your bet wins.For help with a gambling problem call 877-8HOPE-NY or text HOPENY (467369).21+ and physically present in NY. 4.5/54.5/5$1500First BetOffer iOS Rating:4.8/5(239,874) Google Play Rating:4.2/5(36,718) Play Now Read ReviewTerms and ConditionsFor help with a gambling problem call 877-8HOPE-NY or text HOPENY (467369).21+ and physically present in NY. 4.5/54.5/5Use Code: OddsSharkEarn 1.5% Back for 30 Days,Up to 200 in Prophet Cash iOS Rating:4.8/5(1,658K) Google Play Rating:4.8/5(351) Claim Offer Read ReviewFor help with a gambling problem call 877-8HOPE-NY or text HOPENY (467369).21+ and physically present in NY. See all New York Sportsbooks Odds Saturday, August 23 - UFC Fight Night Sat Aug 23 - UFC Fight Night ROUND 1 Close MatchupOpeningCurrent Final Johnny Walker Johnny Walker VS / Zhang Mingyang Zhang Mingyang +280 -390 +300 -375 Johnny Walker vs Zhang Mingyang - Men's Light HeavyweightJohnny Walker 22 - 9 - 0 1 NC ""Mountain Tiger""Zhang Mingyang 19 - 7 - 0UFC Fight Night: Walker vs. Zhang August 23, 2025, 6:53 AM EDT New York Best New York Betting Sites 4.5/54.5/5Bet $1,Double Your WinningsYour Next 20 Bets iOS Rating:4.7/5(89,306) Google Play Rating:4.5/5(30,709) Play Now Read ReviewTerms and ConditionsMust be 21 or older and physically present in New York. New users only. Must register using eligible promo code. First bet after registration must qualify. Max. Bonus Bet: $1,059. Bonus Bet expires 14 days after receipt. Void where prohibited. See Caesars.com/promos for full terms. Know When To Stop Before You Start.®Gambling problem? Call 877-8-HOPENY or text HOPENY (467369) 4.5/54.5/5Bet $5Get $150 inBonus Bets Instantly iOS Rating:4.8/5(845,560) Google Play Rating:4.3/5(174,461) Claim Offer Read ReviewTerms and ConditionsGAMBLING PROBLEM? CALL 1-800-GAMBLER, (800) 327-5050 or visit gamblinghelplinema.org (MA). Call 877-8-HOPENY/text HOPENY (467369) (NY).Please Gamble Responsibly. 888-789-7777/visit ccpg.org (CT), or visit www.mdgamblinghelp.org (MD). 21+ and present in most states. (18+ DC/KY/NH/WY). Void in ONT/OR/NH. Eligibility restrictions apply. On behalf of Boot Hill Casino & Resort (KS). 1 per new customer. Must register new account to receive reward Token. Must select Token BEFORE placing min. $5 bet to receive $150 in Bonus Bets instantly. Min. -500 odds req. Token and Bonus Bets are single-use and non-withdrawable. Bonus Bets expire in 7 days (168 hours). Stake removed from payout. Terms: sportsbook.draftkings.com/promos. Sponsored by DK. 4.5/54.5/5Bet $5Get $300 inBonus Bets If Your Bet Wins iOS Rating:4.9/5(1,861,547) Google Play Rating:4.6/5(382,450) Play Now Read ReviewTerms and ConditionsNew customers only. Deposit min. $10. Place first bet of min $5 and get $300 in bonus bets if your bet wins.For help with a gambling problem call 877-8HOPE-NY or text HOPENY (467369).21+ and physically present in NY. 4.5/54.5/5$1500First BetOffer iOS Rating:4.8/5(239,874) Google Play Rating:4.2/5(36,718) Play Now Read ReviewTerms and ConditionsFor help with a gambling problem call 877-8HOPE-NY or text HOPENY (467369).21+ and physically present in NY. 4.5/54.5/5Use Code: OddsSharkEarn 1.5% Back for 30 Days,Up to 200 in Prophet Cash iOS Rating:4.8/5(1,658K) Google Play Rating:4.8/5(351) Claim Offer Read ReviewFor help with a gambling problem call 877-8HOPE-NY or text HOPENY (467369).21+ and physically present in NY. See all New York Sportsbooks Odds Saturday, August 23 - UFC Fight Night Sat Aug 23 - UFC Fight Night ROUND 1 Close MatchupOpeningCurrent Final Johnny Walker Johnny Walker VS / Zhang Mingyang Zhang Mingyang +280 -390 +300 -375 Johnny Walker vs Zhang Mingyang - Men's Light HeavyweightJohnny Walker 22 - 9 - 0 1 NC ""Mountain Tiger""Zhang Mingyang 19 - 7 - 0UFC Fight Night: Walker vs. Zhang August 23, 2025, 6:53 AM EDT New York Best New York Betting Sites 4.5/54.5/5Bet $1,Double Your WinningsYour Next 20 Bets iOS Rating:4.7/5(89,306) Google Play Rating:4.5/5(30,709) Play Now Read ReviewTerms and ConditionsMust be 21 or older and physically present in New York. New users only. Must register using eligible promo code. First bet after registration must qualify. Max. Bonus Bet: $1,059. Bonus Bet expires 14 days after receipt. Void where prohibited. See Caesars.com/promos for full terms. Know When To Stop Before You Start.®Gambling problem? Call 877-8-HOPENY or text HOPENY (467369) 4.5/54.5/5Bet $5Get $150 inBonus Bets Instantly iOS Rating:4.8/5(845,560) Google Play Rating:4.3/5(174,461) Claim Offer Read ReviewTerms and ConditionsGAMBLING PROBLEM? CALL 1-800-GAMBLER, (800) 327-5050 or visit gamblinghelplinema.org (MA). Call 877-8-HOPENY/text HOPENY (467369) (NY).Please Gamble Responsibly. 888-789-7777/visit ccpg.org (CT), or visit www.mdgamblinghelp.org (MD). 21+ and present in most states. (18+ DC/KY/NH/WY). Void in ONT/OR/NH. Eligibility restrictions apply. On behalf of Boot Hill Casino & Resort (KS). 1 per new customer. Must register new account to receive reward Token. Must select Token BEFORE placing min. $5 bet to receive $150 in Bonus Bets instantly. Min. -500 odds req. Token and Bonus Bets are single-use and non-withdrawable. Bonus Bets expire in 7 days (168 hours). Stake removed from payout. Terms: sportsbook.draftkings.com/promos. Sponsored by DK. 4.5/54.5/5Bet $5Get $300 inBonus Bets If Your Bet Wins iOS Rating:4.9/5(1,861,547) Google Play Rating:4.6/5(382,450) Play Now Read ReviewTerms and ConditionsNew customers only. Deposit min. $10. Place first bet of min $5 and get $300 in bonus bets if your bet wins.For help with a gambling problem call 877-8HOPE-NY or text HOPENY (467369).21+ and physically present in NY. 4.5/54.5/5$1500First BetOffer iOS Rating:4.8/5(239,874) Google Play Rating:4.2/5(36,718) Play Now Read ReviewTerms and ConditionsFor help with a gambling problem call 877-8HOPE-NY or text HOPENY (467369).21+ and physically present in NY. 4.5/54.5/5Use Code: OddsSharkEarn 1.5% Back for 30 Days,Up to 200 in Prophet Cash iOS Rating:4.8/5(1,658K) Google Play Rating:4.8/5(351) Claim Offer Read ReviewFor help with a gambling problem call 877-8HOPE-NY or text HOPENY (467369).21+ and physically present in NY. See all New York Sportsbooks Odds Saturday, August 23 - UFC Fight Night Sat Aug 23 - UFC Fight Night ROUND 1 Close MatchupOpeningCurrent Final Johnny Walker Johnny Walker VS / Zhang Mingyang Zhang Mingyang +280 -390 +300 -375 Johnny Walker vs Zhang Mingyang - Men's Light HeavyweightJohnny Walker 22 - 9 - 0 1 NC ""Mountain Tiger""Zhang Mingyang 19 - 7 - 0UFC Fight Night: Walker vs. Zhang August 23, 2025, 6:53 AM EDT New York Best New York Betting Sites 4.5/54.5/5Bet $1,Double Your WinningsYour Next 20 Bets iOS Rating:4.7/5(89,306) Google Play Rating:4.5/5(30,709) Play Now Read ReviewTerms and ConditionsMust be 21 or older and physically present in New York. New users only. Must register using eligible promo code. First bet after registration must qualify. Max. Bonus Bet: $1,059. Bonus Bet expires 14 days after receipt. Void where prohibited. See Caesars.com/promos for full terms. Know When To Stop Before You Start.®Gambling problem? Call 877-8-HOPENY or text HOPENY (467369) 4.5/54.5/5Bet $5Get $150 inBonus Bets Instantly iOS Rating:4.8/5(845,560) Google Play Rating:4.3/5(174,461) Claim Offer Read ReviewTerms and ConditionsGAMBLING PROBLEM? CALL 1-800-GAMBLER, (800) 327-5050 or visit gamblinghelplinema.org (MA). Call 877-8-HOPENY/text HOPENY (467369) (NY).Please Gamble Responsibly. 888-789-7777/visit ccpg.org (CT), or visit www.mdgamblinghelp.org (MD). 21+ and present in most states. (18+ DC/KY/NH/WY). Void in ONT/OR/NH. Eligibility restrictions apply. On behalf of Boot Hill Casino & Resort (KS). 1 per new customer. Must register new account to receive reward Token. Must select Token BEFORE placing min. $5 bet to receive $150 in Bonus Bets instantly. Min. -500 odds req. Token and Bonus Bets are single-use and non-withdrawable. Bonus Bets expire in 7 days (168 hours). Stake removed from payout. Terms: sportsbook.draftkings.com/promos. Sponsored by DK. 4.5/54.5/5Bet $5Get $300 inBonus Bets If Your Bet Wins iOS Rating:4.9/5(1,861,547) Google Play Rating:4.6/5(382,450) Play Now Read ReviewTerms and ConditionsNew customers only. Deposit min. $10. Place first bet of min $5 and get $300 in bonus bets if your bet wins.For help with a gambling problem call 877-8HOPE-NY or text HOPENY (467369).21+ and physically present in NY. 4.5/54.5/5$1500First BetOffer iOS Rating:4.8/5(239,874) Google Play Rating:4.2/5(36,718) Play Now Read ReviewTerms and ConditionsFor help with a gambling problem call 877-8HOPE-NY or text HOPENY (467369).21+ and physically present in NY. 4.5/54.5/5Use Code: OddsSharkEarn 1.5% Back for 30 Days,Up to 200 in Prophet Cash iOS Rating:4.8/5(1,658K) Google Play Rating:4.8/5(351) Claim Offer Read ReviewFor help with a gambling problem call 877-8HOPE-NY or text HOPENY (467369).21+ and physically present in NY. See all New York Sportsbooks Odds Saturday, August 23 - UFC Fight Night Sat Aug 23 - UFC Fight Night ROUND 1 Close MatchupOpeningCurrent Final Johnny Walker Johnny Walker VS / Zhang Mingyang Zhang Mingyang +280 -390 +300 -375 Johnny Walker vs Zhang Mingyang - Men's Light HeavyweightJohnny Walker 22 - 9 - 0 1 NC ""Mountain Tiger""Zhang Mingyang 19 - 7 - 0UFC Fight Night: Walker vs. Zhang August 23, 2025, 6:53 AM EDT Johnny Walker vs Zhang Mingyang - Men's Light HeavyweightJohnny Walker 22 - 9 - 0 1 NC ""Mountain Tiger""Zhang Mingyang 19 - 7 - 0UFC Fight Night: Walker vs. Zhang August 23, 2025, 6:53 AM EDT Johnny Walker vs Zhang Mingyang - Men's Light HeavyweightJohnny Walker 22 - 9 - 0 1 NC ""Mountain Tiger""Zhang Mingyang 19 - 7 - 0UFC Fight Night: Walker vs. Zhang August 23, 2025, 6:53 AM EDT Johnny Walker vs Zhang Mingyang - Men's Light HeavyweightJohnny Walker 22 - 9 - 0 1 NC ""Mountain Tiger""Zhang Mingyang 19 - 7 - 0UFC Fight Night: Walker vs. Zhang August 23, 2025, 6:53 AM EDT Johnny Walker vs Zhang Mingyang - Men's Light HeavyweightJohnny Walker 22 - 9 - 0 1 NC ""Mountain Tiger""Zhang Mingyang 19 - 7 - 0UFC Fight Night: Walker vs. Zhang August 23, 2025, 6:53 AM EDT Johnny Walker vs Zhang Mingyang - Men's Light HeavyweightJohnny Walker 22 - 9 - 0 1 NC ""Mountain Tiger""Zhang Mingyang 19 - 7 - 0UFC Fight Night: Walker vs. Zhang August 23, 2025, 6:53 AM EDT Johnny Walker vs Zhang Mingyang - Men's Light HeavyweightJohnny Walker 22 - 9 - 0 1 NC ""Mountain Tiger""Zhang Mingyang 19 - 7 - 0UFC Fight Night: Walker vs. Zhang August 23, 2025, 6:53 AM EDT Johnny Walker vs Zhang Mingyang - Men's Light HeavyweightJohnny Walker 22 - 9 - 0 1 NC ""Mountain Tiger""Zhang Mingyang 19 - 7 - 0UFC Fight Night: Walker vs. Zhang August 23, 2025, 6:53 AM EDT Johnny Walker vs Zhang Mingyang - Men's Light Heavyweight Johnny Walker 22 - 9 - 0 1 NC ""Mountain Tiger""Zhang Mingyang 19 - 7 - 0 Johnny Walker 22 - 9 - 0 1 NC ""Mountain Tiger""Zhang Mingyang 19 - 7 - 0 UFC Fight Night: Walker vs. Zhang August 23, 2025, 6:53 AM EDT UFC Fight Night: Walker vs. Zhang August 23, 2025, 6:53 AM EDT New York Best New York Betting Sites 4.5/54.5/5Bet $1,Double Your WinningsYour Next 20 Bets iOS Rating:4.7/5(89,306) Google Play Rating:4.5/5(30,709) Play Now Read ReviewTerms and ConditionsMust be 21 or older and physically present in New York. New users only. Must register using eligible promo code. First bet after registration must qualify. Max. Bonus Bet: $1,059. Bonus Bet expires 14 days after receipt. Void where prohibited. See Caesars.com/promos for full terms. Know When To Stop Before You Start.®Gambling problem? Call 877-8-HOPENY or text HOPENY (467369) 4.5/54.5/5Bet $5Get $150 inBonus Bets Instantly iOS Rating:4.8/5(845,560) Google Play Rating:4.3/5(174,461) Claim Offer Read ReviewTerms and ConditionsGAMBLING PROBLEM? CALL 1-800-GAMBLER, (800) 327-5050 or visit gamblinghelplinema.org (MA). Call 877-8-HOPENY/text HOPENY (467369) (NY).Please Gamble Responsibly. 888-789-7777/visit ccpg.org (CT), or visit www.mdgamblinghelp.org (MD). 21+ and present in most states. (18+ DC/KY/NH/WY). Void in ONT/OR/NH. Eligibility restrictions apply. On behalf of Boot Hill Casino & Resort (KS). 1 per new customer. Must register new account to receive reward Token. Must select Token BEFORE placing min. $5 bet to receive $150 in Bonus Bets instantly. Min. -500 odds req. Token and Bonus Bets are single-use and non-withdrawable. Bonus Bets expire in 7 days (168 hours). Stake removed from payout. Terms: sportsbook.draftkings.com/promos. Sponsored by DK. 4.5/54.5/5Bet $5Get $300 inBonus Bets If Your Bet Wins iOS Rating:4.9/5(1,861,547) Google Play Rating:4.6/5(382,450) Play Now Read ReviewTerms and ConditionsNew customers only. Deposit min. $10. Place first bet of min $5 and get $300 in bonus bets if your bet wins.For help with a gambling problem call 877-8HOPE-NY or text HOPENY (467369).21+ and physically present in NY. 4.5/54.5/5$1500First BetOffer iOS Rating:4.8/5(239,874) Google Play Rating:4.2/5(36,718) Play Now Read ReviewTerms and ConditionsFor help with a gambling problem call 877-8HOPE-NY or text HOPENY (467369).21+ and physically present in NY. 4.5/54.5/5Use Code: OddsSharkEarn 1.5% Back for 30 Days,Up to 200 in Prophet Cash iOS Rating:4.8/5(1,658K) Google Play Rating:4.8/5(351) Claim Offer Read ReviewFor help with a gambling problem call 877-8HOPE-NY or text HOPENY (467369).21+ and physically present in NY. See all New York Sportsbooks New York Best New York Betting Sites 4.5/54.5/5Bet $1,Double Your WinningsYour Next 20 Bets iOS Rating:4.7/5(89,306) Google Play Rating:4.5/5(30,709) Play Now Read ReviewTerms and ConditionsMust be 21 or older and physically present in New York. New users only. Must register using eligible promo code. First bet after registration must qualify. Max. Bonus Bet: $1,059. Bonus Bet expires 14 days after receipt. Void where prohibited. See Caesars.com/promos for full terms. Know When To Stop Before You Start.®Gambling problem? Call 877-8-HOPENY or text HOPENY (467369) 4.5/54.5/5Bet $5Get $150 inBonus Bets Instantly iOS Rating:4.8/5(845,560) Google Play Rating:4.3/5(174,461) Claim Offer Read ReviewTerms and ConditionsGAMBLING PROBLEM? CALL 1-800-GAMBLER, (800) 327-5050 or visit gamblinghelplinema.org (MA). Call 877-8-HOPENY/text HOPENY (467369) (NY).Please Gamble Responsibly. 888-789-7777/visit ccpg.org (CT), or visit www.mdgamblinghelp.org (MD). 21+ and present in most states. (18+ DC/KY/NH/WY). Void in ONT/OR/NH. Eligibility restrictions apply. On behalf of Boot Hill Casino & Resort (KS). 1 per new customer. Must register new account to receive reward Token. Must select Token BEFORE placing min. $5 bet to receive $150 in Bonus Bets instantly. Min. -500 odds req. Token and Bonus Bets are single-use and non-withdrawable. Bonus Bets expire in 7 days (168 hours). Stake removed from payout. Terms: sportsbook.draftkings.com/promos. Sponsored by DK. 4.5/54.5/5Bet $5Get $300 inBonus Bets If Your Bet Wins iOS Rating:4.9/5(1,861,547) Google Play Rating:4.6/5(382,450) Play Now Read ReviewTerms and ConditionsNew customers only. Deposit min. $10. Place first bet of min $5 and get $300 in bonus bets if your bet wins.For help with a gambling problem call 877-8HOPE-NY or text HOPENY (467369).21+ and physically present in NY. 4.5/54.5/5$1500First BetOffer iOS Rating:4.8/5(239,874) Google Play Rating:4.2/5(36,718) Play Now Read ReviewTerms and ConditionsFor help with a gambling problem call 877-8HOPE-NY or text HOPENY (467369).21+ and physically present in NY. 4.5/54.5/5Use Code: OddsSharkEarn 1.5% Back for 30 Days,Up to 200 in Prophet Cash iOS Rating:4.8/5(1,658K) Google Play Rating:4.8/5(351) Claim Offer Read ReviewFor help with a gambling problem call 877-8HOPE-NY or text HOPENY (467369).21+ and physically present in NY. See all New York Sportsbooks 4.5/54.5/5Bet $1,Double Your WinningsYour Next 20 Bets iOS Rating:4.7/5(89,306) Google Play Rating:4.5/5(30,709) Play Now Read ReviewTerms and ConditionsMust be 21 or older and physically present in New York. New users only. Must register using eligible promo code. First bet after registration must qualify. Max. Bonus Bet: $1,059. Bonus Bet expires 14 days after receipt. Void where prohibited. See Caesars.com/promos for full terms. Know When To Stop Before You Start.®Gambling problem? Call 877-8-HOPENY or text HOPENY (467369) 4.5/54.5/5Bet $5Get $150 inBonus Bets Instantly iOS Rating:4.8/5(845,560) Google Play Rating:4.3/5(174,461) Claim Offer Read ReviewTerms and ConditionsGAMBLING PROBLEM? CALL 1-800-GAMBLER, (800) 327-5050 or visit gamblinghelplinema.org (MA). Call 877-8-HOPENY/text HOPENY (467369) (NY).Please Gamble Responsibly. 888-789-7777/visit ccpg.org (CT), or visit www.mdgamblinghelp.org (MD). 21+ and present in most states. (18+ DC/KY/NH/WY). Void in ONT/OR/NH. Eligibility restrictions apply. On behalf of Boot Hill Casino & Resort (KS). 1 per new customer. Must register new account to receive reward Token. Must select Token BEFORE placing min. $5 bet to receive $150 in Bonus Bets instantly. Min. -500 odds req. Token and Bonus Bets are single-use and non-withdrawable. Bonus Bets expire in 7 days (168 hours). Stake removed from payout. Terms: sportsbook.draftkings.com/promos. Sponsored by DK. 4.5/54.5/5Bet $5Get $300 inBonus Bets If Your Bet Wins iOS Rating:4.9/5(1,861,547) Google Play Rating:4.6/5(382,450) Play Now Read ReviewTerms and ConditionsNew customers only. Deposit min. $10. Place first bet of min $5 and get $300 in bonus bets if your bet wins.For help with a gambling problem call 877-8HOPE-NY or text HOPENY (467369).21+ and physically present in NY. 4.5/54.5/5$1500First BetOffer iOS Rating:4.8/5(239,874) Google Play Rating:4.2/5(36,718) Play Now Read ReviewTerms and ConditionsFor help with a gambling problem call 877-8HOPE-NY or text HOPENY (467369).21+ and physically present in NY. 4.5/54.5/5Use Code: OddsSharkEarn 1.5% Back for 30 Days,Up to 200 in Prophet Cash iOS Rating:4.8/5(1,658K) Google Play Rating:4.8/5(351) Claim Offer Read ReviewFor help with a gambling problem call 877-8HOPE-NY or text HOPENY (467369).21+ and physically present in NY. See all New York Sportsbooks 4.5/54.5/5Bet $1,Double Your WinningsYour Next 20 Bets iOS Rating:4.7/5(89,306) Google Play Rating:4.5/5(30,709) Play Now Read ReviewTerms and ConditionsMust be 21 or older and physically present in New York. New users only. Must register using eligible promo code. First bet after registration must qualify. Max. Bonus Bet: $1,059. Bonus Bet expires 14 days after receipt. Void where prohibited. See Caesars.com/promos for full terms. Know When To Stop Before You Start.®Gambling problem? Call 877-8-HOPENY or text HOPENY (467369) 4.5/54.5/5Bet $5Get $150 inBonus Bets Instantly iOS Rating:4.8/5(845,560) Google Play Rating:4.3/5(174,461) Claim Offer Read ReviewTerms and ConditionsGAMBLING PROBLEM? CALL 1-800-GAMBLER, (800) 327-5050 or visit gamblinghelplinema.org (MA). Call 877-8-HOPENY/text HOPENY (467369) (NY).Please Gamble Responsibly. 888-789-7777/visit ccpg.org (CT), or visit www.mdgamblinghelp.org (MD). 21+ and present in most states. (18+ DC/KY/NH/WY). Void in ONT/OR/NH. Eligibility restrictions apply. On behalf of Boot Hill Casino & Resort (KS). 1 per new customer. Must register new account to receive reward Token. Must select Token BEFORE placing min. $5 bet to receive $150 in Bonus Bets instantly. Min. -500 odds req. Token and Bonus Bets are single-use and non-withdrawable. Bonus Bets expire in 7 days (168 hours). Stake removed from payout. Terms: sportsbook.draftkings.com/promos. Sponsored by DK. 4.5/54.5/5Bet $5Get $300 inBonus Bets If Your Bet Wins iOS Rating:4.9/5(1,861,547) Google Play Rating:4.6/5(382,450) Play Now Read ReviewTerms and ConditionsNew customers only. Deposit min. $10. Place first bet of min $5 and get $300 in bonus bets if your bet wins.For help with a gambling problem call 877-8HOPE-NY or text HOPENY (467369).21+ and physically present in NY. 4.5/54.5/5$1500First BetOffer iOS Rating:4.8/5(239,874) Google Play Rating:4.2/5(36,718) Play Now Read ReviewTerms and ConditionsFor help with a gambling problem call 877-8HOPE-NY or text HOPENY (467369).21+ and physically present in NY. 4.5/54.5/5Use Code: OddsSharkEarn 1.5% Back for 30 Days,Up to 200 in Prophet Cash iOS Rating:4.8/5(1,658K) Google Play Rating:4.8/5(351) Claim Offer Read ReviewFor help with a gambling problem call 877-8HOPE-NY or text HOPENY (467369).21+ and physically present in NY. See all New York Sportsbooks 4.5/54.5/5Bet $1,Double Your WinningsYour Next 20 Bets iOS Rating:4.7/5(89,306) Google Play Rating:4.5/5(30,709) Play Now Read ReviewTerms and ConditionsMust be 21 or older and physically present in New York. New users only. Must register using eligible promo code. First bet after registration must qualify. Max. Bonus Bet: $1,059. Bonus Bet expires 14 days after receipt. Void where prohibited. See Caesars.com/promos for full terms. Know When To Stop Before You Start.®Gambling problem? Call 877-8-HOPENY or text HOPENY (467369) 4.5/54.5/5Bet $5Get $150 inBonus Bets Instantly iOS Rating:4.8/5(845,560) Google Play Rating:4.3/5(174,461) Claim Offer Read ReviewTerms and ConditionsGAMBLING PROBLEM? CALL 1-800-GAMBLER, (800) 327-5050 or visit gamblinghelplinema.org (MA). Call 877-8-HOPENY/text HOPENY (467369) (NY).Please Gamble Responsibly. 888-789-7777/visit ccpg.org (CT), or visit www.mdgamblinghelp.org (MD). 21+ and present in most states. (18+ DC/KY/NH/WY). Void in ONT/OR/NH. Eligibility restrictions apply. On behalf of Boot Hill Casino & Resort (KS). 1 per new customer. Must register new account to receive reward Token. Must select Token BEFORE placing min. $5 bet to receive $150 in Bonus Bets instantly. Min. -500 odds req. Token and Bonus Bets are single-use and non-withdrawable. Bonus Bets expire in 7 days (168 hours). Stake removed from payout. Terms: sportsbook.draftkings.com/promos. Sponsored by DK. 4.5/54.5/5Bet $5Get $300 inBonus Bets If Your Bet Wins iOS Rating:4.9/5(1,861,547) Google Play Rating:4.6/5(382,450) Play Now Read ReviewTerms and ConditionsNew customers only. Deposit min. $10. Place first bet of min $5 and get $300 in bonus bets if your bet wins.For help with a gambling problem call 877-8HOPE-NY or text HOPENY (467369).21+ and physically present in NY. 4.5/54.5/5$1500First BetOffer iOS Rating:4.8/5(239,874) Google Play Rating:4.2/5(36,718) Play Now Read ReviewTerms and ConditionsFor help with a gambling problem call 877-8HOPE-NY or text HOPENY (467369).21+ and physically present in NY. 4.5/54.5/5Use Code: OddsSharkEarn 1.5% Back for 30 Days,Up to 200 in Prophet Cash iOS Rating:4.8/5(1,658K) Google Play Rating:4.8/5(351) Claim Offer Read Review 4.5/54.5/5Bet $1,Double Your WinningsYour Next 20 Bets iOS Rating:4.7/5(89,306) Google Play Rating:4.5/5(30,709) Play Now Read Review 4.5/54.5/5Bet $1,Double Your WinningsYour Next 20 Bets iOS Rating:4.7/5(89,306) Google Play Rating:4.5/5(30,709) Play Now Read Review iOS Rating:4.7/5(89,306) Google Play Rating:4.5/5(30,709) Terms and ConditionsMust be 21 or older and physically present in New York. New users only. Must register using eligible promo code. First bet after registration must qualify. Max. Bonus Bet: $1,059. Bonus Bet expires 14 days after receipt. Void where prohibited. See Caesars.com/promos for full terms. Know When To Stop Before You Start.®Gambling problem? Call 877-8-HOPENY or text HOPENY (467369) Must be 21 or older and physically present in New York. New users only. Must register using eligible promo code. First bet after registration must qualify. Max. Bonus Bet: $1,059. Bonus Bet expires 14 days after receipt. Void where prohibited. See Caesars.com/promos for full terms. Know When To Stop Before You Start.®Gambling problem? Call 877-8-HOPENY or text HOPENY (467369) Must be 21 or older and physically present in New York. New users only. Must register using eligible promo code. First bet after registration must qualify. Max. Bonus Bet: $1,059. Bonus Bet expires 14 days after receipt. Void where prohibited. See Caesars.com/promos for full terms. Know When To Stop Before You Start.® Gambling problem? Call 877-8-HOPENY or text HOPENY (467369) 4.5/54.5/5Bet $5Get $150 inBonus Bets Instantly iOS Rating:4.8/5(845,560) Google Play Rating:4.3/5(174,461) Claim Offer Read Review 4.5/54.5/5Bet $5Get $150 inBonus Bets Instantly iOS Rating:4.8/5(845,560) Google Play Rating:4.3/5(174,461) Claim Offer Read Review iOS Rating:4.8/5(845,560) Google Play Rating:4.3/5(174,461) Terms and ConditionsGAMBLING PROBLEM? CALL 1-800-GAMBLER, (800) 327-5050 or visit gamblinghelplinema.org (MA). Call 877-8-HOPENY/text HOPENY (467369) (NY).Please Gamble Responsibly. 888-789-7777/visit ccpg.org (CT), or visit www.mdgamblinghelp.org (MD). 21+ and present in most states. (18+ DC/KY/NH/WY). Void in ONT/OR/NH. Eligibility restrictions apply. On behalf of Boot Hill Casino & Resort (KS). 1 per new customer. Must register new account to receive reward Token. Must select Token BEFORE placing min. $5 bet to receive $150 in Bonus Bets instantly. Min. -500 odds req. Token and Bonus Bets are single-use and non-withdrawable. Bonus Bets expire in 7 days (168 hours). Stake removed from payout. Terms: sportsbook.draftkings.com/promos. Sponsored by DK. GAMBLING PROBLEM? CALL 1-800-GAMBLER, (800) 327-5050 or visit gamblinghelplinema.org (MA). Call 877-8-HOPENY/text HOPENY (467369) (NY).Please Gamble Responsibly. 888-789-7777/visit ccpg.org (CT), or visit www.mdgamblinghelp.org (MD). 21+ and present in most states. (18+ DC/KY/NH/WY). Void in ONT/OR/NH. Eligibility restrictions apply. On behalf of Boot Hill Casino & Resort (KS). 1 per new customer. Must register new account to receive reward Token. Must select Token BEFORE placing min. $5 bet to receive $150 in Bonus Bets instantly. Min. -500 odds req. Token and Bonus Bets are single-use and non-withdrawable. Bonus Bets expire in 7 days (168 hours). Stake removed from payout. Terms: sportsbook.draftkings.com/promos. Sponsored by DK. GAMBLING PROBLEM? CALL 1-800-GAMBLER, (800) 327-5050 or visit gamblinghelplinema.org (MA). Call 877-8-HOPENY/text HOPENY (467369) (NY). Please Gamble Responsibly. 888-789-7777/visit ccpg.org (CT), or visit www.mdgamblinghelp.org (MD). 21+ and present in most states. (18+ DC/KY/NH/WY). Void in ONT/OR/NH. Eligibility restrictions apply. On behalf of Boot Hill Casino & Resort (KS). 1 per new customer. Must register new account to receive reward Token. Must select Token BEFORE placing min. $5 bet to receive $150 in Bonus Bets instantly. Min. -500 odds req. Token and Bonus Bets are single-use and non-withdrawable. Bonus Bets expire in 7 days (168 hours). Stake removed from payout. Terms: sportsbook.draftkings.com/promos. Sponsored by DK. 4.5/54.5/5Bet $5Get $300 inBonus Bets If Your Bet Wins iOS Rating:4.9/5(1,861,547) Google Play Rating:4.6/5(382,450) Play Now Read Review 4.5/54.5/5Bet $5Get $300 inBonus Bets If Your Bet Wins iOS Rating:4.9/5(1,861,547) Google Play Rating:4.6/5(382,450) Play Now Read Review iOS Rating:4.9/5(1,861,547) Google Play Rating:4.6/5(382,450) Terms and ConditionsNew customers only. Deposit min. $10. Place first bet of min $5 and get $300 in bonus bets if your bet wins.For help with a gambling problem call 877-8HOPE-NY or text HOPENY (467369).21+ and physically present in NY. New customers only. Deposit min. $10. Place first bet of min $5 and get $300 in bonus bets if your bet wins.For help with a gambling problem call 877-8HOPE-NY or text HOPENY (467369).21+ and physically present in NY. New customers only. Deposit min. $10. Place first bet of min $5 and get $300 in bonus bets if your bet wins. For help with a gambling problem call 877-8HOPE-NY or text HOPENY (467369).21+ and physically present in NY. 4.5/54.5/5$1500First BetOffer iOS Rating:4.8/5(239,874) Google Play Rating:4.2/5(36,718) Play Now Read Review 4.5/54.5/5$1500First BetOffer iOS Rating:4.8/5(239,874) Google Play Rating:4.2/5(36,718) Play Now Read Review iOS Rating:4.8/5(239,874) Google Play Rating:4.2/5(36,718) Terms and ConditionsFor help with a gambling problem call 877-8HOPE-NY or text HOPENY (467369).21+ and physically present in NY. For help with a gambling problem call 877-8HOPE-NY or text HOPENY (467369).21+ and physically present in NY. For help with a gambling problem call 877-8HOPE-NY or text HOPENY (467369).21+ and physically present in NY. 4.5/54.5/5Use Code: OddsSharkEarn 1.5% Back for 30 Days,Up to 200 in Prophet Cash iOS Rating:4.8/5(1,658K) Google Play Rating:4.8/5(351) Claim Offer Read Review 4.5/54.5/5Use Code: OddsSharkEarn 1.5% Back for 30 Days,Up to 200 in Prophet Cash iOS Rating:4.8/5(1,658K) Google Play Rating:4.8/5(351) Claim Offer Read Review Use Code: OddsSharkEarn 1.5% Back for 30 Days,Up to 200 in Prophet Cash Use Code: OddsSharkEarn 1.5% Back for 30 Days,Up to 200 in Prophet Cash Use Code: OddsSharkEarn 1.5% Back for 30 Days,Up to 200 in Prophet Cash iOS Rating:4.8/5(1,658K) Google Play Rating:4.8/5(351) For help with a gambling problem call 877-8HOPE-NY or text HOPENY (467369).21+ and physically present in NY. For help with a gambling problem call 877-8HOPE-NY or text HOPENY (467369).21+ and physically present in NY. Odds Saturday, August 23 - UFC Fight Night Sat Aug 23 - UFC Fight Night ROUND 1 Close MatchupOpeningCurrent Final Johnny Walker Johnny Walker VS / Zhang Mingyang Zhang Mingyang +280 -390 +300 -375 Saturday, August 23 - UFC Fight Night Sat Aug 23 - UFC Fight Night ROUND 1 Close MatchupOpeningCurrent Final Johnny Walker Johnny Walker VS / Zhang Mingyang Zhang Mingyang +280 -390 +300 -375 Saturday, August 23 - UFC Fight Night Sat Aug 23 - UFC Fight Night Saturday, August 23 - UFC Fight Night Sat Aug 23 - UFC Fight Night Final Johnny Walker Johnny Walker VS / Zhang Mingyang Zhang Mingyang +280 -390 +300 -375 Final Johnny Walker Johnny Walker VS / Zhang Mingyang Zhang Mingyang +280 -390 +300 -375 Johnny Walker Johnny Walker VS / Zhang Mingyang Zhang Mingyang","UFC Fight Night: Walker vs. Zhang August 23, 2025, 6:53 AM EDT",https://www.oddsshark.com/ufc/johnny-walker-zhang-mingyang-odds-august-23-2025-2422759
"Zhang Mingyang vs. Johnny Walker: Odds, full fight preview and prediction | UFC Shanghai","Zhang Mingyang vs. Johnny Walker: Odds, full fight preview and prediction | UFC Shanghai Ultimate Fighting Championship (UFC) Light Heavyweight sluggers Zhang Mingyang vs. Johnny Walker will go to war TODAY (Sat., Aug. 23, 2025) at UFC Shanghai inside Shanghai Indoor Stadium in Shanghai, China. There’s a lot to like about the 27-year-old “Mountain Tiger.” Mingyang hasn’t lost a fight since 2016, not just beating but stopping 12 straight opponents in that span. He’s still fairly unproven, but there’s no doubt the Chinese prospect is a powerful and aggressive up-and-comer, which is just what the stagnant 205-pound division requires. Walker can probably relate to being a hyped prospect turning heads. Back in 2019, Walker was riding a streak of incredible knockouts and in talks to face Jon Jones. Then, he ran afoul of Corey Anderson, and since then, the Brazilian has been knocked out as often as he’s won. Let’s take a closer look at the betting odds and strategic keys for each athlete: Mingyang vs. Walker Betting Odds Zhang Mingyang victory: -340 Zhang Mingyang via TKO/KO/DQ: -280 Zhang Mingyang via submission: +1200 Zhang Mingyang via decision: +2500 Johnny Walker victory: +270 Johnny Walker via TKO/KO/DQ: +450 Johnny Walker via submission: +1100 Johnny Walker via decision: +1600 Odds via DraftKings Sportsbook How Mingyang Wins Mingyang is a highly aggressive striker who fights like he’s never been knocked out (despite a trio of strikes stoppages on his record). He pushes forward hard behind heavy swings but perhaps does his best work int he clinch, where Mingyang is creative and downright nasty with his usage of elbows and knees. This match up will be a bit of a balancing act for Mingyang, who has to stay true to himself without giving up the takedown. I’d hate to see Mingyang respect his opponent’s kicks too much, because he definitely has the skills to just walk through Walker’s kicks and blast him. At the same time, he definitely doesn’t want to get reactive double legged off his feet, because Walker is a big boy with legitimate jiu-jitsu skill. The answer is to maintain the pressure and activity but add a little more thought. Some feints and false starts would go a long way here. Perhaps the best chance to land punches is in response to Walker’s kicks: block and fire in combination! Another option to avoid the reactive double is to intentionally clinch up and then look for those devastating elbows, which would force Walker into more of upper body wrestling positions. If Mingyang is standing, he’ll find Walker’s chin before too long. How Walker Wins On paper, Walker should still be in the Top 10. In addition to being gigantic, he’s a powerful kickboxer with crafty counters, and his wrestling and jiu-jitsu are definitely above average for the division. Unfortunately, Walker has the small issue that most clean connections from his opponent send him straight to outer space. This is a very clear case of DO NOT STRIKE WITH THIS GUY for Walker. He’s the better kicker by a fair margin, sure, and Mingyang does leave himself open to counters while charging forward, certainly. Those may be the facts, but it’s equally true that any one-to-one exchange of punches is going result in a comatose Walker. I strongly feel that it’s wrestle-or-die here, and Walker might as well get on the takedown early. Throw a kick or two, circle, then commit to that running double. Mingyang’s ground game remains a giant question mark. Based on the history of young knockout artists rising up the 205 pound ranks, it’s probably terrible! If a giant veteran like Walker gets on top of him, there’s a strong chance Mingyang looks a lot more ordinary. Mingyang vs. Walker Prediction There are two things I definitely do not trust in this sport: the unproven ground games of prospects above 185-pounds, and Walker’s chin. This bout is forcing me to weigh my misgivings against one another, and I’m forced to consider the evidence. We have video proof — so, so much video proof — now that Walker cannot take a shot, whereas Mingyang’s ground game being trash is merely conjecture. Mingyang has proven quite good at finding the chin thus far, so he’s likely good for at least one quick knockout in his home country. Prediction: Mingyang via knockout LIVE! Stream UFC Shanghai On ESPN+ LIGHT HEAVYWEIGHT MONSTERS! Ultimate Fighting Championship (UFC) returns to Shanghai, China, on Sat., Aug. 23, 2025, with UFC Shanghai: “Walker vs. Zhang” inside Shanghai Indoor Stadium. In the main event, explosive 205-pound standout, Johnny Walker, faces fast-rising knockout artist, Zhang Mingyang, in a high-stakes clash scheduled for five, five-minute rounds. In UFC Shanghai’s co-main event, top-ranked Featherweight contenders, Brian Ortega vs. Aljamain Sterling, square off, both aiming to solidify their spot in the 145-pound title picture. Don’t miss a single second of face-punching action! Where to Buy: Remember that MMAmania.com will deliver LIVE round-by-round, blow-by-blow coverage of the entire UFC Shanghai fight card, starting with the ESPN+ “Prelims” matches online, which are scheduled to begin at 3 a.m. ET, before the main card start time at 6 a.m. ET (also on ESPN+). To checkout the latest and greatest UFC Shanghai: “Walker vs. Zhang” news and notes be sure to hit up our comprehensive event archive right here.",2025-08-23,https://sports.yahoo.com/article/zhang-mingyang-vs-johnny-walker-080000002.html?fr=sycsrp_catchall
Zhang Mingyang on Johnny Walker: 'Everybody who beat Johnny became the champion',"Zhang Mingyang on Johnny Walker: 'Everybody who beat Johnny became the champion' Zhang Mingyang admits he didn't want to fight Johnny Walker, but sees one major incentive. Mingyang (19-6 MMA, 3-0 UFC) takes on Walker (21-9 MMA, 7-6 UFC) in Saturday's UFC Fight Night 257 headliner (ESPN+) at Mercedes-Benz Arena in Shanghai, China. Walker is ranked one spot above Mingyang in the UFC's light heavyweight rankings, but is winless in his past three fights. Mingyang revealed that he wasn't too keen on the matchup. ""Johnny fights in a very unorthodox way,"" Mingyang told MMA Junkie Radio through an interpreter. ""So even for me, for this camp, I need to bring many different training partners to help me kind of mimic Johnny's style because you cannot find one individual fighter who can fight like Johnny. The only reason I took this fight is because everybody who beat Johnny became the champion. That's the reason I took this fight. Other than that, I would say no."" Mingyang has never gone past Round 1 in all 19 of his professional wins. He is coming off a first-round knockout of former title challenger Anthony Smith at UFC on ESPN 66 in April. ""I never chase a first-round finish in all my previous fights,"" Mingyang said. ""I always prepared for either a three-round or five-round fight. But when I step into the cage, when the fights starts, if I see any openings or any holes from my opponents, I will catch it.""",2025-08-21,https://mmajunkie.usatoday.com/story/sports/ufc/2025/08/21/ufc-shanghai-zhang-mingyang-everybody-who-beat-johnny-walker-became-champion/85754759007/
"Johnny Walker vs. Mingyang Zhang Prediction, Pick, Odds for UFC Shanghai (Saturday, August 23)","| Walker Odds | +270 | | Zhang Odds | -340 | | Over/Under | 1.5 (+160/-360) | | Location | Shanghai Indoor Center, Shanghai, China | | Bout Time | 8:15 a.m. ET | | TV/Streaming | ESPN+ | | UFC Shanghai odds as of Saturday and via DraftKings. Bet on UFC Shanghai with our DraftKings promo code. | Check out the Johnny Walker vs. Mingyang Zhang prediction for UFC Shanghai on Saturday, August 23, with my betting preview and breakdown. On Saturday, the UFC returns to the Shanghai Indoor Arena for a 12-fight card, featuring a Light Heavyweight showdown between rising No. 14 contender Mingyang Zhang and No. 13-ranked Johnny Walker. Zhang, 27, owns a 4-0 promotional record, including his contract-earning performance over Tuco Tokkos in the Road to UFC finals; each of those four wins has come in the opening round, giving Zhang a 100% first-round finish rate across 19 career victories. Walker owns an 8-6 (1 NC) promotional record, but enters Saturday’s bout off consecutive knockout losses against Magomed Ankalaev and Volkan Oezdemir. Walker has finished 16 of 21 career wins —including six of his eight UFC victories— and combined, these two Light Heavyweights h ave seen just five of their 56 career fights (9%) go to decision. As a result, the Under 1.5 and ends inside the distance props are about as heavily juiced as I can remember for a five-round main event, sitting north of -350 (77.7% implied) to the Under 1.5 rounds, and -1600 (94% implied) to end inside the distance. Which fighter is likelier to find the finish? Here’s my Walker vs. Zhang pick and prediction. | Walker | Zhang | | |---|---|---| | Record | 21-9 | 19-6 | | Avg. Fight Time | 6:43 | 3:02 | | Height | 6’6″ | 6’2″ | | Weight (pounds) | 205 lbs. | 205 lbs. | | Reach (inches) | 82″ | 75″ | | Stance | Orthodox | Orthodox | | Date of birth | 3/30/1992 | 8/16/1998 | | Sig Strikes Per Min | 3.87 | 10.91 | | SS Accuracy | 53% | 64% | | SS Absorbed Per Min | 3.12 | 4.55 | | SS Defense | 44% | 53% | | Take Down Avg | 0.45 | 0 | | TD Acc | 100% | 0% | | TD Def | 57% | 50% | | 0.9 | 0 | Walker is the taller and longer fighter (4″ taller, 7″ reach advantage) and likely the better minute winner —with superior cardio— in any extended fight. As a result, while I’m hesitant to bet Walker pre-fight, given his potentially compromised chin, I’m enthusiastic about betting him live after the first round, as Zhang’s potency should begin to wane. Walker previously had a five round main event with Thiago Santos, that was also heavily juiced (closed as high as -850) to end inside the distance; however, Walker came out with a different gameplan in that fight after moving his camp to SBG Ireland, and attempted a safe, minimal chaos, outside point fi ghting style in that matchup; dropping a tepid 48-47 decision. Walker thrives when he can create chaos, and Zhang will walk right into the fire to meet him, hence the heavily juiced finish props for this fight. Zhang is six years younger, more durable, and potentially the more powerful fighter of the pair too, but both men are glass cannons. Zhang has five regional losses via finish, three by knockout and two by submission, which indicates that he’s highly likely to get finished by UFC-calibre competition as he rises the rankings. Moreover, he’s never won a bout past the five-minute mark —indicating likely severe cardio concerns— and his defensive wrestling and grappling are potentially porous. Zhang is a mean, powerful pressure boxer who is willing to take a punch to land one —he walked right into the pocket and was wobbled by Brendon Ribeiro in his debut, before securing the finish himself. He’s the better boxer than Walker, who will look to land more dynamic techniques, in cluding a flying knee, as the distance closes between the pair. Walker would be better served by sticking to an outside fighting style in this matchup, where he can stay out of Zhang’s punching range, use his superior kicks to frustrate his opponent, and attempt to clinch or mix in takedowns to counteract the forward pressure. Walker doesn’t wrestle often (0.2 attempts per five minutes at distance; 9 of 18 career), but he has shown surprising acumen when forced to grapple, including his impressive submission win over Ion Cutelaba. Perhaps an expanded skillset for Walker shouldn’t come as such a surprise, considering his brother and longtime training partner, Valter, is a grappling specialist who has finished three consecutive UFC wins via heel hook. And, aside from sticking to an outside striking game plan, the best place for Walker to hide his glass chin is to get the fight to the mat. I project Mingyang Zhang as a -346 favorite, and I don’t show value on either side of the moneyline at current odds, with the favorite lined at -350 or higher everywhere. Moreover, I don’t project value on the totals or distance prop, projecting the fight to end by finish nearly 95% of the time (-1771 implied odds). That said, I do project a slight edge on Zhang by KO/TKO (projected -268, listed -240) depending upon the book, and would consider Zhang by KO/TKO Round in Round 1 (+104) if you’re betting the favorite. If that ticket cashes, it will only enhance Zhang’s potential fade equity in the future, against more durable opposition. However, I’d personally prefer a small poke on Walker by submission (+1015), listed +1200 pre-fight, while waiting for a live entry on his moneyline after the opening round. Sean’s Pick: Johnny Walker wins by Submission | Walker Live after Round 1 More must-reads: Get the latest news and rumors, customized to your favorite sports and teams. Emailed daily. Always free!",2025-08-22,https://www.yardbarker.com/mma/articles/johnny_walker_vs_mingyang_zhang_prediction_pick_odds_for_ufc_shanghai_saturday_august_23/s1_17354_42625425
"Johnny Walker vs. Mingyang Zhang prediction, odds, pick for UFC Shanghai","Johnny Walker vs. Mingyang Zhang prediction, odds, pick for UFC Shanghai The post Johnny Walker vs. Mingyang Zhang prediction, odds, pick for UFC Shanghai appeared first on ClutchPoints. UFC Shanghai: Johnny Walker versus Mingyang Zhang continues the main event fight between Johnny Walker and Mingyang Zhang in the light heavyweight division on Saturday. Check out our UFC odds series for our Walker-Zhang prediction and pick. Johnny Walker (21-9) enters this weekend’s bout after a tough loss to Mingyang Zhang in August 2025. Before that, Walker scored a first-round KO over Volkan Oezdemir in June 2024, showcasing his devastating finishing power. Walker looks to bounce back with his dynamic striking and unorthodox style against Zhang. Mingyang Zhang (19-6) comes into this weekend off a first-round TKO win over Anthony Smith in April 2025, showcasing his devastating power and finishing ability. Before that, he secured first-round TKOs against Ozzy Diaz and Brendson Ribeiro, making Zhang a dangerous and fast starter to watch against Johnny Walker. Here are the UFC Shanghai Odds, courtesy of DraftKings. UFC Shanghai odds: Johnny Walker-Mingyang Zhang odds Johnny Walker: +275 Mingyang Zhang: -345 Over 1.5 rounds: +230 Under 1.5 rounds: -315 *Watch sports LIVE with fuboTV (Get Access | Save $30)* Why Johnny Walker will win Last Fight: (L) Volkan Oezdemir – KO/TKO R1 Last 5: 2-2-0, 1 NC Finishes: 19 (16 KO/TKO/3 SUB) Johnny Walker’s dynamic striking and unorthodox style give him a strong edge over Mingyang Zhang at UFC Shanghai. Known for his flashy kicks and unpredictable offense, Walker can disrupt Zhang’s rhythm and keep the fight on the feet, where Walker thrives. His ability to switch angles and use creative strikes makes him a difficult target to predict and defend against. Although Zhang possesses devastating power and fast starts, Walker’s experience against top light heavyweights has sharpened his fight IQ. He knows how to weather early pressure and find openings for counterattacks. Walker’s improved takedown defense will minimize Zhang’s chances of controlling the fight on the ground. Walker also brings resilience and pacing that allow him to come back strong in later rounds. If he can evade Zhang’s initial bursts, Walker’s diverse striking arsenal will wear down his opponent over time. His stamina advantage could be key in swinging the fight in his favor during the championship rounds. Walker’s creativity, striking variety, and ability to control the pace make him the favorite. Expect Walker to use his dynamic offense to outpoint and potentially stop Zhang, earning a pivotal win at UFC Shanghai. Why Mingyang Zhang will win Last Fight: (W) Anthony Smith – KO/TKO R1 Last 5: 3-2 Finishes: 19 (13 KO/TKO/6 SUB) Mingyang Zhang’s power and aggression give him a clear advantage over Johnny Walker at UFC Shanghai. Zhang is known for his explosive starts and ability to finish fights quickly as shown by his recent string of first-round TKOs. His knockout power can change the course of the fight in an instant, putting Walker under constant threat from the opening bell. Walker’s unorthodox style and flashy striking are impressive, but Zhang’s pressure and volume often disrupt flashy fighters’ rhythms. Zhang’s aggressive pace will force Walker to fight on the back foot, limiting his opportunities to set up creative strikes. This constant forward pressure can force mistakes and open the door for devastating strikes. Additionally, Zhang’s improving grappling and takedown skills provide him with alternative paths to victory. If he can take Walker down and control him on the ground, Zhang can impose his will and avoid prolonged striking exchanges where Walker excels. His versatility makes him a well-rounded threat. Zhang’s recent success has built confidence, making him well-prepared for a high-stakes bout. Expect Zhang’s power and pressure to overwhelm Walker, resulting in an early stoppage or dominant decision win at UFC Shanghai. Final Johnny Walker-Mingyang Zhang prediction & pick The clash between Johnny Walker and Mingyang Zhang at UFC Shanghai is a compelling battle between a dynamic striker and a powerful finisher. Walker’s unorthodox style and creativity make him a unique challenge. His flashy kicks and ability to switch stances keep opponents guessing, allowing him to control the pace and distance. Walker’s improved fight IQ and takedown defense give him tools to handle aggressive opponents. Zhang, however, brings explosive power and relentless pressure. His string of early stoppages reveals a fighter capable of ending the fight quickly. Zhang’s aggressive starts will test Walker’s ability to withstand pressure and evade heavy shots. His versatility with striking and grappling makes him a well-rounded and dangerous adversary. The key to the fight will be whether Walker can avoid Zhang’s initial onslaught and impose his range and unpredictability. If Walker can pace himself and capitalize on openings, he has the tools to secure the win. Ultimately, this fight is in Zhang’s favor due to his power and pressure, and with how Walker has been knocked out in back-to-back fights, expect another knockout coming from Zhang. Final Johnny Walker-Mingyang Zhang Prediction & Pick: Mingyang Zhang (-345), Over 1.5 Rounds (+230) Related: Brian Ortega vs. Aljamain Sterling prediction, odds, pick for UFC Shanghai Related: Sergei Pavlovich vs. Waldo Cortes-Acosta prediction, odds, pick for UFC Shanghai",2025-08-21,https://sports.yahoo.com/article/johnny-walker-vs-mingyang-zhang-194625741.html?fr=sycsrp_catchall
Johnny Walker vs Zhang Mingyang Predictions & Tips – Zhang To Extend KO Streak In UFC,"See all our latest betting tips or suggested betting sites Get 25 Stake Cash & 250,000 Gold Coins when you sign up with code NEWBONUS at Stake.us. USA only. Excludes certain States including NY,NV,ID, KY,WA. 18+ only. Terms and Conditions apply. UFC Fight Night: Walker vs Zhang on August 23rd, 2025 - Live Stream On Now From Shanghai How To Watch UFC Fight Night: Walker vs Zhang Live Right Now UFC Fight Night: Walker vs Zhang Stream Available Free Online How to Watch UFC Fight Night: Walker vs Zhang Live Stream Johnny Walker vs Zhang Mingyang UFC Fight Time, Live Stream & Predictions UFC Fight Night: Walker vs Zhang - Bet $20 & get a $10 free bet Ultimate Fighting Jackpot - Win a bitcoin & a share of $2,000 predicting UFC fights UFC Split Decision Breaker – Money Back If Your Fighter Loses Via Split Decision UFC Split Decision Insurance - Money Back If Your Pick Loses By Split Decision",8/22/2025 1:14:00 PM,https://www.freetips.com/ufc/johnny-walker-vs-zhang-mingyang-ufc-tips-20250805-0018/
"UFC Shanghai preview: Walker vs. Zhang, Sterling vs. Ortega fight card predictions","Ultimate Fighting Championship (UFC) is just one day away from the upcoming UFC Shanghai mixed martial arts (MMA) event, which is set to go down tomorrow (Sat., Aug. 23, 2025) on ESPN+ from inside Mercedes-Benz Arena in China. UFC Shanghai features a light heavyweight main event between Johnny Walker and Zhang Mingyang, a five-round showdown with possible title implications for late 2025 and beyond. UFC Shanghai preview: Walker vs. Zhang, Sterling vs. Ortega fight card predictions Before we dive into the main and co-main events, which include the catchweight collision between former 135-pound champion Aljamain Sterling and two-time featherweight title challenger Brian Ortega, check out Andrew Richardson’s “X-Factor” breakdown for the rest of the UFC Shanghai main card by clicking here. Get all the latest “Walker vs. Zhang” odds and betting props courtesy of FanDuel right here. 205 lbs.: Johnny Walker vs. Zhang Mingyang Johnny Walker Record: 21-9, 1 NC | Age: 33 | Betting line: +280 Wins: 16 KO/TKO, 3 SUB, 2 DEC | Losses: 6 KO/TKO, 1 SUB, 2 DEC Height: 6’6” | Reach: 82” | Stance: Orthodox Significant Strikes Landed Per Minute: 3.87 | Striking accuracy: 53% Strikes Absorbed Per Minute: 3.12 | Striking Defense: 44% Takedown Average: 0.45 (100% accuracy) | Takedown Defense: 57% Current Ranking: No. 13 | Last fight: Knockout loss to Volkan Oezdemir Zhang “Mountain Tiger” Mingyang Record: 19-6 | Age: 27 | Betting line: -355 Wins: 13 KO/TKO, 6 SUB, 0 DEC | Losses: 3 KO/TKO, 2 SUB, 1 DEC Height: 6’2” | Reach: 75” | Stance: Orthodox Significant Strikes Landed Per Minute: 10.91 | Striking accuracy: 64% Strikes Absorbed Per Minute: 4.55 | Striking Defense: 53% Takedown Average: 0.00 (0% accuracy) | Takedown Defense: 50% Current Ranking: No. 14 | Last fight: Technical knockout win over Anthony Smith Johnny Walker competed twice in 2024 — and he got KTFO both times. You can forgive the loss to Magomed Ankalaev because “Big Ank” is the light heavyweight champion and to be fair, Volkan Oezdemir has heavy hands and double-digit knockout wins across his 14-year MMA career. That said, Walker has now been stopped seven times in nine losses and hasn’t seen the win column in over two years. There was a time in the not-too-distant past when the Brazilian had the attention of then-champion Jon Jones after jumping out to three straight wins, but then Walker collapsed and is 4-6 in the years that followed with one no contest. It seems Walker struggles against opponents who are not intimidated or at least know how to deal with his enormous frame and flashy offense. That doesn’t include the issues with his chin, which are unlikely to improve as the damage accrues in the second half of his career. Walker could be in danger of losing his job with another loss tomorrow in Shanghai, especially if he’s finished. “I’m happy with my career so far,” Walker told Sherdog.com. “Between victories and losses, there were many lessons learned. I’ve been a ranked fighter in the UFC for some six years. When I joined the promotion in 2018, I had three fights in about four months. I was already fighting ranked opponents. There was a lot of learning since I’m the first fighter in my family. I had no mentor to guide me, to get me this far. I was my own laboratory. I learned on my own.” I’m sure his coaches will be thrilled to hear that. “I am looking forward to my last run at the belt,” Walker continued. “I know I have the potential to be champion. I see myself fighting for the belt after another two or three wins. With good knockouts and good submission wins, I can put myself in the right place for a title fight. I’m in the best possible place for my career. I’m surrounded by high-level people who will be helping me score another victory.” It’s easy to get excited by what we’ve seen thus far from Zhang Mingyang. The hard-hitting “Mountain Tiger” blasted his way through the promotion’s “Road to UFC” tournament and has since racked up three straight wins under the UFC banner, all by way of first-round knockout. Unfortunately, Brendson Ribeiro and Osman Diaz do not have winning records in UFC and Anthony Smith was basically a 205-pound zombie on his way out the door, so it’s not like Zhang was tearing through the Top 10 of the division. That’s my issue here, despite the lopsided odds, because we haven’t seen the 27 year-old knockout artist put to any kind of test inside the Octagon. Walker has not been lighting the world on fire, but at least he’s been facing the best light heavyweights in the world. For tomorrow’s headlining affair, Zhang will give up four inches in height and seven inches in reach, significant stats for what it likely to be an all-striking affair. “Johnny fights in a very unorthodox way,” Zhang told MMA Junkie. “So even for me, for this camp, I need to bring many different training partners to help me kind of mimic Johnny’s style because you cannot find one individual fighter who can fight like Johnny. The only reason I took this fight is because everybody who beat Johnny became the champion. That’s the reason I took this fight. Other than that, I would say no.” “I never chase a first-round finish in all my previous fights,” Zhang continued. “I always prepared for either a three-round or five-round fight. But when I step into the cage, when the fights starts, if I see any openings or any holes from my opponents, I will catch it.” Zhang has 25 professional fights and 22 of them have ended in the first round, so don’t expect “Mountain Tiger” to play it safe on fight night. I’m not going to completely overlook his work on the international circuit, comprised of wins over such stellar names as the 2-5 Changsheng Huo, or the 5-11 Caibao Zhang, but I’m certainly not going to use them to build a case against Walker. The Brazilian has his problems and he seems to fold too easily under pressure, I just think he’s got a style — along with a physical presence — that Zhang has never seen and is ill-equipped to handle. Prediction: Walker def. Zhang by technical knockout 145 lbs.: Aljamain Sterling vs. Brian Ortega Aljamain “Funk Master” Sterling Record: 24-5 | Age: 36 | Betting line: -300 Wins: 3 KO/TKO, 8 SUB, 12 DEC | 1 DQ | Losses: 2 KO/TKO, 0 SUB, 3 DEC Height: 5’7” | Reach: 71” | Stance: Orthodox Significant Strikes Landed Per Minute: 4.41 | Striking accuracy: 52% Strikes Absorbed Per Minute: 2.21 | Striking Defense: 58% Takedown Average: 2.51 (29% accuracy) | Takedown Defense: 42% Current Ranking: No. 7 | Last fight: Unanimous decision loss to Movsar Evloev Brian “T-City” Ortega Record: 16-4, 1 NC | Age: 34 | Betting line: +240 Wins: 3 KO/TKO, 8 SUB, 5 DEC | Losses: 2 KO/TKO, 0 SUB, 2 DEC Height: 5’8” | Reach: 69” | Stance: Switch Significant Strikes Landed Per Minute: 4.08 | Striking accuracy: 37% Strikes Absorbed Per Minute: 6.59 | Striking Defense: 49% Takedown Average: 1.07 (26% accuracy) | Takedown Defense: 55% Current Ranking: No. 5 | Last fight: Unanimous decision loss to Diego Lopes Aljamain Sterling abandoned his post at 135 pounds after getting knocked out by Sean O’Malley at UFC 292, which felt like the right time to make the move. He already reached the top of the 135-pound mountain and “Funk Master” is now in his mid-thirties, making the cut down to bantamweight increasingly difficult. Sterling seemed to pick up right where he left off by cruising past Calvin Kattar at UFC 300; however, Movsar Evloev — one of the top contenders at featherweight — proved to be a formidable road block on Sterling’s path to a second title. No question a loss to Ortega would put an end to those dreams, or at least stall them for the foreseeable future. While every fight is a “must win” in combat sports, I would imagine it’s discouraging to endure a hellish training camp (as well as punches to the face) with no end goal or nothing but a paycheck waiting on the other side. “This is a huge fight,” Sterling told MMA Fighting. “I think this is a crossroads fight for both of us, just at our age, what we both accomplished and where we’ve both been in our divisions. I don’t want to say this is a make it or break it fight for me, but I’m not interested in fighting up and coming contenders just for a paycheck. Maybe I will consider that at some point, but I don’t have that mentality right now. That’s not what I’m looking to do.That doesn’t get me up in the morning and make me want to go train to fight these young 22-year-olds, 23-year-olds who don’t have a name. They’re trying to make the name off of me, they’re trying to make their name off Ortega.” “I would like to fight for another title, God willing, [if] I get a big win,” Sterling continued. “It’s going to be hard to top a spinning-back elbow, but we are fighting five rounds. I’m hoping that’s some type of direction of what things might come from this. So I’m just trying to be positive about the whole thing and may the best man win. At the end of the day, if I’m not good enough, then I’m not good enough at this point, and I think maybe it could be due to the size, it could be due to the age. It could be due to so many different things. But at the end of the day, I’m still in the training room. I’m still kicking young guys’ asses, so that makes me feel good.” Brian Ortega was always the underdog heading into this contest but that line has increased dramatically after “T-City” failed to make the featherweight limit, forcing the promotion to change the UFC Shanghai co-main event to a 153-pound catchweight contest. During the official staredowns, Ortega looked visibly weak and unable to stand while backstage rumors claimed the former featherweight title challenger was hooked to an IV. That does not bode well for a combatant who is facing a tireless wrestler across 25 minutes of action. Ortega is certainly the better striker of the two, or at least hits harder, but may not have the gas to survive more than one or two rounds, depending on his recovery from the brutal weight cut, coupled with the extreme change in time zones. “Hired one new coach,” Ortega told MMA Junkie. “It’s striking. I rehired someone that we had … not a bad fallout, but we went our own ways and then we had a good conversation about things in the past. We just talked it over and fixed that and patched that. The boxing coach, it was new. We gave him a shot, and I started learning things all over again. My striking has evolved and then talking to the wrestling coach about who should we bring in as partners. We just started bringing in high-level wrestlers, NCAA champs and stuff like that.” “If it was my choice, we bang it out,” Ortega added. “Simple as that. You see me, I kind of rarely shoot in. I’m not really the guy to shoot in. So, if it was up to me, we would bang it out on our feet and give the fans a hell of a fight. But something’s telling me he’s going to shoot in. He’s good at keeping his distance and his range with those kicks, but yeah, it’s something that we’ve trained for. We watch the fights, we study film.” Ortega has looked unmotivated and listless in recent fights, even when he makes weight. The threat of a one-punch knockout remains, I just find it hard to pick a fighter who would probably have been ruled medically unfit to compete had the promotion been staging its event under the more discerning eyes of a stateside athletic commission. Prediction: Sterling def. Ortega by technical knockout LIGHT HEAVYWEIGHT MONSTERS! Ultimate Fighting Championship (UFC) returns to Shanghai, China, on Sat., Aug. 23, 2025, with UFC Shanghai: “Walker vs. Zhang” inside Shanghai Indoor Stadium. In the main event, explosive 205-pound standout, Johnny Walker, faces fast-rising knockout artist, Zhang Mingyang, in a high-stakes clash scheduled for five, five-minute rounds. In UFC Shanghai’s co-main event, top-ranked Featherweight contenders, Brian Ortega vs. Aljamain Sterling, square off, both aiming to solidify their spot in the 145-pound title picture. MMAmania.com will deliver LIVE round-by-round, blow-by-blow coverage of the entire UFC Shanghai fight card on fight night, starting with the ESPN+ preliminary card bouts at 3 a.m. ET, followed by the remaining main card balance on ESPN+ at 6 a.m. ET. To check out the latest and greatest UFC Shanghai news and notes be sure to hit up our comprehensive event archive here. For the updated and finalized “Walker vs. Zhang” fight card and ESPN+ lineup click here.",2025-08-22,https://www.mmamania.com/ufc-predictions/384094/ufc-shanghai-preview-walker-vs-zhang-sterling-ortega-predictions-mma
