title,text,publish_date,url
"Lerone Murphy vs. Aaron Pico, UFC 319 | MMA Bout | Tapology","Fighter Comparison | Murphy | Pico | ||| | #6 FeatherW (Worldwide) | Ranking | #211 LightW (Worldwide) | || | 16-0-1 MMA | Pro Record | 13-4-0 MMA | || | 2025 2023 | Last 5 Fights | 2025 2022 | || | +150 (Slight Underdog) | Betting Odds | -170 (Slight Favorite) | || | | Nation | | || | Manchester England | Fights out of | San Jose California | || | 34 +3 wks, 4 days | Age at Fight | 28 +10 mos, 3 wks, 3 days | || | 146.0 lbs (66.2 kgs) | Weigh-In Result | 145.0 lbs (65.8 kgs) | || | 5'9"" (175cm) | Height | 5'8"" (173cm) | || | 73.5"" (187cm) | Reach | 71.0"" (180cm) | || | Manchester Top Team | Gym | Jackson Wink MMA Academy | Murphy vs. Pico Fight Predictions Fight Predictions Tapology Community Picks: 7,442 Bout Information Event Poster Fight Details - Event: UFC 319: Du Plessis vs. Chimaev - Date: Saturday 08.16.2025 at 06:30 PM ET - Referee: - Venue: United Center - Enclosure: Octagon - Location: Chicago, Illinois, United States - Bout Billing: Co-Main Event (fight 11 of 12) - Pro/Am: Professional - Weight: 145 lbs (65.8 kg) - Event Links: - Bout Links:",2025-05-13,https://www.tapology.com/fightcenter/bouts/1026971-ufc-319-the-miracle-lerone-murphy-vs-aaron-pico
"Murphy Vs. Pico Odds, Full Fight Preview & Prediction","Ultimate Fighting Championship (UFC) Featherweight contenders Lerone Murphy vs. Aaron Pico will collide this weekend (Sat., Aug. 16, 2025) at UFC 319 inside United Center in Chicago, Illinois. Is it possible to be a dark horse contender while riding an eight-fight win streak? Murphy has beaten quite a few excellent fighters in recent years, but his decision-heavy style and relative inactivity has slowed his would-be rise. It’s getting harder and harder to deny “The Miracle,” however, and facing an exciting newcomer should help garner more attention. Pico has pretty much been raised since birth to be a fighting champion. An outstanding amateur wrestler with lots of elite international experience, Pico spent much of his youth boxing as well. In the cage, he’s a tremendous finisher with vicious power, and his only loss in his last 10 fights happened because of a dislocated shoulder. Let’s take a closer look at the betting odds and strategic keys for each athlete: Murphy vs. Pico Betting Odds - Lerone Murphy victory: +205 - Lerone Murphy via TKO/KO/DQ: +650 - Lerone Murphy via submission: +2800 - Lerone Murphy via decision: +250 - Aaron Pico victory: -250 - Aaron Pico via TKO/KO/DQ: +330 - Aaron Pico via submission: +900 - Aaron Pico via decision: +140 - Odds via DraftKings Sportsbook How Murphy Wins There are serious shades of Leon Edwards to Lerone Murphy’s game … and I say that in both a positive and negative way. He’s a really accurate and tricky range striker, able to force opponents into his preferred kind of kickboxing match. His wrestling is quite good offensively and defensively. Yet, when he does find an edge, it doesn’t always feel like Murphy takes full advantage. Footwork and kicking ability are Murphy’s edge here. As he just did versus Josh Emmett, Murphy has to deny the pocket and keep his back off the fence. He’ll be playing the matador, trying to force Pico to continually reset and refuse him the chance to unload power punches. Murphy has to be really effective with his linear strikes here. His usual game plan of stick-and-move applies, but that “stick” better be impactful. He’s not going to scare Pico off unless he really sits on his jabs, intercepting right hands, snap kicks, spin kicks, knees up the middle — something has to gain Pico’s respect. Otherwise, the hyper athletic Pico will surge forward and dictate where the fight takes place. How Pico Wins At age 28, Pico already has a wealth of world-class experience in competition. From wrestling to Pankration to boxing to his years in Bellator, Pico has been preparing for a run at the top for a lifetime, and he’s finally in a position to put it all together. There’s a reason he’s been called the greatest prospect in MMA more than once. I’d like to see Pico building on the success Emmett found against Murphy. They have similar strengths — punching power and wrestling — but Pico is a bit quicker on his feet. He should be able to find Murphy more often and create exchanges, which will help to get his wrestling going as well. It’s really important that Pico finds some success with his takedowns. He has to put Murphy in a defensive position, give him a reason to hesitate in firing kicks. The more Pico can convince Murphy to withdraw into himself, the easier this fight will be. Ripping combinations is certainly one way to do that, but a big lift and slam will sway judges and limit Murphy’s activity effectively too. We’ve see Pico neglect his wrestling to his own detriment previously. There’s no need to make this match up harder! Murphy vs. Pico Prediction I’m expecting a close fight here. Murphy is difficult to take down, and he’s the more polished striker. His evasive movement and commitment to staying in good position should take a significant portion of the sting of Pico’s big swings, so the early KO doesn’t feel very likely. Meanwhile, Pico has never beaten anyone particularly decent via decision, so this will be a real test of whether he can manage his aggression and output against a savvy fighter successfully. Ultimately, Murphy is likely to win more of the fight, but Pico will have the bigger moments. In a five-rounder, that kind of attritional success would favor Murphy. In a 15-minute fight, that’s not the case. Pico only has to score a couple big takedowns or a knockdown to dramatically change the judges’ scorecards and erase minutes of Murphy success, which reads like a problem against a fighter content to win on thin margins. Prediction: Pico via decision MIDDLEWEIGHT TITLE CAR CRASH! Ultimate Fighting Championship (UFC) continues its 2025 pay-per-view (PPV) schedule on Sat., Aug. 16, 2025, with a blockbuster title fight set to headline UFC 319 from inside United Center in Chicago, Illinois. In UFC 319’s PPV main event, Middleweight champion, Dricus du Plessis, defends his title against undefeated No. 3-ranked contender, Khamzat Chimaev, in a high-stakes, five-round battle of unbeaten UFC records. UFC 319’s PPV co-main event features a Featherweight showdown between Lerone Murphy and promotional newcomer, Aaron Pico, a high-profile free-agent signing stepping in on short notice. UFC 319 will also showcase a Welterweight clash between Geoff Neal vs. Carlos Prates, a Middleweight bout pitting Jared Cannonier vs. Michael Page, a Flyweight matchup featuring Tim Elliott vs. Kai Asakura, and much more! UFC 319’s start time is scheduled for 6 p.m. ET (“Early Prelims”), 8 p.m. ET (“Prelims” undercard), and 10 p.m. ET (PPV main card)",2025-08-15,https://www.mmamania.com/ufc-events-ppv/382475/lerone-murphy-vs-aaron-pico-odds-full-fight-preview-and-prediction-ufc-319
"Lerone Murphy vs. Aaron Pico prediction, pick, start time for UFC 319","Lerone Murphy vs. Aaron Pico prediction, pick, start time for UFC 319 Lerone Murphy and Aaron Pico meet in the co-main event of UFC 319 at United Center in Chicago. Check out this quick breakdown of the matchup from MMA Junkie analyst Dan Tom. Last event: 4-2 UFC main cards, 2025: 80-60-1 Lerone Murphy vs. Aaron Pico UFC 319 preview Murphy (16-0-1 MMA, 8-0-1 UFC) puts his undefeated record on the line against a newcomer. ""The Miracle"" has won five straight fights by decision: Gabriel Santos, Josh Culibao, Edson Barboza, Dan Ige and Josh Emmett. Murphy's last stoppage came in the second round against Makwan Amirkhani in October 2021. ... Pico (13-4 MMA, 0-0 UFC) makes his UFC debut against a top-ranked, undefeated opponent. He's currently riding a three-fight winning streak, which includes a decision over James Gonzalez and back-to-back first-round stoppages of Pedro Carvalho and Henry Corrales. Lerone Murphy vs. Aaron Pico UFC 319 expert pick, prediction The co-main event for UFC 319 features an impromptu featherweight fight between top contender Lerone Murphy and promotional newcomer Aaron Pico. On many people's radar before his first professional fight, Pico came to popularity as a super prospect preordained to be the next big thing. Despite some hiccups from being rushed by his management out of the gate, Pico has been able to recover from multiple hurdles by building up an exciting highlight reel en route to amassing his current win streak. Although many will point to the propensity for Bellator fighters to underperform in their promotional debuts, it's also important to remember that the UFC matchmakers have traditionally given these kinds of competitors rude welcomes to the octagon in the form of stylistically unfavorable matchups. And when you consider that Pico was initially slated to face Movsar Evloev before this Murphy booking, it's hard not to put a tin foil hat on in that regard. That said, should Pico show out fantastically this Saturday, then I suspect that the UFC will make the no-brainer move of getting behind the marketable American, full throttle. It's hard to say what kind of condition Murphy is coming in at or how hard his weight cut was, given the short-notice nature of his booking. For that reason, I believe that the Englishman could be more vulnerable to body shots than normal. Add in the Pico's punch-and-smother stylings, and I suspect that he can find a finish over the criminally underrated Murphy. I feel like the wrong fighter could be favored here, as a finish either way wouldn't surprise me – but the official pick is Pico by knockout in Round 1. Lerone Murphy vs. Aaron Pico UFC 319 odds The oddsmakers and the public favor the American fighter, listing Pico -176 and Murphy +142 via FanDuel. Lerone Murphy vs. Aaron Pico UFC 319 start time, how to watch As the co-main event, Murphy and Pico are expected to walk to the cage at approximately 11:40 p.m. ET. The fight broadcasts live on ESPN+ pay-per-view.",2025-08-16,https://mmajunkie.usatoday.com/story/sports/ufc/2025/08/16/lerone-murphy-vs-aaron-pico-ufc-319-prediction-expert-pick/85683479007/
UFC 319: Lerone Murphy vs. Aaron Pico: Live round-by-round updates,"UFC 319 co-main event pits Lerone Murphy taking on promotional newcomer Aaron Pico in a featherweight tilt. Murphy has quietly become one of the featherweight division’s toughest puzzles. Undefeated in the UFC, the Manchester native has turned back respected names like Josh Emmett, Dan Ige, and Edson Barboza with a patient, sniper-like approach. His measured style often lulls opponents into a false sense of comfort before he shifts gears and takes over late. Pico arrives in the UFC with a decade of hype behind him. Once considered MMA’s most promising prospect, he has matured into a well-rounded fighter capable of wrestling dominance or fight-ending knockouts. His 9-1 run in his last 10 fights proves his durability and growth, but facing Murphy is a sharp jump in competition. This fight pits Murphy’s composure and calculated output against Pico’s explosive athleticism and raw finishing instincts. UFC 319 is set for Saturday, Aug. 16, 2025, at the United Center in Chicago. Early Prelims start at 6 PM ET on ESPN+ and Disney+, Prelims at 7 PM ET on ESPN, and the Main Card at 10 PM ET on ESPN+ PPV. Fans in India can watch on Sony LIV. Stay tuned to Sportskeeda MMA for the live coverage and play-by-play updates: Round 1",2025-08-16,https://www.sportskeeda.com/mma/news-ufc-319-lerone-murphy-vs-aaron-pico-live-round-by-round-updates
UFC 319: Lerone Murphy vs. Aaron Pico - The Undefeated Star vs. The Hype Train,"Lerone Murphy gears up to face Aaron Pico at UFC 319 on August 16, 2025, after Pico’s original opponent, Movsar Evloev, withdrew from the matchup. This bout marks Pico’s long-awaited UFC debut, and despite being unranked, Murphy (16-0-1) sees him as a formidable opponent. With the stakes high at the United Center in Chicago, this clash not only highlights Murphy’s readiness to compete but also introduces Pico’s potential impact on the UFC landscape. Lerone Murphy vs. Aaron Pico: A Unique UFC Debut Lerone Murphy finds himself facing an intriguing challenge at UFC 319 as he prepares to welcome Aaron Pico to the promotion. This matchup came about rather unexpectedly after Movsar Evloev withdrew from his scheduled fight with Pico for a previous event. While Pico steps into the octagon as a Bellator star making his highly anticipated UFC debut, he arrives unranked, a fact that doesn’t faze Murphy. With a professional record of 16-0-1, Murphy recognises Pico’s reputation and skill level, believing that rankings don’t truly define the fight. “I don’t think rankings have anything to do with it,” Murphy stated during the media day. Instead, he views this as an opportunity to test himself against a formidable opponent. “For me, he’s ranked #3 or whatever, that’s how I’m looking at it. It’s a solid opponent, and a great match-up.” Murphy’s confidence in the matchup reflects his understanding of the sport and the calibre of fighters he encounters. Despite Pico’s struggles early in his career, often highlighted by the pressure of high expectations, Murphy believes that Pico is at his peak now. When asked about the pressure Pico might feel during this significant career moment, Murphy acknowledged the possibility but chose to focus on his preparation instead. “Everyone handles pressure differently,” he commented, emphasising that while debut jitters exist, he’s not relying on them to alter Pico’s performance. Understanding the Pressure of UFC Debuts Competing in the UFC is unlike any other experience in mixed martial arts, and Murphy recognises this as key to understanding Pico’s debut. The UFC is the largest and most prestigious fighting organisation globally, and entering the octagon for the first time can be overwhelming for many fighters. However, Pico’s extensive background in combat sports may give him an edge in handling the pressure. Murphy is realistic about the mental aspects and understands that each athlete’s response can vary. He observed, “This is the biggest show in the world, and what an arena to make your debut. It could be a factor.” Murphy is keenly aware that the atmosphere and stakes may affect even the most seasoned fighters when they first step into the UFC cage. However, Murphy also highlights another critical factor: experience. He draws comparisons to fighters such as Patchy Mix, suggesting that performance in one organisation can vary significantly from another. Murphy remarked, “I expect to see the best version of him,” underscoring his belief that Pico, now in his prime, is undoubtedly ready for this moment. The nuances of how debuting fighters handle expectations are fascinating, and this could play into what unfolds in their bout. Timing and Preparation for UFC 319 The booking of Murphy versus Pico came together just three weeks before UFC 319, a rapid turn of events that Murphy sees as beneficial. By not prolonging the buildup to this matchup, Murphy has been able to focus solely on his training and mindset without becoming overly fixated on specifics about Pico for months on end. He explained his relief, stating, “Mentally, I don’t want to be waking up thinking about the same guy for 12 weeks.” This swift arrangement has allowed him to maintain a fresh perspective leading into a critical fight. Murphy’s enthusiasm for being active in the octagon is palpable. Having been eager for a matchup and growing frustrated by the injuries of other competitors, he is ready to showcase his skills. “I want to be active as much as possible before this thing’s done,” Murphy disclosed. This eagerness highlights his drive in an ever-competitive sport. He values his opportunity against Pico and aims to make a significant statement in this bout. Looking Ahead to Fight Night As the fight approaches, the buzz surrounding UFC 319 continues to grow. Fans and analysts alike are eager to see how Aaron Pico adapts to the UFC’s environment, while Lerone Murphy is focused on delivering a performance that reflects his readiness and resilience. With the fight scheduled for Saturday, August 16, 2025, at the United Center in Chicago, IL, the stakes could not be higher for both competitors. The excitement stems not only from the debut of a new talent but also from the prospect of witnessing how seasoned fighters manage newfound pressures within the octagon. In the lead-up to fight night, Murphy’s banter and insights shed light on the attitudes necessary for success in MMA. As he steps into the cage, he is not just looking to claim victory but also to carve out his reputation in the sport. This matchup against Pico is not merely a fight; it’s an opportunity for Murphy to solidify his standing in a world where every performance counts. UFC 319: Lerone Murphy vs. Aaron Pico Key Points | Key Point | Details | |---|---| | Match-up at UFC 319 | Lerone Murphy vs. Aaron Pico (UFC debut) | | Location | United Center in Chicago, IL | | Date | Saturday, August 16, 2025 | | Pico’s Background | Former Bellator star, making highly anticipated debut | | Murphy’s Record | 16-0-1 professional record | | Murphy’s View on Pico | Views him as a top-tier opponent regardless of rank | In conclusion, Lerone Murphy is poised to face Aaron Pico in a highly anticipated UFC debut at UFC 319. This match-up not only showcases Murphy’s competitive spirit but also highlights the unpredictability of debuting fighters in the UFC. As both athletes prepare for this pivotal moment, fans are left to wonder: will the pressure affect Pico, or will he rise to the occasion? Frequently Asked Questions Who is Lerone Murphy fighting at UFC 319? Lerone Murphy is set to fight Aaron Pico at UFC 319 after Movsar Evloev dropped out of the matchup. This will mark Pico’s debut in the UFC. What is the significance of Aaron Pico’s UFC debut? Aaron Pico enters the UFC as a well-known fighter from Bellator, despite being unranked. Lerone Murphy views him as a high-calibre opponent, comparable to a top-ranked fighter due to his reputation. How does Lerone Murphy feel about fighting an unranked opponent? Murphy believes that rankings do not define a fighter’s capability, referring to Pico as a ‘solid opponent’ and emphasising that reputation matters more than the ranking. Could pressure affect Aaron Pico during his debut? While Lerone Murphy acknowledges that fighting in the UFC can create pressure, he doesn’t rely on it affecting Pico’s performance, noting that each fighter reacts differently to such situations. When is UFC 319 taking place and where? UFC 319 will take place on August 16, 2025, at the United Center in Chicago, Illinois.",2025-08-15,https://mmauk.net/2025/08/15/ufc-319-lerone-murphy-vs-aaron-pico-the-undefeated-star-vs-the-hype-train/
Aaron Pico vs. Lerone Murphy at UFC 319: How the Fight Reshapes Featherweight Division and Impacts Gaethje-Pimblett Rumors | ヒャッカログ,"The MMA world was stunned when Aaron Pico’s long-awaited UFC debut took an unexpected turn, as he now faces rising contender Lerone Murphy at UFC 319 after Movsar Evloev’s withdrawal. This short-notice matchup reshapes the featherweight landscape while creating ripple effects throughout the card. Pico vs. Murphy’s elevation to co-main event status throws the rumored Gaethje-Pimblett showdown into uncertainty. The bout presents a crucial test for Pico, who carries championship aspirations into his Octagon debut against an undefeated opponent. Murphy’s well-rounded skillset poses a dangerous challenge for the highly-touted Pico, making this one of 2025’s most intriguing stylistic matchups. Both fighters view this as their ticket to featherweight title contention. - Aaron Pico’s UFC debut is rescheduled against Lerone Murphy at UFC 319 after Movsar Evloev’s injury, elevating the bout to co-main event status. - The matchup disrupts original plans for Justin Gaethje vs. Paddy Pimblett’s rumored co-main slot, creating uncertainty around the lightweight clash. - Pico faces a tougher stylistic challenge against Murphy (13-0-1), testing his wrestling pedigree against the English fighter’s well-rounded skillset. - A Pico victory could fast-track him to featherweight title contention, given the division’s need for fresh challengers and his marketability. Aaron Pico Faces Lerone Murphy in High-Stakes UFC 319 Co-Main Event The UFC featherweight division gets a seismic shakeup as Aaron Pico makes his long-awaited promotional debut against undefeated contender Lerone Murphy. Originally slated to face Movsar Evloev, Pico now enters on short notice against the dangerous Englishman. This matchup carries significant implications for both fighters’ trajectories and the broader 145-pound landscape. Murphy (13-0-1) presents a fascinating stylistic challenge with his technically precise striking and underrated grappling defense. The Manchester native has quietly compiled an impressive resume, most recently defeating ranked opposition to climb into title contention. For Pico, this becomes a truer test of his UFC readiness than Evloev’s wrestling-heavy approach would have provided. Three Critical Factors in Pico vs. Murphy - Pico’s chin durability against Murphy’s precision power shots - Murphy’s takedown defense (80%) versus Pico’s wrestling pedigree - Whether Pico’s power carries into championship rounds How Pico-Murphy Reshuffles Featherweight Title Picture The UFC 319 co-main event arrives at a pivotal moment for the division. Champion Ilia Topuria prepares to defend against Max Holloway, while several contenders jockey for position. A Pico victory could fast-track him into immediate title contention, while Murphy would cement his status as division’s dark horse with a win. Potential Next Opponents for Winner | If Pico Wins | If Murphy Wins | |---|---| | Bryce Mitchell | Giga Chikadze | | Winner of Topuria-Holloway | Arnold Allen | Impact on Gaethje-Pimblett Rumors The UFC 319 co-main slot reshuffle creates ripple effects throughout the card. With Pico-Murphy taking one co-headlining spot, the rumored Justin Gaethje vs. Paddy Pimblett matchup now likely occupies the other featured bout position. This maintains the event’s star power while allowing fresh matchups to develop. Financial Implications of Main Event Changes Gaethje has publicly stated he’ll only take non-title fights for significant paydays. Pimblett’s drawing power makes this matchup financially viable while keeping Gaethje in lightweight title contention. The UFC appears committed to stacking fan-friendly cards amidst their 2025 schedule. Community Reactions to UFC 319 Changes The MMA world erupted with takes following the UFC 319 reshuffle: - “Pico talking UFC gold in a year? My dude hasn’t even debuted yet!” – @MMAFan123 - “Murphy’s a dark horse at 145. If he starches Pico, he jumps straight into title talks” – @FightAnalyst - “World’s most predictable co-main shuffle. UFC dusting off their injury replacement playbook” – @SkepticMMA What’s Next for Movsar Evloev? The undefeated Russian (19-0) remains one win from title contention despite his injury withdrawal. Potential matchups include: - Bryce Mitchell – classic striker vs. grappler matchup - Giga Chikadze – striking showcase for both - Winner of Topuria-Holloway – immediate title shot Conclusion: UFC 319 Delivers Fresh Matchmaking The UFC’s willingness to institute last-minute changes creates compelling new matchups while maintaining card strength. Pico vs. Murphy becomes must-see TV, while Gaethje-Pimblett offers lightweight fireworks. This flexibility demonstrates why the promotion remains MMA’s premier organization. Comments",2025-07-27,https://hyakkalog.com/en/archives/76848
Lerone Murphy vs. Aaron Pico: Odds and what to know ahead of UFC 319 co-main event,"Lerone Murphy vs. Aaron Pico: Odds and what to know ahead of UFC 319 co-main event Aaron Pico will still get a big opportunity in his promotional debut at UFC 319. Lerone Murphy vs. Aaron Pico preview Pico (13-4 MMA, 0-0 UFC) originally was scheduled to make his octagon debut against No. 1-ranked featherweight Movsar Evloev at UFC on ABC 9 in Abu Dhabi, but the bout was scrapped when Evloev withdrew. Instead, Pico gets No. 6 ranked Lerone Murphy in the UFC 319 co-main event in Chicago. Unbeaten in his professional MMA career, Murphy (16-0-1 MMA, 8-0-1 UFC) is on an eight-fight winning streak, and is coming off a main event win over Josh Emmett at UFC on ESPN 65 in April. Meanwhile, Pico hasn't competed since a first-round TKO of Henry Corrales in February 2024. Lerone Murphy vs. Aaron Pico odds According to FanDuel, Murphy is a slight +124 underdog against UFC newcomer Pico, who's a -158 favorite. How to watch Lerone Murphy vs. Aaron Pico at UFC 319 - When: Saturday, Aug. 16 - Where: United Center, Chicago - Broadcast/streaming: ESPN+ pay-per-view",2025-08-05,https://mmajunkie.usatoday.com/story/sports/ufc/2025/08/05/ufc-319-lerone-murphy-vs-aaron-pico-mma-betting-odds/85505630007/
Lerone Murphy vs Aaron Pico: Fight Overview,"16 Aug On August 16, UFC 319 lands at the United Center in Chicago with a featherweight showdown between England’s Lerone “The Miracle” Murphy and America’s Aaron Pico. Murphy brings an undefeated record into the Octagon, fresh off a decision win over veteran Josh Emmett. Known for his timing and composure, he has quietly built a strong résumé, combining solid striking with smart defensive movement. His consistency and well-rounded skillset continue to push him toward the top of the division. Pico returns after a long absence, looking to reassert his place among the elite. A former wrestling standout with heavy hands, he last fought in early 2024, finishing Henry Corrales by TKO in a performance that highlighted his physicality and pressure. Despite time away, Pico’s blend of power and wrestling remains a serious threat. The matchup offers a test of rhythm and explosiveness—Murphy’s control versus Pico’s forward charge. For both fighters, a win in Chicago would send a clear signal to the contenders above them. The Tale of the Tape data is compiled from publicly available information on Sherdog | Lerone Murphy | Aaron Pico | |---|---| | England | USA | | 16 - 0 - 1 (7 KOs) | 13 - 4 - 0 (9 KOs) | | featherweight (145 lbs / 65,8 kg) | lightweight (155 lbs / 70,3 kg) | | Age | | | Wins | | | Losses | | | Anthropometry | | The scheduled 3-round featherweight bout will take place on August 16, 2025. The full fight night schedule, including local start times for various countries, is listed below. Check the schedule to see when the event begins in your region. The fight night will start on Saturday, August 16 at 6:00 PM ET (New York time). The fight night will start on Saturday, August 16 at 3:00 PM PT (Los Angeles time). The fight night will start on Saturday, August 16 at 6:00 PM ET (Toronto time). The fight night will start on Saturday, August 16 at 11:00 PM BST (London time). The fight night will start on Sunday, August 17 at 12:00 AM SAST (Johannesburg time). The fight night will start on Sunday, August 17 at 6:00 AM PHT (Manila time). The fight night will start on Sunday, August 17 at 8:00 AM AEST (Sydney time). The fight night will start on Sunday, August 17 at 10:00 AM NZST (Wellington time). Note that the main event ring walk typically takes place about 1 to 1.5 hours after the main card begins. If you're mainly interested in the headline bout, there’s still some time — but it’s always worth watching the full card. You can stream the Murphy vs Pico fight via ESPN PPV. Disclaimer: Some links to streaming or pay-per-view on this page may be affiliate links. If you make a purchase through them, we may earn a commission — at no extra cost to you. The fight will be held at the United Center in Chicago, Illinois, USA. Full Fight card for Lerone Murphy vs Aaron Pico: Fight card subject to change | Division | Fighter #1 | Fighter #2 | Notes | |---|---|---|---| | middleweight (185 lbs) | Dricus Du Plessis (23 - 2 - 0) | Khamzat Chimaev (14 - 0 - 0) | UFC | | featherweight (145 lbs) | Lerone Murphy (16 - 0 - 1) | Aaron Pico (13 - 4 - 0) | | | welterweight (170 lbs) | Geoff Neal (16 - 6 - 0) | Carlos Prates (21 - 7 - 0) | | | middleweight (185 lbs) | Jared Cannonier (18 - 8 - 0) | Michael Page (23 - 3 - 0) | | | flyweight (125 lbs) | Tim Elliott (20 - 13 - 1) | Kai Asakura (21 - 5 - 0) | | | lightweight (155 lbs) | Bobby Green (32 - 17 - 1) | Diego Ferreira (19 - 6 - 0) | | | middleweight (185 lbs) | Gerald Meerschaert (37 - 19 - 0) | Michal Oleksiejczuk (20 - 9 - 0) | | | middleweight (185 lbs) | Baysangur Susurkaev (9 - 0 - 0) | Eric Nolan (8 - 3 - 0) | | | strawweight (115 lbs) | Jessica Andrade (26 - 14 - 0) | Lupita Godinez (13 - 5 - 0) | | | lightweight (155 lbs) | Chase Hooper (16 - 3 - 1) | Alexander Hernandez (16 - 8 - 0) | | | lightweight (155 lbs) | Edson Barboza (24 - 12 - 0) | Drakkar Klose (15 - 3 - 1) | | | middleweight (185 lbs) | Bryan Battle (12 - 2 - 0) | Nursulton Ruziboev (36 - 9 - 2) | | | flyweight (125 lbs) | Karine Silva (18 - 5 - 0) | Dione Barbosa (8 - 3 - 0) | | | welterweight (170 lbs) | Rodrigo Sezinando (8 - 1 - 0) | Daniil Donchenko (11 - 2 - 0) | | | flyweight (125 lbs) | Alibi Idiris (10 - 0 - 0) | Joseph Morales (12 - 2 - 0) |",2025-08-16,https://boxing-schedule.com/mma/murphy-vs-pico/
Pico to make UFC debut vs. Murphy at UFC 319,"Aaron Pico's highly anticipated debut in the UFC will now take place against Lerone Murphy at UFC 319 in Chicago, the promotion announced on Saturday. Pico (13-4) was supposed to make his first UFC appearance opposite Movsar Evloev (19-0) at UFC Fight Night on Saturday, but Evloev was forced to withdraw earlier this month. Pico, a longtime standout at Bellator MMA, publicly asked the UFC to rebook him as soon as possible. His 145-pound bout against Murphy (16-0-1) will serve as the UFC 319 co-main event on Aug. 16 in Chicago. It's an interesting change for the entire featherweight division. Pico never held a championship in Bellator but has long been viewed as one of the best fighters in the world outside of the UFC. The 28-year-old was once considered arguably the greatest prospect in MMA history, with extensive accolades in amateur wrestling and boxing. In Evloev, he would have been facing the No. 1-ranked contender in the division. He will now turn his attention to Murphy, who is undefeated but ranked lower than Evloev. Current featherweight champion Alexander Volkanovski does not currently have his next title defense booked.",2025-07-26,https://www.espn.com/mma/ufc/story/_/id/45830790/aaron-pico-make-anticipated-ufc-debut-vs-lerone-murphy
Lerone Murphy vs Aaron Pico UFC 319 Odds & AI Pick,"Lerone Murphy vs Aaron Pico Fight Breakdown Introduction On Saturday, August 16, 2025, fight fans will descend upon the iconic United Center in Chicago, Illinois, for UFC 319: Du Plessis vs Chimaev. As part of the Main Card, featherweights Lerone Murphy and Aaron Pico will collide in a pivotal showdown that could redefine the division’s landscape. The bout is slated to air at 10:00 PM ET / 7:00 PM PT, immediately following the preliminary action—meaning Murphy and Pico will square off under the bright lights of Chicago in front of a worldwide audience. This matchup pits a seasoned contender against a heralded newcomer. England’s own Lerone “The Miracle” Murphy (#6 in the UFC featherweight rankings) brings an unblemished professional record of 16–0–1, including seven knockouts and six first-round finishes. At 34 years old, the Manchester native has battled—and convincingly defeated—top-tier opposition such as Josh Emmett, Dan Ige, and Edson Barboza, showcasing a versatile striking arsenal built on a kickboxing pedigree. With a 54% significant strike accuracy and a knack for late-round endurance (average fight time of nearly 15 minutes), Murphy embodies the archetype of a contemporary, well-rounded featherweight. Standing across the Octagon is 28-year-old American prospect Aaron Pico, making his official UFC debut after a highly touted amateur wrestling career and a stint in Bellator MMA. Though his UFC record reads 0-0-0, Pico has generated buzz with his explosive wrestling takedowns, dynamic striking, and relentless pace. The Whittier, California native arrives in Chicago as the betting favorite, opening around -155 on major sportsbooks such as FanDuel, Caesars, and BetRivers. In contrast, Murphy enters as the underdog at approximately +124, offering plus-money value to those who believe his experience and tactical striking will prevail. Beyond mere betting lines, this fight represents a fascinating stylistic clash: Murphy’s technical kickboxing and championship mettle versus Pico’s athleticism and wrestling pedigree. Both men will be looking to make statements—Murphy to solidify his top-five aspirations, and Pico to validate the hype that accompanied his signing. The victor could vault into title contention discussions, while the vanquished may have to recalibrate and rebuild. In this breakdown, we’ll dissect each fighter’s strengths, weaknesses, and key statistics; analyze betting odds and line movements; and ultimately provide actionable insights to help you make an informed pick. Whether you’re backing the veteran underdog or riding with the favored phenom, read on to get everything you need ahead of one of the most intriguing featherweight matchups of the year. Live odds Live and historic odds as well as more fighter statistics and insights for Lerone Murphy vs Aaron Pico can be found on the fighter matchup page. All the fighter matchups and live odds for Du Plessis vs Chimaev can be found on the Du Plessis vs Chimaev event page. Matchup and Individual Profiles Lerone Murphy: The Seasoned Technician Background - Age: 34 - Country: England - Fighting Style: Kickboxing specialist with well-rounded MMA credentials - UFC Tenure: Debuted Sept. 7, 2019; currently ranked #6 at Featherweight (145 lb) Recent Form Over his last five UFC outings, Murphy has been impeccable, showcasing championship-level durability and precision: - Win vs. Josh Emmett (Unanimous Decision, UFC 298) - Win vs. Dan Ige (Unanimous Decision, UFC Vegas 85) - Win vs. Edson Barboza (Unanimous Decision, UFC 300) - Win vs. Joshua Culibao (Unanimous Decision, UFC 290) - Win vs. Gabriel Santos (Split Decision, UFC 286) He has gone the distance in four of those five bouts, grinding out victories even when opponents pressured him. Strengths - Striking Accuracy (54%): Murphy lands well over half of his significant strikes, a mark of surgical precision in the pocket. - Strike Defense (62%): He avoids more than six out of ten incoming significant strikes, showcasing excellent head movement and footwork. - Power & Finishing Instincts: Seven KO victories and six first-round stoppages on his resume; he can end a fight explosively if you leave openings. - Takedown Offense (54%) & Defense (52%): More than half of his attempted takedowns succeed, while he defends just over half of his opponent’s trips, making him a two-phase threat. - Endurance: An average fight time of nearly 15 minutes demonstrates his ability to maintain output into the championship rounds. Weaknesses - Lack of Submission Game: Zero career submission wins; opponents with high-level grappling could test his ground defense. - Decision-Heavy Profile: Four of his last five wins are decisions, suggesting a relative lack of explosive urgency when opponents are durable. - Age & Wear: At 34 and having fought five five-rounders, Murphy may face a slight gas tank decline against younger, faster foes. Aaron Pico: The High-Ceiling Prospect Background - Age: 28 - Country: United States - Fighting Style: Elite amateur wrestling base complemented by developing boxing and kickboxing - UFC Status: Debuting Jul. 26, 2025; 0-0-0 UFC record Recent Form While Pico has no official UFC bouts yet, his last five professional MMA fights (in Bellator and regional circuits) include: - Win over Zach Freeman (TKO – Round 1) - Win over Shane Kruchten (KO – Round 2) - Win over Bryce Mitchell (Decision – Unanimous) - Win over Derek Campos (TKO – Round 1) - Win over Joe Warren (Decision – Split) He has shown both finishing power and the ability to grind through decisions. Strengths - Wrestling & Takedowns: Pico’s decorated wrestling pedigree allows him to dictate where the fight takes place, with seamless level changes and relentless pace. - Explosive Power: Early finishes in four of his last five fights underscore his knockout potential—every punch or takedown could end the contest. - Athleticism & Speed: Exceptional lateral movement and hand speed give him an edge in scramble situations and in-and-out striking. - Youth & Upside: At 28 and making his UFC debut, Pico is still ascending, with plenty of room to evolve in a top-tier camp. Weaknesses - Inexperience at Elite Level: Despite his amateur dominance, Pico has never faced a ranked featherweight in the UFC octagon; the step up in competition could expose gaps. - Boxing Defense: Early career flyaway punches and defensive lapses have led to counters; Murphy’s precision striking could punish overzealous entries. - Cardio Under Duress: In longer fights, his pace has dipped; extended wrestling exchanges or drawn-out striking battles may challenge his gas tank. - Ground Game Nuances: While explosive, his submission transitions remain raw—veterans with solid jiu-jitsu could stifle his top control. This clash bridges Murphy’s battle-tested precision against Pico’s raw explosiveness. Understanding each man’s profile, form, and stylistic edges will be vital for bettors and fans alike as they prepare for this defining Featherweight showdown. Betting Odds & Line Movement Current Betting Odds As of August 4, 2025, the consensus moneyline across major sportsbooks stands as follows: - Aaron Pico (Favorite) - FanDuel: -158 - Caesars: -155 - BetRivers: -155 - BetOnline.ag: -150 - Lerone Murphy (Underdog) - FanDuel: +124 - Caesars: +130 - BetRivers: +120 - BetOnline.ag: +130 Key Takeaways: - Favorite vs. Underdog: Aaron Pico is firmly installed as the favorite, with prices hovering around -155. Lerone Murphy is the underdog, priced between +120 and +130. - Best Sportsbook to Back the Favorite: If you believe Pico will win, BetOnline.ag’s -150 offers the softest line (lowest negative juice). - Best Sportsbook to Back the Underdog: If you’re siding with Murphy, Caesars or BetOnline.ag at +130 delivers the biggest payday. Line Movement & Market Sentiment Examining the past week of line shifts tells a clear story of where the sharp money has gone: - Caesars (Aug. 2 – Aug. 4): - Pico: Opened at -125, moved to -135 within 24 hours, then settled at -155. - Murphy: Began at +105, climbed steadily through +115 and +125, peaking at +130. - BetOnline.ag (Jul. 31 – Aug. 4): - Pico: Fluctuated from -120 → -135 → -160 before retracting slightly to -150. - Murphy: Swung from +100 up to +140, then back to +130. Insight: Early support for the underdog (Murphy) gave way to a torrent of bets on Pico. As sharper action poured in on Pico, sportsbooks adjusted the favorite’s price down (more negative) while inflating Murphy’s underdog number. This dynamic suggests bettors respect Pico’s upside and are wary of risking a dog who can vanish you with a head kick. Implied Probabilities & Hypothetical Payouts Based on the current moneylines, the implied win probabilities are roughly: - Aaron Pico (-155): ~61% chance to win - Lerone Murphy (+124): ~45% chance to win (Probabilities won’t add to 100% due to sportsbook vig.) If you wager $1,000… - On Aaron Pico at -155: - Profit: $645 - Total Return: $1,645 - On Lerone Murphy at +124: - Profit: $1,240 - Total Return: $2,240 (Note: If you grab Murphy at +130 instead, your profit would be $1,300 for a $2,300 return.) What This Means for Your Bet - Backing the Favorite: You’re paying juice to align with the prospect of explosive wrestling and athletic upside. The smoother vig at BetOnline.ag (-150) offers marginally better value on Pico. - Backing the Underdog: Murphy’s precision striking and veteran savvy make +130 a juicy target—especially if you believe Pico’s cardio or defensive gaps could be exposed over three rounds. Ultimately, your choice boils down to risk tolerance and belief in styles. If you want the safe side, lock in Pico at BetOnline.ag. If you crave paid lines and upside, snag Murphy at +130 on Caesars or BetOnline.ag. AI Pick: Lerone Murphy Click the buttons below to read more about why the AI picked Lerone Murphy, or see all the AI picks for Du Plessis vs Chimaev. Our AI is trained on our fight data and picks winners for every fight. You can track all the picks, accuracy, and profit for free on our ai-picks page.",2025-08-04,https://www.ufcbetcompanion.com/event-fighter/4029-Lerone%20Murphy%20vs%20Aaron%20Pico/fight-analysis/2473
Ex-UFC star has 'no idea' why Aaron Pico took UFC 319 debut against undefeated contender,"Not everybody is a fan of Aaron Pico’s new UFC debut. Former Bellator star Pico is one of the brightest prospects we’ve seen in recent memory. The 28-year-old is 13-4 (9 KO) as a pro and is a former amateur golden gloves boxing champion and medalist in freestyle wrestling. Pico turned his career around after suffering a massive upset loss in his MMA debut. Pico signed to the UFC earlier this year and was supposed to debut against the undefeated #1 contender Movsar Evloev at UFC Abu Dhabi this weekend. Unfortunately, Evloev withdrew and on Saturday, the UFC announced a new opponent and date for Pico. Pico will now face the 16-0 Lerone Murphy at UFC 319 on Aug. 16, in Chicago, Illinois—the co-main event to middleweight champion Dricus du Plessis vs. Khamzat Chimaev. A former fighter doesn’t understand why Pico accepted this fight. Josh Thomson says Lerone Murphy ‘tougher fight’ for Aaron Pico than Movsar Evloev England’s Murphy is primarily a striker, a totally different style matchup than the grappling-heavy Evloev. Murphy is ranked five spots below Evloev and hasn’t yet cracked the top-5 despite defeating perennial contender Josh Emmett in his first main event in April. Murphy’s undefeated at 16-0-1 and he has eight straight wins in the UFC. Former Strikeforce Champion and UFC lightweight Josh Thomson thinks Pico might have made a mistake going up against Murphy. “I have no idea why you took this fight,” Thomson said of Pico on the Weighing In Podcast. “You went from Evloev, who’s basically considered to be the number one contender. “Stylistically, this is a tough fight,” Thomson said of new opponent Murphy. “I’m not saying that Aaron can’t win this fight. This is a tougher fight for him than the Evloev fight. I wanted to see the Evloev fight because the two of them can wrestle. The boxing favors Pico a little bit. “That’s the fight that I always wanted to see, so I’m being sour right now,” Thomson continued. “But the Lerone Murphy fight, to me, Pico’s gonna have to close that distance. He cannot let Lerone Murphy stay on the outside. He’s got to close that distance, get in there. I think he has the opportunity to take him down, but he’s gonna take some shots coming in…” Movsar Evloev could potentially get next title shot 19-0 as a pro and 9-0 in the UFC, it’s getting pretty hard to deny Movsar Evloev of a title opportunity. The #1 UFC featherweight contender is coming off wins over former champion Aljamain Sterling, Arnold Allen and Diego Lopes, who fought and lost to Alexander Volkanovski for the title at UFC 314 in April. One of the only things that has prevented Evloev from a title opportunity is likely his lack of finishes, with all nine of his UFC victories coming by way of decision. Still, the champion Volkanovski has vouched for Evloev to be his next challenger on multiple occasions.",2025-07-27,https://bloodyelbow.com/2025/07/27/ex-ufc-star-has-no-idea-why-aaron-pico-took-ufc-319-debut-against-undefeated-contender/
"UFC 319 Lerone Murphy vs Aaron Pico Predictions, Picks & Odds","Bellator standout Aaron Pico is wasting no time when it comes to making a big impact with his UFC debut, and featherweight contender Lerone Murphy is ready to give him a hard welcome in an intriguing clash on the UFC 319 undercard tonight. Murphy is stepping in on short notice to face the prodigious Pico, and the winner may likely find themselves a fight or two away from title contention. UFC odds have Pico as the -180 favorite while the undefeated Murphy is a +140 underdog. Here are my Pico vs. Murphy predictions and free betting picks from the United Center in Chicago on Saturday, August 16. Murphy vs Pico prediction and best bet - My fight prediction: Murphy moneyline (+140 at BET99) - My best bet: Murphy to win by decision (+220 at BET99) Fight analysis Bellator transplants haven't had a lot of luck in the UFC of late. However, all eyes are on Aaron Pico, who was emerging as one of their top talents before it folded, and he hasn't shied away from taking a tough first step entering the UFC. Originally, Pico was going to face wrestling machine Movsar Evloev in July, but Lerone Murphy is stepping in for the injured featherweight and is no less daunting a challenge. It's a surprise that Murphy opened up as an underdog, even though he's coming in on short notice, particularly when the consensus opinion is that he's on the short list to challenge Alexander Volkanovski after working his way through the rankings. Murphy is a sniper on the outside and is a technically solid fighter who excels at picking his offense and staying out of trouble, landing 4.53 significant strikes against 2.48 absorbed. However, he'll struggle defending takedowns with his paltry 52% takedown defense if he can't maintain his distance. Pico started his MMA career just narrowly missing out on the 2016 U.S. National Team for wrestling and has a background in amateur boxing. While he started his pro career at 19 with middling results, he's evolved into a solid professional with strong striking instincts and good chain wrestling. Bellator's talent pool was always shallow, so despite Pico's eye-opening performances toward the end of the promotion's life, he's facing a huge test in his UFC debut against a fighter on the cusp of title contention. Murphy is a better technical striker than Pico, and he's not coming into this fight voluntarily if the confidence isn't quite there, so Pico will need to hope Murphy gives him an opening to wrestle. While Pico is a good fighter, it has been a journey to get to this point, and I don't see how he'll manage to beat Murphy. Murphy is an excellent defender and has the type of style that shuts people down, not to mention that he's hard to close the distance on and is always in great shape. Pico will likely try to push the pace and use his bag of tricks against Murphy on the inside, but I am having a lot of trouble seeing how he'll do that when craftier and better fighters have failed. Best bet analysis For all the good things Murphy does, he is feather-fisted and doesn’t have that killer instinct to close out a fight even when he’s dominating. He’s the MMA equivalent of a points fighter in boxing, where he’ll fight to neutralize and frustrate, opting to play the long game and not take risks while sticking to a disciplined game plan based on keeping the fight on the outside. Taking Murphy straight up is a strong pick as it is, but the best bet here is that Murphy gets it done as usual by decision. Lerone Murphy vs Aaron Pico odds | Method of Victory | Murphy | Pico | |---|---|---| | To win outright | +140 | -180 | | To win by KO/TKO/DQ | +875 | +390 | | To win by decision/technical decision | +210 | +130 | | To win by submission | +2400 | +1000 | | Draw | +5000 | +5000 | Odds as of 8-16. Bet on the UFC at BET99! One of Canada's best sportsbooks for UFC betting, join BET99 and get up to $1,000 bonus bets back if your first bet doesn’t win when using our BET99 promo code COVERSBONUS! *Not available in Ontario Lerone Murphy vs Aaron Pico tale of the tape | Murphy | Pico | | |---|---|---| | 34 | Age | 28 | | 5-foot-9 | Height | 5-foot-8 | | Featherweight | Weight Class | Featherweight | | 73 inches | Reach | 70.5 inches | | 16-0-1 | Record | 13-4 | | 7 | Wins by KO | 9 | | 0 | Wins by submission | 2 | Odds are correct at the time of publishing and are subject to change. Not intended for use in MA. Affiliate Disclosure: Our team of experts has thoroughly researched and handpicked each product that appears on our website. We may receive compensation if you sign up through our links.",2025-08-16,https://www.covers.com/ufc/319-murphy-vs-pico-predictions-picks-odds
"Lerone Murphy vs. Aaron Pico prediction, pick, start time for UFC 319","Lerone Murphy vs. Aaron Pico prediction, pick, start time for UFC 319 Lerone Murphy and Aaron Pico meet in the co-main event of UFC 319 at United Center in Chicago. Check out this quick breakdown of the matchup from MMA Junkie analyst Dan Tom. Last event: 4-2 UFC main cards, 2025: 80-60-1 Lerone Murphy vs. Aaron Pico UFC 319 preview Murphy (16-0-1 MMA, 8-0-1 UFC) puts his undefeated record on the line against a newcomer. ""The Miracle"" has won five straight fights by decision: Gabriel Santos, Josh Culibao, Edson Barboza, Dan Ige and Josh Emmett. Murphy's last stoppage came in the second round against Makwan Amirkhani in October 2021. ... Pico (13-4 MMA, 0-0 UFC) makes his UFC debut against a top-ranked, undefeated opponent. He's currently riding a three-fight winning streak, which includes a decision over James Gonzalez and back-to-back first-round stoppages of Pedro Carvalho and Henry Corrales. Lerone Murphy vs. Aaron Pico UFC 319 expert pick, prediction The co-main event for UFC 319 features an impromptu featherweight fight between top contender Lerone Murphy and promotional newcomer Aaron Pico. On many people's radar before his first professional fight, Pico came to popularity as a super prospect preordained to be the next big thing. Despite some hiccups from being rushed by his management out of the gate, Pico has been able to recover from multiple hurdles by building up an exciting highlight reel en route to amassing his current win streak. Although many will point to the propensity for Bellator fighters to underperform in their promotional debuts, it's also important to remember that the UFC matchmakers have traditionally given these kinds of competitors rude welcomes to the octagon in the form of stylistically unfavorable matchups. And when you consider that Pico was initially slated to face Movsar Evloev before this Murphy booking, it's hard not to put a tin foil hat on in that regard. That said, should Pico show out fantastically this Saturday, then I suspect that the UFC will make the no-brainer move of getting behind the marketable American, full throttle. It's hard to say what kind of condition Murphy is coming in at or how hard his weight cut was, given the short-notice nature of his booking. For that reason, I believe that the Englishman could be more vulnerable to body shots than normal. Add in the Pico's punch-and-smother stylings, and I suspect that he can find a finish over the criminally underrated Murphy. I feel like the wrong fighter could be favored here, as a finish either way wouldn't surprise me – but the official pick is Pico by knockout in Round 1. Lerone Murphy vs. Aaron Pico UFC 319 odds The oddsmakers and the public favor the American fighter, listing Pico -176 and Murphy +142 via FanDuel. Lerone Murphy vs. Aaron Pico UFC 319 start time, how to watch As the co-main event, Murphy and Pico are expected to walk to the cage at approximately 11:40 p.m. ET. The fight broadcasts live on ESPN+ pay-per-view. This article originally appeared on MMA Junkie: UFC 319: Lerone Murphy vs. Aaron Pico prediction, pick, start time",2025-08-16,https://sports.yahoo.com/article/lerone-murphy-vs-aaron-pico-150059389.html?fr=sycsrp_catchall
Aaron Pico Gets New Opponent for UFC 319 Co-Main Event | MMA Scene,"Aaron Pico will make his UFC debut against undefeated featherweight contender Lerone Murphy in the co-main event of UFC 319 on August 16 in Chicago, following a change from his previously scheduled fight with Movsar Evloev. Aaron Pico’s gearing up for his octagon debut, and guess what? UFC 319’s got a fresh co-main event. During Saturday’s UFC Abu Dhabi broadcast, it was revealed that Pico (13-4) will clash with undefeated featherweight contender Lerone Murphy (16-0-1). This showdown is set for Aug. 16 at the United Center in Chicago. Exciting, right? Originally, Pico was supposed to fight Movsar Evloev at UFC Abu Dhabi. But Evloev pulled out for mysterious reasons. Instead of rescheduling, the UFC’s opted for a new matchup that might just determine the next challenger for 145-pound champ Alexander Volkanovski. At 28, Pico has only fought under Bellator until PFL took over. With a 13-4 record, nine of those wins were knockouts. He’s been on a roll, winning three straight and nine of his last ten. His only recent loss? A shoulder injury against Jeremy Kennedy. After becoming a free agent last December, he joined the UFC in April. As for Murphy, he’s 34 and steadily rising in the featherweight ranks. With victories over Josh Emmett, Dan Ige, and Edson Barboza, he’s positioned himself as a top contender. Undefeated in 17 pro bouts, no less. And don’t forget, UFC 319’s main event features a middleweight title clash: champion Dricus du Plessis vs. Khamzat Chimaev. Quite the lineup!",2025-07-27,https://www.mmascene.com/news/aaron-pico-gets-new-opponent-for-ufc-319-co-main-event/
Lerone Murphy explains taking short-notice fight vs. Aaron Pico at UFC 319,"Lerone Murphy explains taking short-notice fight vs. Aaron Pico at UFC 319 Despite the far from ideal circumstances, Lerone Murphy sees incentive in welcoming Aaron Pico to the UFC. Pico (13-4 MMA, 0-0 UFC) was originally scheduled to make his octagon debut in this past Saturday's UFC on ABC 9 co-main event against Movsar Evloev (19-0 MMA, 9-0 UFC) in Abu Dhabi, but the bout was scrapped after Evloev withdrew. Now it's Murphy (16-0-1 MMA, 8-0-1 UFC) who will fight Pico instead at UFC 319 on Aug. 16 in Chicago. Not only is the unbeaten featherweight contender putting his ranking on the line, he's doing it on on three weeks' notice. ""The game's the game,"" Murphy explained on ""The Ariel Helwani Show."" ""From a business perspective, people would probably have said, 'You shouldn't take the fight. Sit out, and wait for a big opportunity.' But, it's like for me, I think this is a big opportunity. I just want to fight. I'm not getting no younger. I want to stay active, I want to fight. Who's to say when everybody else is going to be ready to fight? ""Everybody seems to get surgery and whatnot. So, do I want to sit out until December, November? No, I don't. I'm ready to go now. So, whoever, whenever. If I believe I can be champion, I've got to be able to fight anybody in any given moment, and that's it for me. I know it's a tough fight, I know it's a dangerous fight. Big risk, big reward. I'm happy, and I'm excited."" Murphy has climbed to the No. 6 spot in the UFC's featherweight rankings, which is why he took this fight. ""It's a big opportunity for me, now in the position I'm in, to make some noise and try to get that No. 1 spot,"" Murphy said. ""Because a fighter like me, who's quiet and whatnot, I've got to take these chances. They're not going to give me nothing for free.""",2025-07-30,https://mmajunkie.usatoday.com/story/sports/ufc/2025/07/30/ufc-319-lerone-murphy-vs-aaron-pico-explained/85418191007/
Aaron Pico gets UFC 319 co-main event vs. Lerone Murphy,"Aaron Pico gets UFC 319 co-main event vs. Lerone Murphy Aaron Pico's UFC debut won't come vs. Movsar Evloev after all. Initially scheduled for UFC on ABC 9, Pico (13-4 MMA, 0-0 UFC) will now fight Lerone Murphy in the co-main event for UFC 319 on Aug. 16 in Chicago. The new matchup was officially announced during the UFC on ABC 9 broadcast. Evloev (19-0 MMA, 9-0 UFC) withdrew from Pico's initially-scheduled July 26 debut due to an illness and the promotion removed Pico from the card thereafter. Once news broke of the cancellation, Pico voiced on social media his hope for a rebooking at United Center, but now he'll be fighting Murphy (16-0-1 MMA, 8-0-1 UFC) instead. The fight will mark Pico's highly anticipated debut after fighting his entire career in Bellator and PFL. Prior to his MMA debut, Pico was dubbed a prodigy for his extensive training background in wrestling and boxing. There were ups and downs as Pico matured in the international spotlight, but his recent outings have shown a highly-diversified game. Murphy has yet to lose in his UFC career. His promotional wins include Dan Ige, Edson Barboza, and most recently Josh Emmett. With the addition, here's the latest UFC 319 lineup: - Champion Dricus Du Plessis vs. Khamzat Chimaev – for middleweight title - Lerone Murphy vs. Aaron Pico - Jared Cannonier vs. Michael Page - Geoff Neal vs. Carlos Prates - Kai Asakura vs. Tim Elliott - JJ Aldrich vs. Karine Silva - Alexander Hernandez vs. Chase Hooper - Bryan Battle vs. Nursulton Ruziboev - Jessica Andrade vs. Lupita Godinez - Gerald Meerschaert vs. Michal Oleksiejczuk - Diego Ferreira vs. King Green - Edson Barboza vs. Drakkar Klose",2025-07-26,https://mmajunkie.usatoday.com/story/sports/ufc/2025/07/26/ufc-319-co-main-event-aaron-pico-vs-lerone-murphy/85327313007/
UFC 319 – Lerone Murphy vs. Aaron Pico: Preview & Betting Tips,"The UFC 319 co-main event brings an intriguing clash of styles as undefeated British featherweight Lerone Murphy meets dynamic wrestler Aaron Pico. Murphy’s (16-0-1) UFC journey began with a split draw against Zubaira Tukhugov back in 2019, but since then, “The Miracle” has been nothing short of perfect. The 34-year-old has strung together eight straight wins in the Octagon, most recently outpointing former interim title challenger Josh Emmett in a composed, calculated performance. Pico (13-4) arrives in the UFC as one of the most highly touted fighters never to have competed under the banner until now. A lifelong Bellator product, the 28-year-old joined the company as a free agent earlier this year and makes his debut in the co-main event of a pay-per-view card. Lerone Murphy – Odds 2.55 Record: 16-0-1 Age: 34 Height: 5ft9 Reach: 73” Weight: Featherweight Stance: Orthodox Aaron Pico – Odds 1.53 Record: 13-4 Age: 28 Height: 5ft8 Reach: 70” Weight: Featherweight Stance: Orthodox Murphy’s game is built on striking fundamentals. He manages distance exceptionally well, keeping opponents at the end of his strikes while picking his shots smartly. He doesn’t overwhelm with volume, but his shot selection is efficient, and both his head movement and footwork is among the best in the division. Against Emmett, he showed his ability to mix in takedown defence and clinch control to neutralise his opponent. And this could serve him well in this fight against Pico. Signed by Bellator before even making his pro debut, Pico was touted as a future MMA superstar due to his elite amateur wrestling credentials, Golden Gloves boxing background, and freakish athleticism. However, his early career was marred by defensive lapses and was heavily reliant on his brawling instincts, leading to multiple knockout losses. The 28-year-old has matured since then, refining his boxing and using his wrestling more strategically. His recent three-fight winning streak in Bellator/PFL showcased a more patient approach. But even then, Pico is still willing to bite down on his mouthpiece and trade if provoked. Against someone as technically skilled as Murphy, this is how he could come unstuck. The one concern I have is that Murphy hasn’t had a full camp specifically for Pico, which could mean less time to prepare for Pico’s wrestling-heavy threats. However, he has proven to be a solid defensive wrestler with a knack for stuffing takedowns against the fence and creating separation quickly to get back to his striking. While Pico has world class wrestling credentials, he does have a tendency to fade late in fights. So if the Englishman does stuff takedowns early, this could eat up more of Pico’s gas tank. From there, Murphy can use his speed and accuracy to close out the show. I really don’t see how Murphy enters this one as the betting underdog. Especially given how Bellator fighters have transitioned to the UFC recently. You’d be a fool not to take Lerone Murphy moneyline at odds of 2.55. More must-reads: Get the latest news and rumors, customized to your favorite sports and teams. Emailed daily. Always free!",2025-08-14,https://www.yardbarker.com/mma/articles/ufc_319_lerone_murphy_vs_aaron_pico_preview_betting_tips/s1_17349_42585465
Aaron Pico vs Lerone Murphy Prediction and Picks – August 16,"Lerone Murphy vs Aaron Pico Picks and Prediction – 8/17/2025 Lerone Murphy vs Aaron Pico Prediction This fight could easily be the sleeper classic of UFC 319. While the main event between Du Plessis and Chimaev has all the hype, Lerone Murphy vs. Aaron Pico is the kind of matchup that makes seasoned fight fans lean forward in their seats and bettors double-check their slips. Lerone Murphy steps into the cage with an undefeated record of 16-0-1, a product of composure, sharp striking, and a career spent making gradual, steady improvements. He’s fought and beaten battle-tested names in the featherweight division, building a reputation as a technically sound fighter who can adapt mid-bout. His recent performances have shown a more aggressive edge, with higher output and precision that allow him to dictate pace against even the trickiest opponents. Aaron Pico, on the other hand, arrives in the UFC with one of the most intriguing storylines in MMA. Once labeled the greatest prospect in the sport, Pico has blended world-class wrestling with crisp boxing to become one of the most dangerous featherweights on the planet. He’s explosive, aggressive, and capable of ending a fight with a single body shot or a perfectly timed takedown. This UFC debut isn’t just another fight for him—it’s his chance to immediately insert himself into title conversations. From a betting perspective, this one is tight. Pico’s style is built around overwhelming opponents early, chaining his wrestling into powerful striking combinations to break their rhythm. If he can close the distance and keep Murphy on the defensive, he could control this fight from the opening horn. However, Murphy’s calm under fire, footwork, and ability to keep opponents at range give him a path to frustrate Pico, land counters, and slowly take control as the rounds progress. Lerone Murphy vs Aaron Pico Pick Analysis I’m leaning toward Lerone Murphy by decision. The key will be surviving Pico’s early pressure and forcing the fight into deeper waters where Murphy’s composure and striking efficiency can shine. Pico is dangerous and absolutely capable of getting the finish, but over three rounds, I see Murphy’s ability to win moments and rack up points being the difference. For more betting insight and to see how the sharpest minds in MMA are leaning, visit the expert leaderboard for UFC picks to track the top performers in UFC handicapping. Our Free Boxing Pick for Aaron Pico vs Lerone Murphy Lerone Murphy +155",2025-08-13,https://freepicks.picksandparlays.net/boxing/lerone-murphy-at-aaron-pico-picks-and-predictions-8-16-25
Lerone Murphy vs. Aaron Pico,"Most people picking against Pico here are immediately going to cite his 4 losses. The reality is that only 3 of them are real and he was just pushed too much, too soon. at 28 years old he is 10x the fighter he was when he lost back in 2019. Lerone is extremely technical on the feet and can certainly have success striking, but I do think Pico's wrestling will be way too much here. I like Pico to get it done and i'm looking forward t some juice in the division. Lerone Murphy Lerone Murphy is a very good striker who moves incredibly well. He will light up your body then step completely out of the pocket and move away. His footwork is very good and he is sneaky dangerous on his feet. His takedown defense is listed at 52%, but he does really well scrambling back up. He is coming off the back and forth win over Josh Emmett where he was taken down 4 times, but defended 7 Aaron Pico Aaron Pico is one of the more hyped prospects signed by the UFC. He was originally supposed to make his UFC debut against Movsar Evloev at UFC Abu Dhabi, but here he is in the co-main event of one of the bigger PPVs of the year. You may not have heard of Aaron, but thats not because of his skills, thats because Bellator's marketing sucks. Aaron Pico is a nasty wrestler who has great boxing. Credential wise he made his way to the finals of the olympic trials where he lost a razor thin match. He has Golden Gloves boxing experience as well and has trained at a high level.",2025-08-10,https://wewantpicks.com/lerone-murphy-vs-aaron-pico/
Aaron Pico has new opponent for UFC 319 co-main event,"Aaron Pico has a new assignment for his octagon debut, and UFC 319 has a new co-main event. It was announced on Saturday’s UFC Abu Dhabi broadcast that Pico (13-4) is set to face undefeated featherweight contender Lerone Murphy (16-0-1) in the co-headlining bout of UFC 319, which takes place at United Center in Chicago on Aug. 16. Pico was previously tied to a bout with Movsar Evloev that would have taken place on the UFC Abu Dhabi card, but Evloev withdrew from the bout for undisclosed reasons. Rather than re-book that matchup, the UFC has moved on to a new fight that could produce a future challenger for current 145-pound champion Alexander Volkanovski. The 28-year-old Pico competed exclusively under the Bellator banner before the promotion was acquired by PFL, compiling a 13-4 pro record with nine of those wins coming by way of knockout. Pico has won three straight fights and nine of his past 10, with his lone loss coming due to a shoulder injury he suffered during a bout with Jeremy Kennedy. He became a free agent this past December and signed with the UFC the following April. Murphy, 34, has slowly climbed the featherweight ranks, scoring wins over Josh Emmett, Dan Ige, Edson Barboza, and others to position himself as a top contender. The Englishman is undefeated in 17 pro bouts. UFC 319 is headlined by a middleweight title bout as champion Dricus du Plessis defends against Khamzat Chimaev.",2025-07-26,https://www.mmafighting.com/2025/7/26/24475062/aaron-pico-vs-lerone-murphy-announced-for-ufc-319-co-main-event
Ex-UFC star has 'no idea' why Aaron Pico took UFC 319 debut against undefeated contender,"Not everybody is a fan of Aaron Pico’s new UFC debut. Former Bellator star Pico is one of the brightest prospects we’ve seen in recent memory. The 28-year-old is 13-4 (9 KO) as a pro and is a former amateur golden gloves boxing champion and medalist in freestyle wrestling. Pico turned his career around after suffering a massive upset loss in his MMA debut. Pico signed to the UFC earlier this year and was supposed to debut against the undefeated #1 contender Movsar Evloev at UFC Abu Dhabi this weekend. Unfortunately, Evloev withdrew and on Saturday, the UFC announced a new opponent and date for Pico. Pico will now face the 16-0 Lerone Murphy at UFC 319 on Aug. 16, in Chicago, Illinois—the co-main event to middleweight champion Dricus du Plessis vs. Khamzat Chimaev. A former fighter doesn’t understand why Pico accepted this fight. Josh Thomson says Lerone Murphy ‘tougher fight’ for Aaron Pico than Movsar Evloev England’s Murphy is primarily a striker, a totally different style matchup than the grappling-heavy Evloev. Murphy is ranked five spots below Evloev and hasn’t yet cracked the top-5 despite defeating perennial contender Josh Emmett in his first main event in April. Murphy’s undefeated at 16-0-1 and he has eight straight wins in the UFC. Former Strikeforce Champion and UFC lightweight Josh Thomson thinks Pico might have made a mistake going up against Murphy. “I have no idea why you took this fight,” Thomson said of Pico on the Weighing In Podcast. “You went from Evloev, who’s basically considered to be the number one contender. “Stylistically, this is a tough fight,” Thomson said of new opponent Murphy. “I’m not saying that Aaron can’t win this fight. This is a tougher fight for him than the Evloev fight. I wanted to see the Evloev fight because the two of them can wrestle. The boxing favors Pico a little bit. “That’s the fight that I always wanted to see, so I’m being sour right now,” Thomson continued. “But the Lerone Murphy fight, to me, Pico’s gonna have to close that distance. He cannot let Lerone Murphy stay on the outside. He’s got to close that distance, get in there. I think he has the opportunity to take him down, but he’s gonna take some shots coming in…” Movsar Evloev could potentially get next title shot 19-0 as a pro and 9-0 in the UFC, it’s getting pretty hard to deny Movsar Evloev of a title opportunity. The #1 UFC featherweight contender is coming off wins over former champion Aljamain Sterling, Arnold Allen and Diego Lopes, who fought and lost to Alexander Volkanovski for the title at UFC 314 in April. One of the only things that has prevented Evloev from a title opportunity is likely his lack of finishes, with all nine of his UFC victories coming by way of decision. Still, the champion Volkanovski has vouched for Evloev to be his next challenger on multiple occasions.",2025-07-27,https://bloodyelbow.com/2025/07/27/ex-ufc-star-has-no-idea-why-aaron-pico-took-ufc-319-debut-against-undefeated-contender/
"UFC 319 Lerone Murphy vs Aaron Pico Predictions, Picks & Odds","Bellator standout Aaron Pico is wasting no time when it comes to making a big impact with his UFC debut, and featherweight contender Lerone Murphy is ready to give him a hard welcome in an intriguing clash on the UFC 319 undercard tonight. Murphy is stepping in on short notice to face the prodigious Pico, and the winner may likely find themselves a fight or two away from title contention. UFC odds have Pico as the -180 favorite while the undefeated Murphy is a +140 underdog. Here are my Pico vs. Murphy predictions and free betting picks from the United Center in Chicago on Saturday, August 16. Murphy vs Pico prediction and best bet - My fight prediction: Murphy moneyline (+140 at BET99) - My best bet: Murphy to win by decision (+220 at BET99) Fight analysis Bellator transplants haven't had a lot of luck in the UFC of late. However, all eyes are on Aaron Pico, who was emerging as one of their top talents before it folded, and he hasn't shied away from taking a tough first step entering the UFC. Originally, Pico was going to face wrestling machine Movsar Evloev in July, but Lerone Murphy is stepping in for the injured featherweight and is no less daunting a challenge. It's a surprise that Murphy opened up as an underdog, even though he's coming in on short notice, particularly when the consensus opinion is that he's on the short list to challenge Alexander Volkanovski after working his way through the rankings. Murphy is a sniper on the outside and is a technically solid fighter who excels at picking his offense and staying out of trouble, landing 4.53 significant strikes against 2.48 absorbed. However, he'll struggle defending takedowns with his paltry 52% takedown defense if he can't maintain his distance. Pico started his MMA career just narrowly missing out on the 2016 U.S. National Team for wrestling and has a background in amateur boxing. While he started his pro career at 19 with middling results, he's evolved into a solid professional with strong striking instincts and good chain wrestling. Bellator's talent pool was always shallow, so despite Pico's eye-opening performances toward the end of the promotion's life, he's facing a huge test in his UFC debut against a fighter on the cusp of title contention. Murphy is a better technical striker than Pico, and he's not coming into this fight voluntarily if the confidence isn't quite there, so Pico will need to hope Murphy gives him an opening to wrestle. While Pico is a good fighter, it has been a journey to get to this point, and I don't see how he'll manage to beat Murphy. Murphy is an excellent defender and has the type of style that shuts people down, not to mention that he's hard to close the distance on and is always in great shape. Pico will likely try to push the pace and use his bag of tricks against Murphy on the inside, but I am having a lot of trouble seeing how he'll do that when craftier and better fighters have failed. Best bet analysis For all the good things Murphy does, he is feather-fisted and doesn’t have that killer instinct to close out a fight even when he’s dominating. He’s the MMA equivalent of a points fighter in boxing, where he’ll fight to neutralize and frustrate, opting to play the long game and not take risks while sticking to a disciplined game plan based on keeping the fight on the outside. Taking Murphy straight up is a strong pick as it is, but the best bet here is that Murphy gets it done as usual by decision. Lerone Murphy vs Aaron Pico odds | Method of Victory | Murphy | Pico | |---|---|---| | To win outright | +140 | -180 | | To win by KO/TKO/DQ | +875 | +390 | | To win by decision/technical decision | +210 | +130 | | To win by submission | +2400 | +1000 | | Draw | +5000 | +5000 | Odds as of 8-16. Bet on the UFC at BET99! One of Canada's best sportsbooks for UFC betting, join BET99 and get up to $1,000 bonus bets back if your first bet doesn’t win when using our BET99 promo code COVERSBONUS! *Not available in Ontario Lerone Murphy vs Aaron Pico tale of the tape | Murphy | Pico | | |---|---|---| | 34 | Age | 28 | | 5-foot-9 | Height | 5-foot-8 | | Featherweight | Weight Class | Featherweight | | 73 inches | Reach | 70.5 inches | | 16-0-1 | Record | 13-4 | | 7 | Wins by KO | 9 | | 0 | Wins by submission | 2 | Odds are correct at the time of publishing and are subject to change. Not intended for use in MA. Affiliate Disclosure: Our team of experts has thoroughly researched and handpicked each product that appears on our website. We may receive compensation if you sign up through our links.",2025-08-16,https://www.covers.com/ufc/319-murphy-vs-pico-predictions-picks-odds
"Lerone Murphy vs. Aaron Pico prediction, pick, start time for UFC 319","Lerone Murphy vs. Aaron Pico prediction, pick, start time for UFC 319 Lerone Murphy and Aaron Pico meet in the co-main event of UFC 319 at United Center in Chicago. Check out this quick breakdown of the matchup from MMA Junkie analyst Dan Tom. Last event: 4-2 UFC main cards, 2025: 80-60-1 Lerone Murphy vs. Aaron Pico UFC 319 preview Murphy (16-0-1 MMA, 8-0-1 UFC) puts his undefeated record on the line against a newcomer. ""The Miracle"" has won five straight fights by decision: Gabriel Santos, Josh Culibao, Edson Barboza, Dan Ige and Josh Emmett. Murphy's last stoppage came in the second round against Makwan Amirkhani in October 2021. ... Pico (13-4 MMA, 0-0 UFC) makes his UFC debut against a top-ranked, undefeated opponent. He's currently riding a three-fight winning streak, which includes a decision over James Gonzalez and back-to-back first-round stoppages of Pedro Carvalho and Henry Corrales. Lerone Murphy vs. Aaron Pico UFC 319 expert pick, prediction The co-main event for UFC 319 features an impromptu featherweight fight between top contender Lerone Murphy and promotional newcomer Aaron Pico. On many people's radar before his first professional fight, Pico came to popularity as a super prospect preordained to be the next big thing. Despite some hiccups from being rushed by his management out of the gate, Pico has been able to recover from multiple hurdles by building up an exciting highlight reel en route to amassing his current win streak. Although many will point to the propensity for Bellator fighters to underperform in their promotional debuts, it's also important to remember that the UFC matchmakers have traditionally given these kinds of competitors rude welcomes to the octagon in the form of stylistically unfavorable matchups. And when you consider that Pico was initially slated to face Movsar Evloev before this Murphy booking, it's hard not to put a tin foil hat on in that regard. That said, should Pico show out fantastically this Saturday, then I suspect that the UFC will make the no-brainer move of getting behind the marketable American, full throttle. It's hard to say what kind of condition Murphy is coming in at or how hard his weight cut was, given the short-notice nature of his booking. For that reason, I believe that the Englishman could be more vulnerable to body shots than normal. Add in the Pico's punch-and-smother stylings, and I suspect that he can find a finish over the criminally underrated Murphy. I feel like the wrong fighter could be favored here, as a finish either way wouldn't surprise me – but the official pick is Pico by knockout in Round 1. Lerone Murphy vs. Aaron Pico UFC 319 odds The oddsmakers and the public favor the American fighter, listing Pico -176 and Murphy +142 via FanDuel. Lerone Murphy vs. Aaron Pico UFC 319 start time, how to watch As the co-main event, Murphy and Pico are expected to walk to the cage at approximately 11:40 p.m. ET. The fight broadcasts live on ESPN+ pay-per-view. This article originally appeared on MMA Junkie: UFC 319: Lerone Murphy vs. Aaron Pico prediction, pick, start time",2025-08-16,https://sports.yahoo.com/article/lerone-murphy-vs-aaron-pico-150059389.html?fr=sycsrp_catchall
Aaron Pico Gets New Opponent for UFC 319 Co-Main Event | MMA Scene,"Aaron Pico will make his UFC debut against undefeated featherweight contender Lerone Murphy in the co-main event of UFC 319 on August 16 in Chicago, following a change from his previously scheduled fight with Movsar Evloev. Aaron Pico’s gearing up for his octagon debut, and guess what? UFC 319’s got a fresh co-main event. During Saturday’s UFC Abu Dhabi broadcast, it was revealed that Pico (13-4) will clash with undefeated featherweight contender Lerone Murphy (16-0-1). This showdown is set for Aug. 16 at the United Center in Chicago. Exciting, right? Originally, Pico was supposed to fight Movsar Evloev at UFC Abu Dhabi. But Evloev pulled out for mysterious reasons. Instead of rescheduling, the UFC’s opted for a new matchup that might just determine the next challenger for 145-pound champ Alexander Volkanovski. At 28, Pico has only fought under Bellator until PFL took over. With a 13-4 record, nine of those wins were knockouts. He’s been on a roll, winning three straight and nine of his last ten. His only recent loss? A shoulder injury against Jeremy Kennedy. After becoming a free agent last December, he joined the UFC in April. As for Murphy, he’s 34 and steadily rising in the featherweight ranks. With victories over Josh Emmett, Dan Ige, and Edson Barboza, he’s positioned himself as a top contender. Undefeated in 17 pro bouts, no less. And don’t forget, UFC 319’s main event features a middleweight title clash: champion Dricus du Plessis vs. Khamzat Chimaev. Quite the lineup!",2025-07-27,https://www.mmascene.com/news/aaron-pico-gets-new-opponent-for-ufc-319-co-main-event/
Lerone Murphy explains taking short-notice fight vs. Aaron Pico at UFC 319,"Lerone Murphy explains taking short-notice fight vs. Aaron Pico at UFC 319 Despite the far from ideal circumstances, Lerone Murphy sees incentive in welcoming Aaron Pico to the UFC. Pico (13-4 MMA, 0-0 UFC) was originally scheduled to make his octagon debut in this past Saturday's UFC on ABC 9 co-main event against Movsar Evloev (19-0 MMA, 9-0 UFC) in Abu Dhabi, but the bout was scrapped after Evloev withdrew. Now it's Murphy (16-0-1 MMA, 8-0-1 UFC) who will fight Pico instead at UFC 319 on Aug. 16 in Chicago. Not only is the unbeaten featherweight contender putting his ranking on the line, he's doing it on on three weeks' notice. ""The game's the game,"" Murphy explained on ""The Ariel Helwani Show."" ""From a business perspective, people would probably have said, 'You shouldn't take the fight. Sit out, and wait for a big opportunity.' But, it's like for me, I think this is a big opportunity. I just want to fight. I'm not getting no younger. I want to stay active, I want to fight. Who's to say when everybody else is going to be ready to fight? ""Everybody seems to get surgery and whatnot. So, do I want to sit out until December, November? No, I don't. I'm ready to go now. So, whoever, whenever. If I believe I can be champion, I've got to be able to fight anybody in any given moment, and that's it for me. I know it's a tough fight, I know it's a dangerous fight. Big risk, big reward. I'm happy, and I'm excited."" Murphy has climbed to the No. 6 spot in the UFC's featherweight rankings, which is why he took this fight. ""It's a big opportunity for me, now in the position I'm in, to make some noise and try to get that No. 1 spot,"" Murphy said. ""Because a fighter like me, who's quiet and whatnot, I've got to take these chances. They're not going to give me nothing for free.""",2025-07-30,https://mmajunkie.usatoday.com/story/sports/ufc/2025/07/30/ufc-319-lerone-murphy-vs-aaron-pico-explained/85418191007/
Aaron Pico gets UFC 319 co-main event vs. Lerone Murphy,"Aaron Pico gets UFC 319 co-main event vs. Lerone Murphy Aaron Pico's UFC debut won't come vs. Movsar Evloev after all. Initially scheduled for UFC on ABC 9, Pico (13-4 MMA, 0-0 UFC) will now fight Lerone Murphy in the co-main event for UFC 319 on Aug. 16 in Chicago. The new matchup was officially announced during the UFC on ABC 9 broadcast. Evloev (19-0 MMA, 9-0 UFC) withdrew from Pico's initially-scheduled July 26 debut due to an illness and the promotion removed Pico from the card thereafter. Once news broke of the cancellation, Pico voiced on social media his hope for a rebooking at United Center, but now he'll be fighting Murphy (16-0-1 MMA, 8-0-1 UFC) instead. The fight will mark Pico's highly anticipated debut after fighting his entire career in Bellator and PFL. Prior to his MMA debut, Pico was dubbed a prodigy for his extensive training background in wrestling and boxing. There were ups and downs as Pico matured in the international spotlight, but his recent outings have shown a highly-diversified game. Murphy has yet to lose in his UFC career. His promotional wins include Dan Ige, Edson Barboza, and most recently Josh Emmett. With the addition, here's the latest UFC 319 lineup: - Champion Dricus Du Plessis vs. Khamzat Chimaev – for middleweight title - Lerone Murphy vs. Aaron Pico - Jared Cannonier vs. Michael Page - Geoff Neal vs. Carlos Prates - Kai Asakura vs. Tim Elliott - JJ Aldrich vs. Karine Silva - Alexander Hernandez vs. Chase Hooper - Bryan Battle vs. Nursulton Ruziboev - Jessica Andrade vs. Lupita Godinez - Gerald Meerschaert vs. Michal Oleksiejczuk - Diego Ferreira vs. King Green - Edson Barboza vs. Drakkar Klose",2025-07-26,https://mmajunkie.usatoday.com/story/sports/ufc/2025/07/26/ufc-319-co-main-event-aaron-pico-vs-lerone-murphy/85327313007/
UFC 319 – Lerone Murphy vs. Aaron Pico: Preview & Betting Tips,"The UFC 319 co-main event brings an intriguing clash of styles as undefeated British featherweight Lerone Murphy meets dynamic wrestler Aaron Pico. Murphy’s (16-0-1) UFC journey began with a split draw against Zubaira Tukhugov back in 2019, but since then, “The Miracle” has been nothing short of perfect. The 34-year-old has strung together eight straight wins in the Octagon, most recently outpointing former interim title challenger Josh Emmett in a composed, calculated performance. Pico (13-4) arrives in the UFC as one of the most highly touted fighters never to have competed under the banner until now. A lifelong Bellator product, the 28-year-old joined the company as a free agent earlier this year and makes his debut in the co-main event of a pay-per-view card. Lerone Murphy – Odds 2.55 Record: 16-0-1 Age: 34 Height: 5ft9 Reach: 73” Weight: Featherweight Stance: Orthodox Aaron Pico – Odds 1.53 Record: 13-4 Age: 28 Height: 5ft8 Reach: 70” Weight: Featherweight Stance: Orthodox Murphy’s game is built on striking fundamentals. He manages distance exceptionally well, keeping opponents at the end of his strikes while picking his shots smartly. He doesn’t overwhelm with volume, but his shot selection is efficient, and both his head movement and footwork is among the best in the division. Against Emmett, he showed his ability to mix in takedown defence and clinch control to neutralise his opponent. And this could serve him well in this fight against Pico. Signed by Bellator before even making his pro debut, Pico was touted as a future MMA superstar due to his elite amateur wrestling credentials, Golden Gloves boxing background, and freakish athleticism. However, his early career was marred by defensive lapses and was heavily reliant on his brawling instincts, leading to multiple knockout losses. The 28-year-old has matured since then, refining his boxing and using his wrestling more strategically. His recent three-fight winning streak in Bellator/PFL showcased a more patient approach. But even then, Pico is still willing to bite down on his mouthpiece and trade if provoked. Against someone as technically skilled as Murphy, this is how he could come unstuck. The one concern I have is that Murphy hasn’t had a full camp specifically for Pico, which could mean less time to prepare for Pico’s wrestling-heavy threats. However, he has proven to be a solid defensive wrestler with a knack for stuffing takedowns against the fence and creating separation quickly to get back to his striking. While Pico has world class wrestling credentials, he does have a tendency to fade late in fights. So if the Englishman does stuff takedowns early, this could eat up more of Pico’s gas tank. From there, Murphy can use his speed and accuracy to close out the show. I really don’t see how Murphy enters this one as the betting underdog. Especially given how Bellator fighters have transitioned to the UFC recently. You’d be a fool not to take Lerone Murphy moneyline at odds of 2.55. More must-reads: Get the latest news and rumors, customized to your favorite sports and teams. Emailed daily. Always free!",2025-08-14,https://www.yardbarker.com/mma/articles/ufc_319_lerone_murphy_vs_aaron_pico_preview_betting_tips/s1_17349_42585465
Aaron Pico vs Lerone Murphy Prediction and Picks – August 16,"Lerone Murphy vs Aaron Pico Picks and Prediction – 8/17/2025 Lerone Murphy vs Aaron Pico Prediction This fight could easily be the sleeper classic of UFC 319. While the main event between Du Plessis and Chimaev has all the hype, Lerone Murphy vs. Aaron Pico is the kind of matchup that makes seasoned fight fans lean forward in their seats and bettors double-check their slips. Lerone Murphy steps into the cage with an undefeated record of 16-0-1, a product of composure, sharp striking, and a career spent making gradual, steady improvements. He’s fought and beaten battle-tested names in the featherweight division, building a reputation as a technically sound fighter who can adapt mid-bout. His recent performances have shown a more aggressive edge, with higher output and precision that allow him to dictate pace against even the trickiest opponents. Aaron Pico, on the other hand, arrives in the UFC with one of the most intriguing storylines in MMA. Once labeled the greatest prospect in the sport, Pico has blended world-class wrestling with crisp boxing to become one of the most dangerous featherweights on the planet. He’s explosive, aggressive, and capable of ending a fight with a single body shot or a perfectly timed takedown. This UFC debut isn’t just another fight for him—it’s his chance to immediately insert himself into title conversations. From a betting perspective, this one is tight. Pico’s style is built around overwhelming opponents early, chaining his wrestling into powerful striking combinations to break their rhythm. If he can close the distance and keep Murphy on the defensive, he could control this fight from the opening horn. However, Murphy’s calm under fire, footwork, and ability to keep opponents at range give him a path to frustrate Pico, land counters, and slowly take control as the rounds progress. Lerone Murphy vs Aaron Pico Pick Analysis I’m leaning toward Lerone Murphy by decision. The key will be surviving Pico’s early pressure and forcing the fight into deeper waters where Murphy’s composure and striking efficiency can shine. Pico is dangerous and absolutely capable of getting the finish, but over three rounds, I see Murphy’s ability to win moments and rack up points being the difference. For more betting insight and to see how the sharpest minds in MMA are leaning, visit the expert leaderboard for UFC picks to track the top performers in UFC handicapping. Our Free Boxing Pick for Aaron Pico vs Lerone Murphy Lerone Murphy +155",2025-08-13,https://freepicks.picksandparlays.net/boxing/lerone-murphy-at-aaron-pico-picks-and-predictions-8-16-25
Lerone Murphy vs. Aaron Pico,"Most people picking against Pico here are immediately going to cite his 4 losses. The reality is that only 3 of them are real and he was just pushed too much, too soon. at 28 years old he is 10x the fighter he was when he lost back in 2019. Lerone is extremely technical on the feet and can certainly have success striking, but I do think Pico's wrestling will be way too much here. I like Pico to get it done and i'm looking forward t some juice in the division. Lerone Murphy Lerone Murphy is a very good striker who moves incredibly well. He will light up your body then step completely out of the pocket and move away. His footwork is very good and he is sneaky dangerous on his feet. His takedown defense is listed at 52%, but he does really well scrambling back up. He is coming off the back and forth win over Josh Emmett where he was taken down 4 times, but defended 7 Aaron Pico Aaron Pico is one of the more hyped prospects signed by the UFC. He was originally supposed to make his UFC debut against Movsar Evloev at UFC Abu Dhabi, but here he is in the co-main event of one of the bigger PPVs of the year. You may not have heard of Aaron, but thats not because of his skills, thats because Bellator's marketing sucks. Aaron Pico is a nasty wrestler who has great boxing. Credential wise he made his way to the finals of the olympic trials where he lost a razor thin match. He has Golden Gloves boxing experience as well and has trained at a high level.",2025-08-10,https://wewantpicks.com/lerone-murphy-vs-aaron-pico/
Aaron Pico has new opponent for UFC 319 co-main event,"Aaron Pico has a new assignment for his octagon debut, and UFC 319 has a new co-main event. It was announced on Saturday’s UFC Abu Dhabi broadcast that Pico (13-4) is set to face undefeated featherweight contender Lerone Murphy (16-0-1) in the co-headlining bout of UFC 319, which takes place at United Center in Chicago on Aug. 16. Pico was previously tied to a bout with Movsar Evloev that would have taken place on the UFC Abu Dhabi card, but Evloev withdrew from the bout for undisclosed reasons. Rather than re-book that matchup, the UFC has moved on to a new fight that could produce a future challenger for current 145-pound champion Alexander Volkanovski. The 28-year-old Pico competed exclusively under the Bellator banner before the promotion was acquired by PFL, compiling a 13-4 pro record with nine of those wins coming by way of knockout. Pico has won three straight fights and nine of his past 10, with his lone loss coming due to a shoulder injury he suffered during a bout with Jeremy Kennedy. He became a free agent this past December and signed with the UFC the following April. Murphy, 34, has slowly climbed the featherweight ranks, scoring wins over Josh Emmett, Dan Ige, Edson Barboza, and others to position himself as a top contender. The Englishman is undefeated in 17 pro bouts. UFC 319 is headlined by a middleweight title bout as champion Dricus du Plessis defends against Khamzat Chimaev.",2025-07-26,https://www.mmafighting.com/2025/7/26/24475062/aaron-pico-vs-lerone-murphy-announced-for-ufc-319-co-main-event
"UFC 319 - Betting Odds, Prediction: Murphy vs Pico","Lerone ""The Iceman"" Murphy is set to face Aaron Pico in a featherweight bout at United Center in Chicago. Murphy looks to maintain his perfect record, while Pico focuses on strengthening his position after moving down from lightweight. Murphy, an English fighter from Stockport, started fighting professionally around 2013 and has 16 wins, one draw, and no losses. He recently beat Josh Emmett by unanimous decision. Pico made his debut in 2014, has 13 wins with nine knockouts, and defeated Henry Corrales by TKO in his last fight. Lerone Murphy vs Aaron Pico Betting Odds - Underdog: Lerone Murphy : 2.5 (+150) - Favorite: Aaron Pico : 1.6 (-160) | Method of victory | Lerone Murphy | Aaron Pico | | By KO/TKO or disqualification | 7.5 (+650) | 5.0 (+400) | | By decision or technical decision | 3.5 (+250) | 2.6 (+165) | Lerone Murphy is the underdog with odds of 2.5 (+150). Betting $100 on him returns a profit of $150 if he wins. Aaron Pico holds favorite status with odds of 1.6 (-160). A $160 bet returns a $100 profit on his win. Murphy winning by KO/TKO/DQ offers 7.5 (+650) odds. Pico's KO/TKO/DQ victory carries closer odds at 5 (+400). A decision win for Murphy gives a 3.5 (+250) payout, whereas Pico yields a lower 2.6 (+165). Bettors view Pico considering better chances overall. What time is Lerone Murphy vs Aaron Pico fight Live coverage for the Lerone Murphy vs Aaron Pico main card will start at 06:00 PM EST on ESPN+ PPV. Refer to the table below to find your local time. | Region | Date | Main Card Start Time | Lerone Murphy vs Aaron Pico Ring Walks (approx.) | | USA and Canada (EST) | Saturday, Aug. 16, 2025 | 06:00 PM | 09:40 PM | | USA and Canada (PT) | Saturday, Aug. 16, 2025 | 03:00 PM | 06:40 PM | | UK and Ireland (GMT) | Saturday, Aug. 16, 2025 | 10:00 PM | 01:40 AM (next day) | | Australia (AEDT) | Sunday, Aug. 17, 2025 | 09:00 AM | 12:40 PM | How and where to watch the Lerone Murphy vs Aaron Pico Fight You can watch Lerone Murphy vs Aaron Pico via ESPN+. To watch the Lerone Murphy vs Aaron Pico fight, you'll need to have a subscription to ESPN+ as well as purchase the PPV card. You can get an ESPN+ subscription for $10.99 per month, or save over 15% with an ESPN+ Annual Plan at $109.99 per year. If your country is blocked by the streaming services or there simply isn’t any viable options for your country, we only can recommend one solution: using a VPN software to bypass the restrictions. It allows you to change your IP address and appear as if you’re watching the event from another country. So if you live in either the UK, Canada, Australia, New Zealand, India, UAE, Mexico, Spain or any other country and can’t find a working provider to watch the Lerone Murphy vs Aaron Pico fight, use our recommended (and tested) VPN and switch to a location of your choice.",2025-08-15,https://ringside24.com/en/news/mma/237823-ufc-319-betting-odds-prediction-murphy-vs-pico
Former Bellator Star Aaron Pico’s UFC Debut: Title Shot on the Line Against Undefeated Lerone Murphy,"The featherweight division is set for a shakeup as former Bellator star Aaron Pico prepares to make his highly anticipated Octagon debut at UFC 319. Scheduled for this Saturday at the United Center in Chicago, Pico (13-4) will face the formidable and undefeated Lerone Murphy (16-0) in a high-stakes co-main event. The bout is being billed as a title eliminator, and Pico is not shy about his intentions, promising to push Murphy to his limits and leave a lasting impression on the UFC landscape. Aaron Pico’s Long-Awaited UFC Debut For years, fans and analysts have speculated about the potential of Aaron Pico making the transition from Bellator to the UFC. Known for his explosive style and finishing ability, Pico’s arrival in the Octagon comes with significant momentum, as he is currently riding a three-fight winning streak. His last two victories were swift first-round knockouts, a clear sign of his dangerous power. Pico’s debut was initially scheduled against Movsar Evloev, but an injury forced a cancellation. However, this setback has only fueled Pico’s focus, and he appears more determined than ever to make a statement against Murphy in front of a live crowd in Chicago. Pico’s Strategy and Confidence In the lead-up to UFC 319, Pico has been vocal about his confidence. He believes that Lerone Murphy has never faced an opponent with his unique and versatile skill set. “I’m dangerous everywhere,” Pico asserted. “I can wrestle, I can strike, I love to knock people out.” Pico’s strategic mindset goes beyond just his physical skills; he is prepared to test Murphy’s mental fortitude. He aims to make the fight so difficult for Murphy that his opponent leaves the cage thinking, “I never want to fight Aaron Pico ever again.” This psychological approach underscores Pico’s readiness to endure whatever it takes to secure a victory and cement his place in the UFC. The Challenge of an Undefeated Fighter Standing in Pico’s way is a fighter with an unblemished record. Lerone Murphy enters UFC 319 with an impressive 16-0 record, having defeated notable opponents like Edson Barboza and Josh Emmett. Murphy’s success has proven that he is a fighter who thrives under pressure, and he will undoubtedly be the toughest test of Pico’s young UFC career. The challenge for Murphy will be to handle Pico’s unpredictable aggression and multifaceted attack. He will need to remain composed and execute a flawless game plan to defend his undefeated status against a hungry newcomer eager to make a name for himself. The Stakes for the Featherweight Division This co-main event is more than just a fight; it’s a turning point for the featherweight division. The winner will likely be propelled into the top tier of contenders, inching closer to a coveted title shot. For Aaron Pico, a victory would be a career-defining moment, validating his highly anticipated move to the UFC. For Lerone Murphy, a win would confirm his status as an elite featherweight and put him in a prime position for championship glory. | Key Point | Details | |---|---| | Event | UFC 319, Saturday at the United Center in Chicago | | Fighters | Aaron Pico (13-4) vs. Lerone Murphy (16-0) | | Match Significance | Co-main event, featherweight title eliminator | | Pico’s Recent Form | Three-fight winning streak, with two consecutive first-round KOs | | Murphy’s Noteworthy Wins | Defeated Edson Barboza, Dan Ige, and Josh Emmett | | Pico’s Strategy | Plans to use a versatile wrestling and striking game to mentally break Murphy | When is Aaron Pico’s UFC debut? Aaron Pico is scheduled to make his UFC debut at UFC 319 on Saturday, August 16, 2025, at the United Center in Chicago. Who is Aaron Pico fighting at UFC 319? Pico will face undefeated featherweight contender Lerone Murphy (16-0) in the co-main event. What is at stake for Pico and Murphy in their matchup? The fight is considered a featherweight title eliminator, with the winner potentially earning a shot at the championship. What is Aaron Pico’s fighting record? Aaron Pico holds a professional record of 13 wins and 4 losses, and he is currently on a three-fight winning streak. What is Lerone Murphy’s fighting record? Lerone Murphy is undefeated with a professional record of 16 wins and 0 losses.",2025-08-11,https://mmauk.net/2025/08/11/former-bellator-star-aaron-picos-ufc-debut-title-shot-on-the-line-against-undefeated-lerone-murphy/
Aaron Pico Likely To Win His UFC Debut At UFC 319 According To Oddsmakers,"Aaron Pico Likely to Win his UFC Debut At UFC 319 According to Oddsmakers The upcoming UFC bout between Lerone Murphy and Aaron Pico is set to be a highly anticipated featherweight bout at UFC 319, taking place on August 16, 2025, in Chicago. This fight carries significant stakes for both fighters, as it acts as a potential title eliminator that could dramatically impact their rankings and future title contention in the featherweight division. This is Aaron Pico’s debut in the UFC after an incredible career with Bellator. Lerone Murphy vs. Aaron Pico Odds For the upcoming UFC 319 bout between Lerone Murphy and Aaron Pico, the betting odds with the best sportsbook promos currently favor Aaron Pico as a slight favorite. At major sportsbooks, Pico’s odds are around -150 to -158, meaning bettors would need to wager about $150 to win $100 backing him. Lerone Murphy is listed as the underdog with odds around +124 to +125, so a $100 bet on Murphy would yield about $124 if he wins. These odds reflect the general perception that Pico’s explosive wrestling and striking skills give him a slight edge, especially making his UFC debut with high expectations. However, Murphy’s undefeated record and proven UFC experience make him a strong underdog with value at those odds. The odds have shown some tightening as the fight approaches, with Pico consistently favored but by a modest margin, indicating bettors see this as a competitive matchup rather than a one-sided affair. Overall, the betting market predicts a close, intriguing fight with Pico’s aggression against Murphy’s striking shaping the outcome. The fight ending by KO/TKO is considered appealing to bet on, especially for Aaron Pico, given his aggressive style, powerful striking, and history of finishes. Lerone Murphy, known for his technical striking and durability, is viewed as more likely to win by decision. The market shows a competitive fight with excitement around whether Pico can push for a finish or Murphy can neutralize the aggression and endure to win on points. Aaron Pico is known for his wrestling pedigree with multiple national championships, he uses this to control fights and implement relentless ground pressure combined with effective ground-and-pound. His striking incorporates boxing and Muay Thai techniques. Murphy seeks to defend his undefeated status and solidify his position among the elite, while Pico aims to announce his arrival in the UFC with a statement win. Betting odds slightly favor Aaron Pico due to his explosive style and wrestling acumen, but Murphy’s proven UFC success and experience offer him a strong chance of victory.",2025-08-11,https://www.lowkickmma.com/aaron-pico-likely-to-win-his-ufc-debut-at-ufc-319-according-to-oddsmakers/
Lerone Murphy vs Aaron Pico Prediction & Picks - UFC #319,"UFC - UFC #319 New customers only | Commercial content | 21+ age limit | T&Cs apply by Stephen Abiola | in UFC Picks Lerone Murphy (16-0-10) will look to continue his unbeaten MMA career when he faces Aaron Pico (13-4-0) on Saturday night at the United Center in Chicago. The Englishman will be keen to defend his unbeaten status and solidify his status among the elites in the featherweight division. ""The Miracle"" made his UFC debut in September 2019, losing to Zubaira Tukhugov in the third round via decision. Impressively, he bounced back to go on an eight-fight winning run. Aaron Pico, meanwhile, is an American newcomer in the featherweight division. The 28-year-old striker will be keen to impress on his debut since switching from Bellator. However, Aaron Pico is an accomplished striker, securing three KO/TKO victories in his last five assignments. The American also lost just once in his previous 10 bouts. His explosiveness and aggressiveness make him an exciting talent to watch in the division going forward. Limited Offer. Currently at DraftKings Lerone Murphy - Aaron Pico Key Points - Leron Murphy won his last eight UFC fights. - The fight went the distance in the last five Lerone Murphy bouts. - The total rounds went over 2.5 in the last five Leron Murphy fights. - The total rounds went over 2.5 in four of the last seven Aaron Pico fights. Limited Offer. Currently at DraftKings Our Lerone Murphy vs Aaron Pico Prediction In a surprising turn of events, Aaron Pico will enter the Octagon as the betting favorite. He's a dynamic finisher with fast hands that could send Murphy to an early shower on Saturday night. At 28 years, Pico is six years younger than Murphy. His athletic style and explosiveness could pose a threat to any opponent. However, it's worth noting that recent Bellator arrivals have struggled early on in the franchise. Although Murphy's recent wins aren't the most impressive, his experience against top-level UFC competition should give him the edge. Our prediction for Lerone Murphy vs Aaron Pico: Lerone Murphy to win by decision. Jackpot Pools DraftKings's long-running promo Jackpot Pools gives bettors a chance to win a whopping $10,000 which grows with every entry! To win, you'll need to answer all 15 questions correctly and the pool is yours! If there are multiple winners, the pool will be split. If no one wins, however, the jackpot rolls over to the next pool, increasing the winnings. You can enter up to 10 times each pool to give yourself an even greater chance of winning. Once the event has completed, you can collect your winnings within 24 hours so keep an eye on the pool! Don't miss out on your chance to win big and make your picks today! All tips are fully researched and given in good faith, but profits cannot be guaranteed. Limited Offer. Currently at DraftKings",2025-08-14,https://www.sportytrader.com/us/picks/lerone-murphy-aaron-pico-283389/
Murphy-Pico to co-headline UFC 319 in August,"Murphy-Pico to co-headline UFC 319 in August A featherweight bout between Lerone Murphy and Aaron Pico will serve as the co-main event of UFC 319 on Aug. 16 in Chicago, the promotion announced Saturday. Pico, a former Bellator star, will be making his UFC debut. He was scheduled to face Movsar Evloev on Saturday in Abu Dhabi, United Arab Emirates, but Evloev withdrew earlier this month due to an injury. Murphy is coming off a unanimous decision win over Josh Emmett in a UFC main event in April. The 34-year-old Englishman holds a 16-0-1 career record. Pico is riding a three-fight winning streak, though the 28-year-old hasn't stepped into the cage since a knockout win over Henry Corrales in February 2024. UFC 319 will be headlined by a middleweight title bout between champion Dricus Du Plessis and Khamzat Chimaev.",2025-07-26,https://www.thescore.com/mma/news/3316048
Aaron Pico vs Lerone Murphy,"UFC 319 fight card, start time, date and location for the upcoming Dricus du Plessis vs. Khamzat Chimaev-led championship pay-per-view (PPV) event on Sat., Aug 16, 2025, inside United Center in... Date: August 16, 2025 | Aaron Pico | Lerone Murphy | | |---|---|---| | 28 | age | 34 | | 5'8 | height | 5'10 | | 145lbs | weight | 145lbs |",2025-06-17,https://www.mmafighting.com/fight/15792/aaron-pico-vs-lerone-murphy
Lerone Murphy vs Aaron Pico Prediction & Betting Tips - UFC 319,"UFC - UFC 319 New customers only | Commercial content | 18+ age limit | T&Cs apply by Geoffrey Ejiga | in UFC Predictions In a highly anticipated co-main event at UFC 319, the undefeated Lerone Murphy, known as ""The Miracle,"" will face the formidable Aaron Pico. This is a classic clash of styles, pitting Murphy's technical and well-rounded game against Pico's explosive power and wrestling. Keep reading for our Lerone Murphy vs Aaron Pico match prediction. While Pico enters the UFC with significant hype, my research points to a clear victory for the seasoned UFC veteran, Lerone Murphy. The Miracle's impressive eight-fight win streak within the promotion, with a single draw to start his UFC career, speaks volumes about his consistent evolution and ability to perform at the highest level. Murphy's most recent outing was a dominant unanimous decision victory over a tough Josh Emmett. In this five-round contest, Murphy showcased his superior striking, doubling Emmett's significant strikes and effectively utilizing takedowns to control the fight. Conversely, Pico, while on a three-fight winning streak in PFL/Bellator, has shown a tendency to fade or get caught in fights that go beyond the first round. His last victory was also a first-round TKO over Henry Corrales, avenging an earlier loss. This is Pico’s UFC debut, and the step up in competition and the bright lights of the UFC could be a significant factor. Murphy's experience and measured approach will allow him to weather Pico's initial storm and capitalize as the fight progresses. Limited Offer. Currently at Stake Lerone Murphy - Aaron Pico Key Points - Lerone Murphy is undefeated in his professional career with a record of 16-0-1. - Murphy has a proven track record of going the distance and maintaining a high pace in five-round main events. - In his last fight against Josh Emmett, Murphy landed more than double the significant strikes and secured multiple takedowns. - Aaron Pico is making his UFC debut, facing a significant step up in competition and the pressures of the big stage. - Pico has four losses on his record, all of which came in the first or second round. Limited Offer. Currently at Stake Our Lerone Murphy vs Aaron Pico Prediction Lerone Murphy's experience and consistent performance in the UFC against high-level competition give him a decisive edge. His well-rounded skillset, demonstrated by his dominant striking and grappling against Josh Emmett, is the perfect counter to Pico's raw aggression. While Pico is a dangerous opponent, Murphy has a history of weathering storms and out-classing his opponents over time. He will navigate Pico's early bursts of energy and take control as the fight extends. Hence, our Lerone Murphy vs Aaron Pico prediction is Lerone Murphy to win. Use £/€50 free bets for the Lerone Murphy vs. Aaron Pico game! Are you planning to bet on the upcoming match between Lerone Murphy and Aaron Pico? Why not take advantage of the free bets from Bet365? Use our promo code STYVIP1 and open your account. Bet365 offers a welcome package of €/£50 free bet credits if you bet €/£10 as a new player. Try your luck on this year's UFC 319! You need to make your qualifying bet of €/£10 within 30 days of opening an account and this can be on any sport with at least one selection priced at 1.2 (1/5) or bigger. All tips are fully researched and given in good faith, but profits cannot be guaranteed. Limited Offer. Currently at Stake",2025-08-12,https://www.sportytrader.com/en/betting-tips/lerone-murphy-aaron-pico-282967/
UFC 319 weigh-in video: Aaron Pico set for debut vs. Lerone Murphy,"UFC UFC 319 weigh-in video: Aaron Pico set for debut vs. Lerone Murphy Mike Bohn MMA Junkie CHICAGO – Aaron Pico is one step closer to his octagon debut after making weight for the UFC 319 co-main event against Lerone Murphy. Pico (13-4 MMA, 0-0 UFC) will get thrown into the fire off the bat when he clashes with Murphy (16-0-1 MMA, 8-0-1 UFC) in a featherweight out at United Center (ESPN+ pay-per-view, ESPN, ESPN+). Both men made weight, with the undefeated Murphy registering at 146 pounds, while Murphy was on championship weight at 145 on the nose. Check out the video below to see their UFC 319 official weigh-ins.",2025-08-15,https://www.freep.com/story/sports/ufc/2025/08/15/ufc-319-weigh-in-video-aaron-pico-set-debut-vs-lerone-murphy/85653258007/
Lerone Murphy vs Aaron Pico Prediction: Can Murphy Stay Undefeated Against UFC Debutant?,"Lerone Murphy will meet Aaron Pico in the co-main event of UFC 319 this Saturday in Chicago. Murphy is unbeaten in his MMA career and will look to keep it that way against a fighter making his UFC debut. But Pico is more than your typical debut fighter and has an impressive Bellator highlight reel. Here, I break down this featherweight matchup and make my Lerone Murphy vs Aaron Pico prediction from a betting standpoint. Our Lerone Murphy vs Aaron Pico Pick - Pick: Lerone Murphy by decision - Confidence: 3/5 - UFC 319 Bonus Bets: Hit the Claim Bonus button to claim our DraftKings Sportsbook promo code. You can bet $5 and win $200 in bonus bets INSTANTLY, plus get over $200 off NFL Sunday Ticket! Bet $5, Get $200 in Bonus Bets Instantly + Over $200 Off NFL Sunday Ticket Gambling Problem? Call or TEXT 1-800-Gambler 21+ Gambling Problem? Call or TEXT 1-800-Gambler 21+ Promo Code: Click To Claim Bet $5, Get $200 in Bonus Bets Instantly + Over $200 Off NFL Sunday Ticket Gambling Problem? Call or TEXT 1-800-Gambler 21+ Promo Code: Click To Claim Gambling Problem? Call or TEXT 1-800-Gambler 21+ Tale of the Tape | Lerone Murphy | Aaron Pico | | |---|---|---| | Age | 34 | 28 | | Reach | 73″ | 71″ | | Stance / Gym | Orthodox | Orthodox | | Record | 16-0-1 | 13-4-0 | Lerone Murphy vs Aaron Pico Preview Lerone Murphy is a methodical striker with excellent footwork and an iron chin. He’s unbeaten in his first 17 career fights. His most recent wins include unanimous decisions over Josh Emmett, Dan Ige, and Edson Barboza. The only time Murphy has failed to win a fight was his UFC debut in 2019 when he fought Zubaira Tukhugov to a draw. He will aim to stay undefeated in the biggest fight of his career to date. Aaron Pico is an elite former U17 freestyle wrestling world champion with thunderous power in every limb. His MMA record is not unblemished like Murphy’s. But he’s amassed nine KO/TKO victories and he wrapped up his time in Bellator with two straight knockout wins to set up this exciting matchup with the sixth-ranked featherweight in UFC. Betting Insights - Pico is the favorite in this fight at -175 and Murphy can be had at +145 at DraftKings Sportsbook. - This fight is expected to go the distance. The over/under is set at 2.5 rounds and the over is juiced all the way to -215. - Murphy has had five straight fights go the distance in UFC. That includes a pair of five-round decision wins in Fight Night main events. - Pico’s last two fights have both ended via first-round knockout. Lerone Murphy vs Aaron Pico Prediction Pico’s finishing ability cannot be overlooked going into this fight. Murphy will likely look to manage distance, nullify takedown attempts, and push the pace across three rounds. His durability and output give him a high ceiling in a bout that could go to the judges. UFC experience could also be a key factor in this fight. Pico doesn’t have any UFC experience while Murphy is a seasoned veteran when it comes to fighting under the bright lights in the promotion. While Pico has a ton of power, I think that his lack of experience in UFC could work to his detriment in this matchup. My best bet for this fight is for Murphy to win via decision. He should be able to withstand the early onslaught from Pico and wear him down as the fight progresses.",2025-08-14,https://ats.io/mma/lerone-murphy-vs-aaron-pico-prediction/462425/
Aaron Pico has new opponent for UFC 319 co-main event,"Aaron Pico has a new assignment for his octagon debut, and UFC 319 has a new co-main event. It was announced on Saturday’s UFC Abu Dhabi broadcast that Pico (13-4) is set to face undefeated featherweight contender Lerone Murphy (16-0-1) in the co-headlining bout of UFC 319, which takes place at United Center in Chicago on Aug. 16. Pico was previously tied to a bout with Movsar Evloev that would have taken place on the UFC Abu Dhabi card, but Evloev withdrew from the bout for undisclosed reasons. Rather than re-book that matchup, the UFC has moved on to a new fight that could produce a future challenger for current 145-pound champion Alexander Volkanovski. The 28-year-old Pico competed exclusively under the Bellator banner before the promotion was acquired by PFL, compiling a 13-4 pro record with nine of those wins coming by way of knockout. Pico has won three straight fights and nine of his past 10, with his lone loss coming due to a shoulder injury he suffered during a bout with Jeremy Kennedy. He became a free agent this past December and signed with the UFC the following April. Murphy, 34, has slowly climbed the featherweight ranks, scoring wins over Josh Emmett, Dan Ige, Edson Barboza, and others to position himself as a top contender. The Englishman is undefeated in 17 pro bouts. UFC 319 is headlined by a middleweight title bout as champion Dricus du Plessis defends against Khamzat Chimaev.",2025-07-26,https://www.mmafighting.com/2025/7/26/24475062/aaron-pico-vs-lerone-murphy-announced-for-ufc-319-co-main-event
Lerone Murphy vs Aaron Pico Prediction & Picks - UFC #319,"UFC - UFC #319 New customers only | Commercial content | 21+ age limit | T&Cs apply by Stephen Abiola | in UFC Picks Lerone Murphy (16-0-10) will look to continue his unbeaten MMA career when he faces Aaron Pico (13-4-0) on Saturday night at the United Center in Chicago. The Englishman will be keen to defend his unbeaten status and solidify his status among the elites in the featherweight division. ""The Miracle"" made his UFC debut in September 2019, losing to Zubaira Tukhugov in the third round via decision. Impressively, he bounced back to go on an eight-fight winning run. Aaron Pico, meanwhile, is an American newcomer in the featherweight division. The 28-year-old striker will be keen to impress on his debut since switching from Bellator. However, Aaron Pico is an accomplished striker, securing three KO/TKO victories in his last five assignments. The American also lost just once in his previous 10 bouts. His explosiveness and aggressiveness make him an exciting talent to watch in the division going forward. Limited Offer. Currently at DraftKings Lerone Murphy - Aaron Pico Key Points - Leron Murphy won his last eight UFC fights. - The fight went the distance in the last five Lerone Murphy bouts. - The total rounds went over 2.5 in the last five Leron Murphy fights. - The total rounds went over 2.5 in four of the last seven Aaron Pico fights. Limited Offer. Currently at DraftKings Our Lerone Murphy vs Aaron Pico Prediction In a surprising turn of events, Aaron Pico will enter the Octagon as the betting favorite. He's a dynamic finisher with fast hands that could send Murphy to an early shower on Saturday night. At 28 years, Pico is six years younger than Murphy. His athletic style and explosiveness could pose a threat to any opponent. However, it's worth noting that recent Bellator arrivals have struggled early on in the franchise. Although Murphy's recent wins aren't the most impressive, his experience against top-level UFC competition should give him the edge. Our prediction for Lerone Murphy vs Aaron Pico: Lerone Murphy to win by decision. Jackpot Pools DraftKings's long-running promo Jackpot Pools gives bettors a chance to win a whopping $10,000 which grows with every entry! To win, you'll need to answer all 15 questions correctly and the pool is yours! If there are multiple winners, the pool will be split. If no one wins, however, the jackpot rolls over to the next pool, increasing the winnings. You can enter up to 10 times each pool to give yourself an even greater chance of winning. Once the event has completed, you can collect your winnings within 24 hours so keep an eye on the pool! Don't miss out on your chance to win big and make your picks today! All tips are fully researched and given in good faith, but profits cannot be guaranteed. Limited Offer. Currently at DraftKings",2025-08-14,https://www.sportytrader.com/us/picks/lerone-murphy-aaron-pico-283389/
Lerone Murphy vs Aaron Pico Prediction & Betting Tips - UFC 319,"UFC - UFC 319 New customers only | Commercial content | 18+ age limit | T&Cs apply by Geoffrey Ejiga | in UFC Predictions In a highly anticipated co-main event at UFC 319, the undefeated Lerone Murphy, known as ""The Miracle,"" will face the formidable Aaron Pico. This is a classic clash of styles, pitting Murphy's technical and well-rounded game against Pico's explosive power and wrestling. Keep reading for our Lerone Murphy vs Aaron Pico match prediction. While Pico enters the UFC with significant hype, my research points to a clear victory for the seasoned UFC veteran, Lerone Murphy. The Miracle's impressive eight-fight win streak within the promotion, with a single draw to start his UFC career, speaks volumes about his consistent evolution and ability to perform at the highest level. Murphy's most recent outing was a dominant unanimous decision victory over a tough Josh Emmett. In this five-round contest, Murphy showcased his superior striking, doubling Emmett's significant strikes and effectively utilizing takedowns to control the fight. Conversely, Pico, while on a three-fight winning streak in PFL/Bellator, has shown a tendency to fade or get caught in fights that go beyond the first round. His last victory was also a first-round TKO over Henry Corrales, avenging an earlier loss. This is Pico’s UFC debut, and the step up in competition and the bright lights of the UFC could be a significant factor. Murphy's experience and measured approach will allow him to weather Pico's initial storm and capitalize as the fight progresses. Limited Offer. Currently at Stake Lerone Murphy - Aaron Pico Key Points - Lerone Murphy is undefeated in his professional career with a record of 16-0-1. - Murphy has a proven track record of going the distance and maintaining a high pace in five-round main events. - In his last fight against Josh Emmett, Murphy landed more than double the significant strikes and secured multiple takedowns. - Aaron Pico is making his UFC debut, facing a significant step up in competition and the pressures of the big stage. - Pico has four losses on his record, all of which came in the first or second round. Limited Offer. Currently at Stake Our Lerone Murphy vs Aaron Pico Prediction Lerone Murphy's experience and consistent performance in the UFC against high-level competition give him a decisive edge. His well-rounded skillset, demonstrated by his dominant striking and grappling against Josh Emmett, is the perfect counter to Pico's raw aggression. While Pico is a dangerous opponent, Murphy has a history of weathering storms and out-classing his opponents over time. He will navigate Pico's early bursts of energy and take control as the fight extends. Hence, our Lerone Murphy vs Aaron Pico prediction is Lerone Murphy to win. Use £/€50 free bets for the Lerone Murphy vs. Aaron Pico game! Are you planning to bet on the upcoming match between Lerone Murphy and Aaron Pico? Why not take advantage of the free bets from Bet365? Use our promo code STYVIP1 and open your account. Bet365 offers a welcome package of €/£50 free bet credits if you bet €/£10 as a new player. Try your luck on this year's UFC 319! You need to make your qualifying bet of €/£10 within 30 days of opening an account and this can be on any sport with at least one selection priced at 1.2 (1/5) or bigger. All tips are fully researched and given in good faith, but profits cannot be guaranteed. Limited Offer. Currently at Stake",2025-08-12,https://www.sportytrader.com/en/betting-tips/lerone-murphy-aaron-pico-282967/
Murphy-Pico to co-headline UFC 319 in August,"Murphy-Pico to co-headline UFC 319 in August A featherweight bout between Lerone Murphy and Aaron Pico will serve as the co-main event of UFC 319 on Aug. 16 in Chicago, the promotion announced Saturday. Pico, a former Bellator star, will be making his UFC debut. He was scheduled to face Movsar Evloev on Saturday in Abu Dhabi, United Arab Emirates, but Evloev withdrew earlier this month due to an injury. Murphy is coming off a unanimous decision win over Josh Emmett in a UFC main event in April. The 34-year-old Englishman holds a 16-0-1 career record. Pico is riding a three-fight winning streak, though the 28-year-old hasn't stepped into the cage since a knockout win over Henry Corrales in February 2024. UFC 319 will be headlined by a middleweight title bout between champion Dricus Du Plessis and Khamzat Chimaev.",2025-07-26,https://www.thescore.com/mma/news/3316048
Aaron Pico vs Lerone Murphy,"UFC 319 fight card, start time, date and location for the upcoming Dricus du Plessis vs. Khamzat Chimaev-led championship pay-per-view (PPV) event on Sat., Aug 16, 2025, inside United Center in... Date: August 16, 2025 | Aaron Pico | Lerone Murphy | | |---|---|---| | 28 | age | 34 | | 5'8 | height | 5'10 | | 145lbs | weight | 145lbs |",2025-06-17,https://www.mmafighting.com/fight/15792/aaron-pico-vs-lerone-murphy
Lerone Murphy vs Aaron Pico Prediction & Betting Tips - UFC 319,"UFC - UFC 319 New customers only | Commercial content | 18+ age limit | T&Cs apply by Geoffrey Ejiga | in UFC Predictions In a highly anticipated co-main event at UFC 319, the undefeated Lerone Murphy, known as ""The Miracle,"" will face the formidable Aaron Pico. This is a classic clash of styles, pitting Murphy's technical and well-rounded game against Pico's explosive power and wrestling. Keep reading for our Lerone Murphy vs Aaron Pico match prediction. While Pico enters the UFC with significant hype, my research points to a clear victory for the seasoned UFC veteran, Lerone Murphy. The Miracle's impressive eight-fight win streak within the promotion, with a single draw to start his UFC career, speaks volumes about his consistent evolution and ability to perform at the highest level. Murphy's most recent outing was a dominant unanimous decision victory over a tough Josh Emmett. In this five-round contest, Murphy showcased his superior striking, doubling Emmett's significant strikes and effectively utilizing takedowns to control the fight. Conversely, Pico, while on a three-fight winning streak in PFL/Bellator, has shown a tendency to fade or get caught in fights that go beyond the first round. His last victory was also a first-round TKO over Henry Corrales, avenging an earlier loss. This is Pico’s UFC debut, and the step up in competition and the bright lights of the UFC could be a significant factor. Murphy's experience and measured approach will allow him to weather Pico's initial storm and capitalize as the fight progresses. Limited Offer. Currently at Stake Lerone Murphy - Aaron Pico Key Points - Lerone Murphy is undefeated in his professional career with a record of 16-0-1. - Murphy has a proven track record of going the distance and maintaining a high pace in five-round main events. - In his last fight against Josh Emmett, Murphy landed more than double the significant strikes and secured multiple takedowns. - Aaron Pico is making his UFC debut, facing a significant step up in competition and the pressures of the big stage. - Pico has four losses on his record, all of which came in the first or second round. Limited Offer. Currently at Stake Our Lerone Murphy vs Aaron Pico Prediction Lerone Murphy's experience and consistent performance in the UFC against high-level competition give him a decisive edge. His well-rounded skillset, demonstrated by his dominant striking and grappling against Josh Emmett, is the perfect counter to Pico's raw aggression. While Pico is a dangerous opponent, Murphy has a history of weathering storms and out-classing his opponents over time. He will navigate Pico's early bursts of energy and take control as the fight extends. Hence, our Lerone Murphy vs Aaron Pico prediction is Lerone Murphy to win. Use £/€50 free bets for the Lerone Murphy vs. Aaron Pico game! Are you planning to bet on the upcoming match between Lerone Murphy and Aaron Pico? Why not take advantage of the free bets from Bet365? Use our promo code STYVIP1 and open your account. Bet365 offers a welcome package of €/£50 free bet credits if you bet €/£10 as a new player. Try your luck on this year's UFC 319! You need to make your qualifying bet of €/£10 within 30 days of opening an account and this can be on any sport with at least one selection priced at 1.2 (1/5) or bigger. All tips are fully researched and given in good faith, but profits cannot be guaranteed. Limited Offer. Currently at Stake",2025-08-12,https://www.sportytrader.com/en/betting-tips/lerone-murphy-aaron-pico-282967/
UFC 319 weigh-in video: Aaron Pico set for debut vs. Lerone Murphy,"UFC UFC 319 weigh-in video: Aaron Pico set for debut vs. Lerone Murphy Mike Bohn MMA Junkie CHICAGO – Aaron Pico is one step closer to his octagon debut after making weight for the UFC 319 co-main event against Lerone Murphy. Pico (13-4 MMA, 0-0 UFC) will get thrown into the fire off the bat when he clashes with Murphy (16-0-1 MMA, 8-0-1 UFC) in a featherweight out at United Center (ESPN+ pay-per-view, ESPN, ESPN+). Both men made weight, with the undefeated Murphy registering at 146 pounds, while Murphy was on championship weight at 145 on the nose. Check out the video below to see their UFC 319 official weigh-ins.",2025-08-15,https://www.freep.com/story/sports/ufc/2025/08/15/ufc-319-weigh-in-video-aaron-pico-set-debut-vs-lerone-murphy/85653258007/
Lerone Murphy vs Aaron Pico Prediction: Can Murphy Stay Undefeated Against UFC Debutant?,"Lerone Murphy will meet Aaron Pico in the co-main event of UFC 319 this Saturday in Chicago. Murphy is unbeaten in his MMA career and will look to keep it that way against a fighter making his UFC debut. But Pico is more than your typical debut fighter and has an impressive Bellator highlight reel. Here, I break down this featherweight matchup and make my Lerone Murphy vs Aaron Pico prediction from a betting standpoint. Our Lerone Murphy vs Aaron Pico Pick - Pick: Lerone Murphy by decision - Confidence: 3/5 - UFC 319 Bonus Bets: Hit the Claim Bonus button to claim our DraftKings Sportsbook promo code. You can bet $5 and win $200 in bonus bets INSTANTLY, plus get over $200 off NFL Sunday Ticket! Bet $5, Get $200 in Bonus Bets Instantly + Over $200 Off NFL Sunday Ticket Gambling Problem? Call or TEXT 1-800-Gambler 21+ Gambling Problem? Call or TEXT 1-800-Gambler 21+ Promo Code: Click To Claim Bet $5, Get $200 in Bonus Bets Instantly + Over $200 Off NFL Sunday Ticket Gambling Problem? Call or TEXT 1-800-Gambler 21+ Promo Code: Click To Claim Gambling Problem? Call or TEXT 1-800-Gambler 21+ Tale of the Tape | Lerone Murphy | Aaron Pico | | |---|---|---| | Age | 34 | 28 | | Reach | 73″ | 71″ | | Stance / Gym | Orthodox | Orthodox | | Record | 16-0-1 | 13-4-0 | Lerone Murphy vs Aaron Pico Preview Lerone Murphy is a methodical striker with excellent footwork and an iron chin. He’s unbeaten in his first 17 career fights. His most recent wins include unanimous decisions over Josh Emmett, Dan Ige, and Edson Barboza. The only time Murphy has failed to win a fight was his UFC debut in 2019 when he fought Zubaira Tukhugov to a draw. He will aim to stay undefeated in the biggest fight of his career to date. Aaron Pico is an elite former U17 freestyle wrestling world champion with thunderous power in every limb. His MMA record is not unblemished like Murphy’s. But he’s amassed nine KO/TKO victories and he wrapped up his time in Bellator with two straight knockout wins to set up this exciting matchup with the sixth-ranked featherweight in UFC. Betting Insights - Pico is the favorite in this fight at -175 and Murphy can be had at +145 at DraftKings Sportsbook. - This fight is expected to go the distance. The over/under is set at 2.5 rounds and the over is juiced all the way to -215. - Murphy has had five straight fights go the distance in UFC. That includes a pair of five-round decision wins in Fight Night main events. - Pico’s last two fights have both ended via first-round knockout. Lerone Murphy vs Aaron Pico Prediction Pico’s finishing ability cannot be overlooked going into this fight. Murphy will likely look to manage distance, nullify takedown attempts, and push the pace across three rounds. His durability and output give him a high ceiling in a bout that could go to the judges. UFC experience could also be a key factor in this fight. Pico doesn’t have any UFC experience while Murphy is a seasoned veteran when it comes to fighting under the bright lights in the promotion. While Pico has a ton of power, I think that his lack of experience in UFC could work to his detriment in this matchup. My best bet for this fight is for Murphy to win via decision. He should be able to withstand the early onslaught from Pico and wear him down as the fight progresses.",2025-08-14,https://ats.io/mma/lerone-murphy-vs-aaron-pico-prediction/462425/
