title,text,publish_date,url
"Roman Dolidze vs. Anthony Hernandez, UFC Fight Night | MMA Bout | Tapology","Fighter Comparison | Dolidze | Hernandez | ||| | #12 MiddleW (Worldwide) | Ranking | #9 MiddleW (Worldwide) | || | 15-3-0 MMA | Pro Record | 14-2-0 MMA | || | 2025 2023 | Last 5 Fights | 2025 2022 | || | +255 (Moderate Underdog) | Betting Odds | -305 (Moderate Favorite) | || | | Nation | | || | Las Vegas Nevada | Fights out of | Dunnigan California | || | 37 +3 wks, 4 days | Age at Fight | 31 +9 mos, 3 wks, 1 day | || | 185.5 lbs (84.1 kgs) | Weigh-In Result | 186.0 lbs (84.4 kgs) | || | 6'2"" (188cm) | Height | 6'0"" (183cm) | || | 76.0"" (193cm) | Reach | 75.0"" (191cm) | || | Xtreme Couture | Gym | MMA Gold Fight Team | Dolidze vs. Hernandez Fight Predictions Fight Predictions Tapology Community Picks: 3,737 Bout Information Event Poster Fight Details - Event: UFC Fight Night: Dolidze vs. Hernandez - Date: Saturday 08.09.2025 at 04:00 PM ET - Referee: N/A - Venue: UFC Apex - Enclosure: Octagon - Location: Las Vegas, Nevada, United States - Bout Billing: Main Event (fight 12 of 12) - Pro/Am: Professional - Weight: 185 lbs (83.9 kg) - Event Links:",2025-05-08,https://www.tapology.com/fightcenter/bouts/999906-ufc-fight-night-roman-the-caucasian-dolidze-vs-anthony-fluffy-hernandez
"Roman Dolidze vs. Anthony Hernandez prediction, pick: UFC on ESPN 72 middleweight melee","Roman Dolidze vs. Anthony Hernandez prediction, pick: UFC on ESPN 72 middleweight melee 185-pounders headline UFC Apex card in Las Vegas MMA Junkie analyst Dan Tom goes in-depth to break down the biggest fights in the UFC. Today, he takes a closer look at the UFC on ESPN 72 main event between Roman Dolidze and Anthony Hernandez. Roman Dolidze UFC on ESPN 72 preview Staple info: - Record: 15-3 MMA, 9-3 UFC - Height: 6'2"" Age: 37 Weight: 185 lbs. Reach: 76"" - Last fight: Decision win over Marvin Vettori (March 15, 2025) - Camp: Xtreme Couture MMA (Las Vegas) - Stance/striking style: Switch-stance/muay Thai - Risk management: Fair Supplemental info: - + Regional MMA title - + Multiple grappling accolades - + 8 KO victories - + 3 submission wins - + 8 first-round finishes - + KO power - + Aggressive pace and pressure - + Steadily improving striking - ^ Coming forward or in combination - + Strikes well off the breaks - + Strong inside the clinch - ^ Hard knees and elbows - + Dangerous transitional grappler - ^ Opportunistic submissions and active guard - +/- 4-2 inside the UFC Apex Anthony Hernandez UFC on ESPN 72 preview Staple info: - Record: 14-2 MMA, 8-2 UFC - Height: 6'0"" Age: 31 Weight: 185 lbs. Reach: 75"" - Last fight: Decision win over Brendan Allen (Feb. 23, 2025) - Camp: MMA Gold Fight Team (Calif.) - Stance/striking style: Orthodox/kickboxing - Risk management: Good Supplemental info: - + LFA middleweight title - + Brazilian jiu-jitsu brown belt - + 3 KO victories - + 8 submission wins - + 5 first-round finishes - + Relentless pace and pressure - + Steadily improved striking - ^ Punches in bunches - + Most takedowns in UFC middleweight history - ^ Chains attacks well to and from bodylock - + Good transitional grappler and scrambler - + Relentless positional rider - ^ Cradles, strikes and submissions - +/- 4-0 in the UFC Apex Roman Dolidze vs. Anthony Hernandez point of interest: Middleweight maelstrom The main event in the Apex features a middleweight matchup between Anthony Hernandez and Roman Dolidze. An inherent pace fighter who was forced to overcome some early obstacles in his UFC career, Hernandez has since developed his breakneck pace into an effective process from the feet to the floor. Primarily utilizing a boxing-centric attack, Hernandez wastes little time getting going, working behind a steady dose of prodding jabs and feints. The 31-year-old contender does a decent job of getting his head off the centerline, parlaying his slipping motions into uppercut-hook returns. Hernandez also appears to have some solid eyes inside the pocket, and can punch off of single collar ties and body blocks alike. That said, body shots have had a solid effect on ""Fluffy"" before, so he'll need to respect the offense coming back his way. A marauding madman on all fronts, Dolidze – despite his grappling base – has proven that he is not afraid to mix things up on the feet. Competent from either stance, Dolidze is a fairly flexible striker despite his lack of process. Whether Dolidze is looking to incite exchanges by initiating or countering in combination, the 37-year-old Georgian throws almost everything with fight-ending intentions. When feeling in stride, Dolidze will unleash some surprisingly fast and flashy kicks, typically targeting the head and body. Dolidze has also shown the ability to sneakily connect punches to kicks and knees off of the same side, particularly when looking to close distance in open-stance affairs. Dolidze has been steadily sharpening his tools and tactics since working stateside with Eric Nicksick and the Xtreme Couture MMA crew, so I'll be curious to see which direction the Georgian decides to approach this contest. Roman Dolidze vs. Anthony Hernandez point of interest: Potential grappling threats Considering the kind of action that the smaller octagon can influence, no one should be shocked if this fight hits the floor. Despite Dolidze's wildcard sensibilities, the smart money says that Hernandez will be the first and more frequent takedown pursuant between the two. Playing off of both pressure and a high-to-low attack looks alike, Hernandez typically looks to shoot when he has his opposition on the back foot and headed toward the fence. Even though the 11-year pro maintains a solid takedown percentage rate, his game isn't necessarily reliant on completing his first shot. An avid chain wrestler, Hernandez understands the power of transitional grappling and being able to extend exchanges. Luckily for Dolidze, he's far from a slouch in grappling or wrestling transitions. Although process and consistency aren’t things that are typically synonymous with Dolidze’s game, the Georgian fighter has displayed serviceable takedown tools in the past. Dolidze is athletic enough for shot attempts in the open, but the 37-year-old pro appears to prefer working things out from the clinch. Utilizing his long limbs, Dolidze does well at either securing grips for takedown attempts or framing for devastating knees and strikes off the breaks. That said, Dolidze is not beyond being taken down or out-positioning himself, so he'll have to be careful about falling prey to Hernandez's patented 'spin cycle.' Working off of an almost catch wrestling-like process, Hernandez is an impeccable positional rider who makes his money by forcing his opposition onto all fours (e.g., referee's position in wrestling). Typically riding from the side with the option of a single hook in, Hernandez will keep his opponents weight down and forward via cross wrists and leg levers, transitioning between strikes and head-and-arm guillotine variations (a.k.a. boa chokes). And whenever his opposition turns into them or a choke attempt fails, Hernandez's front-headlock acumen allows him to transition to and from his home riding position – hence the spin cycle. Nevertheless, Hernandez will still need to mind his near-side leg whenever grappling alongside an animal like Dolidze. Aside from the finishes he’s been accruing in said space, Dolidze is also the type of opportunistic grappler who will go for submissions in strange and unorthodox positions. Not afraid to invert his guard or drop for a leg, Dolidze’s competence and confidence make for a dangerous dance partner in this division. Roman Dolidze vs. Anthony Hernandez odds The oddsmakers and the public are favoring the Mexican-American fighter, listing Hernandez -320 and Dolidze +245 via FanDuel. Roman Dolidze vs. Anthony Hernandez prediction, pick Despite the odds seeming wide for a fight with a heavy forecast of violence attached, I can't say that I disagree with who is favored. Although I have an admitted bias to Eric Nicksick-trained fighters under the Xtreme Couture banner, I genuinely try to be as unbiased as I can when breaking down these fights. And even if I know Nicksick is smart enough to have his fighter come in like a kamikaze in regards to assaulting the allegedly soft body of Hernandez, I'm still not sure I can reliably count on a wildman like Dolidze to stick to a game plan. Sure, said wildness is also what makes Dolidze so dangerous and lovable alike, but it's hard to bank on when he's standing across a more consistent fighter with a superior gas tank and proven process. Add in the fact that Dolidze tends to surrender rear-waist clinches and resets to tripod-like positions (places where Hernandez pays his mortgage from), and I can't help but side with ""Fluffy"" in this spot. I'll be incredibly happy for Nicksick and the team if Dolidze can come through as an underdog with a leg lock or liver kick early, but as an analyst who is putting aside his bias, I'll pick Hernandez to survive the storm and force a stoppage via strikes in the latter rounds. Prediction: Hernandez inside the distance Roman Dolidze vs. Anthony Hernandez start time, how to watch As the main event, Dolidze and Hernandez are expected to make their walks to the octagon at approximately 9:45 p.m. ET. The fight broadcasts live on ESPN and streams on ESPN+.",2025-08-08,https://mmajunkie.usatoday.com/story/sports/ufc/2025/08/08/roman-dolidze-vs-anthony-hernandez-ufc-espn-72-prediction-expert-pick/85573362007/
"UFC Fight Night prediction -- Roman Dolidze vs. Anthony Hernandez: Fight card, odds, start time, live stream","UFC Fight Night prediction -- Roman Dolidze vs. Anthony Hernandez: Fight card, odds, start time, live stream The middleweight division takes center stage between UFC Fight Night and UFC 319 Roman Dolidze and Anthony Hernandez are keeping their names at the forefront one week before UFC 319. Doldize and Hernandez headline Saturday's UFC Fight Night shortly before UFC middleweight champion Dricus du Plessis and Khamzat Chimaev meet. Dolidze (15-3) is on a solid rebuild. The Georgian fighter has won three consecutive fights, including avenging a loss to Marvin Vettori. His only other loss since 2021 is a majority decision to Nassourdine Imavov, currently No. 1 in the UFC's official middleweight rankings. Dolidze is in good enough standing, but his recent run hasn't inspired confidence in a title campaign. Beating a respected contender like Hernandez is the statement win he needs. ""He never faced somebody with grappling like me,"" Dolidze told reporters at Thursday's media day. ""And we all know that he has good cardio and he loves to be on the ground and control people there, but I'm very active on the ground. I don't give a rest to nobody. ""I think we both deserve better opponents, higher ranked, but it is what it is."" Hernandez (14-2, 1 NC) might be the best darkhorse contender in any division. ""Fluffy"" rides a seven-fight winning streak with five finishes. It's insulting that he continues getting incremental upward fights. He's only one spot behind Dolidze (No. 9) in the rankings. Meanwhile, Reinier de Ridder climbed eight spots after upsetting Robert Whittaker, and Roman Kopylov, who Hernandez beat, was given an opponent three places north of him. It's likely not personal. Hernandez is a gamer, averaging more than two fights annually in this winning stretch. More likely, it's a consequence of who's available when the UFC has a date to fill on its busy calendar. ""Fluffy"" is frustrated, but won't let those feelings dictate his performance. ""I figured if I'm violent as f--- and keep beating everyone, I'll get a big fight,"" Hernandez told CBS Sports. ""I've seen many fans hella pissed that I'm at the Apex and fighting this guy. They want me to get someone who will get me to the belt. It is what it is, I'm just enjoying the violence, one paycheck at a time. Hopefully, this statement is enough to say, 'This motherf---er is ready for the belt."" There isn't much meat on the bones this week. You might recognize a few names like Steve Erceg, Angela Hill, Andre Fili and Eryk Anders, but nothing jumps off the page. Below is the rest of the fight card for Saturday with the latest odds before we predict the main event. UFC Fight Night card, odds | Favorite | Underdog | Weight class | |---|---|---| | Anthony Hernandez -330 | Roman Dolidze +260 | Middleweight | | Steve Erceg -550 | Ode Osborne +400 | Flyweight | | Iasmin Lucindo -205 | Angela Hill +170 | Women's strawweight | | Christian Rodriguez -240 | Andre Fili +200 | Featherweight | | Jean Matsumoto -300 | Miles Johns +240 | Bantamweight | | Christian Leroy Duncan -500 | Eryk Anders +380 | Middleweight | UFC Fight Night viewing information Date: Aug. 9 | Start time: 7 p.m. ET (main card) Location: UFC Apex -- Las Vegas TV channel: ESPN | Stream: Fubo (Start watching, save $20!) Prediction Roman Dolidze vs. Anthony Hernandez: Dolidze might be a more decorated grappler than Hernandez, but so was Rodolfo Vieira. Dolidze has potent but incomplete skills. His submissions and top control are disrupted by underwhelming wrestling. Unrefined technique limits his powerful striking. Hernandez isn't without his flaws: he eats too many strikes and leaves unnecessary openings. ""Fluffy"" finishes people by wearing them down. Hernandez's relentless pressure is the ace up his sleeve. I fear Dolidze fatigues without an early finish. Hernandez is tough as nails and skillful enough to drag the fight out. Hernandez via Unanimous Decision",2025-08-08,https://www.cbssports.com/mma/news/ufc-fight-night-prediction-roman-dolidze-vs-anthony-hernandez-fight-card-odds-start-time-live-stream/
UFC Fight Night: Dolidze vs. Hernandez,"""Fluffy"" | Roman Dolidze | Anthony Hernandez | | |---|---|---| | Tale of the tape | || | Wins/Losses/Draws | 15-3-0 | 14-2-0 (1 NC) | | Average Fight Time | 12:24 | 9:47 | | Height | 6' 2"" | 6' 0"" | | Weight | 185 lbs. | 185 lbs. | | Reach | 76"" | 75"" | | Stance | Orthodox | Orthodox | | DOB | Jul 15, 1988 | Oct 18, 1993 | | Striking (Significant Strikes) | || | Strikes Landed per Min. (SLpM) | 3.58 | 4.50 | | Striking Accuracy | 42% | 63% | | Strikes Absorbed per Min. (SApM) | 3.56 | 2.61 | | Defense | 49% | 46% | | Grappling | || | Takedowns Average/15 min. | 1.11 | 6.27 | | Takedown Accuracy | 40% | 45% | | Takedown Defense | 33% | 66% | | Submission Average/15 min. | 0.9 | 1.9 | | Most recent fights (Newest First) | || | Win - Vettori | Win - Allen | | | Win - Holland | Win - Pereira | | | Win - Smith | Win - Kopylov | | | Loss - Imavov | Win - Shahbazyan | | | Loss - Vettori | Win - Barriault |",No date found,http://ufcstats.com/fight-details/68fe62bac7fd8bb0
UFC Fight Night full picks & predictions for Roman Dolidze vs. Anthony Hernandez,"UFC Fight Night full picks & predictions for Roman Dolidze vs. Anthony Hernandez The UFC stays in Las Vegas this week for another UFC Fight Night event, MMA KO’s Drew Beaupré is here to provide predictions for all 12 fights on the card. The event is headlined by a clash between top-ranked middleweight contenders Roman Dolidze and Anthony Hernandez, who enters the matchup on a seven-fight win streak that includes five victories via finish. The night’s co-main event is a flyweight bout between former title challenger Steve Erceg and Ode Osbourne. Erceg was originally scheduled to meet Hyun Sung Park before the latter fighter was pulled to meet Tatsuro Taira last weekend, and now “Astroboy” will try to snap his current three-fight skid against Osbourne. UFC Vegas 109 Main Card Predictions Roman Dolidze vs. Anthony Hernandez I wouldn’t be shocked if Dolidze lands something big or manages to snatch up a submission during an early scramble to secure a fourth-straight win, but I expect that Hernandez’s pressure will tire the Georgian out and potentially set up a finish for “Fluffy” during the later rounds. (Pick: Hernandez) READ MORE: Conor Benn sends clear message to UFC fighters: boxing YES cage NO Steve Erceg vs. Ode Osbourne Erceg has had a tough run of matchups since being given a title shot just three fights into his UFC career, and as long as he doesn’t eat something big from Osbourne this looks like a good spot for him to finally get back into the win column. (Pick: Erceg) Iasmin Lucindo vs. Angela Hill This should be a fun strawweight scrap, and if the majority of the fight takes place on the feet then I’ll side with Hill to continue what’s been an impressive run during the final stages of her fighting career. (Pick: Hill) Andre Fili vs. Christian Rodriguez Rodriguez has made a name for himself as a fighter that’s capable of derailing undefeated prospects, but he’s unfortunately struggled in the UFC when matched up with established veterans like Fili. (Pick: Fili) Miles Johns vs. Jean Matsumoto Matsumoto came up short in his first real test against Rob Font in February, and while I do think this is a well-matched fight it’s still one that the Brazilian should win if he’s going to get another crack at the UFC rankings. (Pick: Matsumoto) Eryk Anders vs. Christian Leroy Duncan I think that the current betting line on this fight is a bit disrespectful to Anders, but if he’s not able to get this fight to the ground then Duncan should have his way with the American on the feet. (Pick: Duncan) READ MORE: Dustin Poirier confirms return to UFC in new job on major PPV UFC Vegas 109 Preliminary Card Predictions Julius Walker vs. Raffael Cerqueira Cerqueira is likely fighting for his spot on the UFC roster. Unfortunately, he’s been matched up with a fighter that’s eager to rebound from a disappointing UFC debut after joining the promotion as an undefeated prospect. (Pick: Walker) Elijah Smith vs. Toshiomi Kazama On paper this matchup looks a bit similar to Walker vs. Cerqueira, with the difference being that Smith comes into the matchup carrying plenty of momentum as Kazama looks to avoid a loss that might spell the end of his UFC career. (Pick: Smith) Joselyne Edwards vs. Priscila Cachoeira Cachoeira proved she still has something left in the tank when she brutally knocked out Josiane Nunes in her last outing, but I expect she’ll struggle to close the distance enough to find any real striking success against Edwards. (Pick: Edwards) Uros Medic vs. Gilbert Urbina Following an upset-loss in his last fight against Punahele Soriano, Medic has a big opportunity to get back to his finishing ways here after all three of Urbina’s previous UFC bouts ended inside the distance. (Pick: Medic) READ MORE: Charles Oliveira’s next fight could define his future in the UFC Gabriella Fernandes vs. Julija Stoliarenko Stoliarenko’s trend of alternating wins and losses indicates she should get her hand raised here, but Fernandes is riding high following her upset over Cong Wang and a split decision over Carli Judice that has aged quite well after Judice’s recent UFC success. (Pick: Fernandes) Cody Brundage vs. Eric McConico Brundage moves up to light heavyweight here following the controversial ending to his bout with Mansur Abdul-Malik, and I’ll side with the UFC veteran to get a big win after a strange run of results over his last few outings. (Pick: Brundage) MMA KO will be providing comprehensive coverage for UFC Vegas 109 all throughout fight week, and be sure to check back on our homepage tomorrow for live results and highlights on fight night. More MMA Knockout News • Khamzat Chimaev crushed former UFC champ's jaw to earn Dricus du Plessis title fight • UFC reportedly brings back fighter after nearly 3 years to save Shanghai matchup • Ex-UFC title challenger officially set for bareknuckle boxing debut at BKFC 80 • Ex-UFC fighter drops wild claim about Dricus du Plessis' future after Khamzat fight Stick with MMAKnockout for more FREE coverage of the UFC and MMA.",2025-08-08,https://www.si.com/fannation/mma/news/ufc-fight-night-full-picks-predictions-roman-dolidze-vs-anthony-hernandez
"Roman Dolidze vs. Anthony Hernandez – Result, Fight Stats & Highlights","Roman Dolidze and Anthony Hernandez faced each other in the at UFC 302: Makhachev vs. Poirier, which took place on Saturday, June 1, 2024, inside the Prudential Center in Newark, New Jersey, USA. There were fights on the card. You can view UFC 302 results and fight bonuses. UFC 302 card gave fight fans all they could ask for. In the five-round main event, defeated in round by . Here is what happened in the fight — Both fighters launched over strikes combined in this fight, of the strikes were significant strikes. Significant strikes refer to all strikes but don’t include small, short strikes in the clinch and on the ground. There were takedown attempts between the two fighters. Let’s look at each fighter’s stats below. Roman Dolidze full fight stats Roman Dolidze landed of all his strikes. There were significant strikes to the head, body shots, and leg kicks. Roman Dolidze attempted takedowns and landed . Here are all the strikes Roman Dolidze threw and landed against Anthony Hernandez. Strikes Thrown | () | Significant Strikes | () | Head Strikes | | Body Strikes | | Leg Strikes | | Takedowns | The current UFC record over the most significant strikes landed in a single UFC bout is 290. Let’s take a look at how Anthony Hernandez did against Roman Dolidze. Anthony Hernandez full fight stats Anthony Hernandez was firing at a accuracy, throwing strikes and landing . There were significant strikes, landing to the head, shots to the body and leg kicks. Anthony Hernandez went for takedowns and landed . Strikes Thrown | () | Significant Strikes | () | Head Strikes | | Body Strikes | | Leg Strikes | | Takedowns | Roman Dolidze won by . The fight ended in round at . Results & Fight Totals Event | UFC 302 | Date | June 1, 2024 | Fight | Roman Dolidze vs. Anthony Hernandez | Winner | Roman Dolidze | Method | | Fight End | Round at | Total Strikes Thrown | | Significant Strikes Thrown | Did you know: Max Holloway holds a UFC record over the most significant strikes landed in a single UFC match at 290. He also holds a UFC record for the most significant strikes landed in one round at 134. He achieved both records against Brian Ortega during his successful featherweight title defense on December 8, 2018, at UFC 231 in Toronto, Ontario, Canada. View complete UFC 302 results and don’t miss all the UFC events coming up.",2024-06-02,https://www.mmascene.com/news/roman-dolidze-vs-anthony-hernandez-full-fight-stats-highlights/
"Roman Dolidze Vs. Anthony ""Fluffy"" Hernandez - UFC Odds And Match Preview","Roman Dolidze vs. Anthony “Fluffy” Hernandez – UFC Odds and Match Preview Roman Dolidze vs. Anthony Hernandez represents a classic stylistic clash between a powerful, well-rounded striker grappler in Dolidze and an aggressive, submission-oriented grappler in Hernandez. Both fighters bring solid experience, making this a highly anticipated middleweight bout in the UFC calendar. The winner could make significant strides toward climbing the rankings and earning bigger fights in the near future. The fight between Roman Dolidze and Anthony Hernandez is scheduled for August 9, 2025. It will take place at the UFC Apex in Enterprise, Nevada, which is part of the Las Vegas Valley in the United States. The event is a UFC Fight Night, with the Dolidze vs. Hernandez middleweight bout headlining the card. Roman Dolidze vs. Anthony “Fluffy” Hernandez The betting odds for the upcoming UFC fight between Roman Dolidze and Anthony Hernandez currently favor Hernandez as the favorite. Hernandez’s moneyline odds are around -330 to -345, indicating a strong likelihood of winning according to sportsbooks. Meanwhile, Dolidze is viewed as the underdog with odds near +250 to +275. Check out more numbers to play with Fugaso games pokies. Over time, the odds have reflected Hernandez’s momentum as he comes in on a seven-fight UFC win streak and is known for his relentless grappling pace. Dolidze, although ranked slightly higher, faces a tough stylistic challenge and is seen as having an outside chance to upset Hernandez. In terms of predicted methods of victory, the consensus betting lines suggest Hernandez winning either by decision or submission. Bets combining Hernandez to win with the fight lasting more than 2.5 rounds offer good value, as his cardio and grappling pressure are likely to wear down Dolidze before a finish. For Dolidze, the best value bets are on a straight upset win at +250, with the chance of a knockout or a rare submission as his path to victory. However, most bettors and analysts foresee Hernandez controlling the bout, particularly in the later rounds, leveraging top position grappling. The stakes of this fight are high as both fighters are jockeying for better positioning in the middleweight division. A win could propel one of them closer to top contender status and potential title contention. Dolidze will likely leverage his explosive striking to keep Hernandez guessing, while Hernandez will aim to impose his grappling dominance and pace. Anthony Hernandez, ranked just behind Dolidze at #10 in the UFC middleweight rankings, is an American fighter who has an extensive background in Brazilian jiu-jitsu and wrestling and is known for his submission skills as well as his ground control. Hernandez has been competing professionally since 2014 and has earned multiple Performance of the Night awards. His style involves pressure fighting combined with high-level grappling and significant striking accuracy, often controlling opponents on the ground. Betting odds strongly favor Anthony Hernandez to win by decision or submission, supported by his streak, fighting style, and momentum. Roman Dolidze is the underdog with potential for an upset via knockout or submission, but faces an uphill battle against Hernandez’s grappling and endurance.",2025-08-07,https://www.lowkickmma.com/roman-dolidze-vs-anthony-fluffy-hernandez-ufc-odds-and-match-preview/
UFC Fight Night: Dolidze vs. Hernandez | MMA Event | Tapology,"- Date: Saturday 08.09.2025 at 04:00 PM ET - U.S. Broadcast: ESPN - Promotion: Ultimate Fighting Championship - Venue: UFC Apex - MMA Bouts: 12 Fight Card add_circle grid_view - Professional MMA ""The Caucasian"" Nickname ""Fluffy"" #12MiddleW (Worldwide)Ranking #9MiddleW (Worldwide)+255 (Moderate Underdog)Betting Odds -305 (Moderate Favorite)37 +3 wks, 4 daysAge at Fight 31 +9 mos, 3 wks, 1 day185.5 lbs (84.1 kgs)Weigh-In Result 186.0 lbs (84.4 kgs)6'2"" (188cm)Height 6'0"" (183cm)76.0"" (193cm)Reach 75.0"" (191cm) - manage_search 12-4Unranked#11 add_circlemanage_search 13-8UnrankedProfessional MMA ""AstroBoy"" Nickname ""The Jamaican Sensation"" #10FlyW (Worldwide)Ranking #37FlyW (Worldwide)-585 (Heavy Favorite)Betting Odds +425 (Heavy Underdog)30 +1 week, 6 daysAge at Fight 33 +7 mos135.5 lbs (61.5 kgs)Weigh-In Result 135.5 lbs (61.5 kgs)5'8"" (173cm)Height 5'7"" (171cm)68.5"" (174cm)Reach 73.0"" (185cm) - Professional MMA Nickname ""Overkill"" #9StrawW (Worldwide)Ranking #10StrawW (Worldwide)-180 (Slight Favorite)Betting Odds +155 (Slight Underdog)23 +7 mos, 1 dayAge at Fight 40 +6 mos, 4 wks115.0 lbs (52.2 kgs)Weigh-In Result 116.0 lbs (52.6 kgs)5'3"" (160cm)Height 5'3"" (160cm)66.0"" (168cm)Reach 64.5"" (164cm) - Professional MMA ""Touchy"" Nickname ""CeeRod"" #33FeatherW (Worldwide)Ranking #44FeatherW (Worldwide)+195 (Moderate Underdog)Betting Odds -230 (Moderate Favorite)35 +1 month, 2 wks, 1 dayAge at Fight 27 +7 mos, 3 wks, 2 days146.0 lbs (66.2 kgs)Weigh-In Result 146.0 lbs (66.2 kgs)5'11"" (180cm)Height 5'7"" (170cm)74.0"" (188cm)Reach 71.5"" (182cm) - Professional MMA ""Chapo"" Nickname #80FeatherW (Worldwide)Ranking #26BantamW (Worldwide)+225 (Moderate Underdog)Betting Odds -270 (Moderate Favorite)31 +4 mos, 1 week, 3 daysAge at Fight 25 +11 mos136.0 lbs (61.7 kgs)Weigh-In Result 136.0 lbs (61.7 kgs)5'7"" (170cm)Height 5'6"" (168cm)66.0"" (168cm)Reach 68.5"" (174cm) - Professional MMA ""Ya Boi"" Nickname ""CLD"" #48MiddleW (Worldwide)Ranking #37MiddleW (Worldwide)+370 (Moderate Underdog)Betting Odds -510 (Heavy Favorite)38 +3 mos, 2 wks, 5 daysAge at Fight 30 +2 wks, 2 days186.0 lbs (84.4 kgs)Weigh-In Result 185.0 lbs (83.9 kgs)6'1"" (185cm)Height 6'2"" (188cm)75.0"" (191cm)Reach 79.0"" (201cm) - Professional MMA ""Juice Box"" Nickname #38Light HW (Worldwide)Ranking #69Light HW (Worldwide)-700 (Huge Favorite)Betting Odds +510 (Heavy Underdog)26 +3 wks, 3 daysAge at Fight 35 +4 mos, 3 wks, 4 days206.0 lbs (93.4 kgs)Weigh-In Result 203.0 lbs (92.1 kgs)6'4"" (193cm)Height 6'3"" (191cm)78.0"" (198cm)Reach 76.0"" (193cm) - Professional MMA ""Swift"" Nickname ""Silent Finisher"" #62BantamW (Worldwide)Ranking #83BantamW (Worldwide)-750 (Huge Favorite)Betting Odds +545 (Heavy Underdog)22 +11 mos, 4 daysAge at Fight 28 +2 mos, 3 wks, 4 days136.0 lbs (61.7 kgs)Weigh-In Result 136.0 lbs (61.7 kgs)5'9"" (175cm)Height 5'7"" (170cm)71.0"" (180cm)Reach 69.0"" (175cm) - Professional MMA ""La Pantera"" Nickname ""Zombie Girl"" #10BantamW (Worldwide)Ranking #18BantamW (Worldwide)-395 (Moderate Favorite)Betting Odds +315 (Moderate Underdog)29 +10 mos, 1 week, 4 daysAge at Fight 36 +11 mos, 3 wks136.0 lbs (61.7 kgs)Weigh-In Result 134.0 lbs (60.8 kgs)5'8"" (173cm)Height 5'7"" (170cm)70.0"" (178cm)Reach 65.0"" (165cm) - Professional MMA ""The Doctor"" Nickname ""The RGV Bad Boy"" #58WelterW (Worldwide)Ranking #210WelterW (Worldwide)-380 (Moderate Favorite)Betting Odds +300 (Moderate Underdog)32 +3 mos, 2 wks, 1 dayAge at Fight 29 +4 mos, 4 days171.0 lbs (77.6 kgs)Weigh-In Result 171.0 lbs (77.6 kgs)6'1"" (185cm)Height 6'3"" (191cm)71.0"" (180cm)Reach 75.0"" (191cm) - Professional MMA ""Gabi"" Nickname #23FlyW (Worldwide)Ranking #36FlyW (Worldwide)-435 (Heavy Favorite)Betting Odds +325 (Moderate Underdog)31 +11 mos, 3 wks, 6 daysAge at Fight 32 +4 mos, 1 day125.5 lbs (56.9 kgs)Weigh-In Result 126.0 lbs (57.2 kgs)5'6"" (168cm)Height 5'7"" (170cm)66.0"" (168cm)Reach 69.0"" (175cm) - manage_search 11-6-1Unranked#1 add_circlemanage_search 9-3-1UnrankedProfessional MMA#51MiddleW (Worldwide) Ranking #126MiddleW (Worldwide)-170 (Slight Favorite)Betting Odds +145 (Slight Underdog)31 +2 mos, 3 wks, 3 daysAge at Fight 35 +3 mos202.5 lbs (91.9 kgs)Weigh-In Result 204.5 lbs (92.8 kgs)6'0"" (183cm)Height 6'0"" (183cm)72.0"" (183cm)Reach 77.0"" (196cm) Cancelled & Fizzled Bouts Additional Event Information Weigh-In Results Event Discussion Event Production - U.S. Broadcast: ESPN - Promotion: Ultimate Fighting Championship - Ownership: Endeavor - Venue: UFC Apex - Location: Las Vegas, Nevada, United States - Enclosure: Octagon - Promotion Links: - Event Links: Tapology Predictions Tapology users can make predictions for MMA & Boxing fights. UFC Fight Night is still open for picks to be entered. Create an account to make your predictions. Below is the current breakdown of event predictions: Update / Claim Event Verify your connection to this event promotion in order to update the fight card and other details. Update / Claim Page",2025-05-08,https://www.tapology.com/fightcenter/events/127957-ufc-fight-night
Roman Dolidze vs. Anthony Hernandez: Bloody Elbow predictions suggest that 'Fluffy' will be too much for the Georgian,"The main event of UFC Vegas 109 is an exciting Middleweight clash, but one that the Bloody Elbow experts see as belonging to only one of the competitors. Two top ten Middleweight contenders face off in a bout that could have huge implications on the division, as Anthony Hernandez looks to add an eighth consecutive victory to his record. The fighter known as “Fluffy” will have to contend with Roman Dolidze, an impressive Georgian fighter who could be in a make-or-break situation in regards to his chances of being a top Middleweight fighter. The Bloody Elbow staff has made their predictions about what will happen in the main event of UFC Vegas 109 between Dolidze and Hernandez. - READ MORE – UFC Vegas 109 Full fight card as Roman Dolidze battles Anthony Hernandez in the Middleweight main event Roman Dolidze vs. Anthony Hernandez predictions Kye Dimond: “‘Fluffy’ Hernandez is just a nightmare in this division because of his gas tank. I can’t see Roman Dolidze putting him away early, so I’m expecting another middleweight Merab performance.” PREDICTION: ANTHONY HERNANDEZ VIA DECISION Ross Markey: “It seems like Anthony Hernandez is riding an almost unstoppable streak at the moment, regardless of who he is matched up with. And whether it’s against similar styles to his own or dynamic strikers, ‘Fluffy’ seems to prevail regardless. “Against Roman Dolidze, I’m picking Hernandez to endure an early onslaught from the Georgian en route to a late stoppage deep into their headliner.” PREDICTION: ANTHONY HERNANDEZ VIA STOPPAGE Hamish Woodward: Anthony Hernandez’s winning streak doesn’t look like it will come to an end at UFC Vegas 109, despite what should be a tough opponent in Roman Dolidze. His seven wins on the bounce must make him the favorite, especially against some impressive fighters like Roman Kopylov and Brendan Allen. He is a strong finisher who likes to put away fighters in the later rounds, and this bout should be no different. Expect a late finish win for Fluffy to move ever closer to a title fight in the future. PREDICTION: ANTHONY HERNANDEZ VIA STOPPAGE",2025-08-06,https://bloodyelbow.com/2025/08/06/roman-dolidze-vs-anthony-hernandez-bloody-elbow-predictions-suggest-that-fluffy-will-be-too-much-for-the-georgian/
Roman Dolidze vs. Anthony Hernandez announced as UFC Vegas 109 main event on Aug. 9,"Ultimate Fighting Championship (UFC) Middleweights will headline a Fight Night in “Sin City.” Roman Dolidze vs. Anthony Hernandez announced as UFC Vegas 109 main event on Aug. 9 No. 8-ranked Roman Dolidze will collide with No. 9-seeded Anthony Hernandez at UFC Vegas 109 on Sat., Aug. 9, 2025, inside the UFC Apex in Las Vegas, Nevada. Kevin K first reported the news. The two Middleweights were originally slated to clash at UFC 302 in June 2024, but Hernandez withdrew due to a torn hand ligament. Dolidze (15-3) enters the bout following a five-round unanimous decision victory over Marvin Vettori at UFC Vegas 104. The 36-year-old Georgian is riding a three-fight winning streak, with notable wins over Kevin Holland and Anthony Smith. UFC Vegas 109 marks Dolidze’s third UFC main event. Hernandez (14-2-1) is fresh off a unanimous decision win over Brendan Allen at UFC Seattle. “Fluffy” is enjoying the best run of his career, boasting a seven-fight winning streak with victories over Michel Pereira (watch highlights), Roman Kopylov, and Edmen Shahbazyan, among others. A victory over Dolidze could propel the 31-year-old into serious title contention, especially with the Middleweight division ripe for new challengers to face champion Dricus Du Plessis. Other fights announced for UFC Vegas 109 are the following: Eryk Anders vs. Christian Leroy Duncan Raffael Cerqueira vs. Julius Walker Julija Stoliarenko vs. Gabriella Fernandes Angela Hill vs. Iasmin Lucindo To checkout UFC’s upcoming schedule of events click here.",2025-05-25,https://www.mmamania.com/2025/5/25/24436795/roman-dolidze-vs-anthony-hernandez-announced-as-ufc-vegas-109-main-event-on-aug-9
Roman Dolidze vs Anthony Hernandez: Fight Overview,"9 Aug On August 9, the UFC Apex in Las Vegas will host a compelling middleweight matchup as Roman Dolidze faces Anthony Hernandez at UFC Fight Night. Both fighters are coming off decision victories and step into the Octagon with momentum and something to prove. Dolidze, known as ""The Caucasian,"" is coming off a hard-fought win over Marvin Vettori. The Georgian fighter, now 36, has built a reputation for combining physical strength with calculated pressure. With over half of his wins coming by knockout, Dolidze’s striking power is a key factor in any bout he enters. Across the cage stands Anthony ""Fluffy"" Hernandez, a versatile grappler with an unrelenting pace. His recent unanimous decision win against Brendan Allen showcased his ability to dictate rhythm and control exchanges on the ground. At 31, Hernandez is entering his prime, looking to climb higher in the rankings. The stylistic contrast is clear: Dolidze brings power and experience, while Hernandez leans on conditioning and submission threats. With both fighters sharing orthodox stances and similar physical dimensions, the difference may come down to timing and fight IQ. This bout is not for a title, but it carries serious implications for the middleweight pecking order. Expect a tactical, high-stakes contest between two contenders looking to break into the elite tier. The Tale of the Tape data is compiled from publicly available information on Sherdog | Roman Dolidze | Anthony Hernandez | |---|---| | Georgia | USA | | 15 - 3 - 0 (8 KOs) | 14 - 2 - 0 (3 KOs) | | middleweight (185 lbs / 83,9 kg) | middleweight (185 lbs / 83,9 kg) | | Age | | | Wins | | | Losses | | | Anthropometry | | The scheduled 5-round middleweight bout will take place on August 9, 2025. The full fight night schedule, including local start times for various countries, is listed below. Check the schedule to see when the event begins in your region. The fight night will start on Saturday, August 9 at 4:30 PM ET (New York time). The fight night will start on Saturday, August 9 at 1:30 PM PT (Los Angeles time). The fight night will start on Saturday, August 9 at 4:30 PM ET (Toronto time). The fight night will start on Saturday, August 9 at 9:30 PM BST (London time). The fight night will start on Saturday, August 9 at 10:30 PM SAST (Johannesburg time). The fight night will start on Sunday, August 10 at 4:30 AM PHT (Manila time). The fight night will start on Sunday, August 10 at 6:30 AM AEST (Sydney time). The fight night will start on Sunday, August 10 at 8:30 AM NZST (Wellington time). Note that the main event ring walk typically takes place about 1 to 1.5 hours after the main card begins. If you're mainly interested in the headline bout, there’s still some time — but it’s always worth watching the full card. You can stream the Dolidze vs Hernandez fight via ESPN+. Disclaimer: Some links to streaming or pay-per-view on this page may be affiliate links. If you make a purchase through them, we may earn a commission — at no extra cost to you. The fight will be held at the UFC Apex in Las Vegas, Nevada, USA. Full Fight card for Roman Dolidze vs Anthony Hernandez: Fight card subject to change | Division | Fighter #1 | Fighter #2 | Notes | |---|---|---|---| | middleweight (185 lbs) | Roman Dolidze (15 - 3 - 0) | Anthony Hernandez (14 - 2 - 0) | | | bantamweight (135 lbs) | Steve Erceg (12 - 4 - 0) | Ode Osbourne (13 - 8 - 0) | | | strawweight (115 lbs) | Iasmin Lucindo (17 - 6 - 0) | Angela Hill (18 - 14 - 0) | | | featherweight (145 lbs) | Andre Fili (24 - 12 - 0) | Christian Rodriguez (12 - 3 - 0) | | | bantamweight (135 lbs) | Miles Johns (15 - 3 - 0) | Jean Matsumoto (16 - 1 - 0) | | | middleweight (185 lbs) | Eryk Anders (17 - 8 - 0) | Christian Leroy Duncan (11 - 2 - 0) | | | light heavyweight (205 lbs) | Julius Walker (6 - 1 - 0) | Raffael Cerqueira (11 - 2 - 0) | | | bantamweight (135 lbs) | Elijah Smith (8 - 1 - 0) | Toshiomi Kazama (11 - 4 - 0) | | | bantamweight (135 lbs) | Joselyne Edwards (15 - 6 - 0) | Priscila Cachoeira (13 - 6 - 0) | | | welterweight (170 lbs) | Uros Medic (10 - 3 - 0) | Gilbert Urbina (7 - 3 - 0) | | | flyweight (125 lbs) | Gabriella Fernandes (10 - 3 - 0) | Julija Stoliarenko (11 - 8 - 2) | | | light heavyweight (205 lbs) | Cody Brundage (11 - 6 - 1) | Eric Mc Conico (9 - 3 - 1) |",2011-06-01,https://boxing-schedule.com/mma/dolidze-vs-hernandez/
Roman Dolidze vs Anthony Hernandez at UFC Vegas 109 09.08.25 - Bout Stats MMA Fighter,Roman Dolidze - Anthony Hernandez Roman Dolidze Dolidze UFC #9 MW - Age 37 - Reach 76 cm 193 cm - Height 74 cm 188 cm - Leg Reach 41 cm 104 cm - Last Weigh-In 186 lbs 84 kg Anthony Hernandez Hernandez UFC #10 MW - Age 31 - Reach 75 cm 191 cm - Height 72 cm 183 cm - Leg Reach 40 cm 102 cm - Last Weigh-In 186 lbs 84 kg Other Bouts UFC Vegas 109 - Steve Erceg12 - 4 - 09:00 PM ET • 3 x 5Bantamweight Bout 135 lbsOde Osbourne13 - 8 - 0 1 NC - Iasmin Lucindo17 - 6 - 08:30 PM ET • 3 x 5Strawweight Bout 115 lbsAngela Hill18 - 14 - 0 - Andre Fili24 - 12 - 0 1 NC8:00 PM ET • 3 x 5Featherweight Bout 145 lbsChristian Rodriguez12 - 3 - 0 - Miles Johns15 - 3 - 0 1 NC7:30 PM ET • 3 x 5Bantamweight Bout 135 lbsJean Matsumoto16 - 1 - 0 - Eryk Anders17 - 8 - 0 1 NC7:00 PM ET • 3 x 5Middleweight Bout 185 lbsChristian Leroy Duncan11 - 2 - 0 - Julius Walker6 - 1 - 06:05 PM ET • 3 x 5Light Heavyweight Bout 205 lbsRaffael Cerqueira11 - 2 - 0 - Elijah Smith8 - 1 - 05:40 PM ET • 3 x 5Bantamweight Bout 135 lbsToshiomi Kazama11 - 4 - 0 - Joselyne Edwards15 - 6 - 05:15 PM ET • 3 x 5Bantamweight Bout 135 lbsPriscila Cachoeira13 - 6 - 0 - Uros Medic10 - 3 - 04:50 PM ET • 3 x 5Welterweight Bout 170 lbsGilbert Urbina7 - 3 - 0 - Gabriella Fernandes10 - 3 - 04:25 PM ET • 3 x 5Flyweight Bout 125 lbsJulija Stoliarenko11 - 8 - 1 - Cody Brundage11 - 6 - 1 1 NC4:00 PM ET • 3 x 5Light Heavyweight Bout 205 lbsEric McConico9 - 3 - 1,2025-08-01,https://gidstats.com/events/ufc_fight_night-2457/roman_dolidze_vs_anthony_hernandez.html
Roman Dolidze vs Anthony Hernandez,"Find the best odds and up to date statistics for for Roman Dolidze vs Anthony Hernandez. Date: Aug 9, 2025 Location: UFC APEX Las Vegas, NV United States Cards: Main Card 11:00 pm ● Prelim Card 8:00 pm | 15/3/0 | Record (W::L::D) | 14/2/0 | | 8 | Wins By Knockout | 3 | | 3 | Wins By Submission | 8 | | 8 | First Round Finishes | 5 | | 12:24 | Avg Fight Time | 09:47 | | 43% | Sig Strike Accuracy % | 64% | | 50% | Sig Strike Defense % | 46% | | 41% | Take Down Accuracy % | 45% | | 33% | Takedown Defence % | 67% | | #8 Middleweight Division | Tags | #9 Middleweight Division | | 74.00 | Height (in) | 72.00 | | 186.00 | Weight (lb) | 186.00 | | 76.00 | Arm Reach (in) | 75.00 | | 41.00 | Leg Reach (in) | 40.00 | | Jul. 18, 2020 | UFC Debut | Feb. 2, 2019 | | Batumi, Georgia | Born | Oakland, United States | | MMA | Fighting Style | Striker | | 36 | Age | 31 | | Opponent | Method | Method | Opponent | |---|---|---|---| | Marvin Vettori 03-15-2025 | Decision - Unanimous 5 - 5:00 | Decision - Unanimous 3 - 5:00 | Brendan Allen 02-22-2025 | | Kevin Holland 10-05-2024 | KO/TKO 1 - 5:00 | KO/TKO 5 - 2:22 | Michel Pereira 10-19-2024 | | Anthony Smith 06-29-2024 | Decision - Unanimous 3 - 5:00 | Submission 2 - 3:23 | Roman Kopylov 02-17-2024 | | Nassourdine Imavov 02-03-2024 | Decision - Majority 5 - 5:00 | KO/TKO 3 - 1:01 | Edmen Shahbazyan 05-20-2023 | | Marvin Vettori 03-18-2023 | Decision - Unanimous 3 - 5:00 | Submission 3 - 1:53 | Marc Andre Barriault 09-17-2022 | Card: Main Card Card Start Time: 11:00 PM Explore our in-depth fight analysis articles, providing expert predictions and bettor insights for the upcoming clash between these two fighters. Our analysts dive deep into fighters' stats, strategies, and previous performances to offer you the best betting tips and predictions. When it comes to betting on UFC fights, understanding the odds offered by different bookmakers is crucial for maximizing your potential payouts. Below, we provide detailed insights into the odds for Roman Dolidze vs Anthony Hernandez, helping you make the most informed betting decisions. Roman Dolidze is currently the underdog fighter with the average odds of +256. Payout is based on a $1,000 bet. Bookmakers' odds reflect the implied probability of Roman Dolidze winning: Anthony Hernandez is currently the favored fighter with the average odds of -325. Payout is based on a $1,000 bet. Bookmakers' odds reflect the implied probability of Anthony Hernandez winning: Use our odds converter tool to convert odds, calculate implied probability, and profit for any odds format. Roman Dolidze vs Anthony Hernandez starts at 2025-08-09 23:00:00 UTC. The favorite fighter in Roman Dolidze vs Anthony Hernandez is: Anthony Hernandez. Currently, the best odds for Anthony Hernandez is -300 brought to you by BetMGM. The underdog fighter in Roman Dolidze vs Anthony Hernandez is: Roman Dolidze. Currently, the best odds for Roman Dolidze is +275 brought to you by DraftKings. The bookmaker with the best odds if you want to bet on Anthony Hernandez is BetMGM. Current odds for BetMGM is -300. The bookmaker with the best odds if you want to bet on Roman Dolidze is DraftKings. Currently odds for DraftKings is +275. If you wanted to bet on the underdog, Roman Dolidze, the best bookmaker is DraftKings (+275). If you wanted to bet on the favored fighter, Anthony Hernandez, the best odds are offered by BetMGM (-300).",2024-01-01,https://www.ufcbetcompanion.com/event-fighter/3838-Roman%20Dolidze%20vs%20Anthony%20Hernandez
UFC Fight Night: How to watch Dolidze vs Hernandez on ESPN,"The UFC's next Fight Night features a middleweight main event between Roman Dolidze and Anthony Hernandez on Saturday from inside the APEX in Las Vegas. Coverage begins at 4 p.m. ET on ESPN+. ESPN will pick up the coverage at 4:30 p.m. ET. The main card is scheduled to begin at 7 p.m. ET. Dolidze (15-3-0) looks to extend his winning streak to four straight. The 37-year-old Batumi, Georgia, native defeated Marvin Vettori in an unanimous decision in his last bout in March. With the win, Dolidze avenged his March 2023 loss to Vettori. Hernandez (14-2-0) enters the showdown with seven straight victories. The 31-year-old Brazilian jiu-jitsu specialist out of Dunnigan, California, hasn't been on the losing end of a fight since falling to Kevin Holland in the first round in May 2020. Flyweights Steve Erceg and Ode' Osbourne will face off in Saturday's co-main event. Erceg (12-4-0) enters the Octagon looking to end his three-fight slide, while Osbourne (13-8-0) looks to stay hot after handing Luis Gurule his first loss in April. What are the top storylines at UFC Fight Night? How are experts breaking them down? What do the fighters have to say? Here is the fight card, how to watch it and a collection of all of the UFC Fight Night essentials: UFC Fight Night fight card ESPN and ESPN+, 7 p.m. ET Middleweight: Roman Dolidze vs. Anthony Hernandez Flyweight: Steve Erceg vs. Ode' Osbourne Women's strawweight: Iasmin Lucindo vs. Angela Hill Featherweight: Andre Fili vs. Christian Rodriguez Bantamweight: Miles Johns vs. Jean Matsumoto Middleweight: Eryk Anders vs. Christian Leroy Duncan ESPN+, 4 p.m. ET (and ESPN beginning at 4:30 p.m. ET) Light heavyweight: Julius Walker vs. Rafael Cerqueira Bantamweight: Elijah Smith vs. Toshiomi Kazama Women's bantamweight: Joselyne Edwards vs. Priscila Cachoeira Welterweight: Uros Medic vs. Gilbert Urbina Women's flyweight: Gabriella Fernandes vs. Julija Stoliarenko How to watch the fights Watch the fights on ESPN+: Get ESPN+ here. Fans can catch all the action in the UFC streaming hub. There's also FightCenter, which offers live updates for every UFC card.",2025-08-06,https://www.espn.com/mma/ufc/story/_/id/45916727/ufc-fight-night-how-watch-roman-dolidze-vs-anthony-hernandez
"UFC Fight Night: Expert picks, best bets for Dolidze vs. Hernandez","Roman Dolidze meets Anthony Hernandez in a main event matchup of streaking middleweights at UFC Fight Night on Saturday at UFC Apex in Las Vegas (7 p.m. ET on ESPN/ESPN+; prelims at 4 p.m.). Dolidze (15-3), No. 10 in ESPN's 185-pound rankings, has won three fights in a row, most recently a unanimous decision over Marvin Vettori in March. Hernandez (14-2, 1 NC), who is unranked by ESPN but recently was in the top 10, is on a seven-fight winning streak. His latest victory was a unanimous decision over Brendan Allen in February. Prior to that, he had four straight finishes. Dolidze and Hernandez were booked to meet last year, but the fight was canceled after Hernandez injured his hand. ESPN MMA analyst Din Thomas provides his main event prediction, and ESPN betting expert Ian Parker adds insight on the value bets available on the fight card. Middleweight: Roman Dolidze vs. Anthony Hernandez Prediction: Dolidze by submission. I'm sticking to my underdog pick, even though I can't trust Dolidze sometimes. He's not always the most cerebral fighter, but I think he's got the best guard in MMA. If he gets taken down, it's not a big deal. He doesn't even need to fight the takedown, because when he's on the canvas, it only presents new problems for Hernandez. Dolidze's guard is going to give Hernandez some problems. -- Din Thomas Betting analysis Odds accurate as of Aug. 7. For the most up-to-date odds, visit ESPN BET. Parker: Hernandez to win (-350); over 2.5 rounds (+160). Riding an impressive win streak, Hernandez enters this match against Dolidze as the heavy favorite. If you like the price for Hernandez, make him the anchor in your parlay. Otherwise, take Hernandez to win and the over at 2.5 rounds. The price on this outcome will get the number down drastically. As good as Dolidze has been during his own win streak, I don't know how he can win this fight. Unless he is able to knock out Hernandez early, I expect Hernandez to set a chaotic pace that will slow down Dolidze as the fight progresses. If a finish happens, I would look for it in Round 4 or 5. Parker's best bets on the rest of the card Men's bantamweight: Steve Erceg vs Ode' Osbourne Erceg to win by submission or decision. ""Astroboy"" Erceg comes in as a huge favorite over Osbourne. Erceg is on a three-fight losing streak, but he fell to three of the top five flyweights in ESPN's divisional rankings in No. 1 Alexandre Pantoja, No. 5 Kai Kara-France and No. 4 Brandon Moreno. Erceg, who is fighting Osbourne up at 135 pounds, should be able to get back in the win column on Saturday. Erceg is the better striker in this matchup, but he does have to watch out for the power of Osbourne, who is coming off a knockout win over Luis Gurule in April. Erceg's biggest advantage will be on the ground, where Osbourne has struggled tremendously. Featherweight: Christian Rodriguez vs Andre Fili Rodriguez to win (-235); over 1.5 rounds. Six of Rodriguez's eight UFC bouts have ended in decision, and on Saturday he takes on a seasoned vet who is durable and can keep up a fast pace. However, I think Fili is on the downside of his career, while Rodriguez is still growing. Look for Rodriguez to push the pace and lean on his grapple-heavy approach, taking away any chance Fili has to land a knockout punch. Taking Rodriguez to win and the over at 1.5 rounds will bring the line down significantly. Welterweight: Gilbert Urbina vs Uros Medic Urbina to win (+325). Medic is a huge favorite -- even though he is coming off a first-round knockout loss to Punahele Soriano in January. Urbina has shown at times he can be an absolute monster, and Medic has not done well with pressure applied. Urbina also will have the advantage in wrestling, if he can manage his gas tank properly. So do I think Medic should be the favorite? Sure. But this big? No way. I am going to take a flier on the big underdog, who I think actually has a path to victory.",2025-08-07,https://www.espn.com.au/mma/story/_/id/45915939/ufc-fight-night-expert-picks-best-bets-roman-dolidze-anthony-hernandez
"UFC on ESPN 72: How to watch Roman Dolidze vs. Anthony Hernandez, Vegas lineup, odds, more","UFC on ESPN 72: How to watch Roman Dolidze vs. Anthony Hernandez, Vegas lineup, odds, more (This story was updated to add new information.) The UFC stays in its “Sin City” home base for a second straight week with a big middleweight clash at the top of the bill. Here's how to watch UFC on ESPN 72 with 185-pound contenders in the headlining spot. Broadcast and streaming info UFC on ESPN 72 has a main card that airs at 9 p.m. ET on ESPN. The preliminary card airs on ESPN and streams on ESPN+ at 6 p.m. ET. Veteran broadcaster Dan Hellie serves as desk anchor and host at UFC on ESPN 72. Former UFC middleweight champion Chris Weidman, welterweight veteran Alan Jouban and coach Din Thomas join him at the desk as analysts throughout the broadcast and on the post-fight show. Longtime UFC correspondent and host Karyn Bryant will conduct pre and post-fight interviews backstage with some of the athletes on the UFC on ESPN 72 card, as well as report additional real-time updates for the event. John Gooden will serve as the leading man on the mic from cageside at UFC on ESPN 72. He'll command play-by-play and be joined in the booth by UFC Hall of Famer Daniel Cormier and former UFC/WEC champion Dominick Cruz. Din Thomas will also join the booth during the broadcast as a coach-analyst. (Mike Bohn–MMA Junkie) Main event: Roman Dolidze - Record: 15-3 MMA, 9-3 UFC - Opponent: Anthony Hernandez (14-2 MMA, 8-2 UFC) - Division: Middleweight - Key wins: Marvin Vettori, Kevin Holland, Anthony Smith, Jack Hermansson - Misc.: Dolidze had a stellar four-fight run a few years back that included three bonuses, but then he ran into a two-fight skid. That’s well in the rearview mirror, though. He’s now won three straight against former light heavyweight title challenger Anthony Smith, Kevin Holland and former middleweight title challenger Marvin Vettori – which avenged a decision loss from two years prior. Main event: Anthony Hernandez - Record: 14-2 MMA, 8-2 UFC - Opponent: Roman Dolidze (15-3 MMA, 9-3 UFC) - Division: Middleweight - Key wins: Brendan Allen, Michel Pereira, Roman Kopylov, Edmen Shahbazyan, Marc-Andre Barriault - Misc.: It’s been more than five years since Hernandez was stopped in just 39 seconds by Kevin Holland. Since then, he has seven straight wins – including five by stoppage and three post-fight bonuses. A win over Dolidze would make it hard to deny him the right to ask for a title shot. Co-main event: Steve Erceg - Record: 12-4 MMA, 3-3 UFC - Opponent: Ode Osbourne (13-8 MMA, 5-6 UFC) - Division: Bantamweight - Key wins: Matt Schnell - Misc.: Erceg got a title shot on the strength of a 3-0 start in the UFC, including two post-fight bonuses. But he dropped a decision to champ Alexandre Pantoja 15 months ago, which set off his current three-fight skid that includes losses to recent title challenger Kai Kara-France and former champ Brandon Moreno, the latter of which came in March. Erceg was set to fight Alex Perez, who pulled out. Then HyunSung Park was rebooked to fight Tatsuro Taira two days ago, making Osbourne Erceg’s third opponent. Due to the short notice, the fight will take place at bantamweight and not flyweight. Co-main event: Ode Osbourne - Record: 13-8 MMA, 5-6 UFC - Opponent: Steve Erceg (12-4 MMA, 3-3 UFC) - Division: Bantamweight - Key wins: Charles Johnson, CJ Vergara - Misc.: On the heels of a three-fight skid and four losses in five bouts, Osbourne got a crucial win in April when he took out Luis Gurule with a bonus-winning knockout. That was his first win in more than two years after losses to Asu Almabayev, Jafel Filho and Ronaldo Rodriguez. Due to the short notice, the fight will take place at bantamweight and not flyweight. UFC on ESPN 72 lineup MAIN CARD (ESPN, ESPN+, 7 p.m. ET) - Roman Dolidze vs. Anthony Hernandez - Steve Erceg vs. Ode Osbourne - Angela Hill vs. Iasmin Lucindo - Andre Fili vs. Christian Rodriguez - Miles Johns vs. Jean Matsumoto - Eryk Anders vs. Christian Leroy Duncan PRELIMINARY CARD (ESPN, ESPN+, 4 p.m. ET) - Rafael Cerqueira vs. Julius Walker - Toshiomi Kazama vs. Elijah Smith - Priscila Cachoeira vs. Joselyne Edwards - Uros Medic vs. Gilbert Urbina - Gabriella Fernandes vs. Julija Stoliarenko - Cody Brundage vs. Eric McConico UFC on ESPN 72 main card betting odds - Dolidze +250, Hernandez -340 - Erceg -400, Osbourne +285 - Hill +150, Lucindo -190 - Fili +170, Rodriguez -225 - Johns +240, Matsumoto -330 - Anders +340, Leroy Duncan -500 UFC on ESPN 72 prelim betting odds - Cerqueira +400, Walker -620 - Kazama +390, Smith -590 - Cachoeira +215, Edwards -290 - Medic -390, Urbina +280 - Fernandes -440, Stoliarenko +310 - Brundage -200, McConico +150",2025-08-04,https://mmajunkie.usatoday.com/story/sports/ufc/2025/08/04/ufc-espn-72-roman-dolidze-vs-anthony-hernandez-start-time-lineup-odds/85501445007/
"2025 UFC event schedule: Roman Dolidze vs. Anthony Hernandez, Dricus du Plessis vs. Khamzat Chimaev on tap","2025 UFC event schedule: Roman Dolidze vs. Anthony Hernandez, Dricus du Plessis vs. Khamzat Chimaev on tap Check out a complete list of UFC pay-per-view and Fight Night events scheduled for 2025 The UFC middleweight division takes center stage. Contender Anthony Hernandez and Roman Dolidze headline UFC Fight Night on Saturday, one week before UFC 319's blockbuster title fight between Dricus du Plessis and Khamzat Chimaev. Dolidze and Hernandez are running relatively hot hands. Dolidze is on a three-fight winning streak and hopes to reignite belief in a run to the top. ""Fluffy"" Hernandez has won seven straight, but only makes small incremental ranking gains due to UFC matchmaking. Another win for Hernandez sets him up, hopefully, for bigger names. Next week, UFC middleweight champion Du Plessis makes arguably his most anticipated title defense against Chimaev. Chimaev, long deemed a future champion, earned his shot by violently submitting Robert Whittaker. Du Plessis has exceeded everyone's expectations. His dominant run includes wins over Israel Adesanya, Sean Strickland (twice) and Whittaker. Du Plessis vs. Chimaev headlines UFC 319. A late addition co-main event pits UFC debutant Aaron Pico against featherweight contender Lerone Murphy. Take a look below at the current UFC event schedule for 2025. Be sure to check back on this page for more information on upcoming UFC events throughout the year. Upcoming UFC Schedule | Event | Date | Main event | Weight class | Location | TV | |---|---|---|---|---|---| | UFC Fight Night | Aug. 9 | Roman Dolidze vs. Anthony Hernandez | Middleweight | Las Vegas | ESPN+ | | UFC 319 | Aug. 16 | Dricus du Plessis (c) vs. Khamzat Chimaev | Middleweight title | Chicago | ESPN+ PPV | | UFC Fight Night | Aug. 23 | Johnny Walker vs. Zhang Mingyang | Light heavyweight | Shanghai | ESPN+ | | UFC Fight Night | Sept. 6 | Nassourdine Imavov vs. Caio Borralho | Middleweight | Paris | ESPN+ | | UFC Fight Night | Sept. 13 | Diego Lopes vs. Jean Silva | Featherweight | San Antonio, Texas | ESPN+ | | UFC FIght Night | Sept. 27 | Carlos Ulberg vs. Dominick Reyes | Light heavyweight | Perth, Australia | ESPN+ | | UFC 320 | Oct. 4 | Magomed Ankalaev vs. Alex Pereira 2 | Light heavyweight title | Las Vegas | ESPN+ PPV | | UFC Fight Night | Oct. 11 | TBA | TBA | Rio de Janeiro | ESPN+ | | UFC Fight Night | Oct. 18 | TBA | TBA | Vancouver | ESPN+ | | UFC 321 | Oct. 25 | Tom Aspinall vs. Ciryl Gane | Heavyweight title | Abu Dhabi | ESPN+ PPV | | UFC Fight Night | Nov. 22 | TBA | TBA | Doha, Qatar | ESPN+ |",2025-08-05,https://www.cbssports.com/mma/news/2025-ufc-event-schedule-roman-dolidze-vs-anthony-hernandez-dricus-du-plessis-vs-khamzat-chimaev-on-tap/
UFC Vegas 109 Weigh-in Results - Dolidze vs. Hernandez,"UFC Vegas 109 Weigh-in Results – Dolidze vs. Hernandez Get the latest UFC Vegas 109 weigh-in results – Dolidze vs. Hernandez Las Vegas, NV – UFC is set to electrify the APEX once again on Saturday, August 9, with a high-stakes UFC Fight Night headlined by a clash of ranked middleweight contenders, No. 8 Roman Dolidze and No. 9 Anthony Hernandez. The action-packed night also features a critical flyweight co-main event as Alex Perez faces off against Steve Erceg. The official weigh-in results are available below. The event will be broadcast live on ESPN, ESPN Deportes, and ESPN+, with prelims kicking off at 3 p.m. PT / 6 p.m. ET and the main card beginning at 6 p.m. PT / 9 p.m. ET. MAIN EVENT: Roman Dolidze vs. Anthony Hernandez Roman Dolidze (15-3), hailing from Batumi, Georgia, makes his second UFC headlining appearance. With signature wins over Marvin Vettori, Kevin Holland, and Anthony Smith, Dolidze enters the bout aiming to solidify his place in the Top 5 of the middleweight division. Anthony “Fluffy” Hernandez (14-2, 1 NC), from Dunnigan, California, rides a dominant seven-fight winning streak, highlighted by finishes over Michel Pereira, Roman Kopylov, and Edmen Shahbazyan. A win over Dolidze would mark the biggest moment of his UFC career. CO-MAIN EVENT: Alex Perez vs. Steve Erceg Alex Perez (25-9), a Contender Series veteran and former title challenger, brings elite striking and wrestling to the Octagon. He looks to maintain momentum after victories over Matheus Nicolau, Jussier Formiga, and Jordan Espinosa. Steve Erceg (12-4) of Perth, Australia, aims to bounce back from a recent loss and reestablish his position in the flyweight title mix. Known for his finishing ability, Erceg holds wins over Matt Schnell, Alessandro Costa, and David Dvořák. How to Watch: - Network: ESPN, ESPN Deportes, ESPN+ - Prelims: 3 p.m. PT / 6 p.m. ET - Main Card: 6 p.m. PT / 9 p.m. ET - Location: UFC APEX, Las Vegas, Nevada UFC Vegas 109 Weigh-in Results – Dolidze vs. Hernandez: Main Card (ESPN, ESPN+, 7 p.m. ET) - Roman Dolidze (185.5) vs. Anthony Hernandez (186.5)* - Steve Erceg (135.5) vs. Ode Osbourne (135.5) - Angela Hill (116) vs. Iasmin Lucindo (115) - Andre Fili (146) vs. Christian Rodriguez (146) - Miles Johns (136) vs. Jean Matsumoto (136) - Eryk Anders (186) vs. Christian Leroy Duncan (185) Prelims (ESPN, ESPN+, 4 p.m. ET) - Rafael Cerqueira (203) vs. Julius Walker (206) - Toshiomi Kazama (136) vs. Elijah Smith (136) - Priscila Cachoeira (134) vs. Joselyne Edwards (136.5)** - Uros Medic (171) vs. Gilbert Urbina (171) - Gabriella Fernandes (125.5) vs. Julija Stoliarenko (126.25)*** - Cody Brundage (202.5) vs. Eric McConico (204.5) - *Hernandez missed the middleweight limit by 0.5 pounds on the first attempt; bout status and fine amount TBD - ** Edwards missed women’s bantamweight limit by 0.25 pounds on first attempt; bout status and fine amount TBD - *** Stoliarenko missed the women’s flyweight limit by 0.25 pounds on the first attempt; bout status and fine amount TBD Roberto Villa is the CEO, Founder, Executive Writer, Senior Editor of FightBook MMA. Has a passion for Combat Sports and also a podcast host for Sitting Ringside. He’s also a former MMA fighter and Kickboxer. Discover more from FightBook MMA Subscribe to get the latest posts sent to your email.",2025-08-08,https://www.fightbookmma.com/ufc-vegas-109-weigh-in-results-dolidze-vs-hernandez-updates/
UFC Vegas 109: Dolidze vs. Hernandez Weigh-In Results,"For the second straight week, the UFC octagon is back at the Apex in Las Vegas, with UFC Vegas 109 headlined by ranked middleweights Roman Dolidze and Anthony “Fluffy” Hernandez. Last weekend’s Apex affair had a downright dreadful lack of star power, but produced some very, very entertaining fights. Could this week’s outing offer similar value? Without question, UFC Vegas 109 boasted bigger names than its predecessor, with former title challenger Steve Erceg in action in the co-main event, and names like Eryk Anders, Andre Fili, and Angela Hill taking part. Weigh-ins for UFC Vegas 109 get underway on Friday, August 8, 2025 starting at 12PM ET, 9AM PT. Full results from Friday’s official weigh-in can be found below. UFC Vegas 109: Dolidze vs. Hernandez Weigh-In Results Main card Middleweight: Roman Dolidze (185.5) vs. Anthony Hernandez (186)* Bantamweight: Steve Erceg (135.5) vs. Ode’ Osbourne (135.5) Women’s Strawweight: Iasmin Lucindo (115) vs. Angela Hill (116) Featherweight: Andre Fili (146) vs. Christian Rodriguez (146) Bantamweight: Miles Johns (136) vs. Jean Matsumoto (136) Middleweight: Eryk Anders (186) vs. Christian Leroy Duncan (185) Preliminary card Light Heavyweight: Julius Walker (206) vs. Raffael Cerqueira (203) Bantamweight: Elijah Smith (136) vs. Toshiomi Kazama (136) Women’s Bantamweight: Joselyne Edwards (136.)** vs. Priscila Cachoeira (134) Welterweight: Uroš Medić (171) vs. Gilbert Urbina (171) Women’s Flyweight: Gabriella Fernandes (125.5) vs. Julija Stoliarenko (126.)*** Light Heavyweight: Cody Brundage (202.5) vs. Eric McConico (204.5) * Hernandez made weight on second attempt ** Edwards made weight on second attempt *** Stoliarenko made weigh ton second attempt",2025-08-08,https://cagesidepress.com/2025/08/08/ufc-vegas-109-dolidze-vs-hernandez-weigh-in-results/
"UFC Vegas 109 fight card, start time, date and location | Dolidze vs. Hernandez","Event: UFC Vegas 109: “Dolidze vs. Hernandez” Date: Sat., Aug. 9, 2025 Location: UFC APEX in Las Vegas, Nevada Broadcast: ESPN/ESPN+ Start Time: 4 p.m. ET Prelims Card | 7 p.m. ET Main Card UFC Vegas 109 fight card, start time, date and location | Dolidze vs. Hernandez It’s a battle of Top 10 middleweight contenders when Roman Dolidze collides with Anthony Hernandez atop the UFC Vegas 109 fight card this weekend at APEX, with the winner moving to the top of a very short list of eligible 185-pound title contenders! UFC Vegas 109 Main Event On ESPN/ESPN+: 185 lbs.: Roman Dolidze vs. Anthony Hernandez UFC Vegas 109 Main Card on ESPN/ESPN+ (7 p.m. ET): 125 lbs.: Steve Erceg vs. Ode Osbourne 115 lbs.: Angela Hill vs. Iasmin Lucindo 145 lbs.: Andre Fili vs. Christian Rodriguez 145 lbs.: Miles Johns vs. Jean Matsumoto 185 lbs.: Eryk Anders vs. Christian Leroy Duncan UFC Vegas 109 Prelims Card on ESPN/ESPN+ (4 p.m. ET): 205 lbs.: Julius Walker vs. Raffael Cerqueira 135 lbs.: Elijah Smith vs. Toshiomi Kazama 135 lbs.: Priscila Cachoeira vs. Joselyne Edwards 170 lbs.: Uros Medic vs. Gilbert Urbina 125 lbs.: Gabriella Fernandes vs. Julija Stoliarenko 205 lbs.: Cody Brundage vs. Eric McConico *Fight card, bout order and amount of fights remain subject to change.* MIDDLEWEIGHT MAYHEM! Ultimate Fighting Championship (UFC) returns to its APEX facility in Las Vegas, Nevada, on Sat., Aug. 9, 2025, with UFC Vegas 109. That’s where No. 8-ranked Middleweight contender, Roman Dolidze, clashes with No. 10-seeded Anthony Hernandez in a high-stakes main event showdown scheduled for five, five-minute rounds. In UFC Vegas 109’s co-main event, former Flyweight title challenger, Steve Erceg, takes on Ode Osbourne, with both fighters looking to climb the 125-pound rankings. MMAmania.com will deliver LIVE round-by-round, blow-by-blow coverage of the entire UFC Vegas 109 fight card RIGHT HERE, starting with the ESPN+ “Prelims” undercard bouts at 4 p.m. ET, followed by the remaining main card balance on ESPN/ESPN+ at 7 p.m. ET. To checkout the latest and greatest UFC Vegas 109 news and notes be sure to hit up our comprehensive event archive here.",2025-07-04,https://www.mmamania.com/2025/7/4/24461707/ufc-vegas-109-fight-card-start-time-date-location-dolidze-vs-hernandez-apex-espn-mma
Roman Dolidze vs Anthony Hernandez at UFC Vegas 109 09.08.25 - Bout Stats MMA Fighter,Roman Dolidze - Anthony Hernandez Roman Dolidze Dolidze UFC #9 MW - Age 37 - Reach 76 cm 193 cm - Height 74 cm 188 cm - Leg Reach 41 cm 104 cm - Last Weigh-In 186 lbs 84 kg Anthony Hernandez Hernandez UFC #10 MW - Age 31 - Reach 75 cm 191 cm - Height 72 cm 183 cm - Leg Reach 40 cm 102 cm - Last Weigh-In 186 lbs 84 kg Other Bouts UFC Vegas 109 - Steve Erceg12 - 4 - 09:00 PM ET • 3 x 5Bantamweight Bout 135 lbsOde Osbourne13 - 8 - 0 1 NC - Iasmin Lucindo17 - 6 - 08:30 PM ET • 3 x 5Strawweight Bout 115 lbsAngela Hill18 - 14 - 0 - Andre Fili24 - 12 - 0 1 NC8:00 PM ET • 3 x 5Featherweight Bout 145 lbsChristian Rodriguez12 - 3 - 0 - Miles Johns15 - 3 - 0 1 NC7:30 PM ET • 3 x 5Bantamweight Bout 135 lbsJean Matsumoto16 - 1 - 0 - Eryk Anders17 - 8 - 0 1 NC7:00 PM ET • 3 x 5Middleweight Bout 185 lbsChristian Leroy Duncan11 - 2 - 0 - Julius Walker6 - 1 - 06:05 PM ET • 3 x 5Light Heavyweight Bout 205 lbsRaffael Cerqueira11 - 2 - 0 - Elijah Smith8 - 1 - 05:40 PM ET • 3 x 5Bantamweight Bout 135 lbsToshiomi Kazama11 - 4 - 0 - Joselyne Edwards15 - 6 - 05:15 PM ET • 3 x 5Bantamweight Bout 135 lbsPriscila Cachoeira13 - 6 - 0 - Uros Medic10 - 3 - 04:50 PM ET • 3 x 5Welterweight Bout 170 lbsGilbert Urbina7 - 3 - 0 - Gabriella Fernandes10 - 3 - 04:25 PM ET • 3 x 5Flyweight Bout 125 lbsJulija Stoliarenko11 - 8 - 1 - Cody Brundage11 - 6 - 1 1 NC4:00 PM ET • 3 x 5Light Heavyweight Bout 205 lbsEric McConico9 - 3 - 1,2025-08-01,https://gidstats.com/events/ufc_fight_night-2457/roman_dolidze_vs_anthony_hernandez.html
UFC Fight Night: How to watch Dolidze vs Hernandez on ESPN,"The UFC's next Fight Night features a middleweight main event between Roman Dolidze and Anthony Hernandez on Saturday from inside the APEX in Las Vegas. Coverage begins at 4 p.m. ET on ESPN+. ESPN will pick up the coverage at 4:30 p.m. ET. The main card is scheduled to begin at 7 p.m. ET. Dolidze (15-3-0) looks to extend his winning streak to four straight. The 37-year-old Batumi, Georgia, native defeated Marvin Vettori in an unanimous decision in his last bout in March. With the win, Dolidze avenged his March 2023 loss to Vettori. Hernandez (14-2-0) enters the showdown with seven straight victories. The 31-year-old Brazilian jiu-jitsu specialist out of Dunnigan, California, hasn't been on the losing end of a fight since falling to Kevin Holland in the first round in May 2020. Flyweights Steve Erceg and Ode' Osbourne will face off in Saturday's co-main event. Erceg (12-4-0) enters the Octagon looking to end his three-fight slide, while Osbourne (13-8-0) looks to stay hot after handing Luis Gurule his first loss in April. What are the top storylines at UFC Fight Night? How are experts breaking them down? What do the fighters have to say? Here is the fight card, how to watch it and a collection of all of the UFC Fight Night essentials: UFC Fight Night fight card ESPN and ESPN+, 7 p.m. ET Middleweight: Roman Dolidze vs. Anthony Hernandez Flyweight: Steve Erceg vs. Ode' Osbourne Women's strawweight: Iasmin Lucindo vs. Angela Hill Featherweight: Andre Fili vs. Christian Rodriguez Bantamweight: Miles Johns vs. Jean Matsumoto Middleweight: Eryk Anders vs. Christian Leroy Duncan ESPN+, 4 p.m. ET (and ESPN beginning at 4:30 p.m. ET) Light heavyweight: Julius Walker vs. Rafael Cerqueira Bantamweight: Elijah Smith vs. Toshiomi Kazama Women's bantamweight: Joselyne Edwards vs. Priscila Cachoeira Welterweight: Uros Medic vs. Gilbert Urbina Women's flyweight: Gabriella Fernandes vs. Julija Stoliarenko How to watch the fights Watch the fights on ESPN+: Get ESPN+ here. Fans can catch all the action in the UFC streaming hub. There's also FightCenter, which offers live updates for every UFC card.",2025-08-06,https://www.espn.com/mma/ufc/story/_/id/45916727/ufc-fight-night-how-watch-roman-dolidze-vs-anthony-hernandez
"UFC Fight Night: Expert picks, best bets for Dolidze vs. Hernandez","Roman Dolidze meets Anthony Hernandez in a main event matchup of streaking middleweights at UFC Fight Night on Saturday at UFC Apex in Las Vegas (7 p.m. ET on ESPN/ESPN+; prelims at 4 p.m.). Dolidze (15-3), No. 10 in ESPN's 185-pound rankings, has won three fights in a row, most recently a unanimous decision over Marvin Vettori in March. Hernandez (14-2, 1 NC), who is unranked by ESPN but recently was in the top 10, is on a seven-fight winning streak. His latest victory was a unanimous decision over Brendan Allen in February. Prior to that, he had four straight finishes. Dolidze and Hernandez were booked to meet last year, but the fight was canceled after Hernandez injured his hand. ESPN MMA analyst Din Thomas provides his main event prediction, and ESPN betting expert Ian Parker adds insight on the value bets available on the fight card. Middleweight: Roman Dolidze vs. Anthony Hernandez Prediction: Dolidze by submission. I'm sticking to my underdog pick, even though I can't trust Dolidze sometimes. He's not always the most cerebral fighter, but I think he's got the best guard in MMA. If he gets taken down, it's not a big deal. He doesn't even need to fight the takedown, because when he's on the canvas, it only presents new problems for Hernandez. Dolidze's guard is going to give Hernandez some problems. -- Din Thomas Betting analysis Odds accurate as of Aug. 7. For the most up-to-date odds, visit ESPN BET. Parker: Hernandez to win (-350); over 2.5 rounds (+160). Riding an impressive win streak, Hernandez enters this match against Dolidze as the heavy favorite. If you like the price for Hernandez, make him the anchor in your parlay. Otherwise, take Hernandez to win and the over at 2.5 rounds. The price on this outcome will get the number down drastically. As good as Dolidze has been during his own win streak, I don't know how he can win this fight. Unless he is able to knock out Hernandez early, I expect Hernandez to set a chaotic pace that will slow down Dolidze as the fight progresses. If a finish happens, I would look for it in Round 4 or 5. Parker's best bets on the rest of the card Men's bantamweight: Steve Erceg vs Ode' Osbourne Erceg to win by submission or decision. ""Astroboy"" Erceg comes in as a huge favorite over Osbourne. Erceg is on a three-fight losing streak, but he fell to three of the top five flyweights in ESPN's divisional rankings in No. 1 Alexandre Pantoja, No. 5 Kai Kara-France and No. 4 Brandon Moreno. Erceg, who is fighting Osbourne up at 135 pounds, should be able to get back in the win column on Saturday. Erceg is the better striker in this matchup, but he does have to watch out for the power of Osbourne, who is coming off a knockout win over Luis Gurule in April. Erceg's biggest advantage will be on the ground, where Osbourne has struggled tremendously. Featherweight: Christian Rodriguez vs Andre Fili Rodriguez to win (-235); over 1.5 rounds. Six of Rodriguez's eight UFC bouts have ended in decision, and on Saturday he takes on a seasoned vet who is durable and can keep up a fast pace. However, I think Fili is on the downside of his career, while Rodriguez is still growing. Look for Rodriguez to push the pace and lean on his grapple-heavy approach, taking away any chance Fili has to land a knockout punch. Taking Rodriguez to win and the over at 1.5 rounds will bring the line down significantly. Welterweight: Gilbert Urbina vs Uros Medic Urbina to win (+325). Medic is a huge favorite -- even though he is coming off a first-round knockout loss to Punahele Soriano in January. Urbina has shown at times he can be an absolute monster, and Medic has not done well with pressure applied. Urbina also will have the advantage in wrestling, if he can manage his gas tank properly. So do I think Medic should be the favorite? Sure. But this big? No way. I am going to take a flier on the big underdog, who I think actually has a path to victory.",2025-08-07,https://www.espn.com.au/mma/story/_/id/45915939/ufc-fight-night-expert-picks-best-bets-roman-dolidze-anthony-hernandez
"UFC on ESPN 72: How to watch Roman Dolidze vs. Anthony Hernandez, Vegas lineup, odds, more","UFC on ESPN 72: How to watch Roman Dolidze vs. Anthony Hernandez, Vegas lineup, odds, more (This story was updated to add new information.) The UFC stays in its “Sin City” home base for a second straight week with a big middleweight clash at the top of the bill. Here's how to watch UFC on ESPN 72 with 185-pound contenders in the headlining spot. Broadcast and streaming info UFC on ESPN 72 has a main card that airs at 9 p.m. ET on ESPN. The preliminary card airs on ESPN and streams on ESPN+ at 6 p.m. ET. Veteran broadcaster Dan Hellie serves as desk anchor and host at UFC on ESPN 72. Former UFC middleweight champion Chris Weidman, welterweight veteran Alan Jouban and coach Din Thomas join him at the desk as analysts throughout the broadcast and on the post-fight show. Longtime UFC correspondent and host Karyn Bryant will conduct pre and post-fight interviews backstage with some of the athletes on the UFC on ESPN 72 card, as well as report additional real-time updates for the event. John Gooden will serve as the leading man on the mic from cageside at UFC on ESPN 72. He'll command play-by-play and be joined in the booth by UFC Hall of Famer Daniel Cormier and former UFC/WEC champion Dominick Cruz. Din Thomas will also join the booth during the broadcast as a coach-analyst. (Mike Bohn–MMA Junkie) Main event: Roman Dolidze - Record: 15-3 MMA, 9-3 UFC - Opponent: Anthony Hernandez (14-2 MMA, 8-2 UFC) - Division: Middleweight - Key wins: Marvin Vettori, Kevin Holland, Anthony Smith, Jack Hermansson - Misc.: Dolidze had a stellar four-fight run a few years back that included three bonuses, but then he ran into a two-fight skid. That’s well in the rearview mirror, though. He’s now won three straight against former light heavyweight title challenger Anthony Smith, Kevin Holland and former middleweight title challenger Marvin Vettori – which avenged a decision loss from two years prior. Main event: Anthony Hernandez - Record: 14-2 MMA, 8-2 UFC - Opponent: Roman Dolidze (15-3 MMA, 9-3 UFC) - Division: Middleweight - Key wins: Brendan Allen, Michel Pereira, Roman Kopylov, Edmen Shahbazyan, Marc-Andre Barriault - Misc.: It’s been more than five years since Hernandez was stopped in just 39 seconds by Kevin Holland. Since then, he has seven straight wins – including five by stoppage and three post-fight bonuses. A win over Dolidze would make it hard to deny him the right to ask for a title shot. Co-main event: Steve Erceg - Record: 12-4 MMA, 3-3 UFC - Opponent: Ode Osbourne (13-8 MMA, 5-6 UFC) - Division: Bantamweight - Key wins: Matt Schnell - Misc.: Erceg got a title shot on the strength of a 3-0 start in the UFC, including two post-fight bonuses. But he dropped a decision to champ Alexandre Pantoja 15 months ago, which set off his current three-fight skid that includes losses to recent title challenger Kai Kara-France and former champ Brandon Moreno, the latter of which came in March. Erceg was set to fight Alex Perez, who pulled out. Then HyunSung Park was rebooked to fight Tatsuro Taira two days ago, making Osbourne Erceg’s third opponent. Due to the short notice, the fight will take place at bantamweight and not flyweight. Co-main event: Ode Osbourne - Record: 13-8 MMA, 5-6 UFC - Opponent: Steve Erceg (12-4 MMA, 3-3 UFC) - Division: Bantamweight - Key wins: Charles Johnson, CJ Vergara - Misc.: On the heels of a three-fight skid and four losses in five bouts, Osbourne got a crucial win in April when he took out Luis Gurule with a bonus-winning knockout. That was his first win in more than two years after losses to Asu Almabayev, Jafel Filho and Ronaldo Rodriguez. Due to the short notice, the fight will take place at bantamweight and not flyweight. UFC on ESPN 72 lineup MAIN CARD (ESPN, ESPN+, 7 p.m. ET) - Roman Dolidze vs. Anthony Hernandez - Steve Erceg vs. Ode Osbourne - Angela Hill vs. Iasmin Lucindo - Andre Fili vs. Christian Rodriguez - Miles Johns vs. Jean Matsumoto - Eryk Anders vs. Christian Leroy Duncan PRELIMINARY CARD (ESPN, ESPN+, 4 p.m. ET) - Rafael Cerqueira vs. Julius Walker - Toshiomi Kazama vs. Elijah Smith - Priscila Cachoeira vs. Joselyne Edwards - Uros Medic vs. Gilbert Urbina - Gabriella Fernandes vs. Julija Stoliarenko - Cody Brundage vs. Eric McConico UFC on ESPN 72 main card betting odds - Dolidze +250, Hernandez -340 - Erceg -400, Osbourne +285 - Hill +150, Lucindo -190 - Fili +170, Rodriguez -225 - Johns +240, Matsumoto -330 - Anders +340, Leroy Duncan -500 UFC on ESPN 72 prelim betting odds - Cerqueira +400, Walker -620 - Kazama +390, Smith -590 - Cachoeira +215, Edwards -290 - Medic -390, Urbina +280 - Fernandes -440, Stoliarenko +310 - Brundage -200, McConico +150",2025-08-04,https://mmajunkie.usatoday.com/story/sports/ufc/2025/08/04/ufc-espn-72-roman-dolidze-vs-anthony-hernandez-start-time-lineup-odds/85501445007/
"2025 UFC event schedule: Roman Dolidze vs. Anthony Hernandez, Dricus du Plessis vs. Khamzat Chimaev on tap","2025 UFC event schedule: Roman Dolidze vs. Anthony Hernandez, Dricus du Plessis vs. Khamzat Chimaev on tap Check out a complete list of UFC pay-per-view and Fight Night events scheduled for 2025 The UFC middleweight division takes center stage. Contender Anthony Hernandez and Roman Dolidze headline UFC Fight Night on Saturday, one week before UFC 319's blockbuster title fight between Dricus du Plessis and Khamzat Chimaev. Dolidze and Hernandez are running relatively hot hands. Dolidze is on a three-fight winning streak and hopes to reignite belief in a run to the top. ""Fluffy"" Hernandez has won seven straight, but only makes small incremental ranking gains due to UFC matchmaking. Another win for Hernandez sets him up, hopefully, for bigger names. Next week, UFC middleweight champion Du Plessis makes arguably his most anticipated title defense against Chimaev. Chimaev, long deemed a future champion, earned his shot by violently submitting Robert Whittaker. Du Plessis has exceeded everyone's expectations. His dominant run includes wins over Israel Adesanya, Sean Strickland (twice) and Whittaker. Du Plessis vs. Chimaev headlines UFC 319. A late addition co-main event pits UFC debutant Aaron Pico against featherweight contender Lerone Murphy. Take a look below at the current UFC event schedule for 2025. Be sure to check back on this page for more information on upcoming UFC events throughout the year. Upcoming UFC Schedule | Event | Date | Main event | Weight class | Location | TV | |---|---|---|---|---|---| | UFC Fight Night | Aug. 9 | Roman Dolidze vs. Anthony Hernandez | Middleweight | Las Vegas | ESPN+ | | UFC 319 | Aug. 16 | Dricus du Plessis (c) vs. Khamzat Chimaev | Middleweight title | Chicago | ESPN+ PPV | | UFC Fight Night | Aug. 23 | Johnny Walker vs. Zhang Mingyang | Light heavyweight | Shanghai | ESPN+ | | UFC Fight Night | Sept. 6 | Nassourdine Imavov vs. Caio Borralho | Middleweight | Paris | ESPN+ | | UFC Fight Night | Sept. 13 | Diego Lopes vs. Jean Silva | Featherweight | San Antonio, Texas | ESPN+ | | UFC FIght Night | Sept. 27 | Carlos Ulberg vs. Dominick Reyes | Light heavyweight | Perth, Australia | ESPN+ | | UFC 320 | Oct. 4 | Magomed Ankalaev vs. Alex Pereira 2 | Light heavyweight title | Las Vegas | ESPN+ PPV | | UFC Fight Night | Oct. 11 | TBA | TBA | Rio de Janeiro | ESPN+ | | UFC Fight Night | Oct. 18 | TBA | TBA | Vancouver | ESPN+ | | UFC 321 | Oct. 25 | Tom Aspinall vs. Ciryl Gane | Heavyweight title | Abu Dhabi | ESPN+ PPV | | UFC Fight Night | Nov. 22 | TBA | TBA | Doha, Qatar | ESPN+ |",2025-08-05,https://www.cbssports.com/mma/news/2025-ufc-event-schedule-roman-dolidze-vs-anthony-hernandez-dricus-du-plessis-vs-khamzat-chimaev-on-tap/
UFC Vegas 109 Weigh-in Results - Dolidze vs. Hernandez,"UFC Vegas 109 Weigh-in Results – Dolidze vs. Hernandez Get the latest UFC Vegas 109 weigh-in results – Dolidze vs. Hernandez Las Vegas, NV – UFC is set to electrify the APEX once again on Saturday, August 9, with a high-stakes UFC Fight Night headlined by a clash of ranked middleweight contenders, No. 8 Roman Dolidze and No. 9 Anthony Hernandez. The action-packed night also features a critical flyweight co-main event as Alex Perez faces off against Steve Erceg. The official weigh-in results are available below. The event will be broadcast live on ESPN, ESPN Deportes, and ESPN+, with prelims kicking off at 3 p.m. PT / 6 p.m. ET and the main card beginning at 6 p.m. PT / 9 p.m. ET. MAIN EVENT: Roman Dolidze vs. Anthony Hernandez Roman Dolidze (15-3), hailing from Batumi, Georgia, makes his second UFC headlining appearance. With signature wins over Marvin Vettori, Kevin Holland, and Anthony Smith, Dolidze enters the bout aiming to solidify his place in the Top 5 of the middleweight division. Anthony “Fluffy” Hernandez (14-2, 1 NC), from Dunnigan, California, rides a dominant seven-fight winning streak, highlighted by finishes over Michel Pereira, Roman Kopylov, and Edmen Shahbazyan. A win over Dolidze would mark the biggest moment of his UFC career. CO-MAIN EVENT: Alex Perez vs. Steve Erceg Alex Perez (25-9), a Contender Series veteran and former title challenger, brings elite striking and wrestling to the Octagon. He looks to maintain momentum after victories over Matheus Nicolau, Jussier Formiga, and Jordan Espinosa. Steve Erceg (12-4) of Perth, Australia, aims to bounce back from a recent loss and reestablish his position in the flyweight title mix. Known for his finishing ability, Erceg holds wins over Matt Schnell, Alessandro Costa, and David Dvořák. How to Watch: - Network: ESPN, ESPN Deportes, ESPN+ - Prelims: 3 p.m. PT / 6 p.m. ET - Main Card: 6 p.m. PT / 9 p.m. ET - Location: UFC APEX, Las Vegas, Nevada UFC Vegas 109 Weigh-in Results – Dolidze vs. Hernandez: Main Card (ESPN, ESPN+, 7 p.m. ET) - Roman Dolidze (185.5) vs. Anthony Hernandez (186.5)* - Steve Erceg (135.5) vs. Ode Osbourne (135.5) - Angela Hill (116) vs. Iasmin Lucindo (115) - Andre Fili (146) vs. Christian Rodriguez (146) - Miles Johns (136) vs. Jean Matsumoto (136) - Eryk Anders (186) vs. Christian Leroy Duncan (185) Prelims (ESPN, ESPN+, 4 p.m. ET) - Rafael Cerqueira (203) vs. Julius Walker (206) - Toshiomi Kazama (136) vs. Elijah Smith (136) - Priscila Cachoeira (134) vs. Joselyne Edwards (136.5)** - Uros Medic (171) vs. Gilbert Urbina (171) - Gabriella Fernandes (125.5) vs. Julija Stoliarenko (126.25)*** - Cody Brundage (202.5) vs. Eric McConico (204.5) - *Hernandez missed the middleweight limit by 0.5 pounds on the first attempt; bout status and fine amount TBD - ** Edwards missed women’s bantamweight limit by 0.25 pounds on first attempt; bout status and fine amount TBD - *** Stoliarenko missed the women’s flyweight limit by 0.25 pounds on the first attempt; bout status and fine amount TBD Roberto Villa is the CEO, Founder, Executive Writer, Senior Editor of FightBook MMA. Has a passion for Combat Sports and also a podcast host for Sitting Ringside. He’s also a former MMA fighter and Kickboxer. Discover more from FightBook MMA Subscribe to get the latest posts sent to your email.",2025-08-08,https://www.fightbookmma.com/ufc-vegas-109-weigh-in-results-dolidze-vs-hernandez-updates/
UFC Vegas 109: Dolidze vs. Hernandez Weigh-In Results,"For the second straight week, the UFC octagon is back at the Apex in Las Vegas, with UFC Vegas 109 headlined by ranked middleweights Roman Dolidze and Anthony “Fluffy” Hernandez. Last weekend’s Apex affair had a downright dreadful lack of star power, but produced some very, very entertaining fights. Could this week’s outing offer similar value? Without question, UFC Vegas 109 boasted bigger names than its predecessor, with former title challenger Steve Erceg in action in the co-main event, and names like Eryk Anders, Andre Fili, and Angela Hill taking part. Weigh-ins for UFC Vegas 109 get underway on Friday, August 8, 2025 starting at 12PM ET, 9AM PT. Full results from Friday’s official weigh-in can be found below. UFC Vegas 109: Dolidze vs. Hernandez Weigh-In Results Main card Middleweight: Roman Dolidze (185.5) vs. Anthony Hernandez (186)* Bantamweight: Steve Erceg (135.5) vs. Ode’ Osbourne (135.5) Women’s Strawweight: Iasmin Lucindo (115) vs. Angela Hill (116) Featherweight: Andre Fili (146) vs. Christian Rodriguez (146) Bantamweight: Miles Johns (136) vs. Jean Matsumoto (136) Middleweight: Eryk Anders (186) vs. Christian Leroy Duncan (185) Preliminary card Light Heavyweight: Julius Walker (206) vs. Raffael Cerqueira (203) Bantamweight: Elijah Smith (136) vs. Toshiomi Kazama (136) Women’s Bantamweight: Joselyne Edwards (136.)** vs. Priscila Cachoeira (134) Welterweight: Uroš Medić (171) vs. Gilbert Urbina (171) Women’s Flyweight: Gabriella Fernandes (125.5) vs. Julija Stoliarenko (126.)*** Light Heavyweight: Cody Brundage (202.5) vs. Eric McConico (204.5) * Hernandez made weight on second attempt ** Edwards made weight on second attempt *** Stoliarenko made weigh ton second attempt",2025-08-08,https://cagesidepress.com/2025/08/08/ufc-vegas-109-dolidze-vs-hernandez-weigh-in-results/
"UFC Vegas 109 fight card, start time, date and location | Dolidze vs. Hernandez","Event: UFC Vegas 109: “Dolidze vs. Hernandez” Date: Sat., Aug. 9, 2025 Location: UFC APEX in Las Vegas, Nevada Broadcast: ESPN/ESPN+ Start Time: 4 p.m. ET Prelims Card | 7 p.m. ET Main Card UFC Vegas 109 fight card, start time, date and location | Dolidze vs. Hernandez It’s a battle of Top 10 middleweight contenders when Roman Dolidze collides with Anthony Hernandez atop the UFC Vegas 109 fight card this weekend at APEX, with the winner moving to the top of a very short list of eligible 185-pound title contenders! UFC Vegas 109 Main Event On ESPN/ESPN+: 185 lbs.: Roman Dolidze vs. Anthony Hernandez UFC Vegas 109 Main Card on ESPN/ESPN+ (7 p.m. ET): 125 lbs.: Steve Erceg vs. Ode Osbourne 115 lbs.: Angela Hill vs. Iasmin Lucindo 145 lbs.: Andre Fili vs. Christian Rodriguez 145 lbs.: Miles Johns vs. Jean Matsumoto 185 lbs.: Eryk Anders vs. Christian Leroy Duncan UFC Vegas 109 Prelims Card on ESPN/ESPN+ (4 p.m. ET): 205 lbs.: Julius Walker vs. Raffael Cerqueira 135 lbs.: Elijah Smith vs. Toshiomi Kazama 135 lbs.: Priscila Cachoeira vs. Joselyne Edwards 170 lbs.: Uros Medic vs. Gilbert Urbina 125 lbs.: Gabriella Fernandes vs. Julija Stoliarenko 205 lbs.: Cody Brundage vs. Eric McConico *Fight card, bout order and amount of fights remain subject to change.* MIDDLEWEIGHT MAYHEM! Ultimate Fighting Championship (UFC) returns to its APEX facility in Las Vegas, Nevada, on Sat., Aug. 9, 2025, with UFC Vegas 109. That’s where No. 8-ranked Middleweight contender, Roman Dolidze, clashes with No. 10-seeded Anthony Hernandez in a high-stakes main event showdown scheduled for five, five-minute rounds. In UFC Vegas 109’s co-main event, former Flyweight title challenger, Steve Erceg, takes on Ode Osbourne, with both fighters looking to climb the 125-pound rankings. MMAmania.com will deliver LIVE round-by-round, blow-by-blow coverage of the entire UFC Vegas 109 fight card RIGHT HERE, starting with the ESPN+ “Prelims” undercard bouts at 4 p.m. ET, followed by the remaining main card balance on ESPN/ESPN+ at 7 p.m. ET. To checkout the latest and greatest UFC Vegas 109 news and notes be sure to hit up our comprehensive event archive here.",2025-07-04,https://www.mmamania.com/2025/7/4/24461707/ufc-vegas-109-fight-card-start-time-date-location-dolidze-vs-hernandez-apex-espn-mma
Roman Dolidze vs Anthony Hernandez Preview & Picks – Fluffy To Earn Points Win At UFC APEX,"How to Watch UFC Fight Night: Dolidze vs Hernandez Live Stream 29 Jul 2025 Read More Roman Dolidze vs Anthony Hernandez Preview & Picks – Fluffy To Earn Points Win At UFC APEX - Roman Dolidze vs Anthony Hernandez picks for Saturday, August 9 - UFC Fight Night is taking place at the UFC APEX in Las Vegas, Nevada - Preview, predictions, stats & form - Roman Dolidze vs Anthony Hernandez Preview & Picks - Roman Dolidze Form - Anthony Hernandez Form Roman Dolidze vs Anthony Hernandez Preview & Picks Roman Dolidze vs Anthony Hernandez Preview & Picks Anthony Hernandez is tipped to score a decision victory over Roman Dolidze. Hernandez is a cardio machine with great wrestling, so we expect him to grapple, smother and frustrate Dolidze for five rounds. - Anthony Hernandez is on a 7-fight win streak - All 3 of Roman Dolidze’s career defeats have been by decision - 4 of Roman Dolidze’s last 5 fights have gone the distance Roman Dolidze Form Roman Dolidze is the number eight ranked middleweight contender with a professional record of 15-3 (8 KOs, 3 Subs). Dolidze made his UFC debut in 2020 and made a successful start in the light-heavyweight division, knocking out Khadis Ibragimov and out-pointing John Allan. He moved down to middleweight after that and endured a rough debut as he dropped a decision to Trevin Giles. The 37-year-old Georgian recovered quickly with a points win over Laureano Staropoli, and backed that up by knocking out Kyle Daukaus, Phil Hawes and Jack Hermansson in 2022. Dolidze’s rise was halted by a points loss to Marvin Vettori, and he then dropped a decision to Nassourdine Imavov. He has not lost since though, sparking a three-fight win streak with a decision victory over Anthony Smith. Dolidze then ended 2024 with a first-round knockout of Kevin Holland, before beginning his 2025 campaign with a points win over Marvin Vettori. Anthony Hernandez Form Anthony Hernandez is the number nine ranked middleweight contender with a career record of 14-2 (3 KOs, 8 Subs) with 1 No Contest. Hernandez joined the UFC in 2019 but got off to a rough start as he lost two of his first three fights. He rallied though, and kick-started a seven-fight win streak with a second-round submission win over Rodolfo Vieira. The 31-year-old Californian then backed that up with a decision win over Josh Fremd, before submitting Marc-Andre Barriault in the third round. Hernandez kept the stoppage wins coming in his sole outing of 2023, knocking out Edmen Shahbazyan in the third round, and he stayed on a roll in 2024 too. ‘Fluffy’ began the year with a second-round stoppage win over Roman Kopylov, before knocking out Michel Pereira in the fifth and final round. He then opened 2025 with a unanimous decision win over Brendan Allen back in February. Verdict Anthony Hernandez has found the blueprint to success – cardio wrestling. He has done a great job of wearing out his opponents over the past few years, but Dolidze is a hard man to stop so the judges may be required. He has done a great job of wearing out his opponents over the past few years, but Dolidze is a hard man to stop so the judges may be required. 55 Stake Cash no deposit & 550,000 Gold Coins & 5% Rakeback Use promo code NEWBONUS Sign up with the code NEWBONUS. When you verify your account get 25 Stake Cash for free PLUS 250,000 Gold Coins and 5% Rakeback! No deposit required. Login each day for the next 30 days and get an additional 30 Stake Cash AND 300,000 Gold Coins. 21+ only. T&Cs apply. Excludes WA, NY, NV, ID, KY, MI, VT, NJ, DE, WV, PA, RI & MD. 55 Stake Cash no deposit & 550,000 Gold Coins & 5% Rakeback Use promo code NEWBONUS Sign up with the code NEWBONUS. When you verify your account get 25 Stake Cash for free PLUS 250,000 Gold Coins and 5% Rakeback! No deposit required. Login each day for the next 30 days and get an additional 30 Stake Cash AND 300,000 Gold Coins. 21+ only. T&Cs apply. Excludes WA, NY, NV, ID, KY, MI, VT, NJ, DE, WV, PA, RI & MD. - Select All - American Football Events - Baseball Events - Basketball Events - Boxing Events - Esports Events - Formula 1 Events - Golf Events - Horse Racing Events - Ice Hockey Events - NFL Events - Olympics Events - Politics Events - Soccer Events - UFC Events Sports Events Starts in - HOU Astros @ NY Yankees - EDM Elks @ MON Alouettes - TOR Blue Jays @ LA Dodgers - OTT Redblacks @ TOR Argonauts - WIN Blue Bombers @ CAL Stampeders - Roman Dolidze vs Anthony Hernandez - Dricus Du Plessis vs Khamzat Chimaev - Johnny Walker vs Zhang Mingyang - Iowa State @ Kansas State - Texas @ Ohio State - Alabama @ Florida State - Marshall at Georgia Latest News - UFC Live Stream - UFC Live StreamHow to Watch UFC 319: Du Plessis vs Chimaev Live Stream29 Jul 2025 Read More - DDP To WinDricus Du Plessis vs Khamzat Chimaev Preview & Picks – Underdog DDP To Retain At UFC 31929 Jul 2025 Read More - Zhang WinsJohnny Walker vs Zhang Mingyang Preview & Picks – Zhang To Extend KO Streak In UFC05 Aug 2025 Read More",2025-08-05,https://www.expertpicks.com/en/picks/mma/roman-dolidze-vs-anthony-hernandez-ufc-picks-20250730-0004/
No title found,"(�/� X$O��""�5p �y���'.>�=�G ��uE���I�3 f3��<� PeM��� W0��9?�� �����u���#��.���/�6��Ԣq��R.�e�+����Ţ�bY8D4��>XL$�w�w���wۗ^Qq�ɢ�e��0����b�$� �@ �����]i`Q��,.]�`W6���Hte�RJ �[��?9���ԓ����\% �.��Z88L�e1�n����� v��T_�� ��7I����Ʋ`�,�u��j,�`1��$]�������'$� �@gAaP�ɢX蘧��~����B�Ux�z��e�E}����.u�}����KG�Y����l��� $,����o�e�:\L����o��e�:�ttK���[c�@���}l��ʅ��ʿmVZp��R��]B.ucQz~-���VcY2�J�/����,/�#S5�u���\�&;�_������8\�ϲ����aϿ7g�� ���F��]ѓ����pB��4�ݢ���_Y/�eBB�P����E��b�WT$`�@7-ˢ��2��Tz��|�m��E�]���/� �i'$� �����;@0�S��u�mVr�,K���ҕ'����5&��<��Ӣ\����鷲�<ߊ��)��m��t�Zd��� ��`P51%�uL���WR���Ș�W�Vt��� ��O��e!/�q���EmV���-�~���O���M ��ȇV�0��*��]@]��X4��FEť�#�,Oi��}�1&)���EM��<�f�tz�Y߾ix'+s��7I�4��'��%�"":�M �_Q�|O�`,��'�����ГESL�`�ov��]�,�,����X��{ ��{ %�X>���Y���xAu��.���� � ���z�����\r��Y/���8����8�'�ԢL>��ߘ�O�_��� ��u�bQpbЩ�VTL�6�]�����P$}��_�[o�r`�t��{�,�� gm�{I����w|��`��+�O��e�-\�k6+�`�`0���!/��\���a+_����4PaB""8�p �� P��d�_:ˮ`�/����e�e0:��k�-���By0!�,b� ����3���f�J��٥�r)�Z�E�~�)[c��sl��7�/������+:�kݲtˢL�f��]�O(t� �\��6��aY[c�ʷ���W�LHP\�t���m*EQ�w{��4pQ2�����;�]a0惣g���p��rc� �iY�s���[�B����**~�t�����Yv��+��1g�_`o��<\��N���� �Ǖ�3��WW�i��|���m�� �1gM��M�]�k�K��0�&������&'��Kj�WV:��0Y�r��������ǓEqts���v��~N��}d ]�L@]������N]����7�v���6Y�-�L0�;�K�,3�p&��� P���Ҹ��^����n��\/;E%Xh�?Z�G���x��X߇ĺXo�~7g=_(��w~#���e�}��?��٭���/�ϩ�8�����-J(,0�,��J��kwB�@uE�|f0���aqzB��T���K�?~Y\Y������8�n7~/ ��euD_�B�&,$�}4}-�����ն��%�%!""8�� :��v���o:�������ϯ���_�pQ*l���`��`,���g������u�����ge ��Ģ_��8�z[",No date found,https://www.gamblingnews.com/news/roman-dolidze-vs-anthony-hernandez-ufc-vegas-109-odds-time-and-prediction/
"Roman Dolidze vs Anthony Hernandez Pick, 08/09/2025 Predictions UFC Vegas 109 Odds","Roman Dolidze vs Anthony Hernandez Pick, 08/09/2025 Predictions UFC Vegas 109 Odds Roman Dolidze vs Anthony Hernandez UFC Vegas 109 UFC Apex in Las Vegas Saturday, August 9, 2025 Roman Dolidze will take on Anthony Hernandez at UFC Vegas 109 on Saturday, August 9, 2025. The line has Dolidze priced at +270 while Hernandez is priced at -330. Roman Dolidze comes into this fight holding a mark of 15-3-0. The 37-year-old weighs in at 185 lbs and stands in at 6'2"". The orthodox fighter has a wingspan of 76"". Anthony ""Fluffy"" Hernandez measures 6'0"" and is fighting at 185 lbs. The orthodox fighter comes into this fight with a record of 14-2-0 (1 NC). The 31-year-old has a wingspan of 75"". With respect to significant strikes, Roman Dolidze lands 3.58 per minute while Anthony Hernandez is landing 4.50 significant strikes per min. Dolidze is landing 42% of the significant strikes he attempts while Hernandez lands 63%. In terms of the fighter's defense, Dolidze absorbs 3.56 significant strikes per minute while ""Fluffy"" allows 2.61. Dolidze also deflects 49% of the significant strikes his opponents throw his way and Hernandez defends against 46% of the shots thrown his way. | UFC Vegas 109 | Roman Dolidze | Anthony Hernandez | |---|---|---| | Opening Odds | +270 | -330 | | Record | 15-3-0 | 14-2-0 (1 NC) | | Average Fight Time | 12:24 | 9:47 | | Height | 6'2"" | 6'0"" | | Weight | 185 lbs | 185 lbs | | Reach | 76"" | 75"" | | Strikes Landed Per Minute | 3.58 | 4.50 | | Striking Accuracy | 42% | 63% | In terms of wrestling, Roman Dolidze is the lesser skilled wrestler as he takes his opponents down 1.11 times per 3 rds. Dolidze is taking his opponents to the canvas on 40% of the times he tries and is stopping 33% of the tries against him. Hernandez is scoring a takedown on 45% of his takedown tries and thwarting 66% of all takedowns attempted on him. In terms of submissions, Dolidze is less apt at going for the finish by trying 0.9 submissions per 3 rds while Hernandez tries 1.9 submissions per 15 minutes. Get all of our Free UFC Picks The last time he stepped into the Octagon, Roman Dolidze squared up with Marvin Vettori and took home the win via unanimous decision in round 5. Vettori ended up landing 112 of 221 total strikes that he threw in that fight. Dolidze walked away from this fight having landed 141 of 340 total strikes. In regard to significant strikes, Vettori ended up landing 111 of 220, which gave him a rate of 50%. He landed 72 of 173 significant strikes to the head. In terms of stats for the opponent, Dolidze ended up landing 41% of his significant strikes by connecting on 141 of 338. Of all the significant strikes, he was 85 of 253 aimed at the head. 99% of the significant strikes landed by Vettori and 97% of them connected on by Dolidze were done at a distance. In the last Octagon appearance for Anthony Hernandez, he faced off with Brendan Allen and ended up winning this fight via unanimous decision in round 3. Allen ended up landing 71% of the significant strikes he took from distance and Hernandez landed 40% of the significant strikes he attempted at distance. Hernandez landed 71% of his significant strikes attempted by connecting on 30 of 42. He ended up connecting on 30 of 42 significant strikes to the head. Allen landed 14 of 26 significant strikes in that fight. In regard to the placement of these significant strikes, he landed 8 of 19 directed at the head. Relating to total strikes attempted in that fight, Allen ended up connecting on 53 of 71 and Hernandez was 72 of 91 of all the strikes he attempted. Other bouts on the card to watch Another bout that you're not going to want to miss is when Steve Erceg fights Ode Osbourne. Erceg has a record of 12-4-0. The 30-year-old weighs in at 125 lbs and stands 5'8"". The orthodox fighter reaches 68"". Osbourne stands 5'7"" and steps on the scale at 125 lbs. The southpaw fighter looks to add a victory to his record of 13-8-0 (1 NC). The 33-year-old has a wingspan of 73"". Regarding grappling, Steve Erceg gets his opposition to the mat 0.84 times per 15 minutes and Ode Osbourne takes his opponents down 1.11 times per 15 min. When talking about striking, Erceg is landing 4.45 strikes per min and connects on 46% of his attempted strikes. The other guy in this fight is Ode Osbourne, who tags the opposition on 40% of the strikes he has attempted and connects on 3.20 per min. An additional fight that you're going to want to see is when Christian Rodriguez is set to fight Andre Fili. Fili walks into the Octagon with a record of 24-12-0 (1 NC). The 35-year-old tips the scales at 145 lbs and stands 5'11"". The orthodox fighter stretches 74"". Rodriguez stands in at 5'7"" and steps on the scale at 145 lbs. The orthodox fighter steps into the cage holding a mark of 12-3-0. The 27-year-old has a reach of 71"". Regarding takedowns, Andre Fili is able to stop 70% of the takedowns his opponents go for and is taking his opponents to the canvas on 44% of his attempts. Rodriguez is finishing his takedown tries on 46% of his tries and is able to thwart 69% of all takedown attempts. In the category of striking, Fili takes 4.15 strikes per min while he dishes out 3.84 strikes/min. Rodriguez, on the other side, absorbs 2.66 strikes per minute and deals 3.63 per minute. Who will win tonight's UFC match against the spread? Guy Bruhn's Pick: Take Roman Dolidze (+270) Get $60 worth of FREE premium member picks. No Obligation. No Salesman. No Credit Card. Fast Sign up with Instant Access Click Here Get all of Today's Free UFC Picks Get all of Today's Expert UFC Picks Most Recent UFC Picks - Julius Walker vs Rafael Cerqueira Pick, 08/09/2025 Predictions UFC Vegas 109 Odds - Iasmin Lucindo vs Angela Hill Pick, 08/09/2025 Predictions UFC Vegas 109 Odds - Uros Medic vs Gilbert Urbina Pick, 08/09/2025 Predictions UFC Vegas 109 Odds - Steve Erceg vs Ode Osbourne Pick, 08/09/2025 Predictions UFC Vegas 109 Odds - Roman Dolidze vs Anthony Hernandez Pick, 08/09/2025 Predictions UFC Vegas 109 Odds - Elijah Smith vs Toshiomi Kazama Pick, 08/09/2025 Predictions UFC Vegas 109 Odds - Eryk Anders vs Christian Leroy Duncan Pick, 08/09/2025 Predictions UFC Vegas 109 Odds - Joselyne Edwards vs Priscila Cachoeira Pick, 08/09/2025 Predictions UFC Vegas 109 Odds - Gabriella Fernandes vs Julija Stoliarenko Pick, 08/09/2025 Predictions UFC Vegas 109 Odds - Cody Brundage vs Eric McConico Pick, 08/09/2025 Predictions UFC Vegas 109 Odds",2025-08-06,https://www.docsports.com/free-picks/ufc/2025/roman-dolidze-vs-anthony-hernandez-pick-08-09-2025-predictions-ufc-vegas-109-odds.html
"Top 10 UFC middleweights Roman Dolidze, Anthony Hernandez headline Aug. 9 Fight Night","Top 10 UFC middleweights Roman Dolidze, Anthony Hernandez headline Aug. 9 Fight Night A key middleweight bout is headlining a UFC Fight Night event in August. Promotionally ranked top 10 middleweights Roman Dolidze and Anthony Hernandez will headline a UFC Fight Night on Aug. 9 at UFC Apex in Las Vegas. MMA Junkie confirmed the booking with with two sources following a first report from X user @realkevink. Dolidze (15-3 MMA, 9-3 UFC) enters his third UFC main event while on a three-fight winning streak. After his last setback against Nassourdine Imavov, the Georgian won a unanimous decision over Anthony Smith, won by TKO against Kevin Holland, and most recently outpointed Marvin Vettori in a March main event to avenge a prior loss. In the latest USA TODAY Sports/MMA Junkie middleweight rankings, Dolidze holds the No. 11 spot with Hernandez (14-2 MMA, 8-2 UFC) one spot ahead at No. 10. ""Fluffy"" will become a UFC headliner for the second time. Currently riding a seven-fight winning streak, Hernandez has been steadily climbing the ladder, and is now knocking on the door of the division's elite. In his first main event opportunity at UFC Fight Night 245, Hernandez ground and pounded Michel Pereira for a fifth-round stoppage. He followed that up with a unanimous decision over Brendan Allen in his first fight of 2025. Current Aug. 9 UFC Fight Night lineup - Roman Dolidze vs. Anthony Hernandez - Eryk Anders vs. Chris Duncan - Angela Hill vs. Iasmin Lucindo - Rafael Cerqueira vs. Julius Walker - Gabriella Fernandes vs. Julija Stoliarenko",2025-05-26,https://mmajunkie.usatoday.com/story/sports/ufc/2025/05/26/ufc-vegas-109-roman-dolidze-vs-anthony-hernandez-middleweight-main-event/83822496007/
"UFC Fight Night Saturday fight card, main event time, live stream: How to watch Roman Dolidze vs Anthony Hernandez?","While fans continue to speculate on how many more wins he’ll need to earn a shot at gold, Hernandez remains unfazed. Focused and confident, he anticipates an action-packed fight, calling Dolidze (15-3 MMA, 9-3 UFC) the ideal opponent to help deliver a thrilling main event. Both fighters are on a roll, and Saturday’s clash could be pivotal in shaping the 185-pound title picture. With Dricus Du Plessis and Khamzat Chimaev currently leading the middleweight contender rankings, a dominant win from either Hernandez or Dolidze could vault them into the conversation for a future high-stakes showdown. HOW TO WATCH DOLIDZE VS HERNANDEZ FIGHT IN LAS VEGAS - Date: August 9, Saturday - Start Time: 7PM ET (Main Card) - Start Time: 4PM ET (Preliminary Card) - Venue: UFC APEX in Las Vegas, Nevada - Channel/Streaming: ESPN/ESPN+ MAIN CARD MATCHES: - Roman Dolidze vs Anthony Hernandez (Middleweight) - Steve Erceg vs Ode’ Osbourne (Bantamweight) - Iasmin Lucindo vs Angela Hill (Women’s Strawweight) - Andre Fili vs Christian Rodriguez (Featherweight) - Miles Johns vs Jean Matsumoto (Bantamweight) - Eryk Anders vs Christian Leroy Duncan (Middleweight) PRELIMINARY CARD MATCHES: - Julius Walker vs Rafael Cerquiera (Light Heavyweight) - Elijah Smith vs Toshiomi Kazama (Bantamweight) - Joselyne Edwards vs Priscila Cachoeira (Women’s Bantamweight) - Uros Medic vs Gilbert Urbina (Welterweight) - Gabriella Fernandes vs Julija Stoliarenko (Women’s Flyweight) (Catch all the US News, UK News, Canada News, International Breaking News Events, and Latest News Updates on The Economic Times.) Download The Economic Times News App to get Daily International News Updates. (Catch all the US News, UK News, Canada News, International Breaking News Events, and Latest News Updates on The Economic Times.) Download The Economic Times News App to get Daily International News Updates.",2025-08-06,https://economictimes.indiatimes.com/news/international/us/ufc-fight-night-saturday-fight-card-main-event-time-live-stream-how-to-watch-roman-dolidze-vs-anthony-hernandez/articleshow/123138285.cms
UFC Vegas 109 staff picks including Anthony Hernandez to conquer Roman Dolidze and more predictions,"UFC Vegas 109 is the last stop on the road to UFC 319, and the Bloody Elbow experts have given their view on who will walk out the winner. In a card chock-full of interesting fights, it is the main event featuring Anthony Hernandez and Roman Dolidze that is drawing the fans’ attention in the build-up. Both men are top 10-ranked Middleweights with an eye on a future title fight, with very little to separate them so far in their careers. Elsewhere, a Women’s Strawweight clash is also expected to impress, as Iasmin Lucindo and Angela Hill face off in a packed main card. The Bloody Elbow staff has made their predictions about what will happen at UFC Vegas 109, including the two main event fights as well as the Fight of the Night and Performance of the Night bonus winners - READ MORE – Anthony Hernandez earned the nickname ‘Fluffy’ as a 15-year-old which confused one UFC legend Roman Dolidze vs Anthony Hernandez predictions - Ross Markey: Anthony Hernandez - Kyle Dimond: Anthony Hernandez - Hamish Woodward: Anthony Hernandez The Bloody Elbow experts are completely in agreement on the winner of the UFC Vegas 109 main event. Hernandez is the clear favorite, with Ross, Kyle, and Hamish all backing “Fluffy” to beat the #9-ranked fighter on Saturday. Despite being ranked below Dolidze, Hernandez boasts a seven-fight win streak since 2021, and should have the finishing ability to end the Georgian before time runs out in Las Vegas. While Dolidze has his own win streak going, years after his own suspension before even making his debut, which includes wins over Marvin Vettori and Kevin Holland, he is not expected to rise in the ranking after losing to Hernandez on August 9. Iasmin Lucindo vs Angela Hill predictions - Ross Markey: Iasmin Lucindo - Kyle Dimond: Iasmin Lucindo - Hamish Woodward: Iasmin Lucindo Once again, the staff picks are all in agreement with the winner of this fight. All three experts have chosen the #8-ranked Lucindo to continue her ascent up the Women’s Strawweight division by beating Hill in their co-main event fight. Recent victories over Marina Rodriguez and Karolina Kowalkiewicz have catapulted her into the top ten, and she seems unlikely to lose to Hill, after she lost to Amanda Lemos at UFC 313. Lucindo is a veteran in the division but could be pushing for one last reign at the top with a victory at UFC Vegas 109, which all the experts predict will happen. UFC Vegas 109 Fight of the Night - Ross Markey: Roman Dolidze vs Anthony Hernandez - Kyle Dimond: Roman Dolidze vs Anthony Hernandez - Hamish Woodward: Roman Dolidze vs Anthony Hernandez The main event of UFC Vegas 109 is, unsurprisingly, the fight that the experts are most looking forward to at the event. The bout features two men who can end a fight at any time, with five of Hernandez’s last seven fights (all victories) ending via submission or knockout. Eleven of Dolidze’s fifteen bouts in his career have had definitive finishes, although he will struggle to put away such an impressive striker as Hernandez without a bit of luck. No other fights seem to come close to the hype around Dolidze vs Hernandez, which looks more and more likely to earn the $50,000 Fight of the Night bonus. UFC Vegas 109 Performance of the Night - Ross Markey: Steve Erceg - Kyle Dimond: Christian Rodriguez - Hamish Woodward: Anthony Hernandez There is finally some disagreement as the experts have three different choices for who will earn the Performance of the Night bonus at UFC Vegas 109. Ross is backing Steve Erceg, finally on the card after a host of cancellations, to use his ample prep time to put on an impressive performance to earn himself that cash bonus. Erceg was supposed to face Tatsuro Taira at the event following another Alex Perez withdrawal, before the Japanese fighter moved up to the main event UFC Vegas 108, while his replacement Ode’ Osbourne doesn’t look up to the Erceg challenge a week later. Meanwhile, Christian Rodriguez is Kyle’s pick to impress, five months after his decision defeat against Melquizael Costa. Rodriguez has had a mixed record in the last two years, but he has put on some impressive wins when he has been victorious, and Andre Fili looks likely to be his next victim. Finally, Hamish once again cannot look past Hernandez, who is expected to put on a fantastic performance to sweep all the awards at UFC Vegas 109.",2025-08-07,https://bloodyelbow.com/2025/08/07/ufc-vegas-109-staff-picks-including-anthony-hernandez-to-conquer-roman-dolidze-and-more-predictions/
Anthony Hernandez vs Roman Dolidze Prediction and Picks – August 9,"Roman Dolidze vs Anthony Hernandez Picks and Prediction – 8/9/2025 Roman Dolidze vs Anthony Hernandez Prediction The UFC Apex in Las Vegas hosts a middleweight main event on August 9, 2025, featuring Roman Dolidze (+240) against Anthony Hernandez (-280) in a five-round clash at UFC Vegas 109. This matchup pits two well-rounded fighters with contrasting styles, promising an intriguing battle. Here's a preview of the fight, including fighter backgrounds, key factors, and betting insights. Roman Dolidze (13-3, 8 finishes) Hailing from Georgia, Dolidze is a versatile fighter known for his grappling prowess and improving striking. With a 7-3 UFC record, his notable wins include Jack Hermansson and Marvin Vettori. Dolidze’s grappling is his cornerstone, with four submission victories in the UFC, leveraging his judo and Brazilian jiu-jitsu black belt. His striking has evolved, showing crisp boxing and powerful kicks, though he can be vulnerable to high-volume strikers. Posts on X highlight Dolidze’s underrated grappling and ability to match Hernandez’s pace, with some bettors eyeing value in his +270 odds. However, his recent 1-2 record in his last three fights raises questions about consistency against top-tier competition. Anthony Hernandez (12-2, 9 finishes) The American, Hernandez, enters as the betting favorite, riding a five-fight win streak, including victories over Rodolfo Vieira and Marc-André Barriault. Known for his relentless pace and elite grappling, Hernandez averages 5.8 submission attempts per 15 minutes, among the highest in the division. His striking is functional but less polished, relying on volume and pressure to set up his ground game. X posts suggest Hernandez could dominate, with some calling it a “levels” performance, citing his superior cardio and grappling edge. Yet, his tendency to absorb strikes could be exploited by Dolidze’s power. Fight Breakdown This fight hinges on grappling exchanges and pace. Dolidze’s judo throws and submission skills could challenge Hernandez, especially early, but Hernandez’s cardio and relentless pressure may wear Dolidze down in later rounds. On the feet, Dolidze’s cleaner striking contrasts with Hernandez’s volume, making takedown defense critical for the Georgian. The Apex’s smaller cage favors grapplers, likely benefiting Hernandez’s chain-wrestling style. Betting markets lean toward Hernandez, but Dolidze’s upset potential lies in landing a heavy shot or securing a submission. Betting Insight For those looking to wager, Hernandez’s -280 odds reflect his momentum, but Dolidze at +240 offers value for risk-takers. Prop bets like Hernandez by submission (+150) or the fight going over 2.5 rounds (-110) are worth considering, given both fighters’ durability. For expert analysis and free betting tips, check out UFC picks for detailed predictions. Roman Dolidze vs Anthony Hernandez Pick Analysis Hernandez’s pace and grappling likely overwhelm Dolidze in the later rounds, leading to a decision or late submission. However, Dolidze’s power and grappling make him a live underdog. Expect a competitive war with Hernandez edging out a victory. Our Free MMA Pick for Anthony Hernandez vs Roman Dolidze Anthony Hernandez -280",2025-07-08,https://freepicks.picksandparlays.net/more-free-picks/mma-picks/roman-dolidze-at-anthony-hernandez-picks-and-predictions-8-9-25
UFC on ESPN: Dolidze vs. Hernandez - Wikipedia,"UFC on ESPN: Dolidze vs. Hernandez | UFC on ESPN: Dolidze vs. Hernandez | |||| |---|---|---|---|---| | Promotion | Ultimate Fighting Championship | ||| | Date | August 9, 2025 | ||| | Venue | UFC Apex | ||| | City | Enterprise, Nevada, United States | ||| | Event chronology | |||| | UFC on ESPN: Dolidze vs. Hernandez (also known as UFC on ESPN 72 and UFC Vegas 109) is an upcoming mixed martial arts event produced by the Ultimate Fighting Championship that will take place on August 9, 2025, at the UFC Apex in Enterprise, Nevada, part of the Las Vegas Valley, United States.[1] Background [edit]A middleweight bout between Roman Dolidze and former LFA Middleweight Champion Anthony Hernandez is scheduled to headline this event.[1] They were initially scheduled to compete at UFC 302 in June 2024 but Hernandez was forced out of the bout due to a torn ligament in his hand.[2] A women's bantamweight bout between former UFC Women's Bantamweight Championship challenger Mayra Bueno Silva and Joselyne Edwards was expected to take place at this event.[3] However, Bueno Silva pulled out due to undisclosed reasons and was replaced by Priscila Cachoeira.[4] Former UFC Flyweight Championship challengers Alex Perez and Steve Erceg were scheduled to meet in the co-main event.[5] However, Perez pulled out in mid-July due to undisclosed reasons and was replaced by Road to UFC Season 1 flyweight winner Park Hyun-sung.[6][7] In turn, Park was moved to UFC on ESPN: Taira vs. Park one week prior to compete in the main event after the original opponent Amir Albazi had to withdraw due to injury and was replaced by Ode' Osbourne in a bantamweight bout.[8][9] Fight card [edit]| Main card (ESPN / ESPN+) | ||||||| |---|---|---|---|---|---|---|---| | Weight class | Method | Round | Time | Notes | ||| | Middleweight | Roman Dolidze | vs. | Anthony Hernandez | |||| | Bantamweight | Steve Erceg | vs. | Ode' Osbourne | |||| | Women's Strawweight | Iasmin Lucindo | vs. | Angela Hill | |||| | Featherweight | Andre Fili | vs. | Christian Rodriguez | |||| | Bantamweight | Miles Johns | vs. | Jean Matsumoto | |||| | Middleweight | Eryk Anders | vs. | Christian Leroy Duncan | |||| | Preliminary card (ESPN / ESPN+) | ||||||| | Light Heavyweight | Julius Walker | vs. | Raffael Cerqueira | |||| | Bantamweight | Elijah Smith | vs. | Toshiomi Kazama | |||| | Women's Bantamweight | Joselyne Edwards | vs. | Priscila Cachoeira | |||| | Welterweight | Uroš Medić | vs. | Gilbert Urbina | |||| | Women's Flyweight | Gabriella Fernandes | vs. | Julija Stoliarenko | |||| | Light Heavyweight | Cody Brundage | vs. | Eric McConico | See also [edit]References [edit]- ^ a b Marina Magomedova (2025-05-08). ""Dolidze vs. Hernandez to headline UFC event on August 9"". telecomasia.net. Retrieved 2025-05-15. - ^ Jed Meshew (2024-04-29). ""Anthony Hernandez out of UFC 302 fight with Roman Dolidze"". mmafighting.com. Retrieved 2025-05-18. - ^ Diego Ribas (2025-06-01). ""UFC encaminha Mayra Sheetara vs Joselyne Edwards para agosto, em Las Vegas"". agfight.com. Retrieved 2025-06-01. (in Brazilian Portuguese) - ^ Jean-Paul Francis Botello (2024-07-14). ""Joselyne Edwards confirma su próximo pleito con Priscila Cachoeira"". laestrella.com.pa. Retrieved 2025-07-16. (in Spanish) - ^ Mitchell Woodcock (2025-06-02). ""Former UFC flyweight title contender Steve Erceg concedes another loss could cost him his contract"". thewest.com.au. Retrieved 2025-06-02. - ^ Garrett Kerman (2025-07-17). ""Alex Perez out, Steve Erceg awaits a new challenger at UFC Vegas 109"". sports.yahoo.com. Retrieved 2025-07-17. - ^ Kyle Dimond (2025-07-19). ""Former UFC title challenger receives replacement undefeated opponent after coming closest to dethrone dominant champ"". bloodyelbow.com. Retrieved 2025-07-19. - ^ Sportsnet Staff (2025-07-28). ""Taira gets new UFC Fight Night main event opponent with Albazi out"". sportsnet.ca. Retrieved 2025-07-28. - ^ Garrett Kerman (2025-07-29). ""Steve Erceg gets third opponent in Ode Osbourne at UFC Vegas 109"". clutchpoints.com. Retrieved 2025-07-29. - ^ ""UFC on ESPN: Dolidze vs. Hernandez"". Ultimate Fighting Championship. Retrieved 2025-06-04.",2025-05-27,https://en.wikipedia.org/wiki/UFC_on_ESPN:_Dolidze_vs._Hernandez
Roman Dolidze vs Anthony Hernandez Preview & Picks – Fluffy To Earn Points Win At UFC APEX,"How to Watch UFC Fight Night: Dolidze vs Hernandez Live Stream 29 Jul 2025 Read More Roman Dolidze vs Anthony Hernandez Preview & Picks – Fluffy To Earn Points Win At UFC APEX - Roman Dolidze vs Anthony Hernandez picks for Saturday, August 9 - UFC Fight Night is taking place at the UFC APEX in Las Vegas, Nevada - Preview, predictions, stats & form - Roman Dolidze vs Anthony Hernandez Preview & Picks - Roman Dolidze Form - Anthony Hernandez Form Roman Dolidze vs Anthony Hernandez Preview & Picks Roman Dolidze vs Anthony Hernandez Preview & Picks Anthony Hernandez is tipped to score a decision victory over Roman Dolidze. Hernandez is a cardio machine with great wrestling, so we expect him to grapple, smother and frustrate Dolidze for five rounds. - Anthony Hernandez is on a 7-fight win streak - All 3 of Roman Dolidze’s career defeats have been by decision - 4 of Roman Dolidze’s last 5 fights have gone the distance Roman Dolidze Form Roman Dolidze is the number eight ranked middleweight contender with a professional record of 15-3 (8 KOs, 3 Subs). Dolidze made his UFC debut in 2020 and made a successful start in the light-heavyweight division, knocking out Khadis Ibragimov and out-pointing John Allan. He moved down to middleweight after that and endured a rough debut as he dropped a decision to Trevin Giles. The 37-year-old Georgian recovered quickly with a points win over Laureano Staropoli, and backed that up by knocking out Kyle Daukaus, Phil Hawes and Jack Hermansson in 2022. Dolidze’s rise was halted by a points loss to Marvin Vettori, and he then dropped a decision to Nassourdine Imavov. He has not lost since though, sparking a three-fight win streak with a decision victory over Anthony Smith. Dolidze then ended 2024 with a first-round knockout of Kevin Holland, before beginning his 2025 campaign with a points win over Marvin Vettori. Anthony Hernandez Form Anthony Hernandez is the number nine ranked middleweight contender with a career record of 14-2 (3 KOs, 8 Subs) with 1 No Contest. Hernandez joined the UFC in 2019 but got off to a rough start as he lost two of his first three fights. He rallied though, and kick-started a seven-fight win streak with a second-round submission win over Rodolfo Vieira. The 31-year-old Californian then backed that up with a decision win over Josh Fremd, before submitting Marc-Andre Barriault in the third round. Hernandez kept the stoppage wins coming in his sole outing of 2023, knocking out Edmen Shahbazyan in the third round, and he stayed on a roll in 2024 too. ‘Fluffy’ began the year with a second-round stoppage win over Roman Kopylov, before knocking out Michel Pereira in the fifth and final round. He then opened 2025 with a unanimous decision win over Brendan Allen back in February. Verdict Anthony Hernandez has found the blueprint to success – cardio wrestling. He has done a great job of wearing out his opponents over the past few years, but Dolidze is a hard man to stop so the judges may be required. He has done a great job of wearing out his opponents over the past few years, but Dolidze is a hard man to stop so the judges may be required. 55 Stake Cash no deposit & 550,000 Gold Coins & 5% Rakeback Use promo code NEWBONUS Sign up with the code NEWBONUS. When you verify your account get 25 Stake Cash for free PLUS 250,000 Gold Coins and 5% Rakeback! No deposit required. Login each day for the next 30 days and get an additional 30 Stake Cash AND 300,000 Gold Coins. 21+ only. T&Cs apply. Excludes WA, NY, NV, ID, KY, MI, VT, NJ, DE, WV, PA, RI & MD. 55 Stake Cash no deposit & 550,000 Gold Coins & 5% Rakeback Use promo code NEWBONUS Sign up with the code NEWBONUS. When you verify your account get 25 Stake Cash for free PLUS 250,000 Gold Coins and 5% Rakeback! No deposit required. Login each day for the next 30 days and get an additional 30 Stake Cash AND 300,000 Gold Coins. 21+ only. T&Cs apply. Excludes WA, NY, NV, ID, KY, MI, VT, NJ, DE, WV, PA, RI & MD. - Select All - American Football Events - Baseball Events - Basketball Events - Boxing Events - Esports Events - Formula 1 Events - Golf Events - Horse Racing Events - Ice Hockey Events - NFL Events - Olympics Events - Politics Events - Soccer Events - UFC Events Sports Events Starts in - HOU Astros @ NY Yankees - EDM Elks @ MON Alouettes - TOR Blue Jays @ LA Dodgers - OTT Redblacks @ TOR Argonauts - WIN Blue Bombers @ CAL Stampeders - Roman Dolidze vs Anthony Hernandez - Dricus Du Plessis vs Khamzat Chimaev - Johnny Walker vs Zhang Mingyang - Iowa State @ Kansas State - Texas @ Ohio State - Alabama @ Florida State - Marshall at Georgia Latest News - UFC Live Stream - UFC Live StreamHow to Watch UFC 319: Du Plessis vs Chimaev Live Stream29 Jul 2025 Read More - DDP To WinDricus Du Plessis vs Khamzat Chimaev Preview & Picks – Underdog DDP To Retain At UFC 31929 Jul 2025 Read More - Zhang WinsJohnny Walker vs Zhang Mingyang Preview & Picks – Zhang To Extend KO Streak In UFC05 Aug 2025 Read More",2025-08-05,https://www.expertpicks.com/en/picks/mma/roman-dolidze-vs-anthony-hernandez-ufc-picks-20250730-0004/
No title found,"(�/� X$O��""�5p �y���'.>�=�G ��uE���I�3 f3��<� PeM��� W0��9?�� �����u���#��.���/�6��Ԣq��R.�e�+����Ţ�bY8D4��>XL$�w�w���wۗ^Qq�ɢ�e��0����b�$� �@ �����]i`Q��,.]�`W6���Hte�RJ �[��?9���ԓ����\% �.��Z88L�e1�n����� v��T_�� ��7I����Ʋ`�,�u��j,�`1��$]�������'$� �@gAaP�ɢX蘧��~����B�Ux�z��e�E}����.u�}����KG�Y����l��� $,����o�e�:\L����o��e�:�ttK���[c�@���}l��ʅ��ʿmVZp��R��]B.ucQz~-���VcY2�J�/����,/�#S5�u���\�&;�_������8\�ϲ����aϿ7g�� ���F��]ѓ����pB��4�ݢ���_Y/�eBB�P����E��b�WT$`�@7-ˢ��2��Tz��|�m��E�]���/� �i'$� �����;@0�S��u�mVr�,K���ҕ'����5&��<��Ӣ\����鷲�<ߊ��)��m��t�Zd��� ��`P51%�uL���WR���Ș�W�Vt��� ��O��e!/�q���EmV���-�~���O���M ��ȇV�0��*��]@]��X4��FEť�#�,Oi��}�1&)���EM��<�f�tz�Y߾ix'+s��7I�4��'��%�"":�M �_Q�|O�`,��'�����ГESL�`�ov��]�,�,����X��{ ��{ %�X>���Y���xAu��.���� � ���z�����\r��Y/���8����8�'�ԢL>��ߘ�O�_��� ��u�bQpbЩ�VTL�6�]�����P$}��_�[o�r`�t��{�,�� gm�{I����w|��`��+�O��e�-\�k6+�`�`0���!/��\���a+_����4PaB""8�p �� P��d�_:ˮ`�/����e�e0:��k�-���By0!�,b� ����3���f�J��٥�r)�Z�E�~�)[c��sl��7�/������+:�kݲtˢL�f��]�O(t� �\��6��aY[c�ʷ���W�LHP\�t���m*EQ�w{��4pQ2�����;�]a0惣g���p��rc� �iY�s���[�B����**~�t�����Yv��+��1g�_`o��<\��N���� �Ǖ�3��WW�i��|���m�� �1gM��M�]�k�K��0�&������&'��Kj�WV:��0Y�r��������ǓEqts���v��~N��}d ]�L@]������N]����7�v���6Y�-�L0�;�K�,3�p&��� P���Ҹ��^����n��\/;E%Xh�?Z�G���x��X߇ĺXo�~7g=_(��w~#���e�}��?��٭���/�ϩ�8�����-J(,0�,��J��kwB�@uE�|f0���aqzB��T���K�?~Y\Y������8�n7~/ ��euD_�B�&,$�}4}-�����ն��%�%!""8�� :��v���o:�������ϯ���_�pQ*l���`��`,���g������u�����ge ��Ģ_��8�z[",No date found,https://www.gamblingnews.com/news/roman-dolidze-vs-anthony-hernandez-ufc-vegas-109-odds-time-and-prediction/
"Roman Dolidze vs Anthony Hernandez Pick, 08/09/2025 Predictions UFC Vegas 109 Odds","Roman Dolidze vs Anthony Hernandez Pick, 08/09/2025 Predictions UFC Vegas 109 Odds Roman Dolidze vs Anthony Hernandez UFC Vegas 109 UFC Apex in Las Vegas Saturday, August 9, 2025 Roman Dolidze will take on Anthony Hernandez at UFC Vegas 109 on Saturday, August 9, 2025. The line has Dolidze priced at +270 while Hernandez is priced at -330. Roman Dolidze comes into this fight holding a mark of 15-3-0. The 37-year-old weighs in at 185 lbs and stands in at 6'2"". The orthodox fighter has a wingspan of 76"". Anthony ""Fluffy"" Hernandez measures 6'0"" and is fighting at 185 lbs. The orthodox fighter comes into this fight with a record of 14-2-0 (1 NC). The 31-year-old has a wingspan of 75"". With respect to significant strikes, Roman Dolidze lands 3.58 per minute while Anthony Hernandez is landing 4.50 significant strikes per min. Dolidze is landing 42% of the significant strikes he attempts while Hernandez lands 63%. In terms of the fighter's defense, Dolidze absorbs 3.56 significant strikes per minute while ""Fluffy"" allows 2.61. Dolidze also deflects 49% of the significant strikes his opponents throw his way and Hernandez defends against 46% of the shots thrown his way. | UFC Vegas 109 | Roman Dolidze | Anthony Hernandez | |---|---|---| | Opening Odds | +270 | -330 | | Record | 15-3-0 | 14-2-0 (1 NC) | | Average Fight Time | 12:24 | 9:47 | | Height | 6'2"" | 6'0"" | | Weight | 185 lbs | 185 lbs | | Reach | 76"" | 75"" | | Strikes Landed Per Minute | 3.58 | 4.50 | | Striking Accuracy | 42% | 63% | In terms of wrestling, Roman Dolidze is the lesser skilled wrestler as he takes his opponents down 1.11 times per 3 rds. Dolidze is taking his opponents to the canvas on 40% of the times he tries and is stopping 33% of the tries against him. Hernandez is scoring a takedown on 45% of his takedown tries and thwarting 66% of all takedowns attempted on him. In terms of submissions, Dolidze is less apt at going for the finish by trying 0.9 submissions per 3 rds while Hernandez tries 1.9 submissions per 15 minutes. Get all of our Free UFC Picks The last time he stepped into the Octagon, Roman Dolidze squared up with Marvin Vettori and took home the win via unanimous decision in round 5. Vettori ended up landing 112 of 221 total strikes that he threw in that fight. Dolidze walked away from this fight having landed 141 of 340 total strikes. In regard to significant strikes, Vettori ended up landing 111 of 220, which gave him a rate of 50%. He landed 72 of 173 significant strikes to the head. In terms of stats for the opponent, Dolidze ended up landing 41% of his significant strikes by connecting on 141 of 338. Of all the significant strikes, he was 85 of 253 aimed at the head. 99% of the significant strikes landed by Vettori and 97% of them connected on by Dolidze were done at a distance. In the last Octagon appearance for Anthony Hernandez, he faced off with Brendan Allen and ended up winning this fight via unanimous decision in round 3. Allen ended up landing 71% of the significant strikes he took from distance and Hernandez landed 40% of the significant strikes he attempted at distance. Hernandez landed 71% of his significant strikes attempted by connecting on 30 of 42. He ended up connecting on 30 of 42 significant strikes to the head. Allen landed 14 of 26 significant strikes in that fight. In regard to the placement of these significant strikes, he landed 8 of 19 directed at the head. Relating to total strikes attempted in that fight, Allen ended up connecting on 53 of 71 and Hernandez was 72 of 91 of all the strikes he attempted. Other bouts on the card to watch Another bout that you're not going to want to miss is when Steve Erceg fights Ode Osbourne. Erceg has a record of 12-4-0. The 30-year-old weighs in at 125 lbs and stands 5'8"". The orthodox fighter reaches 68"". Osbourne stands 5'7"" and steps on the scale at 125 lbs. The southpaw fighter looks to add a victory to his record of 13-8-0 (1 NC). The 33-year-old has a wingspan of 73"". Regarding grappling, Steve Erceg gets his opposition to the mat 0.84 times per 15 minutes and Ode Osbourne takes his opponents down 1.11 times per 15 min. When talking about striking, Erceg is landing 4.45 strikes per min and connects on 46% of his attempted strikes. The other guy in this fight is Ode Osbourne, who tags the opposition on 40% of the strikes he has attempted and connects on 3.20 per min. An additional fight that you're going to want to see is when Christian Rodriguez is set to fight Andre Fili. Fili walks into the Octagon with a record of 24-12-0 (1 NC). The 35-year-old tips the scales at 145 lbs and stands 5'11"". The orthodox fighter stretches 74"". Rodriguez stands in at 5'7"" and steps on the scale at 145 lbs. The orthodox fighter steps into the cage holding a mark of 12-3-0. The 27-year-old has a reach of 71"". Regarding takedowns, Andre Fili is able to stop 70% of the takedowns his opponents go for and is taking his opponents to the canvas on 44% of his attempts. Rodriguez is finishing his takedown tries on 46% of his tries and is able to thwart 69% of all takedown attempts. In the category of striking, Fili takes 4.15 strikes per min while he dishes out 3.84 strikes/min. Rodriguez, on the other side, absorbs 2.66 strikes per minute and deals 3.63 per minute. Who will win tonight's UFC match against the spread? Guy Bruhn's Pick: Take Roman Dolidze (+270) Get $60 worth of FREE premium member picks. No Obligation. No Salesman. No Credit Card. Fast Sign up with Instant Access Click Here Get all of Today's Free UFC Picks Get all of Today's Expert UFC Picks Most Recent UFC Picks - Julius Walker vs Rafael Cerqueira Pick, 08/09/2025 Predictions UFC Vegas 109 Odds - Iasmin Lucindo vs Angela Hill Pick, 08/09/2025 Predictions UFC Vegas 109 Odds - Uros Medic vs Gilbert Urbina Pick, 08/09/2025 Predictions UFC Vegas 109 Odds - Steve Erceg vs Ode Osbourne Pick, 08/09/2025 Predictions UFC Vegas 109 Odds - Roman Dolidze vs Anthony Hernandez Pick, 08/09/2025 Predictions UFC Vegas 109 Odds - Elijah Smith vs Toshiomi Kazama Pick, 08/09/2025 Predictions UFC Vegas 109 Odds - Eryk Anders vs Christian Leroy Duncan Pick, 08/09/2025 Predictions UFC Vegas 109 Odds - Joselyne Edwards vs Priscila Cachoeira Pick, 08/09/2025 Predictions UFC Vegas 109 Odds - Gabriella Fernandes vs Julija Stoliarenko Pick, 08/09/2025 Predictions UFC Vegas 109 Odds - Cody Brundage vs Eric McConico Pick, 08/09/2025 Predictions UFC Vegas 109 Odds",2025-08-06,https://www.docsports.com/free-picks/ufc/2025/roman-dolidze-vs-anthony-hernandez-pick-08-09-2025-predictions-ufc-vegas-109-odds.html
"Top 10 UFC middleweights Roman Dolidze, Anthony Hernandez headline Aug. 9 Fight Night","Top 10 UFC middleweights Roman Dolidze, Anthony Hernandez headline Aug. 9 Fight Night A key middleweight bout is headlining a UFC Fight Night event in August. Promotionally ranked top 10 middleweights Roman Dolidze and Anthony Hernandez will headline a UFC Fight Night on Aug. 9 at UFC Apex in Las Vegas. MMA Junkie confirmed the booking with with two sources following a first report from X user @realkevink. Dolidze (15-3 MMA, 9-3 UFC) enters his third UFC main event while on a three-fight winning streak. After his last setback against Nassourdine Imavov, the Georgian won a unanimous decision over Anthony Smith, won by TKO against Kevin Holland, and most recently outpointed Marvin Vettori in a March main event to avenge a prior loss. In the latest USA TODAY Sports/MMA Junkie middleweight rankings, Dolidze holds the No. 11 spot with Hernandez (14-2 MMA, 8-2 UFC) one spot ahead at No. 10. ""Fluffy"" will become a UFC headliner for the second time. Currently riding a seven-fight winning streak, Hernandez has been steadily climbing the ladder, and is now knocking on the door of the division's elite. In his first main event opportunity at UFC Fight Night 245, Hernandez ground and pounded Michel Pereira for a fifth-round stoppage. He followed that up with a unanimous decision over Brendan Allen in his first fight of 2025. Current Aug. 9 UFC Fight Night lineup - Roman Dolidze vs. Anthony Hernandez - Eryk Anders vs. Chris Duncan - Angela Hill vs. Iasmin Lucindo - Rafael Cerqueira vs. Julius Walker - Gabriella Fernandes vs. Julija Stoliarenko",2025-05-26,https://mmajunkie.usatoday.com/story/sports/ufc/2025/05/26/ufc-vegas-109-roman-dolidze-vs-anthony-hernandez-middleweight-main-event/83822496007/
"UFC Fight Night Saturday fight card, main event time, live stream: How to watch Roman Dolidze vs Anthony Hernandez?","While fans continue to speculate on how many more wins he’ll need to earn a shot at gold, Hernandez remains unfazed. Focused and confident, he anticipates an action-packed fight, calling Dolidze (15-3 MMA, 9-3 UFC) the ideal opponent to help deliver a thrilling main event. Both fighters are on a roll, and Saturday’s clash could be pivotal in shaping the 185-pound title picture. With Dricus Du Plessis and Khamzat Chimaev currently leading the middleweight contender rankings, a dominant win from either Hernandez or Dolidze could vault them into the conversation for a future high-stakes showdown. HOW TO WATCH DOLIDZE VS HERNANDEZ FIGHT IN LAS VEGAS - Date: August 9, Saturday - Start Time: 7PM ET (Main Card) - Start Time: 4PM ET (Preliminary Card) - Venue: UFC APEX in Las Vegas, Nevada - Channel/Streaming: ESPN/ESPN+ MAIN CARD MATCHES: - Roman Dolidze vs Anthony Hernandez (Middleweight) - Steve Erceg vs Ode’ Osbourne (Bantamweight) - Iasmin Lucindo vs Angela Hill (Women’s Strawweight) - Andre Fili vs Christian Rodriguez (Featherweight) - Miles Johns vs Jean Matsumoto (Bantamweight) - Eryk Anders vs Christian Leroy Duncan (Middleweight) PRELIMINARY CARD MATCHES: - Julius Walker vs Rafael Cerquiera (Light Heavyweight) - Elijah Smith vs Toshiomi Kazama (Bantamweight) - Joselyne Edwards vs Priscila Cachoeira (Women’s Bantamweight) - Uros Medic vs Gilbert Urbina (Welterweight) - Gabriella Fernandes vs Julija Stoliarenko (Women’s Flyweight) (Catch all the US News, UK News, Canada News, International Breaking News Events, and Latest News Updates on The Economic Times.) Download The Economic Times News App to get Daily International News Updates. (Catch all the US News, UK News, Canada News, International Breaking News Events, and Latest News Updates on The Economic Times.) Download The Economic Times News App to get Daily International News Updates.",2025-08-06,https://economictimes.indiatimes.com/news/international/us/ufc-fight-night-saturday-fight-card-main-event-time-live-stream-how-to-watch-roman-dolidze-vs-anthony-hernandez/articleshow/123138285.cms
UFC Vegas 109 staff picks including Anthony Hernandez to conquer Roman Dolidze and more predictions,"UFC Vegas 109 is the last stop on the road to UFC 319, and the Bloody Elbow experts have given their view on who will walk out the winner. In a card chock-full of interesting fights, it is the main event featuring Anthony Hernandez and Roman Dolidze that is drawing the fans’ attention in the build-up. Both men are top 10-ranked Middleweights with an eye on a future title fight, with very little to separate them so far in their careers. Elsewhere, a Women’s Strawweight clash is also expected to impress, as Iasmin Lucindo and Angela Hill face off in a packed main card. The Bloody Elbow staff has made their predictions about what will happen at UFC Vegas 109, including the two main event fights as well as the Fight of the Night and Performance of the Night bonus winners - READ MORE – Anthony Hernandez earned the nickname ‘Fluffy’ as a 15-year-old which confused one UFC legend Roman Dolidze vs Anthony Hernandez predictions - Ross Markey: Anthony Hernandez - Kyle Dimond: Anthony Hernandez - Hamish Woodward: Anthony Hernandez The Bloody Elbow experts are completely in agreement on the winner of the UFC Vegas 109 main event. Hernandez is the clear favorite, with Ross, Kyle, and Hamish all backing “Fluffy” to beat the #9-ranked fighter on Saturday. Despite being ranked below Dolidze, Hernandez boasts a seven-fight win streak since 2021, and should have the finishing ability to end the Georgian before time runs out in Las Vegas. While Dolidze has his own win streak going, years after his own suspension before even making his debut, which includes wins over Marvin Vettori and Kevin Holland, he is not expected to rise in the ranking after losing to Hernandez on August 9. Iasmin Lucindo vs Angela Hill predictions - Ross Markey: Iasmin Lucindo - Kyle Dimond: Iasmin Lucindo - Hamish Woodward: Iasmin Lucindo Once again, the staff picks are all in agreement with the winner of this fight. All three experts have chosen the #8-ranked Lucindo to continue her ascent up the Women’s Strawweight division by beating Hill in their co-main event fight. Recent victories over Marina Rodriguez and Karolina Kowalkiewicz have catapulted her into the top ten, and she seems unlikely to lose to Hill, after she lost to Amanda Lemos at UFC 313. Lucindo is a veteran in the division but could be pushing for one last reign at the top with a victory at UFC Vegas 109, which all the experts predict will happen. UFC Vegas 109 Fight of the Night - Ross Markey: Roman Dolidze vs Anthony Hernandez - Kyle Dimond: Roman Dolidze vs Anthony Hernandez - Hamish Woodward: Roman Dolidze vs Anthony Hernandez The main event of UFC Vegas 109 is, unsurprisingly, the fight that the experts are most looking forward to at the event. The bout features two men who can end a fight at any time, with five of Hernandez’s last seven fights (all victories) ending via submission or knockout. Eleven of Dolidze’s fifteen bouts in his career have had definitive finishes, although he will struggle to put away such an impressive striker as Hernandez without a bit of luck. No other fights seem to come close to the hype around Dolidze vs Hernandez, which looks more and more likely to earn the $50,000 Fight of the Night bonus. UFC Vegas 109 Performance of the Night - Ross Markey: Steve Erceg - Kyle Dimond: Christian Rodriguez - Hamish Woodward: Anthony Hernandez There is finally some disagreement as the experts have three different choices for who will earn the Performance of the Night bonus at UFC Vegas 109. Ross is backing Steve Erceg, finally on the card after a host of cancellations, to use his ample prep time to put on an impressive performance to earn himself that cash bonus. Erceg was supposed to face Tatsuro Taira at the event following another Alex Perez withdrawal, before the Japanese fighter moved up to the main event UFC Vegas 108, while his replacement Ode’ Osbourne doesn’t look up to the Erceg challenge a week later. Meanwhile, Christian Rodriguez is Kyle’s pick to impress, five months after his decision defeat against Melquizael Costa. Rodriguez has had a mixed record in the last two years, but he has put on some impressive wins when he has been victorious, and Andre Fili looks likely to be his next victim. Finally, Hamish once again cannot look past Hernandez, who is expected to put on a fantastic performance to sweep all the awards at UFC Vegas 109.",2025-08-07,https://bloodyelbow.com/2025/08/07/ufc-vegas-109-staff-picks-including-anthony-hernandez-to-conquer-roman-dolidze-and-more-predictions/
Anthony Hernandez vs Roman Dolidze Prediction and Picks – August 9,"Roman Dolidze vs Anthony Hernandez Picks and Prediction – 8/9/2025 Roman Dolidze vs Anthony Hernandez Prediction The UFC Apex in Las Vegas hosts a middleweight main event on August 9, 2025, featuring Roman Dolidze (+240) against Anthony Hernandez (-280) in a five-round clash at UFC Vegas 109. This matchup pits two well-rounded fighters with contrasting styles, promising an intriguing battle. Here's a preview of the fight, including fighter backgrounds, key factors, and betting insights. Roman Dolidze (13-3, 8 finishes) Hailing from Georgia, Dolidze is a versatile fighter known for his grappling prowess and improving striking. With a 7-3 UFC record, his notable wins include Jack Hermansson and Marvin Vettori. Dolidze’s grappling is his cornerstone, with four submission victories in the UFC, leveraging his judo and Brazilian jiu-jitsu black belt. His striking has evolved, showing crisp boxing and powerful kicks, though he can be vulnerable to high-volume strikers. Posts on X highlight Dolidze’s underrated grappling and ability to match Hernandez’s pace, with some bettors eyeing value in his +270 odds. However, his recent 1-2 record in his last three fights raises questions about consistency against top-tier competition. Anthony Hernandez (12-2, 9 finishes) The American, Hernandez, enters as the betting favorite, riding a five-fight win streak, including victories over Rodolfo Vieira and Marc-André Barriault. Known for his relentless pace and elite grappling, Hernandez averages 5.8 submission attempts per 15 minutes, among the highest in the division. His striking is functional but less polished, relying on volume and pressure to set up his ground game. X posts suggest Hernandez could dominate, with some calling it a “levels” performance, citing his superior cardio and grappling edge. Yet, his tendency to absorb strikes could be exploited by Dolidze’s power. Fight Breakdown This fight hinges on grappling exchanges and pace. Dolidze’s judo throws and submission skills could challenge Hernandez, especially early, but Hernandez’s cardio and relentless pressure may wear Dolidze down in later rounds. On the feet, Dolidze’s cleaner striking contrasts with Hernandez’s volume, making takedown defense critical for the Georgian. The Apex’s smaller cage favors grapplers, likely benefiting Hernandez’s chain-wrestling style. Betting markets lean toward Hernandez, but Dolidze’s upset potential lies in landing a heavy shot or securing a submission. Betting Insight For those looking to wager, Hernandez’s -280 odds reflect his momentum, but Dolidze at +240 offers value for risk-takers. Prop bets like Hernandez by submission (+150) or the fight going over 2.5 rounds (-110) are worth considering, given both fighters’ durability. For expert analysis and free betting tips, check out UFC picks for detailed predictions. Roman Dolidze vs Anthony Hernandez Pick Analysis Hernandez’s pace and grappling likely overwhelm Dolidze in the later rounds, leading to a decision or late submission. However, Dolidze’s power and grappling make him a live underdog. Expect a competitive war with Hernandez edging out a victory. Our Free MMA Pick for Anthony Hernandez vs Roman Dolidze Anthony Hernandez -280",2025-07-08,https://freepicks.picksandparlays.net/more-free-picks/mma-picks/roman-dolidze-at-anthony-hernandez-picks-and-predictions-8-9-25
UFC on ESPN: Dolidze vs. Hernandez - Wikipedia,"UFC on ESPN: Dolidze vs. Hernandez | UFC on ESPN: Dolidze vs. Hernandez | |||| |---|---|---|---|---| | Promotion | Ultimate Fighting Championship | ||| | Date | August 9, 2025 | ||| | Venue | UFC Apex | ||| | City | Enterprise, Nevada, United States | ||| | Event chronology | |||| | UFC on ESPN: Dolidze vs. Hernandez (also known as UFC on ESPN 72 and UFC Vegas 109) is an upcoming mixed martial arts event produced by the Ultimate Fighting Championship that will take place on August 9, 2025, at the UFC Apex in Enterprise, Nevada, part of the Las Vegas Valley, United States.[1] Background [edit]A middleweight bout between Roman Dolidze and former LFA Middleweight Champion Anthony Hernandez is scheduled to headline this event.[1] They were initially scheduled to compete at UFC 302 in June 2024 but Hernandez was forced out of the bout due to a torn ligament in his hand.[2] A women's bantamweight bout between former UFC Women's Bantamweight Championship challenger Mayra Bueno Silva and Joselyne Edwards was expected to take place at this event.[3] However, Bueno Silva pulled out due to undisclosed reasons and was replaced by Priscila Cachoeira.[4] Former UFC Flyweight Championship challengers Alex Perez and Steve Erceg were scheduled to meet in the co-main event.[5] However, Perez pulled out in mid-July due to undisclosed reasons and was replaced by Road to UFC Season 1 flyweight winner Park Hyun-sung.[6][7] In turn, Park was moved to UFC on ESPN: Taira vs. Park one week prior to compete in the main event after the original opponent Amir Albazi had to withdraw due to injury and was replaced by Ode' Osbourne in a bantamweight bout.[8][9] Fight card [edit]| Main card (ESPN / ESPN+) | ||||||| |---|---|---|---|---|---|---|---| | Weight class | Method | Round | Time | Notes | ||| | Middleweight | Roman Dolidze | vs. | Anthony Hernandez | |||| | Bantamweight | Steve Erceg | vs. | Ode' Osbourne | |||| | Women's Strawweight | Iasmin Lucindo | vs. | Angela Hill | |||| | Featherweight | Andre Fili | vs. | Christian Rodriguez | |||| | Bantamweight | Miles Johns | vs. | Jean Matsumoto | |||| | Middleweight | Eryk Anders | vs. | Christian Leroy Duncan | |||| | Preliminary card (ESPN / ESPN+) | ||||||| | Light Heavyweight | Julius Walker | vs. | Raffael Cerqueira | |||| | Bantamweight | Elijah Smith | vs. | Toshiomi Kazama | |||| | Women's Bantamweight | Joselyne Edwards | vs. | Priscila Cachoeira | |||| | Welterweight | Uroš Medić | vs. | Gilbert Urbina | |||| | Women's Flyweight | Gabriella Fernandes | vs. | Julija Stoliarenko | |||| | Light Heavyweight | Cody Brundage | vs. | Eric McConico | See also [edit]References [edit]- ^ a b Marina Magomedova (2025-05-08). ""Dolidze vs. Hernandez to headline UFC event on August 9"". telecomasia.net. Retrieved 2025-05-15. - ^ Jed Meshew (2024-04-29). ""Anthony Hernandez out of UFC 302 fight with Roman Dolidze"". mmafighting.com. Retrieved 2025-05-18. - ^ Diego Ribas (2025-06-01). ""UFC encaminha Mayra Sheetara vs Joselyne Edwards para agosto, em Las Vegas"". agfight.com. Retrieved 2025-06-01. (in Brazilian Portuguese) - ^ Jean-Paul Francis Botello (2024-07-14). ""Joselyne Edwards confirma su próximo pleito con Priscila Cachoeira"". laestrella.com.pa. Retrieved 2025-07-16. (in Spanish) - ^ Mitchell Woodcock (2025-06-02). ""Former UFC flyweight title contender Steve Erceg concedes another loss could cost him his contract"". thewest.com.au. Retrieved 2025-06-02. - ^ Garrett Kerman (2025-07-17). ""Alex Perez out, Steve Erceg awaits a new challenger at UFC Vegas 109"". sports.yahoo.com. Retrieved 2025-07-17. - ^ Kyle Dimond (2025-07-19). ""Former UFC title challenger receives replacement undefeated opponent after coming closest to dethrone dominant champ"". bloodyelbow.com. Retrieved 2025-07-19. - ^ Sportsnet Staff (2025-07-28). ""Taira gets new UFC Fight Night main event opponent with Albazi out"". sportsnet.ca. Retrieved 2025-07-28. - ^ Garrett Kerman (2025-07-29). ""Steve Erceg gets third opponent in Ode Osbourne at UFC Vegas 109"". clutchpoints.com. Retrieved 2025-07-29. - ^ ""UFC on ESPN: Dolidze vs. Hernandez"". Ultimate Fighting Championship. Retrieved 2025-06-04.",2025-05-27,https://en.wikipedia.org/wiki/UFC_on_ESPN:_Dolidze_vs._Hernandez
